0;0;0;0;x;x;

1;222;205;212;LANGHUAI;x;
2;0;236;162;JUDING;x;
3;252;7;190;PROVINCE_7257;x;
4;205;231;159;SHIYIN;x;
5;252;125;141;PROVINCE_7258;x;
6;2;253;5;TUNSHI;x;
7;126;111;198;YUANLOU;x;
8;156;133;112;LINZI;x;
9;5;246;143;PUGU;x;
10;184;47;238;QUQIU;x;
11;252;225;36;PROVINCE_7259;x;
12;253;145;56;GAOWAN;x;
13;127;4;33;LIANGZOU;x;
14;173;55;32;FUYU;x;
15;27;219;145;TIANTANG;x;
16;251;4;5;GUANSHI;x;
17;147;184;104;HUANG;x;
18;248;242;42;MAXING;x;
19;140;168;80;QIUYU;x;
20;201;246;80;AILING;x;
21;168;45;177;QINGYUAN1;x;
22;100;229;10;LEAN;x;
23;34;25;166;JIANXIN;x;
24;254;130;178;QIANSHENG;x;
25;0;75;140;BEIQIU1;x;
26;182;121;50;DI1;x;
27;31;18;0;DIGE;x;
28;136;164;186;DONGZOU;x;
29;117;129;243;CUI;x;
30;58;103;172;ZOUPING;x;
31;0;15;173;XINXIANG;x;
32;234;113;153;LAI;x;
33;249;131;226;TAN;x;
34;85;122;106;LINGFU;x;
35;181;145;200;WULING;x;
36;147;200;92;PINGLING;x;
37;157;243;9;XUGUAN;x;
38;169;79;244;SHU1;x;
39;1;219;50;PINGYUANJIN;x;
40;147;117;209;CHANGGUO;x;
41;122;153;120;ZHUKE;x;
42;154;213;39;BAO;x;
43;58;158;36;LIXIA;x;
44;123;200;13;SHIJIAO;x;
45;107;210;75;WUCHENG3;x;
46;210;164;188;QING;x;
47;236;59;237;DONGYANG2;x;
48;112;128;148;YIMU;x;
49;119;127;65;GU;x;
50;249;139;121;ZHOUSHOU;x;
51;99;32;181;LU;x;
52;201;101;156;PINGYIN;x;
53;33;221;236;XINCHENG2;x;
54;163;111;31;YANGGU;x;
55;212;186;166;XIU2;x;
56;46;109;232;PINGEN;x;
57;244;59;255;MEI;x;
58;171;92;105;TAYING;x;
59;192;14;233;SHI;x;
60;182;70;136;LI1;x;
61;32;207;221;YUAN;x;
62;75;8;208;YAN;x;
63;230;135;158;GAOTANG;x;
64;236;80;210;ZHOU;x;
65;145;159;205;NANQU;x;
66;162;126;56;MUQIU;x;
67;218;70;0;JING5;x;
68;195;31;19;NANGONG;x;
69;168;207;162;LIUSHU;x;
70;226;66;11;TAOQIU1;x;
71;246;103;40;BEIXING;x;
72;84;3;36;XING;x;
73;126;6;164;XUELING;x;
74;26;147;242;LIAO1;x;
75;0;12;165;KE;x;
76;218;117;202;SUOTI;x;
77;84;18;166;ZHONGQIU;x;
78;126;21;39;BOWANG;x;
79;168;24;167;SHE;x;
80;0;27;40;LIAO;x;
81;42;30;168;QING1;x;
82;84;33;41;YIYI;x;
83;126;36;169;TANG;x;
84;168;39;42;BOLING;x;
85;66;71;127;MAIQIU;x;
86;131;122;163;CHANGCHENG;x;
87;172;253;5;PINGYUAN;x;
88;243;202;255;ANDE;x;
89;138;81;228;FUYANG1;x;
90;238;191;228;YICHENG;x;
91;8;98;201;LI2;x;
92;100;103;246;PINGCHANG;x;
93;215;62;11;BAN;x;
94;200;118;103;LAOLING;x;
95;32;168;38;LI11;x;
96;153;34;231;YANGXIN;x;
97;236;123;174;TAWO;x;
98;6;181;57;FULIU1;x;
99;151;230;184;FUPING;x;
100;142;249;204;LIAOCHENG;x;
101;121;175;24;GE;x;
102;66;232;157;ZHONGQIU1;x;
103;250;56;86;QIANTONG;x;
104;9;229;220;ZHONGPING;x;
105;125;19;220;ZHONGHE;x;
106;46;38;207;CHANGZHUAN;x;
107;84;51;13;XIABO;x;
108;47;99;6;WU6;x;
109;131;22;153;DONGGUANG;x;
110;155;44;12;PILTENE;x;
111;8;0;140;ANLING;x;
112;215;19;30;GAOLE;x;
113;96;93;81;WUQIANG;x;
114;199;255;209;RAOAN;x;
115;216;232;14;GUANJIN;x;
116;194;128;137;PINGDI;x;
117;72;211;54;GAOCHENG;x;
118;245;51;164;LIU;x;
119;140;187;89;NANPI;x;
120;156;216;52;FUYANG;x;
121;207;157;249;ZUOBO;x;
122;70;236;194;ZHANGWU;x;
123;102;139;136;ZHONGYI;x;
124;180;7;122;YANLIU;x;
125;178;38;237;XI;x;
126;163;177;109;GUANG;x;
127;183;223;89;LINQU;x;
128;135;254;132;BIYANG1;x;
129;112;35;4;TAIXIANG;x;
130;150;70;165;LOUXIAN;x;
131;253;42;161;AI1;x;
132;75;170;100;JI;x;
133;145;56;82;GAODI;x;
134;152;0;7;BEIDIAN;x;
135;240;134;42;ZI;x;
136;119;25;76;LEDU;x;
137;206;235;61;DONGYANG;x;
138;77;210;119;PING;x;
139;229;156;246;WU;x;
140;60;82;206;PING1;x;
141;90;220;80;YUANLING;x;
142;149;198;216;ZHEN;x;
143;41;28;190;CHUNYU;x;
144;15;103;102;ANQIU;x;
145;30;82;135;PROVINCE_7257;x;
146;248;91;190;GONGGAO;x;
147;244;136;37;DONGCHANG;x;
148;122;5;150;YUECHENG;x;
149;167;193;132;XIQUCHENG;x;
150;58;58;62;PROVINCE_7258;x;
151;242;187;233;HOUJING;x;
152;62;30;32;JIANGCHENG1;x;
153;55;235;221;PINGDU;x;
154;154;134;161;YUZHI;x;
155;18;78;198;LEXIANG1;x;
156;58;223;70;YIWEI;x;
157;165;79;80;YANGLE;x;
158;84;42;160;DANGLI;x;
159;22;202;56;YANGSHI;x;
160;112;88;56;YE;x;
161;89;36;100;SHANGBO;x;
162;84;60;81;QIAO;x;
163;24;254;206;LINQU1;x;
164;226;2;90;SHI3;x;
165;4;224;90;TANG1;x;
166;69;65;41;PROVINCE_7259;x;
167;169;228;243;TING;x;
168;82;119;148;JIMO;x;
169;131;196;152;CHUI;x;
170;95;163;209;MUPING;x;
171;69;81;177;LAI1;x;
172;43;221;59;XIAN;x;
173;93;104;24;JIN1;x;
174;232;17;96;BUYE;x;
175;142;220;176;JINXIA;x;
176;36;85;108;DONGMU;x;
177;84;105;216;NANCHANGSHAN;x;
178;67;173;58;GUANYANG;x;
179;157;66;18;LUXIANG;x;
180;42;209;224;TINGKOU;x;
181;219;94;96;GUYOU;x;
182;81;8;26;LI12;x;
183;58;169;140;YANGCHENG;x;
184;252;232;197;PROVINCE_7260;x;
185;62;246;222;CHANGYANG;x;
186;63;162;234;HAIYANG1;x;
187;139;171;202;CHANGGUANG;x;
188;209;41;142;FEI5;x;
189;10;172;120;GAOYU;x;
190;237;3;182;BUQI;x;
191;161;167;242;YI;x;
192;253;26;98;PROVINCE_7261;x;
193;90;85;200;PROVINCE_7260;x;
194;207;49;114;FU;x;
195;60;48;177;ANLING1;x;
196;81;74;22;XIAQUYANG;x;
197;66;204;52;QIANZOU;x;
198;38;60;151;ANXIANG;x;
199;91;201;88;JIE;x;
200;77;132;15;LEXIN;x;
201;247;49;28;MULOU;x;
202;53;32;145;ZI1;x;
203;249;121;135;CHANG;x;
204;58;204;43;HENG;x;
205;44;38;30;FANG;x;
206;198;107;32;GUMU;x;
207;206;80;1;LINGMEN;x;
208;55;183;56;ZHU;x;
209;43;22;27;FANGZI;x;
210;61;165;66;MI;x;
211;108;223;212;MIXIANG;x;
212;93;68;245;LIN1;x;
213;46;187;195;GUANTAI;x;
214;118;156;168;BAIXIANG;x;
215;149;38;192;KUNSHAN;x;
216;116;105;33;PROVINCE_7261;x;
217;48;119;137;HAIQU;x;
218;40;163;88;JIZHANG;x;
219;222;127;216;GANYU;x;
220;230;180;22;QUQIU1;x;
221;59;84;4;GULI;x;
222;225;194;82;QIEYU;x;
223;237;226;165;JUFU;x;
224;31;126;250;JU;x;
225;182;242;171;GENG;x;
226;246;71;188;YANLING;x;
227;59;100;2;XIANGSHI;x;
228;253;45;199;PROVINCE_7262;x;
229;213;154;170;JI1;x;
230;59;83;76;YUN;x;
231;101;116;184;FULAI;x;
232;34;199;189;GAI;x;
233;105;156;130;AI2;x;
234;27;249;124;PINGYANG;x;
235;224;39;124;LIANGFU;x;
236;162;155;252;QI;x;
237;250;26;45;CHENG;x;
238;126;75;19;PINGSHAN;x;
239;168;78;147;FANWU1;x;
240;0;81;20;SANGZHONG;x;
241;206;246;126;YANG;x;
242;179;138;200;DUYANG;x;
243;126;138;49;MANJIA;x;
244;103;89;40;ZHONGQIU2;x;
245;93;5;45;QI1;x;
246;42;99;23;LEYANG;x;
247;179;176;106;LINYI;x;
248;175;252;46;YU;x;
249;237;115;134;LICHENG;x;
250;182;147;157;GENMOU;x;
251;30;198;244;JIQIU;x;
252;67;105;14;YOULI;x;
253;169;204;222;XIANG;x;
254;9;109;94;GAOXIANG;x;
255;97;113;194;PI;x;
256;123;213;36;DONGHUAN;x;
257;107;66;31;GUI;x;
258;208;155;66;ZHUQI;x;
259;211;82;197;DONGHAI;x;
260;77;234;230;QU;x;
261;141;59;102;CHILI;x;
262;170;189;167;YUYUQIU;x;
263;212;227;253;PINGQU;x;
264;177;220;212;SONGZI;x;
265;57;228;59;JINGWU;x;
266;128;51;216;HAO1;x;
267;213;63;136;ZHUAN;x;
268;146;216;49;ZHUQIU;x;
269;79;124;202;QUYANG;x;
270;72;185;112;TAN1;x;
271;78;186;143;HOUQIU;x;
272;68;215;42;YONGSHI;x;
273;134;35;250;YANGSHI1;x;
274;1;176;165;GANXIAN;x;
275;66;219;163;GAN;x;
276;54;74;35;HAIXI;x;
277;217;94;218;ZHONGWU;x;
278;175;127;170;XIAXIANG;x;
279;233;22;204;SHUYANG;x;
280;109;175;208;LIN;x;
281;29;69;228;JIPU1;x;
282;84;207;41;LUAN;x;
283;127;39;90;LIANG;x;
284;202;43;154;PI1;x;
285;45;49;242;PUSUI;x;
286;55;94;195;QULV;x;
287;26;152;240;FENGSI;x;
288;9;224;59;TONG;x;
289;84;175;74;GAOPING;x;
290;217;13;216;XIAQIU;x;
291;18;36;150;LOULIN;x;
292;44;150;221;XU;x;
293;187;141;67;SIYANG;x;
294;30;61;37;SUILING;x;
295;0;33;175;YUANSHI;x;
296;42;36;48;JINGXINGSAI;x;
297;72;244;119;FULING;x;
298;134;120;24;PROVINCE_7262;x;
299;209;45;172;GAOSHAN;x;
300;219;5;32;DONGYANG1;x;
301;194;202;21;ANYI;x;
302;49;73;38;PINGAN;x;
303;130;26;247;JIANGDU;x;
304;33;232;111;HAN;x;
305;183;191;192;BEILIANG;x;
306;19;60;62;YU1;x;
307;244;71;214;YIAN;x;
308;89;44;55;TAN2;x;
309;14;185;172;HUAIPU;x;
310;223;32;178;HUAIYIN;x;
311;114;144;57;NANCHANG;x;
312;169;161;104;PROVINCE_7263;x;
313;173;37;44;JUYANG;x;
314;146;142;176;SHEYANG;x;
315;10;45;87;YANDU;x;
316;42;96;58;FENGLONG;x;
317;57;23;236;ZHAOYUAN;x;
318;162;94;169;HAIYANG;x;
319;139;97;12;GAOYOU;x;
320;151;49;134;HAILING;x;
321;195;14;72;HAIAN;x;
322;84;114;61;SHI4;x;
323;126;117;189;HUDOU;x;
324;168;120;62;WUXING;x;
325;0;123;190;MANLI;x;
326;103;56;182;MOU;x;
327;85;156;195;PINGZHOU;x;
328;126;132;64;SHANGYUAN;x;
329;203;37;16;HONG;x;
330;12;117;65;YING;x;
331;42;141;193;SHANGAI;x;
332;226;216;94;CHANGSHAO;x;
333;21;27;167;SHU;x;
334;237;44;230;GUIYIN;x;
335;245;160;108;YANGQIAO;x;
336;42;67;74;BO1;x;
337;84;159;196;LEPING;x;
338;152;20;74;LONG;x;
339;168;165;197;CHOUYOU;x;
340;0;168;70;MASHOU;x;
341;72;147;78;GANG;x;
342;78;154;28;JI2;x;
343;126;24;21;QUCHI;x;
344;135;135;110;ZHU1;x;
345;119;165;93;FEI;x;
346;42;186;73;WEIYU;x;
347;214;48;133;JINGZI;x;
348;192;18;149;SUI;x;
349;26;168;30;ZHANG;x;
350;63;176;130;HUAN;x;
351;42;201;203;JINYANG;x;
352;191;165;223;HOU;x;
353;18;20;78;PINGLU;x;
354;70;146;130;TAO;x;
355;170;201;84;CHAN;x;
356;74;117;230;CHENG1;x;
357;84;6;206;LANGYU;x;
358;126;9;79;YU7;x;
359;56;64;236;FUZHONG;x;
360;0;15;80;LINGCHUANG;x;
361;42;18;208;LINGSHOU;x;
362;244;150;8;SHOU;x;
363;92;192;15;SU;x;
364;161;113;240;JIUMEN;x;
365;216;235;28;YANGZHOU;x;
366;50;45;165;WUYAN1;x;
367;84;36;211;QUAN1;x;
368;137;84;142;XUJU;x;
369;80;242;158;TANGAO;x;
370;181;12;35;MENG1;x;
371;160;145;30;MI1;x;
372;157;113;90;FENQUAN;x;
373;56;173;184;FANG1;x;
374;34;213;2;BENG;x;
375;126;61;78;TAI;x;
376;33;125;206;YETAI;x;
377;90;11;152;WUYANG;x;
378;14;244;232;XIANG1;x;
379;130;197;128;XIANGBI;x;
380;115;234;20;JI3;x;
381;42;78;218;NANXINGTANG;x;
382;93;124;220;WUYANG1;x;
383;40;183;126;ZHUANYU;x;
384;60;146;68;FEI1;x;
385;188;82;152;WUWU;x;
386;73;87;86;QIUYU1;x;
387;44;184;63;WUCHENG;x;
388;204;237;196;LONG1;x;
389;105;181;186;YI1;x;
390;83;147;186;YAN1;x;
391;56;156;58;LIGU;x;
392;117;226;194;XUQIU;x;
393;206;169;146;ZENG;x;
394;168;117;97;XINSHI;x;
395;85;8;54;WUJI;x;
396;16;135;234;CISHI;x;
397;8;211;212;KUXING;x;
398;28;153;182;GE1;x;
399;50;245;211;ZHONGLI;x;
400;160;129;197;SHENZE;x;
401;82;191;154;XI1;x;
402;103;13;130;YINPING;x;
403;162;60;193;JIANYANG;x;
404;249;76;75;CHANG1;x;
405;85;112;190;ANPING;x;
406;30;81;62;LAN;x;
407;78;155;122;SHANGQUYANG;x;
408;161;18;62;HUTAI;x;
409;107;242;108;JULING;x;
410;4;249;34;XUE;x;
411;214;247;105;GUANGQI;x;
412;84;171;6;DANQIU;x;
413;46;39;143;QI12;x;
414;114;219;34;GU4;x;
415;23;230;7;LUNU;x;
416;78;100;198;TUO;x;
417;26;34;239;ANGUO;x;
418;49;132;32;NI;x;
419;75;144;160;HE;x;
420;32;94;247;YIFENG;x;
421;240;133;119;JUYI;x;
422;244;239;50;ZUOREN;x;
423;155;67;73;YI2;x;
424;33;115;100;JIAO;x;
425;247;168;232;ZHU2;x;
426;72;17;75;LVQIU;x;
427;12;120;132;ZILOU;x;
428;63;44;108;Q2;x;
429;230;88;192;CHONG;x;
430;232;224;40;QINGDU;x;
431;155;199;177;ZHONGREN;x;
432;55;109;250;TANG6;x;
433;226;246;245;MAO;x;
434;155;221;162;SHI1;x;
435;32;9;105;LANG;x;
436;209;48;110;REN;x;
437;72;89;155;TUQIU;x;
438;126;36;19;GU5;x;
439;154;243;82;CHAI;x;
440;13;129;180;BIAN;x;
441;181;113;89;WU1;x;
442;255;190;78;FANG2;x;
443;85;191;21;XUCHENG;x;
444;250;65;119;QUFU;x;
445;127;243;2;XINCHU;x;
446;152;82;147;BA;x;
447;62;144;172;FUXIA;x;
448;192;132;252;SHASHENG;x;
449;23;252;20;SANGQIU;x;
450;42;223;129;KAN;x;
451;216;93;61;ZHUXIA;x;
452;11;44;41;ZHONGDU;x;
453;126;81;154;CHENGQIU;x;
454;91;40;214;QIAN;x;
455;154;149;254;KANGFU;x;
456;140;194;251;TANG2;x;
457;203;17;18;SHAOLIANG1;x;
458;126;96;29;CHONGQIU;x;
459;139;56;69;ANXIAN;x;
460;7;112;79;XIANQIU;x;
461;42;105;158;JUYE;x;
462;84;105;54;GUANGWANG;x;
463;126;111;159;MEI1;x;
464;168;114;32;YUN1;x;
465;239;28;91;RONGQIU;x;
466;76;97;191;BIYANG;x;
467;108;13;40;ZHA;x;
468;92;215;219;LIWU;x;
469;191;202;54;YOUQIU;x;
470;46;14;9;YONGMEN;x;
471;167;56;175;CUISUI;x;
472;142;245;177;LV;x;
473;127;109;203;BOLING1;x;
474;165;130;60;PENGCHENG;x;
475;242;63;195;LUCHENG;x;
476;133;151;165;LIU1;x;
477;220;134;110;NIESANG;x;
478;144;194;249;PEI;x;
479;185;242;64;XIAWU;x;
480;92;217;150;FENG;x;
481;15;241;162;XIAO;x;
482;1;31;210;CHA1;x;
483;136;11;51;SHUQIU;x;
484;190;35;23;WU2;x;
485;32;138;122;QIXIANG;x;
486;130;18;250;CHENGGAO;x;
487;173;33;130;QUNI;x;
488;170;16;180;SANGQIU1;x;
489;166;79;93;FULI;x;
490;225;196;204;ZHU2;x;
491;5;46;170;XIANG2;x;
492;254;142;166;ZIQIU;x;
493;77;14;228;MANGDANG;x;
494;246;211;184;QUANQIU;x;
495;197;248;252;DANG;x;
496;48;233;2;XIAYI;x;
497;152;149;22;LI3;x;
498;237;140;64;WUSUI1;x;
499;236;219;84;GUANGYANG;x;
500;216;123;62;JIN2;x;
501;38;3;108;ZHI;x;
502;165;48;238;MAO1;x;
503;48;157;4;DAN;x;
504;175;43;151;JIANCHENG;x;
505;31;176;51;ZHAOJIA;x;
506;67;244;34;JI4;x;
507;54;252;76;JIANPING;x;
508;245;246;122;LONGDUI;x;
509;28;40;135;NINGWU;x;
510;23;157;8;FEI2;x;
511;157;198;52;ZHUOLU;x;
512;84;45;56;BEIPING;x;
513;126;48;184;HUAYANG;x;
514;168;51;57;CHIZHISAI;x;
515;113;245;118;FANGYU;x;
516;31;165;246;JI5;x;
517;254;86;254;MIN;x;
518;151;123;208;SHANYANG2;x;
519;237;49;104;CHONGGUAN;x;
520;0;69;60;LUSHANG;x;
521;196;162;1;LIANGQIU;x;
522;84;75;61;LINGQIU;x;
523;70;42;50;SANTAI;x;
524;195;190;123;YI6;x;
525;175;147;128;DANFU;x;
526;200;229;34;GAO1;x;
527;136;39;71;JIAN;x;
528;20;205;138;FANG3;x;
529;46;124;174;DUOYU;x;
530;154;71;243;KONGTONG;x;
531;58;249;169;HONGKOU;x;
532;195;53;248;YITAI;x;
533;135;7;72;SHANGQIU;x;
534;43;61;157;FENMEN;x;
535;108;235;94;MENG1;x;
536;6;2;99;BO;x;
537;84;120;196;JIYING;x;
538;126;123;6;GUAN4;x;
539;168;126;197;TAO3;x;
540;0;129;70;FUQIU1;x;
541;42;132;198;JIAO1;x;
542;62;219;53;RONGCHENG;x;
543;192;209;69;FANYANG1;x;
544;168;141;72;LEXU;x;
545;0;144;200;DAI;x;
546;76;14;253;WUYANG2;x;
547;197;146;112;CHUQIU;x;
548;126;153;74;RONG;x;
549;168;156;202;KUIQIU;x;
550;0;159;75;DU1;x;
551;42;162;203;AN3;x;
552;154;245;70;GUAN2;x;
553;126;168;204;QUJI;x;
554;168;171;77;HUANG1;x;
555;0;174;205;NINGLING;x;
556;42;177;78;SHASUI;x;
557;177;59;246;GUQIU;x;
558;185;60;8;GOUDU;x;
559;128;56;136;QIU1;x;
560;117;94;160;XINCHENG;x;
561;239;70;158;ZENG1;x;
562;84;195;81;HENG1;x;
563;126;198;209;YANXIANG;x;
564;168;201;82;ZHUOLING;x;
565;0;204;210;CHAO;x;
566;42;207;83;DAJI;x;
567;84;210;211;CHENGKUANG;x;
568;126;0;84;WURUANGUAN;x;
569;168;3;212;XIANGLING;x;
570;0;6;85;SHOUZHI;x;
571;42;9;213;YU2;x;
572;84;12;86;YONGQIU;x;
573;126;15;214;YUCHANG;x;
574;168;18;87;HUA;x;
575;253;132;89;PROVINCE_7263;x;
576;42;24;88;XINLI1;x;
577;84;27;216;LAOQIU;x;
578;126;30;89;HUYOU;x;
579;168;33;217;MINGYAN;x;
580;0;36;90;HUANGCHI;x;
581;148;153;136;XIANG3;x;
582;37;241;77;QI3;x;
583;216;218;210;ZHUIXIANG;x;
584;254;165;76;SHANSANG;x;
585;100;248;170;XIAO1;x;
586;192;161;42;HONG1;x;
587;216;209;178;GAIXIA;x;
588;166;237;100;GUYANG;x;
589;0;0;255;lake_weiding;x;
590;0;66;95;YU3;x;
591;42;69;223;LIU2;x;
592;84;72;96;DOUCHENG;x;
593;126;75;224;NIUSHOU;x;
594;168;78;97;YAN2;x;
595;0;81;225;TONGQIU;x;
596;42;84;98;CHENG2;x;
597;84;87;226;KUANG;x;
598;126;90;99;GUIYAN;x;
599;168;93;227;FANG4;x;
600;0;96;0;ZHEQIU;x;
601;155;146;226;ZHE;x;
602;231;213;12;WANQIU;x;
603;218;49;92;MINGLU;x;
604;61;131;200;YANGLIANG;x;
605;36;224;18;KU;x;
606;146;32;199;LI4;x;
607;144;153;60;ZIWU;x;
608;243;68;25;JIAO2;x;
609;229;131;85;XIN1;x;
610;136;158;13;YI3;x;
611;166;42;66;QIANXI;x;
612;172;176;121;XINQI;x;
613;192;101;137;FANGZHONG;x;
614;173;28;47;SHEN;x;
615;171;202;212;QIE;x;
616;131;80;168;ZHOULAI;x;
617;77;86;23;YINGWEI;x;
618;126;150;9;WEISHI;x;
619;168;153;137;FEI3;x;
620;0;156;10;SANTING;x;
621;42;159;138;SHILAI;x;
622;84;162;11;CHUILONG;x;
623;126;165;139;JI6;x;
624;168;168;12;JING;x;
625;0;171;140;KUAI;x;
626;42;174;13;GUAN;x;
627;84;177;141;HUA1;x;
628;126;180;14;HUUANGYA;x;
629;168;183;142;SUO;x;
630;0;186;15;HAN1;x;
631;42;189;143;QING2;x;
632;84;192;16;YANSHI;x;
633;126;195;144;ZHONGMOU;x;
634;168;198;17;ZHONGYANG;x;
635;0;201;145;XINZHENG;x;
636;183;46;204;ZHU4;x;
637;206;66;77;SHANSHI;x;
638;126;210;19;YUGUAN;x;
639;168;0;147;JIAOCHENG;x;
640;0;3;20;QIFENG;x;
641;42;6;148;MALING;x;
642;84;9;21;ZHITIAN;x;
643;126;12;149;TUSHI;x;
644;168;15;22;DAN1;x;
645;0;18;150;DALIANG;x;
646;42;21;23;SHAHAI;x;
647;84;24;151;BI;x;
648;126;27;24;BAOSUI;x;
649;168;30;152;HU;x;
650;0;33;25;JIANTU;x;
651;42;36;153;JUAN;x;
652;84;39;26;XIUZE;x;
653;126;42;154;CHENGDI;x;
654;168;45;27;HUANYONG;x;
655;0;48;155;ANCHENG;x;
656;42;51;28;ZUO;x;
657;84;54;156;SUANZAO;x;
658;126;57;29;ECAO;x;
659;168;60;157;YANGWU;x;
660;0;63;30;CHONGLAO;x;
661;42;66;158;CHANGQIU;x;
662;84;69;31;LINYAN;x;
663;126;72;159;JIJIN;x;
664;168;75;32;XU1;x;
665;0;78;160;YAN3;x;
666;42;81;33;WANPU;x;
667;84;84;161;WA;x;
668;126;87;34;ZILOU1;x;
669;168;90;162;TAOREN;x;
670;0;93;35;PINGYANG1;x;
671;42;96;163;GUIJING;x;
672;84;99;36;KUANG1;x;
673;126;102;164;JUJU;x;
674;168;105;37;PINGQIU;x;
675;0;108;165;WUFU;x;
676;42;111;38;YOU1;x;
677;84;114;166;QI4;x;
678;126;117;39;SHOUYUAN;x;
679;168;120;167;PU1;x;
680;0;123;40;XIANGQIU;x;
681;42;126;168;CAO1;x;
682;84;129;41;GUILING;x;
683;126;132;169;CHUQIU1;x;
684;168;135;42;CHENGCHU;x;
685;0;138;170;XUN;x;
686;42;141;43;DIQIU;x;
687;84;144;171;XIAN1;x;
688;126;147;44;XIAQIU1;x;
689;168;150;172;LIANYU;x;
690;0;153;45;TAO1;x;
691;42;156;173;JIYANG;x;
692;84;159;46;ZUOSHI;x;
693;126;162;174;XU2;x;
694;168;165;47;ZHUZAO;x;
695;0;168;175;CHENGPU;x;
696;42;171;48;JIAMI;x;
697;84;174;176;MENG2;x;
698;126;177;49;SHENGDOU;x;
699;168;180;177;CHENGYANG;x;
700;0;183;50;QINGQIU;x;
701;42;186;178;CHUI1;x;
702;84;189;51;JUAN1;x;
703;126;192;179;DUGUAN;x;
704;168;195;52;LI5;x;
705;0;198;180;YANGJIAO;x;
706;42;201;53;FAN1;x;
707;84;204;181;GAOYU1;x;
708;126;207;54;LINQIU;x;
709;168;210;182;BI1;x;
710;0;0;55;QIN1;x;
711;42;3;183;GU2;x;
712;84;6;56;SHANGMING;x;
713;126;9;184;XIN2;x;
714;168;12;57;TIE;x;
715;0;15;185;QI5;x;
716;42;18;58;DUNQIU;x;
717;84;21;186;MAOSHI;x;
718;126;24;59;GAN1;x;
719;168;27;187;GANGPING;x;
720;0;30;60;YU4;x;
721;42;33;188;XIANGNIU;x;
722;84;36;61;GUAN1;x;
723;126;39;189;WULU;x;
724;168;42;62;river_heshui;x;
725;0;45;190;NIE;x;
726;42;48;63;CHAOCHENG;x;
727;84;51;191;PING2;x;
728;126;54;64;JI7;x;
729;168;57;192;HUANG2;x;
730;0;60;65;YUANCHENG;x;
731;42;63;193;SUO1;x;
732;84;66;66;CHENLING;x;
733;126;69;194;QUWEI;x;
734;168;72;67;CHENGYING;x;
735;0;75;195;XUTIAN;x;
736;42;78;68;CHUREN;x;
737;84;81;196;DALING;x;
738;126;84;69;XU;x;
739;168;87;197;XIANG4;x;
740;0;90;70;FEN;x;
741;42;93;198;river_yingshui;x;
742;84;96;71;CHANGGE;x;
743;126;99;199;river_yinshui;x;
744;168;102;72;CHANGSHE;x;
745;0;105;200;WAN;x;
746;42;108;73;YANGLING;x;
747;84;111;201;HUREN;x;
748;126;114;74;ANMEN;x;
749;168;117;202;SHANGJI;x;
750;0;120;75;YONGLIANG;x;
751;42;123;203;DAGUI_MOUNT;x;
752;84;126;76;SHUHUANG;x;
753;126;129;204;YINBAN;x;
754;168;132;77;XING1;x;
755;0;135;205;YING1;x;
756;42;138;78;DONGGUO;x;
757;84;141;206;SHEN1;x;
758;126;144;79;ZHI1;x;
759;255;147;206;SUOSHI;x;
760;0;150;80;FENG1;x;
761;42;153;208;XINGYANG;x;
762;84;156;81;SHIQIU;x;
763;126;159;209;MI2;x;
764;168;162;82;MI3;x;
765;0;165;210;YANGCHENG;x;
766;42;168;83;TAISHI_MOUNT;x;
767;84;171;211;DAKU_MOUNT;x;
768;126;174;84;FUSHU;x;
769;168;177;212;YINGGU;x;
770;0;18;85;HUANYUANGUAN;x;
771;42;183;21;LUNSHI;x;
772;84;74;86;JING1;x;
773;126;0;214;QUAN;x;
774;255;192;87;QUESAI;x;
775;255;92;215;HOUSHI;x;
776;42;198;227;KANKAN;x;
777;208;201;216;HUANG3;x;
778;126;0;89;ZI3;x;
779;168;207;90;JIULI;x;
780;0;210;90;XUMI;x;
781;42;0;218;LIU3;x;
782;84;3;91;WU4;x;
783;126;6;219;GONG;x;
784;168;9;92;XUN1;x;
785;134;12;220;SHISHI;x;
786;42;15;93;CHENGZHOU;x;
787;84;18;221;TANG3;x;
788;126;21;94;DONGYU;x;
789;168;24;222;YANG1;x;
790;0;27;95;MENGJIN;x;
791;42;30;223;YIN1;x;
792;84;33;96;WEI;x;
793;126;36;224;WANGCHENG;x;
794;168;39;97;JIE1;x;
795;0;42;225;GAN2;x;
796;42;45;98;WUMING_MOUNT;x;
797;84;48;226;WUMING_MOUNT;x;
798;126;51;99;SHENCHUI;x;
799;168;54;227;GANTANG;x;
800;0;57;0;JINMEN;x;
801;42;60;128;GAODU;x;
802;84;63;1;XINCHENG1;x;
803;126;66;129;GANLU;x;
804;168;69;2;YICHUAN;x;
805;0;72;130;CHONG1;x;
806;42;75;3;LUHUN;x;
807;84;78;131;FULIU;x;
808;126;81;4;YIYANG;x;
809;168;84;132;GAO2;x;
810;0;87;5;DONGTING;x;
811;42;90;133;SONGYANGGUAN;x;
812;84;93;6;JU1;x;
813;126;96;134;LONGXIANG;x;
814;168;99;7;KUAI1;x;
815;0;102;135;MAO3;x;
816;42;105;8;YIN2;x;
817;84;108;8;CIJIAN;x;
818;126;111;9;BANDAO;x;
819;168;114;137;YINDAO;x;
820;0;117;10;GUCHENG;x;
821;42;120;138;TI;x;
822;84;123;11;HENSHUI;x;
823;126;126;139;QIANGREN;x;
824;168;129;12;ZHIREN;x;
825;0;132;140;YAO;x;
826;42;135;13;JIUQU;x;
827;84;138;141;XIASHI;x;
828;126;141;14;YIYANG1;x;
829;168;144;142;SHAZHA;x;
830;0;147;15;CHANGSHUI;x;
831;42;150;143;YIN3;x;
832;84;153;16;TIHUGUAN;x;
833;126;156;144;GAOMENGUAN;x;
834;168;159;17;WUMING_MOUNT;x;
835;0;162;145;WUMING_MOUNT;x;
836;42;165;18;MIANCHI;x;
837;84;168;146;BANG;x;
838;126;171;19;SHEN2;x;
839;168;174;147;XIASAI;x;
840;0;177;20;SHANGYANG;x;
841;42;180;148;JIAO3;x;
842;84;183;21;QUWO;x;
843;126;186;149;HANGUGUAN;x;
844;168;189;22;BAIGU;x;
845;0;192;150;SANGTIAN;x;
846;42;195;23;WUMING_MOUNT;x;
847;84;198;151;XIA2;x;
848;0;3;225;HU1;x;
849;126;201;24;YINJIN;x;
850;168;96;42;PINGSHU;x;
851;84;9;226;WUCHENG1;x;
852;85;84;11;ZHENG;x;
853;127;87;139;TONG1;x;
854;169;90;12;XI2;x;
855;126;135;84;LI6;x;
856;168;138;212;ZUI;x;
857;0;141;85;CHAIYANG;x;
858;42;144;213;ZHIYANG;x;
859;84;147;86;XIE1;x;
860;126;150;214;HAN2;x;
861;168;153;87;LAN1;x;
862;0;156;215;MI4;x;
863;42;159;88;DU;x;
864;84;162;216;KUGU;x;
865;126;165;89;QINGNI;x;
866;168;168;217;CHULI;x;
867;0;171;90;CHANGAN;x;
868;42;174;218;GAO3;x;
869;84;177;91;FAN2;x;
870;126;180;219;FENG2;x;
871;168;183;92;RONG2;x;
872;0;186;220;ZIWU1;x;
873;42;189;93;HU2;x;
874;84;192;221;GAN3;x;
875;126;195;94;CE;x;
876;168;198;222;WUGONG;x;
877;0;201;95;WEI1;x;
878;42;204;223;XING2;x;
879;84;207;9;GUDAO;x;
880;126;210;224;SANGUAN;x;
881;168;0;97;GUO;x;
882;168;123;82;QIANWEIZHIHUI;x;
883;126;120;209;CHENCANG;x;
884;126;3;154;PINGYANG2;x;
885;84;117;81;ZHAO;x;
886;168;15;227;YI4;x;
887;1;18;0;ZHOU1;x;
888;43;21;128;YONG;x;
889;85;24;1;JING3;x;
890;127;27;129;ZHENG1;x;
891;169;30;2;MEI2;x;
892;1;33;130;BIYAN;x;
893;43;36;3;MEIYANG;x;
894;43;96;13;MAO4;x;
895;127;42;13;QI6;x;
896;169;45;132;TAI1;x;
897;1;48;5;JIANGSHI;x;
898;43;51;133;QUANQIU1;x;
899;1;93;140;CHENG3;x;
900;127;57;134;XIANYANG;x;
901;169;60;7;DUYOU;x;
902;1;63;135;BI2;x;
903;43;66;8;YULIN;x;
904;85;69;136;HOULI;x;
905;127;72;9;HUKOU;x;
906;169;75;137;HAOZHI;x;
907;1;78;10;DAN2;x;
908;84;132;211;GAOLING;x;
909;0;126;210;QIZHI;x;
910;42;129;83;YUE;x;
911;0;207;25;JINGYANG;x;
912;84;0;26;YIYANG2;x;
913;126;48;34;JIAOHUO;x;
914;84;45;161;CHIYANG;x;
915;85;39;131;MASUI;x;
916;126;105;79;WANNIAN;x;
917;42;99;78;GUIGU;x;
918;168;93;77;QI_MOUNT;x;
919;126;90;204;LIANG_MOUNT;x;
920;85;99;14;LIANGSHAN;x;
921;127;102;14;DULIN;x;
922;169;105;142;DUYANG1;x;
923;1;108;15;YUNYANG;x;
924;43;111;143;GANQUAN;x;
925;85;114;1;ZHONG_MOUNT;x;
926;127;117;144;DUIYU;x;
927;17;40;240;SANYUAN;x;
928;169;120;17;TONGGUAN;x;
929;1;123;145;FENGHUANGGU;x;
930;43;126;18;QIYUAN;x;
931;85;129;146;XIAGUI;x;
932;127;132;19;HUAIDE;x;
933;169;132;182;LUOYIN;x;
934;1;135;55;ZHONGQUAN;x;
935;43;138;183;LIANSHAO;x;
936;42;39;68;FUPING1;x;
937;84;42;196;HUAYUAN;x;
938;126;45;69;PINYANG;x;
939;168;48;197;NANBAISHUI;x;
940;0;51;70;CHANGLE;x;
941;42;54;198;WUMING_MOUNT;x;
942;0;54;35;WANG;x;
943;42;18;3;BAISHUI;x;
944;168;63;72;LI7;x;
945;0;66;200;QUYAN;x;
946;42;69;73;YIJUN;x;
947;84;72;201;DIDAO;x;
948;126;75;74;BAILUYUAN;x;
949;168;78;202;MENGHOUYUAN;x;
950;0;81;75;GAOPING1;x;
951;42;84;203;TUQIAO;x;
952;0;96;205;BIN;x;
953;84;180;56;SANSHUI;x;
954;126;183;184;XUN2;x;
955;126;33;159;LONGQUAN;x;
956;84;15;156;WANGCHENG1;x;
957;168;204;152;CHONG2;x;
958;42;132;48;FUSHI;x;
959;84;135;176;JINGSHAN;x;
960;168;171;182;BEIZHENG;x;
961;168;141;177;YUAN1;x;
962;0;144;50;YUANLI;x;
963;42;147;178;LINJINGGUAN;x;
964;84;150;51;XINLI;x;
965;126;153;179;PENGYA;x;
966;168;156;52;TU;x;
967;0;159;180;SHAOLIANG;x;
968;42;162;53;HEYANG;x;
969;84;87;76;FAN3;x;
970;168;21;157;PANG;x;
971;126;90;149;LONGMEN;x;
972;168;108;207;RUI;x;
973;126;78;39;JIGU;x;
974;42;27;158;FU1;x;
975;126;168;54;WUMING_MOUNT;x;
976;42;210;153;YANGJING;x;
977;168;36;32;GUYANG1;x;
978;0;39;160;JIMA;x;
979;0;111;80;FENGLING;x;
980;42;12;28;PUBAN;x;
981;0;9;155;DUPING;x;
982;168;51;162;WEI2;x;
983;42;114;208;DOUJIN;x;
984;42;57;163;LI8;x;
985;84;60;36;ZHI2;x;
986;126;63;164;SHEN3;x;
987;168;66;37;JING4;x;
988;0;69;165;ZHANGCHENG;x;
989;42;72;38;XIA3;x;
990;84;75;166;JIELIANG;x;
991;42;6;98;SANGQUAN;x;
992;168;81;167;KUSHOU;x;
993;0;84;40;LINGHU;x;
994;42;87;168;XUN3;x;
995;84;90;41;FENYIN;x;
996;126;93;169;LULIU;x;
997;126;12;99;JINYIN;x;
998;0;99;170;ANMEN1;x;
999;42;102;43;GENG1;x;
1000;84;105;171;FUKUI;x;
1001;126;108;44;JIUSHUAI;x;
1002;168;111;172;QISHI;x;
1003;0;114;45;XIUYU;x;
1004;42;117;173;YANSHI1;x;
1005;84;120;46;ZHUOYANG;x;
1006;126;123;174;lake_nvyanchi;x;
1007;168;126;47;lake_yanchi;x;
1008;0;129;175;lake_zhuozee;x;
1009;168;6;27;GONGCHI;x;
1010;126;18;29;ANYI1;x;
1011;42;42;33;KUCHENG;x;
1012;84;57;71;XIAYANG;x;
1013;126;60;199;DIANLING;x;
1014;0;24;30;MING;x;
1015;42;177;183;YU5;x;
1016;0;174;55;PENG;x;
1017;84;30;31;XINGONGLI;x;
1018;85;54;6;DIZU;x;
1019;84;165;181;WUMING_MOUNT;x;
1020;168;186;57;WUMING_MOUNT;x;
1021;0;189;185;QUWO1;x;
1022;42;192;58;TONG2;x;
1023;84;195;186;WANGGUAN;x;
1024;126;198;59;YI5;x;
1025;168;201;187;JU2;x;
1026;0;204;60;JI8;x;
1027;42;207;188;ZUO1;x;
1028;84;210;61;QINGYUAN;x;
1029;126;0;189;DONG;x;
1030;168;3;62;ZHOUYUAN;x;
1031;0;6;190;JIAGU;x;
1032;42;9;63;XINTIAN;x;
1033;84;12;191;XINGTING;x;
1034;126;15;64;JIANG;x;
1035;168;18;192;HAUNGFU;x;
1036;0;21;65;PILAO;x;
1037;42;24;193;TANG4;x;
1038;84;27;66;RU2;x;
1039;169;135;147;KUNDU;x;
1040;1;138;20;GAOLIANG;x;
1041;43;141;148;YANG2;x;
1042;85;144;21;CHOU;x;
1043;127;147;149;GAO4;x;
1044;169;150;22;XIAN2;x;
1045;1;153;150;XIANGLING1;x;
1046;43;156;23;WUSUI;x;
1047;85;159;151;YANGHOUSAI;x;
1048;127;162;24;YIN4;x;
1049;169;165;152;BAI;x;
1050;1;168;25;ZHI3;x;
1051;43;171;153;DAYIN;x;
1052;85;174;26;CHUIJI;x;
1053;127;177;154;SUI1;x;
1054;169;180;27;WU5;x;
1055;1;183;155;ZHONGDU1;x;
1056;43;186;28;QI7;x;
1057;85;189;156;JI9;x;
1058;127;192;29;YANG3;x;
1059;169;195;157;ZAOTAI;x;
1060;1;198;30;TUSHUI;x;
1061;43;201;158;NVJI;x;
1062;85;204;31;GAOLUO;x;
1063;127;207;159;WANGYUAN;x;
1064;169;210;32;HUQIU;x;
1065;1;0;160;PISHAO;x;
1066;43;3;33;ZHAO1;x;
1067;85;6;161;MIAO;x;
1068;127;9;34;WANGWU;x;
1069;169;12;162;SHAN1;x;
1070;1;15;35;SHAN2;x;
1071;43;18;163;XIULIANG;x;
1072;85;21;36;YANGFANG;x;
1073;127;24;164;XINYUAN;x;
1074;169;27;37;QUYANG1;x;
1075;1;30;165;HEYANG1;x;
1076;43;33;38;XIANG5;x;
1077;85;36;166;MENG3;x;
1078;127;39;39;MAO5;x;
1079;169;42;167;HANYE;x;
1080;1;45;40;GUMI;x;
1081;43;48;168;WEN;x;
1082;85;51;41;XINQIU;x;
1083;127;54;169;LI9;x;
1084;169;57;42;YUAN2;x;
1085;1;60;170;CHI;x;
1086;43;63;43;YEWANG;x;
1087;85;66;171;ZHOU2;x;
1088;127;69;44;HOU1;x;
1089;169;72;172;XICHENG;x;
1090;1;75;45;HUAI;x;
1091;43;78;173;YIN5;x;
1092;85;81;46;SHAOQU;x;
1093;127;84;174;YU6;x;
1094;169;87;47;XING3;x;
1095;1;90;175;KUIZI;x;
1096;43;93;48;YONG1;x;
1097;85;96;176;SHANYANG1;x;
1098;127;99;49;MENGMEN;x;
1099;169;102;177;CUANMAO;x;
1100;1;105;50;WUDE;x;
1101;43;108;178;TUI;x;
1102;85;111;51;FAN4;x;
1103;127;114;179;BAIQUAN;x;
1104;169;117;52;GONG1;x;
1105;1;120;180;NING;x;
1106;43;123;53;JI10;x;
1107;85;126;181;XIUWU;x;
1108;127;127;54;MEI4;x;
1109;126;30;194;ZHAOGE;x;
1110;168;33;67;MU;x;
1111;0;36;195;XU4;x;
1112;85;141;56;DUANSHI;x;
1113;127;144;184;YANGA;x;
1114;169;147;57;HUOZE;x;
1115;1;150;185;YINGTING;x;
1116;43;153;58;YISHI;x;
1117;85;156;186;BA1;x;
1118;127;159;59;GUYUAN;x;
1119;169;162;187;QIANMU;x;
1120;1;165;60;JUSHANG;x;
1121;43;168;188;ZHI4;x;
1122;85;171;61;WUMING_MOUNT;x;
1123;127;174;189;WUMING_MOUNT;x;
1124;169;177;62;WUMING_MOUNT;x;
1125;1;180;190;TIANMEN;x;
1126;43;183;63;GAODU1;x;
1127;85;186;185;GUANGLANG;x;
1128;127;189;64;XUANSHI;x;
1129;169;192;192;CHANGPING;x;
1130;1;195;65;ZHANGZI;x;
1131;43;198;193;QUAN1;x;
1132;85;201;66;LIUYU;x;
1133;127;204;194;PUHU;x;
1134;169;207;67;LITIN;x;
1135;1;210;195;HUKOUGUAN;x;
1136;43;0;68;XUGUAN;x;
1137;85;3;196;XUWU;x;
1138;127;6;69;QUEYU;x;
1139;169;9;197;SI;x;
1140;1;12;70;XIANGYUAN;x;
1141;43;15;198;QUEYU1;x;
1142;85;18;71;NIE1;x;
1143;127;21;199;TONGDI;x;
1144;169;24;72;WUXIANG;x;
1145;1;27;200;MANGCHEGUAN;x;
1146;43;30;73;QUEYU2;x;
1147;85;33;201;SHIHUIGUAN;x;
1148;127;36;74;YUSHE;x;
1149;169;39;202;MALING2;x;
1150;1;42;75;ZHAN;x;
1151;43;45;203;YONGYU;x;
1152;85;48;76;QIAN1;x;
1153;127;51;204;DUNQIU1;x;
1154;169;54;77;ZHONGMOU1;x;
1155;1;57;205;LINLV;x;
1156;43;60;78;NINGXINZHONG;x;
1157;85;63;206;FANGLING;x;
1158;127;66;79;YOU2;x;
1159;169;69;207;DANGYIN;x;
1160;1;72;80;YISHI1;x;
1161;43;75;208;DUANDAO;x;
1162;85;78;81;QULIANG;x;
1163;127;81;209;LUSHI;x;
1164;169;84;82;LI10;x;
1165;1;87;210;HUKOU1;x;
1166;43;90;83;SHE1;x;
1167;85;93;211;LIAOYANG;x;
1168;127;96;84;PINGDU1;x;
1169;169;99;212;WUAN;x;
1170;223;8;173;WUSHI;x;
1171;43;105;213;BOYANG;x;
1172;85;108;86;YE1;x;
1173;127;111;214;SHI2;x;
1174;169;114;87;KANGQIU;x;
1175;1;117;215;XIYANG;x;
1176;43;120;88;YIN6;x;
1177;85;123;216;BEI;x;
1178;127;126;89;NEIHUANG;x;
1179;180;3;138;WUCHENG2;x;
1180;173;87;207;PINGYANG3;x;
1181;43;135;218;LINZHANG;x;
1182;92;88;219;TUTAI;x;
1183;185;194;220;QIANHOU;x;
1184;233;50;173;GENIE;x;
1185;217;187;72;JIPEI;x;
1186;128;73;186;HANHUI;x;
1187;189;167;183;FEI4;x;
1188;185;145;116;FANWU;x;
1189;19;76;169;LIANGQI;x;
1190;115;67;244;FUKOU;x;
1191;242;120;71;HANDAN;x;
1192;30;5;144;JIQIU1;x;
1193;190;223;153;LIEREN;x;
1194;122;119;92;QULIANG1;x;
1195;4;32;222;SHAQIU;x;
1196;218;58;153;BOLUOJIN;x;
1197;246;117;154;JULU;x;
1198;65;230;106;REN1;x;
1199;221;121;6;BAIREN;x;
1200;73;90;183;ZHONGQIU3;x;
1201;12;242;12;ZHANG1;x;
1202;38;213;84;XING4;x;
1203;158;63;164;GUANGXIANG;x;
1204;123;178;25;PINGXIANG;x;
1205;142;235;83;CHAOPING;x;
1206;200;26;91;NANHE;x;
1207;85;0;131;FANYANG;x;
1208;127;3;4;WEI3;x;
1209;169;6;132;YANGHU;x;
1210;67;34;236;JIPU;x;
1211;120;108;213;XINDU;x;
1212;138;59;113;JINTAI;x;
1213;120;95;38;WUSUI4;x;
1214;114;15;239;RAO;x;
1215;78;231;131;WUYUAN;x;
1216;30;150;90;GAOYANG;x;
1217;93;237;86;A1;x;
1218;131;249;20;AWU;x;
1219;69;202;252;JINGCHENG;x;
1220;116;173;0;CANLU;x;
1221;31;190;38;ZHOUXIANG;x;
1222;182;29;173;MO;x;
1223;190;144;185;GUO1;x;
1224;222;213;1;WENAN;x;
1225;247;153;44;DONGPINGSHU;x;
1226;155;150;3;WUYANG3;x;
1227;67;231;169;FENGLI1;x;
1228;82;44;254;SHUZHOU1;x;
1229;6;13;231;QUANZHOU;x;
1230;11;195;251;YICHANG;x;
1231;166;107;254;XIXIANG;x;
1232;172;14;92;ZHUO;x;
1233;32;27;10;XINCHANG;x;
1234;27;161;131;XINCHENG;x;
1235;219;28;24;LIANGXIANG;x;
1236;249;74;10;FANGCHENG;x;
1237;25;180;72;LINLE1;x;
1238;116;157;241;HANGAO;x;
1239;75;223;0;ANCI;x;
1240;72;164;215;YINXIANG;x;
1241;43;102;148;GUANGYANG1;x;
1242;57;204;244;YONGNU;x;
1243;33;207;68;XINCANG;x;
1244;15;235;44;HUOYIN;x;
1245;1;114;150;YUYANG;x;
1246;97;16;98;ANLE;x;
1247;85;120;151;JUNDU;x;
1248;127;123;24;CHANGPING1;x;
1249;169;126;152;YOUDU;x;
1250;141;86;48;JI11;x;
1251;138;194;176;HUNU;x;
1252;189;198;140;PINGGU;x;
1253;225;209;174;JUCHENG;x;
1254;169;141;27;HUAYAN;x;
1255;81;161;235;LU1;x;
1256;81;89;220;XIANGHE;x;
1257;198;191;120;SANHE;x;
1258;142;48;200;WUZHONG;x;
1259;169;156;157;GUANGPING;x;
1260;1;159;30;TIXI;x;
1261;43;162;158;YANGQU;x;
1262;85;165;31;LUSI;x;
1263;127;168;159;YUANPING;x;
1264;169;171;32;JUZHUSAI;x;
1265;1;174;160;GUANGWU;x;
1266;43;177;33;XIANYU1;x;
1267;85;180;161;HUOREN;x;
1268;127;183;34;LUCHENG1;x;
1269;169;186;162;XINGFEN;x;
1270;1;189;35;YINGUAN;x;
1271;43;192;163;WANGTAO;x;
1272;85;195;36;JUYANG1;x;
1273;127;198;164;FANGSHI;x;
1274;169;201;37;GUO3;x;
1275;1;204;165;PINGSHU1;x;
1276;43;207;38;DAI1;x;
1277;85;210;166;SANGGAN;x;
1278;127;0;39;DANG1;x;
1279;169;3;167;WUQIONGZHIMEN;x;
1280;1;6;40;GOUMAO;x;
1281;43;9;168;GUANGCHANG;x;
1282;85;12;41;ZHULU;x;
1283;127;15;169;JUYONGGUAN;x;
1284;169;18;42;YIYU;x;
1285;1;21;170;JUYONG;x;
1286;43;24;43;JUYANG2;x;
1287;85;27;171;QUANSHANG;x;
1288;127;30;44;QIEJU;x;
1289;169;33;172;XIALUO;x;
1290;187;174;87;PROVINCE_7264;x;
1291;43;39;173;RU;x;
1292;85;42;46;WENDE;x;
1293;127;45;174;GUANGNING;x;
1294;169;48;47;XIAONING;x;
1295;1;51;175;HEICHENG;x;
1296;43;54;48;MACHENG;x;
1297;85;57;176;YANLING1;x;
1298;127;60;49;GANGCHENG;x;
1299;169;63;177;NVQI;x;
1300;1;66;50;ZAOYANG;x;
1301;43;69;178;MA1;x;
1302;85;72;51;LOUFAN;x;
1303;127;75;179;XINCHENG4;x;
1304;169;78;52;LIE;x;
1305;1;81;180;HUANGHUA;x;
1306;43;84;53;BANSHI;x;
1307;85;87;181;PINGCHENG;x;
1308;127;90;54;PINGYI;x;
1309;169;93;182;YANGYUAN;x;
1310;1;96;55;QUANJIN;x;
1311;43;99;183;GAOLIU;x;
1312;85;102;56;CANHE;x;
1313;127;105;184;PINGYIN1;x;
1314;169;108;57;DAOREN;x;
1315;1;111;185;TIANCHENG;x;
1316;43;114;58;QIANGYIN;x;
1317;85;117;186;BAIDENG;x;
1318;127;120;59;BAIYANG;x;
1319;169;123;187;LIEYANG;x;
1320;1;126;60;SHANGWU;x;
1321;43;129;18;WUZHOUSAI;x;
1322;85;132;61;LAHEGU;x;
1323;127;135;186;WOYANG;x;
1324;169;138;62;SHALING;x;
1325;1;141;190;ZHENLING;x;
1326;43;144;63;lake_shalinghu;x;
1327;85;147;191;lake_yanze;x;
1328;127;150;64;lake_zhuwenze;x;
1329;169;153;192;lake_daluze;x;
1330;1;156;65;lake_beihai;x;
1331;43;159;193;XIANYANG1;x;
1332;85;162;66;YUNZHONG;x;
1333;127;165;194;YUANYANG;x;
1334;169;168;67;WUYAO;x;
1335;1;171;195;YANGSHOU;x;
1336;43;174;68;CHENGLE;x;
1337;85;177;196;WUJIN;x;
1338;127;180;69;DINGXIANG;x;
1339;169;183;197;ANTAO;x;
1340;1;186;70;QIERU;x;
1341;43;189;198;TONGGUO;x;
1342;85;192;71;WUCHENG4;x;
1343;127;195;199;LUO;x;
1344;169;198;72;ZHONGLING;x;
1345;1;201;200;XUANWU;x;
1346;43;204;73;FENYANG;x;
1347;85;207;201;LANGU;x;
1348;127;210;74;HEHE;x;
1349;169;0;202;YIFAN;x;
1350;1;3;75;PISHI;x;
1351;43;6;203;HAN3;x;
1352;85;9;76;JI12;x;
1353;127;12;204;CHANGXIU;x;
1354;169;15;77;XUN4;x;
1355;1;18;205;LIANG1;x;
1356;43;21;78;LINFEN;x;
1357;85;24;206;FENCHENG;x;
1358;127;27;79;JIUYUAN;x;
1359;169;30;207;GU6;x;
1360;1;33;80;PINGYANG4;x;
1361;43;36;208;HUCHU;x;
1362;85;39;81;SHOUDUO;x;
1363;127;42;209;SHEN4;x;
1364;169;45;82;SI1;x;
1365;1;48;210;RU1;x;
1366;43;51;83;HUANG4;x;
1367;85;54;211;HUO;x;
1368;127;57;84;LV1;x;
1369;169;60;212;PINGZHOU1;x;
1370;1;63;85;GUAYAN;x;
1371;43;66;213;LVXIANG;x;
1372;85;69;86;NANQU1;x;
1373;127;72;214;CAISANG;x;
1374;169;75;87;BEIQU;x;
1375;1;78;215;E;x;
1376;43;81;88;QI8;x;
1377;85;84;216;GAO5;x;
1378;127;87;89;DAJI1;x;
1379;169;90;217;HUNIE;x;
1380;1;93;90;LOU;x;
1381;43;96;218;JIAOGANG;x;
1382;85;99;91;PUZI;x;
1383;127;102;219;TUYUN;x;
1384;169;105;92;PU2;x;
1385;1;108;220;XICHENG1;x;
1386;43;111;93;LIN2;x;
1387;85;114;221;LISHI;x;
1388;127;117;94;ZHONGYANG1;x;
1389;169;120;222;GAOLANG;x;
1390;1;123;95;LINSHUI;x;
1391;43;126;223;FANGSHAN;x;
1392;85;129;96;WUTU;x;
1393;127;132;224;KEIHU;x;
1394;169;135;97;ZHENGHE;x;
1395;1;138;225;YINYANG;x;
1396;43;141;98;GAOQUESAI;x;
1397;85;144;226;WENGULEDU;x;
1398;127;147;99;FENGAN;x;
1399;169;150;227;GANCAOCHENG;x;
1400;1;153;0;LINHE;x;
1401;43;156;128;YONGFEN;x;
1402;85;159;1;ANYANG;x;
1403;127;162;129;GUYANG2;x;
1404;169;165;2;LINWO;x;
1405;1;168;130;JIUYUAN1;x;
1406;43;171;3;SHIMENZHANG;x;
1407;85;174;131;YILIANG;x;
1408;169;132;32;CHENGYI;x;
1409;169;180;132;TIANPI;x;
1410;1;183;5;WUYUAN1;x;
1411;43;186;133;FUYANG2;x;
1412;85;189;6;HEMU;x;
1413;127;192;134;WOYE;x;
1414;169;195;7;HUYAN;x;
1415;1;198;135;GAOQUE;x;
1416;43;201;8;JILUSAI;x;
1417;85;204;136;YUHUN;x;
1418;127;207;9;WOYE1;x;
1419;169;210;137;LINRONG;x;
1420;0;45;135;SANFENG;x;
1421;43;3;138;HUNHUAIZHANG;x;
1422;85;6;11;LINGWU;x;
1423;127;9;139;LIAN1;x;
1424;169;12;12;HEQI;x;
1425;1;15;140;HAOFEI;x;
1426;43;18;13;YINHANCHENG;x;
1427;85;21;141;DINGXI;x;
1428;127;24;14;FUPING2;x;
1429;169;27;142;SANSHUI1;x;
1430;1;30;15;YANGZHOU1;x;
1431;43;33;143;SHEYAN;x;
1432;85;36;16;CHANGZE;x;
1433;127;39;144;PINGZHOU2;x;
1434;169;42;17;FUSHI1;x;
1435;0;126;12;PROVINCE_1435;x;
1436;43;48;18;KUANG2;x;
1437;85;51;146;HUANYIN;x;
1438;127;54;19;ZHENXIANG;x;
1439;169;57;147;HONGMEN;x;
1440;1;60;20;YANSHUI;x;
1441;86;135;186;GUANGWU1;x;
1442;128;138;59;GAONU;x;
1443;170;141;187;PINGDU2;x;
1444;2;144;60;GUANGLUO;x;
1445;44;147;188;BAJIAO;x;
1446;86;150;61;CHENGPING;x;
1447;128;153;189;GANGUAN;x;
1448;170;156;62;DULE;x;
1449;2;159;190;RULIN;x;
1450;44;162;63;LUZIGUAN;x;
1451;86;165;191;MENSHAN;x;
1452;128;168;64;WURENGUAN;x;
1453;170;171;192;SANCHENG;x;
1454;2;174;65;YUNYAN;x;
1455;44;177;193;DINGYANG;x;
1456;86;180;66;LUOCHUAN;x;
1457;170;201;197;LINZHEN;x;
1458;2;204;70;FULU;x;
1459;44;207;198;YINCHENG;x;
1460;1;120;30;DIAOYIN;x;
1461;43;123;158;QIANSHUI;x;
1462;85;126;31;XIANGLUO;x;
1463;127;129;159;ZHILU;x;
1464;127;177;4;DIAO;x;
1465;1;135;160;GUIDE;x;
1466;43;138;33;LUODU;x;
1467;85;141;161;DAYAO;x;
1468;127;144;34;YIJU;x;
1469;169;147;162;NIYANG;x;
1470;1;150;35;LVEPANG;x;
1471;43;153;163;YUZHI1;x;
1472;85;156;36;CHUDAO;x;
1473;127;159;164;FANGCHI;x;
1474;169;162;37;XUYAN;x;
1475;1;165;165;SHENQUANZHANG;x;
1476;43;168;38;XIONGGUIZHANG;x;
1477;85;171;166;DINGAN;x;
1478;127;174;39;YIQU;x;
1479;169;177;167;CANLUAN;x;
1480;1;180;40;MALIN;x;
1481;43;183;168;LV2;x;
1482;85;186;41;MIXU;x;
1483;127;189;169;GONG2;x;
1484;169;192;42;CHUNGU;x;
1485;1;195;170;CHANGWUCHENG;x;
1486;43;198;43;YILU;x;
1487;85;201;171;QI9;x;
1488;127;204;44;BAILI;x;
1489;169;207;172;BING;x;
1490;1;210;45;GUAI;x;
1491;43;0;173;HEI;x;
1492;85;3;46;RUAN;x;
1493;127;6;174;YUANDE;x;
1494;169;9;47;YINPAN;x;
1495;1;12;175;ZENG2;x;
1496;43;15;48;QIANYANG;x;
1497;85;18;176;LU2;x;
1498;127;21;49;LIANGYUAN;x;
1499;169;24;177;HUATING;x;
1500;1;27;50;QIAN2;x;
1501;126;9;129;GENGYANG;x;
1502;85;33;51;DALING1;x;
1503;127;36;179;PINGTAO;x;
1504;169;39;52;YINCHENG1;x;
1505;1;42;180;ZISHI;x;
1506;43;45;53;NANYOU;x;
1507;85;48;181;WUYANG4;x;
1508;127;51;54;QIANYUAN;x;
1509;169;54;182;ANRONGGUAN;x;
1510;1;57;55;ANYIGUAN;x;
1511;43;60;183;QIN2;x;
1512;85;63;56;MIANZHU;x;
1513;127;66;184;RONG3;x;
1514;169;69;57;QINGSHUI;x;
1515;1;72;185;QINTIN;x;
1516;43;75;58;HANKAI;x;
1517;85;78;186;LVEYANG;x;
1518;127;81;59;GUI1;x;
1519;169;84;187;WANGYUAN1;x;
1520;1;87;60;JI13;x;
1521;43;90;188;LUOMEN;x;
1522;85;93;61;HUANDAO;x;
1523;127;96;189;XICHUI;x;
1524;169;99;62;WUZHONG1;x;
1525;1;102;190;HUPAN;x;
1526;43;105;63;HUANGGUA;x;
1527;85;108;191;XINXING;x;
1528;127;111;64;XIANGWU;x;
1529;169;114;192;SUOXI;x;
1530;1;117;65;LONGSANG;x;
1531;43;120;193;WUXI;x;
1532;85;123;66;ZHANG2;x;
1533;127;126;194;ANGU;x;
1534;169;129;67;SHOUYANG;x;
1535;1;132;195;MIAITIN;x;
1536;43;135;68;DIDAO1;x;
1537;85;138;196;XIANQIN;x;
1538;127;141;69;CHENGJI;x;
1539;169;144;197;PINGXIANG1;x;
1540;1;147;70;DAXIA;x;
1541;43;150;198;FUHAN;x;
1542;85;153;71;HEGUAN;x;
1543;127;156;199;BAISHI;x;
1544;169;159;72;JINCHENG;x;
1545;1;162;200;YUZHONG;x;
1546;43;165;73;YUNWU;x;
1547;85;168;201;LONGZHI;x;
1548;127;171;74;HAOWEI;x;
1549;169;174;202;YUNJIE;x;
1550;1;177;75;ZHENGBOJIN;x;
1551;43;180;203;LINGJU;x;
1552;85;183;76;JINCHENGGUAN;x;
1553;127;186;204;ZHIYANG1;x;
1554;169;189;77;GAIZHU;x;
1555;1;192;205;ZHANYIN;x;
1556;43;195;78;YONGDENG;x;
1557;85;198;206;AOWEI;x;
1558;127;201;79;JISANG;x;
1559;169;204;207;CANGJIEGU;x;
1560;1;207;80;WUWEI;x;
1561;43;210;208;XUANWEI;x;
1562;85;0;81;XIUTU;x;
1563;127;3;209;LUANNIAO;x;
1564;169;6;82;GUZANG;x;
1565;1;9;210;MINGWEI;x;
1566;43;12;83;ZHANGYE;x;
1567;85;15;211;CANGSONG;x;
1568;127;18;84;PUHUAN;x;
1569;169;21;212;BAISHAN;x;
1570;1;24;85;JUCI;x;
1571;43;27;213;WULAN;x;
1572;85;30;86;SHATUO;x;
1573;127;33;214;YINGLI;x;
1574;169;36;87;BAITING;x;
1575;1;39;215;XIANMEI;x;
1576;43;42;88;GUANGMU;x;
1577;85;45;216;SHUOFANG;x;
1578;127;48;89;QUSOU;x;
1579;169;51;214;HUQIU1;x;
1580;1;54;90;YUANTING;x;
1581;43;57;218;HEYIN;x;
1582;85;60;91;SHANAN;x;
1583;127;63;219;WUDU;x;
1584;169;66;92;MANBAI;x;
1585;1;69;220;NANXING;x;
1586;43;72;93;FUCHANG;x;
1587;85;75;221;MEIJI;x;
1588;127;78;94;PINGDING;x;
1589;169;81;222;GULUO;x;
1590;1;84;95;QIUCI;x;
1591;43;87;223;ZHENLIN;x;
1592;85;90;96;BAITU;x;
1593;127;93;224;SHICHENG;x;
1594;169;96;97;LIANGU;x;
1595;1;99;225;GUANGYAN;x;
1596;43;102;98;HUMENG;x;
1597;85;105;226;ZENGSHAN;x;
1598;127;108;99;XUANLEI;x;
1599;169;111;227;XIUDU;x;
1600;1;114;0;DACENG;x;
1601;43;117;128;WENGLONG;x;
1602;85;120;1;PISHI1;x;
1603;127;123;129;GAOWANG;x;
1604;169;126;2;ZHILU1;x;
1605;1;129;130;YANGREN;x;
1606;43;132;3;DANHU;x;
1607;85;135;131;ZHU5;x;
1608;200;26;41;JIA1;x;
1609;86;206;86;RUYANG;x;
1610;1;144;5;LI13;x;
1611;43;147;133;JUNTAI;x;
1612;85;150;6;FAN5;x;
1613;22;104;134;XIBUGENG;x;
1614;137;121;226;GAOYOU1;x;
1615;166;113;199;XIANGCHENG;x;
1616;136;55;200;DINGLING;x;
1617;161;32;66;YINYANG1;x;
1618;127;168;9;YINQIANG;x;
1619;169;171;137;XIHUA;x;
1620;142;99;99;DENG;x;
1621;114;86;18;YINGSHANG;x;
1622;164;254;142;NVYIN;x;
1623;148;220;85;ZHAOLING;x;
1624;28;99;58;YANGCHENG2;x;
1625;22;134;120;ANLING2;x;
1626;43;192;13;SHANGCAI;x;
1627;182;81;102;DUN;x;
1628;147;232;209;CAIYANG;x;
1629;72;31;146;NANDUN;x;
1630;82;97;141;DAMIN;x;
1631;43;207;143;MANSHI;x;
1632;38;172;67;HUO1;x;
1633;163;94;104;LIANG2;x;
1634;52;97;208;CHENGFU;x;
1635;112;243;231;LONGXING;x;
1636;153;109;124;NIULAN;x;
1637;55;50;138;LUYANG;x;
1638;127;15;19;WUYANG5;x;
1639;169;18;147;YE2;x;
1640;18;107;148;YING2;x;
1641;43;24;148;LUGUAN;x;
1642;85;27;21;SHANGRONG;x;
1643;127;30;149;RAOJIAO;x;
1644;169;33;22;XU5;x;
1645;1;36;150;CHOU1;x;
1646;205;229;104;ZHANBAN;x;
1647;85;42;151;KUNYANG;x;
1648;1;243;3;DONGBUGENG;x;
1649;15;239;218;GAOLING1;x;
1650;201;11;126;YAN4;x;
1651;79;240;20;HU4;x;
1652;99;136;226;YULIN1;x;
1653;127;60;154;BAI1;x;
1654;169;63;27;XIPING;x;
1655;1;66;155;TANGXI;x;
1656;43;69;28;DINGYING;x;
1657;85;72;156;BIFEN;x;
1658;127;75;29;FANG5;x;
1659;169;78;157;QUYANG2;x;
1660;1;81;30;CHONGQIU1;x;
1661;43;84;158;WENCHENG;x;
1662;85;87;31;DAO;x;
1663;127;90;159;XIANGHE1;x;
1664;169;93;32;YELU;x;
1665;1;96;160;SANGSUI;x;
1666;233;252;214;HU3;x;
1667;106;88;6;FUBO;x;
1668;44;221;214;LUSHANG1;x;
1669;32;141;126;XIANG6;x;
1670;8;183;115;YANG4;x;
1671;43;114;163;SHEN5;x;
1672;137;13;25;JUEMO;x;
1673;113;1;98;YAN5;x;
1674;169;123;37;XIN3;x;
1675;1;126;165;SANGQIU2;x;
1676;43;129;38;LV3;x;
1677;174;97;222;QINQIU;x;
1678;127;135;39;FANYANG2;x;
1679;70;0;113;DONGLING;x;
1680;169;165;92;TONGYANG;x;
1681;43;144;168;LI14;x;
1682;85;147;41;GELING;x;
1683;125;90;186;RUQING;x;
1684;169;153;42;GUCHENG1;x;
1685;1;156;170;BAI2;x;
1686;43;159;43;HUQIU2;x;
1687;85;162;171;BAOXIN;x;
1688;127;165;44;XI3;x;
1689;169;168;172;LI15;x;
1690;1;171;45;YI7;x;
1691;43;174;173;JIANG1;x;
1692;85;177;46;FUHAN1;x;
1693;127;180;174;ANCHENG1;x;
1694;169;183;47;BAIGOU;x;
1695;1;186;175;SHENYANG;x;
1696;43;189;47;YICHUN;x;
1697;85;127;195;ANCHANG;x;
1698;127;195;49;JI14;x;
1699;169;198;177;LANGLING;x;
1700;1;201;50;SHENG;x;
1701;43;204;178;YANG5;x;
1702;85;207;51;FU2;x;
1703;127;210;179;ZENGGUAN;x;
1704;169;0;52;JUAN2;x;
1705;1;3;180;YANGQIU;x;
1706;43;6;53;ZENG3;x;
1707;85;9;181;WUCHENG5;x;
1708;127;12;54;ZHI5;x;
1709;169;15;182;BOWANG1;x;
1710;1;18;55;ZHONG;x;
1711;43;21;183;WUYIN;x;
1712;85;24;56;BIYANG2;x;
1713;127;27;184;CIQIU;x;
1714;169;30;57;ZENGQIU;x;
1715;1;33;185;FAN6;x;
1716;43;36;58;BI3;x;
1717;85;39;186;NANSHI;x;
1718;127;42;59;XIE;x;
1719;169;45;187;HUANGJI;x;
1720;1;48;60;CHAO1;x;
1721;43;51;188;CHUISHA;x;
1722;85;54;61;E1;x;
1723;127;57;189;ZHENGYE;x;
1724;169;60;62;LIAO2;x;
1725;1;63;190;ERYANG;x;
1726;43;66;63;XING5;x;
1727;97;69;191;XINDU1;x;
1728;127;72;64;DONGWU;x;
1729;169;75;192;YIQIU;x;
1730;1;78;65;SHIMA;x;
1731;43;81;193;LI16;x;
1732;85;84;66;FENGSHAN;x;
1733;127;87;194;SHENG1;x;
1734;169;90;67;WAN1;x;
1735;1;93;195;LV4;x;
1736;43;96;68;BIYIN;x;
1737;85;99;196;LAOYANG;x;
1738;127;102;69;YUYANG1;x;
1739;169;105;197;ANZHONG;x;
1740;1;108;70;PINGSHI;x;
1741;43;111;198;XINCHENG5;x;
1742;85;114;71;NIEYANG;x;
1743;127;117;199;MOYANG;x;
1744;169;120;72;LI17;x;
1745;1;123;200;YU8;x;
1746;43;126;73;XI4;x;
1747;85;129;201;ZHONGCHENG;x;
1748;127;132;74;WUGUAN;x;
1749;169;135;202;CANGYE;x;
1750;1;138;75;SHANG;x;
1751;43;141;203;SHANGLUO;x;
1752;85;144;76;YAOGUAN;x;
1753;127;147;204;HUHOUSHANSI;x;
1754;169;150;77;RANG;x;
1755;1;153;205;SANHU;x;
1756;43;156;78;DAN3;x;
1757;85;159;206;SHANGMI;x;
1758;1;42;81;YIQING;x;
1759;169;165;207;WEI4;x;
1760;1;168;80;KUIYING;x;
1761;43;171;208;SHUNYANG;x;
1762;85;174;81;LINTAO;x;
1763;127;177;209;LUYANG1;x;
1764;169;180;82;DENGQIU;x;
1765;1;183;210;CHAOYANG;x;
1766;127;42;81;WEISHI1;x;
1767;85;189;211;FANYING;x;
1768;127;192;84;YOU3;x;
1769;169;195;212;DENG1;x;
1770;1;198;85;HECHENG;x;
1771;43;201;213;XIAYIN;x;
1772;85;204;86;LECHENG;x;
1773;127;207;214;ZAN;x;
1774;169;210;87;YUDOU;x;
1775;1;0;215;DENGLING;x;
1776;43;3;88;;x;
1777;85;6;216;;x;
1778;127;9;89;;x;
1779;169;12;217;;x;
1780;1;15;90;;x;
1781;43;18;218;;x;
1782;85;21;91;;x;
1783;127;24;219;;x;
1784;169;27;92;;x;
1785;1;30;220;;x;
1786;43;33;93;;x;
1787;85;36;221;;x;
1788;127;39;94;;x;
1789;169;42;222;;x;
1790;1;45;95;;x;
1791;43;48;223;;x;
1792;85;51;96;;x;
1793;127;54;224;;x;
1794;169;57;97;;x;
1795;1;60;225;;x;
1796;43;63;98;;x;
1797;85;66;226;;x;
1798;127;69;99;;x;
1799;169;72;227;;x;
1800;1;75;0;;x;
1801;43;78;128;;x;
1802;85;81;1;;x;
1803;127;84;129;;x;
1804;169;87;2;;x;
1805;1;90;130;;x;
1806;43;93;3;;x;
1807;85;96;131;;x;
1808;127;99;4;;x;
1809;169;102;132;;x;
1810;1;105;5;;x;
1811;43;108;133;;x;
1812;85;111;6;;x;
1813;127;114;134;;x;
1814;169;117;7;;x;
1815;1;120;135;;x;
1816;43;123;8;;x;
1817;85;126;136;;x;
1818;127;129;9;;x;
1819;169;132;137;;x;
1820;1;135;10;;x;
1821;43;138;138;;x;
1822;85;141;11;;x;
1823;127;144;139;;x;
1824;169;147;12;;x;
1825;1;150;140;;x;
1826;43;153;13;;x;
1827;85;156;141;;x;
1828;127;159;14;;x;
1829;169;162;142;;x;
1830;1;165;15;;x;
1831;43;168;143;;x;
1832;85;171;16;;x;
1833;127;174;144;;x;
1834;169;177;17;;x;
1835;1;180;145;;x;
1836;43;183;18;;x;
1837;85;186;146;;x;
1838;127;189;19;;x;
1839;169;192;147;;x;
1840;1;195;20;;x;
1841;43;198;148;;x;
1842;85;201;21;;x;
1843;127;204;149;;x;
1844;169;207;22;;x;
1845;1;210;150;;x;
1846;43;0;23;;x;
1847;85;3;151;;x;
1848;127;6;24;;x;
1849;169;9;152;;x;
1850;1;12;25;;x;
1851;43;15;153;;x;
1852;85;18;26;;x;
1853;127;21;154;;x;
1854;169;24;27;;x;
1855;1;27;155;;x;
1856;43;30;28;;x;
1857;85;33;156;;x;
1858;127;36;29;;x;
1859;169;39;157;;x;
1860;69;142;30;;x;
1861;43;45;158;;x;
1862;85;48;31;;x;
1863;127;51;159;;x;
1864;169;54;32;;x;
1865;1;57;160;;x;
1866;43;60;33;;x;
1867;85;63;161;;x;
1868;127;66;34;;x;
1869;169;69;162;;x;
1870;167;172;35;;x;
1871;43;75;163;;x;
1872;185;78;36;;x;
1873;127;81;164;;x;
1874;169;184;137;;x;
1875;1;87;165;;x;
1876;43;90;38;;x;
1877;85;93;166;;x;
1878;127;96;39;;x;
1879;169;99;167;;x;
1880;1;102;140;;x;
1881;43;105;168;;x;
1882;85;108;41;;x;
1883;127;111;169;;x;
1884;169;114;42;;x;
1885;1;117;170;;x;
1886;43;120;43;;x;
1887;85;123;171;;x;
1888;127;126;44;;x;
1889;169;129;172;;x;
1890;1;132;45;;x;
1891;43;135;173;;x;
1892;85;138;46;;x;
1893;127;141;174;;x;
1894;169;144;47;;x;
1895;1;147;175;;x;
1896;43;150;48;;x;
1897;85;153;176;;x;
1898;127;156;49;;x;
1899;169;159;177;;x;
1900;1;162;50;;x;
1901;43;165;178;;x;
1902;85;168;51;;x;
1903;127;171;179;;x;
1904;169;174;52;;x;
1905;1;177;180;;x;
1906;43;180;53;;x;
1907;85;183;181;;x;
1908;127;186;54;;x;
1909;169;189;182;;x;
1910;1;192;55;;x;
1911;43;195;183;;x;
1912;85;198;56;;x;
1913;127;201;184;;x;
1914;169;204;57;;x;
1915;1;207;185;;x;
1916;43;210;58;;x;
1917;85;0;186;;x;
1918;127;3;59;;x;
1919;169;6;187;;x;
1920;71;79;160;;x;
1921;43;12;188;;x;
1922;85;15;61;;x;
1923;127;18;189;;x;
1924;169;21;62;;x;
1925;1;24;190;;x;
1926;43;227;63;;x;
1927;185;30;191;;x;
1928;127;133;164;;x;
1929;169;236;192;;x;
1930;1;39;165;;x;
1931;43;42;193;;x;
1932;85;145;66;;x;
1933;127;48;194;;x;
1934;169;51;67;;x;
1935;1;54;195;;x;
1936;43;157;68;;x;
1937;85;60;196;;x;
1938;255;233;127;;x;
1939;169;66;197;;x;
1940;1;169;70;;x;
1941;43;72;198;;x;
1942;85;75;70;;x;
1943;127;78;199;;x;
1944;169;81;72;;x;
1945;1;84;200;;x;
1946;43;87;73;;x;
1947;85;90;201;;x;
1948;127;93;74;;x;
1949;169;96;202;;x;
1950;1;99;75;;x;
1951;43;102;203;;x;
1952;67;238;146;;x;
1953;127;108;204;;x;
1954;169;111;77;;x;
1955;1;114;205;;x;
1956;43;117;78;;x;
1957;85;120;206;;x;
1958;127;123;79;;x;
1959;169;126;207;;x;
1960;1;129;80;;x;
1961;9;14;79;;x;
1962;85;135;81;;x;
1963;127;138;209;;x;
1964;169;141;122;;x;
1965;1;144;210;;x;
1966;43;147;83;;x;
1967;85;150;211;;x;
1968;127;153;84;;x;
1969;169;156;212;;x;
1970;1;159;85;;x;
1971;43;162;213;;x;
1972;100;91;36;;x;
1973;224;135;18;;x;
1974;73;82;46;;x;
1975;178;104;25;;x;
1976;205;8;116;;x;
1977;133;234;188;;x;
1978;121;214;63;;x;
1979;229;173;72;;x;
1980;45;108;234;;x;
1981;27;193;94;;x;
1982;212;101;193;;x;
1983;214;78;55;;x;
1984;76;85;244;;x;
1985;1;204;220;;x;
1986;43;207;93;;x;
1987;191;11;249;;x;
1988;127;0;94;;x;
1989;169;3;222;;x;
1990;1;6;95;;x;
1991;43;9;223;;x;
1992;85;12;96;;x;
1993;127;15;224;;x;
1994;169;18;97;;x;
1995;1;21;225;;x;
1996;43;24;98;;x;
1997;85;27;226;;x;
1998;127;30;99;;x;
1999;169;33;227;;x;
2000;2;213;0;;x;
2001;44;39;128;;x;
2002;86;42;1;;x;
2003;128;45;129;;x;
2004;77;242;102;;x;
2005;2;51;130;;x;
2006;217;54;3;;x;
2007;86;57;131;;x;
2008;128;60;4;;x;
2009;170;63;132;;x;
2010;221;66;5;;x;
2011;44;69;133;;x;
2012;86;147;6;;x;
2013;128;75;134;;x;
2014;170;78;7;;x;
2015;2;81;135;;x;
2016;44;84;178;;x;
2017;86;87;136;;x;
2018;128;90;9;;x;
2019;170;93;137;;x;
2020;2;96;225;;x;
2021;44;99;138;;x;
2022;86;102;11;;x;
2023;128;105;139;;x;
2024;170;108;12;;x;
2025;2;111;140;;x;
2026;44;155;13;;x;
2027;54;168;176;;x;
2028;71;78;145;;x;
2029;71;181;170;;x;
2030;120;80;205;;x;
2031;153;60;247;;x;
2032;196;12;178;;x;
2033;81;164;166;;x;
2034;135;27;80;;x;
2035;33;139;103;;x;
2036;235;62;252;;x;
2037;193;233;87;;x;
2038;40;136;44;;x;
2039;77;189;178;;x;
2040;2;156;20;ZHONGLISAI;x;
2041;183;19;0;;x;
2042;210;72;229;;x;
2043;182;167;46;;x;
2044;170;168;22;;x;
2045;2;171;150;;x;
2046;44;174;23;;x;
2047;86;177;151;;x;
2048;128;180;24;;x;
2049;170;183;152;;x;
2050;2;186;25;;x;
2051;44;189;153;;x;
2052;86;192;26;;x;
2053;128;195;154;;x;
2054;170;198;27;;x;
2055;2;201;155;;x;
2056;44;204;28;;x;
2057;86;207;156;;x;
2058;128;210;29;;x;
2059;170;0;157;;x;
2060;221;3;30;;x;
2061;44;6;158;;x;
2062;186;9;131;;x;
2063;128;12;159;;x;
2064;170;15;32;;x;
2065;2;18;160;;x;
2066;132;21;33;;x;
2067;86;24;161;;x;
2068;128;27;34;;x;
2069;170;30;162;;x;
2070;2;190;35;;x;
2071;44;36;163;;x;
2072;86;120;36;;x;
2073;128;42;164;;x;
2074;170;45;37;;x;
2075;2;48;165;;x;
2076;255;216;205;;x;
2077;86;174;166;;x;
2078;128;57;39;;x;
2079;170;60;167;;x;
2080;2;174;40;;x;
2081;44;66;168;;x;
2082;232;69;41;;x;
2083;128;72;169;;x;
2084;219;204;96;;x;
2085;178;14;28;;x;
2086;71;103;196;;x;
2087;213;100;170;;x;
2088;233;81;122;;x;
2089;51;220;238;;x;
2090;136;4;180;;x;
2091;29;34;15;;x;
2092;251;203;228;;x;
2093;124;149;210;;x;
2094;90;215;135;;x;
2095;35;54;76;;x;
2096;153;141;226;;x;
2097;2;179;124;;x;
2098;29;48;127;;x;
2099;144;2;228;;x;
2100;205;26;27;;x;
2101;219;246;20;;x;
2102;7;20;218;;x;
2103;167;221;19;;x;
2104;235;187;90;;x;
2105;146;168;206;;x;
2106;28;128;10;;x;
2107;94;162;126;;x;
2108;239;117;38;;x;
2109;164;198;128;;x;
2110;218;113;148;;x;
2111;122;172;79;;x;
2112;91;126;226;;x;
2113;140;205;117;;x;
2114;238;195;68;;x;
2115;68;66;24;;x;
2116;239;204;18;;x;
2117;252;127;206;;x;
2118;253;139;75;PROVINCE_7264;x;
2119;253;148;40;PROVINCE_7265;x;
2120;253;208;212;PROVINCE_7266;x;
2121;84;203;106;;x;
2122;174;157;191;;x;
2123;245;251;107;;x;
2124;229;155;18;;x;
2125;216;97;72;;x;
2126;132;63;16;;x;
2127;198;100;182;;x;
2128;37;253;18;;x;
2129;100;175;7;;x;
2130;44;3;193;;x;
2131;86;178;66;;x;
2132;128;9;194;;x;
2133;170;12;67;;x;
2134;2;15;195;;x;
2135;182;73;244;GUANGDE;x;
2136;86;21;196;ABBEVILLE;x;
2137;128;24;69;DAX;x;
2138;170;27;197;MIMIZAN;x;
2139;2;178;70;HUAIAN;x;
2140;44;33;198;MEDOC;x;
2141;189;231;162;WUCHENG6;x;
2142;24;246;114;FRONSAC;x;
2143;170;42;72;BLAYE;x;
2144;213;45;200;HUANGHUAGUAN;x;
2145;44;147;73;YUHANG;x;
2146;197;238;171;LA ROCHELLE;x;
2147;128;54;74;FONTENAY;x;
2148;131;77;153;YUER;x;
2149;207;202;172;OUYANG;x;
2150;130;180;53;RAIS;x;
2151;127;141;180;NANTES;x;
2152;212;73;237;GUERANDE;x;
2153;170;6;49;VANNES;x;
2154;230;235;143;LORIENT;x;
2155;160;25;163;WUYUAN2;x;
2156;98;223;76;BREST;x;
2157;121;201;165;LEON;x;
2158;38;100;240;CORNOUAILLES;x;
2159;2;90;80;ROHAN;x;
2160;44;93;208;TREGUIER;x;
2161;86;96;81;XIEYUGUAN;x;
2162;128;99;209;PORHOET;x;
2163;170;102;82;JIGU1;x;
2164;2;105;210;RENNES;x;
2165;44;108;83;CHATEAUBRIANT;x;
2166;86;111;211;AVRANCHES;x;
2167;128;114;84;COUTANCES;x;
2168;170;117;212;CHERBOURG;x;
2169;2;120;85;BAYEUX;x;
2170;162;113;21;lake_qingqiupo;x;
2171;255;255;254;lake_shepi;x;
2172;46;41;206;BEIYANG;x;
2173;254;86;94;PROVINCE_7267;x;
2174;6;202;124;HUA2;x;
2175;170;149;208;JIXIA;x;
2176;121;88;117;BANYANG;x;
2177;99;101;50;GUO2;x;
2178;254;102;53;PROVINCE_7268;x;
2179;49;119;3;YANGQIU1;x;
2180;221;81;231;TAI2;x;
2181;209;33;45;AN2;x;
2182;241;176;196;YAN9;x;
2183;214;2;254;SHI7;x;
2184;235;177;214;XI5;x;
2185;162;29;245;SHIMEN;x;
2186;138;8;58;river_jishui;x;
2187;67;85;68;YUGUO;x;
2188;186;63;79;LONGLUO;x;
2189;53;60;48;AYANG;x;
2190;64;53;85;LINYI;x;
2191;22;42;96;QING;x;
2192;170;192;97;GUO;x;
2193;2;195;225;ANYANG1;x;
2194;119;110;101;CHAOYANG1;x;
2195;24;55;211;FENG4;x;
2196;148;243;234;YONGLI;x;
2197;72;151;116;PUTAI;x;
2198;79;154;63;WUDI;x;
2199;72;158;54;LI20;x;
2200;119;122;236;ZI6;x;
2201;155;191;14;SHUANGJIU;x;
2202;244;14;234;CHOU2;x;
2203;116;125;168;MULINGGUAN1;x;
2204;3;133;233;PINGWANG;x;
2205;235;224;22;SHOUGUANG;x;
2206;145;179;40;LIUQUAN;x;
2207;136;94;144;GUAN;x;
2208;159;89;192;HAN;x;
2209;64;35;65;PINGSHOU;x;
2210;78;45;15;RAOGUO;x;
2211;226;217;212;CHANGAN1;x;
2212;166;6;154;SANGDU;x;
2213;157;168;74;CHENGXIANG;x;
2214;232;213;82;PROVINCE_7265;x;
2215;197;119;28;GUYING;x;
2216;31;143;108;YU11;x;
2217;248;139;192;TUI1;x;
2218;77;230;150;JI16;x;
2219;39;70;190;QI11;x;
2220;242;202;135;XUXIANG;x;
2221;237;32;233;PROVINCE_7209;x;
2222;93;74;74;lake_xiyangzi;x;
2223;28;178;240;PINGCHANG1;x;
2224;10;103;23;ZHI7;x;
2225;8;28;158;PINGCHENG1;x;
2226;102;143;15;JIAOYANG;x;
2227;237;109;182;PROVINCE_7210;x;
2228;237;135;125;PROVINCE_7211;x;
2229;154;159;112;DAO1;x;
2230;125;33;118;MUHANG;x;
2231;151;210;52;DONGGUAN1;x;
2232;45;226;8;ANYANG2;x;
2233;180;219;158;ZHEQUAN;x;
2234;158;236;136;DONGAN;x;
2235;231;74;111;SHANXIANG;x;
2236;175;51;204;JIANXIANG;x;
2237;212;234;32;BAI3;x;
2238;34;192;118;YANGGUAN;x;
2239;160;252;30;XINSHAN;x;
2240;78;212;38;WEIQI;x;
2241;143;238;208;DUPING1;x;
2242;67;130;118;WUYANG;x;
2243;29;104;78;SHU3;x;
2244;188;166;130;YUSHAN;x;
2245;226;65;254;HAO2;x;
2246;181;121;61;HAIYAO;x;
2247;202;156;124;QIUYOU;x;
2248;107;237;20;LIANSHUI;x;
2249;235;121;1;QINGHE;x;
2250;132;212;208;LAOLING1;x;
2251;171;251;24;SUYU;x;
2252;127;248;128;LOUTING;x;
2253;217;175;10;QINSHI;x;
2254;104;150;223;ZHUIQI;x;
2255;10;221;200;THOUARS;x;
2256;116;84;92;DONGLING1;x;
2257;238;135;180;PROVINCE_7212;x;
2258;238;178;227;PROVINCE_7213;x;
2259;205;162;86;LINJIANG;x;
2260;238;241;15;PROVINCE_7215;x;
2261;4;210;244;QINING;x;
2262;97;111;168;LINGTING;x;
2263;120;201;71;RUGAO;x;
2264;170;109;252;XIANGPING;x;
2265;58;186;13;SHIBIE;x;
2266;35;140;140;JIAGU1;x;
2267;24;214;200;JUPING;x;
2268;181;132;224;HUA3;x;
2269;133;51;146;NANPINGYANG;x;
2270;253;201;159;XIU;x;
2271;212;216;194;TEN;x;
2272;140;86;213;HULING;x;
2273;242;228;154;YUANQI;x;
2274;237;89;16;ZI7;x;
2275;215;89;216;NINGYANG;x;
2276;81;13;75;TAO2;x;
2277;35;37;83;SHI8;x;
2278;121;79;67;ZOU;x;
2279;128;80;75;CHANGYAN;x;
2280;181;177;158;MIE;x;
2281;29;4;141;GENGZONG;x;
2282;188;211;188;FENGGAO;x;
2283;0;81;236;LU6;x;
2284;44;42;43;lake_juyeze;x;
2285;86;45;171;LVLIANG_MOUNT;x;
2286;159;96;31;XIAQIU2;x;
2287;54;206;242;WUYUAN3;x;
2288;26;128;151;YIYANG5;x;
2289;52;249;121;GAOCHAI;x;
2290;86;60;46;FAN_MOUNT;x;
2291;44;54;88;HUTAI1;x;
2292;241;227;181;SIGAO;x;
2293;234;246;162;REN_MOUNT;x;
2294;165;125;88;FUZI_MOUNT;x;
2295;29;250;217;TAIQIU;x;
2296;31;120;112;FUYANG4;x;
2297;179;132;132;MANG;x;
2298;223;240;8;MANG_MOUNT;x;
2299;78;239;34;HUFU;x;
2300;132;164;56;HUOQIU;x;
2301;231;81;7;PANSHI_MOUNT;x;
2302;215;43;171;TIEJIAO_MOUNT;x;
2303;250;184;32;HUOPI;x;
2304;243;64;122;DUNQIU2;x;
2305;155;194;80;LIYANG2;x;
2306;234;61;30;SIQU;x;
2307;131;101;35;SUIWEI;x;
2308;31;231;17;WENZHE;x;
2309;12;196;160;LINDU;x;
2310;113;230;4;SIJING;x;
2311;242;23;130;BIANJING;x;
2312;34;113;17;WENXU;x;
2313;188;105;80;CUO;x;
2314;220;103;100;RONGYE;x;
2315;254;201;183;PROVINCE_7270;x;
2316;53;81;46;lake_kongze;x;
2317;46;127;117;LUPU;x;
2318;122;125;148;BEAUGENCY;x;
2319;1;75;150;ANYANG3;x;
2320;43;78;23;CHENGWU;x;
2321;33;222;235;JISHI;x;
2322;127;84;24;HUANGGU;x;
2323;169;87;152;CHENGAN;x;
2324;1;90;25;BIAN2;x;
2325;249;120;152;ZI2;x;
2326;85;96;26;WAIHUANG;x;
2327;127;99;154;SHEN7;x;
2328;169;102;27;ZAI;x;
2329;1;105;155;CHENG5;x;
2330;89;134;68;DAZEXIANG;x;
2331;0;110;6;YICHENG2;x;
2332;7;39;174;WOKOU;x;
2333;174;137;97;river_huishui;x;
2334;44;192;68;river_honggou;x;
2335;86;195;196;lake_fengze;x;
2336;128;198;69;river_langtangqu;x;
2337;85;111;156;FUGOU;x;
2338;127;114;29;GAOYANG1;x;
2339;169;117;157;ZHOU3;x;
2340;86;210;71;CHANGPING2;x;
2341;128;0;199;YANGXIA;x;
2342;170;3;72;GULING;x;
2343;27;1;188;XINPING;x;
2344;248;103;194;YILU1;x;
2345;39;121;74;NINGPING;x;
2346;135;223;60;YAN10;x;
2347;185;139;141;XINYANG;x;
2348;103;204;84;YANGLING1;x;
2349;85;79;197;XIANG7;x;
2350;84;59;132;JUYANG3;x;
2351;180;161;230;QUREN;x;
2352;48;195;175;CHENGFU1;x;
2353;87;156;159;XIACHENGFU;x;
2354;129;166;39;SHARUI;x;
2355;182;219;238;PINGA;x;
2356;125;191;64;TANGLI;x;
2357;241;113;253;YINGAI;x;
2358;52;124;49;YIFU;x;
2359;190;69;114;CIYANG;x;
2360;211;216;161;JIAOQIU;x;
2361;99;223;59;SHANGDIAN;x;
2362;94;232;62;WUHE;x;
2363;64;242;132;LIANCHENG;x;
2364;141;16;202;GAOCHANG;x;
2365;39;136;35;SIBING;x;
2366;55;224;34;TUOYANG;x;
2367;84;26;151;PANYUN_MOUNT;x;
2368;240;177;171;LINGBI;x;
2369;161;23;4;BU1;x;
2370;99;206;194;LINHUAI;x;
2371;197;229;136;GUIDE1;x;
2372;36;36;37;MEI6;x;
2373;98;76;82;NING1;x;
2374;98;66;156;JI17;x;
2375;17;223;2;WEI5;x;
2376;249;221;160;YOU5;x;
2377;51;178;221;YUAN3;x;
2378;15;19;170;DUN1;x;
2379;122;73;52;YONGCHENG;x;
2380;104;76;90;MIAN1;x;
2381;238;48;100;KE1;x;
2382;110;136;76;LU7;x;
2383;242;110;2;LIAN2;x;
2384;42;135;184;LONGKANG;x;
2385;221;217;185;GOU;x;
2386;66;199;232;TAN3;x;
2387;169;55;111;LV5;x;
2388;52;18;104;LINGBI1;x;
2389;164;192;11;WO;x;
2390;20;6;241;CHU1;x;
2391;40;190;251;ZHUWANG;x;
2392;151;255;20;PINGLE;x;
2393;218;128;254;JIAN1;x;
2394;111;180;50;ZHOU4;x;
2395;255;45;26;PROVINCE_7271;x;
2396;187;21;48;TIAO;x;
2397;11;81;10;JI18;x;
2398;255;96;187;PROVINCE_7272;x;
2399;44;174;128;TIANSHI_MOUNT;x;
2400;239;121;167;PROVINCE_7216;x;
2401;240;14;135;PROVINCE_7217;x;
2402;0;141;129;PROVINCE_2404;x;
2403;2;186;130;FUFU_MOUNT;x;
2404;44;189;3;MENG_MOUNT;x;
2405;0;145;41;PROVINCE_2407;x;
2406;128;195;4;NIU_MOUNT;x;
2407;170;198;132;SHIGAO_MOUNT;x;
2408;2;201;5;FENG_MOUNT;x;
2409;177;77;6;GU_MOUNT;x;
2410;86;207;6;WULIANG_MOUNT;x;
2411;240;152;16;PROVINCE_7218;x;
2412;68;162;222;MOU_MOUNT;x;
2413;144;137;137;LIANGFU_MOUNT;x;
2414;253;118;164;YUAN_MOUNT;x;
2415;86;9;136;TAI_MOUNT;x;
2416;124;47;182;AO_MOUNT;x;
2417;138;176;102;JU_MOUNT;x;
2418;233;62;14;LINLE_MOUNT;x;
2419;1;97;229;PROVINCE_2422;x;
2420;1;178;33;PROVINCE_2423;x;
2421;2;115;196;PROVINCE_2424;x;
2422;2;133;198;PROVINCE_2425;x;
2423;2;205;227;PROVINCE_2426;x;
2424;2;222;74;PROVINCE_2427;x;
2425;3;10;117;PROVINCE_2428;x;
2426;255;167;204;PROVINCE_7273;x;
2427;2;48;15;WUMING_MOUNT;x;
2428;255;171;247;PROVINCE_7274;x;
2429;93;157;224;river_hangou;x;
2430;128;57;144;ZHAIYANG;x;
2431;170;60;17;GUANGWU2;x;
2432;2;63;145;YUANJU;x;
2433;44;66;18;lake_leixiaze;x;
2434;86;69;146;JUYANG4;x;
2435;128;72;19;GULIN;x;
2436;170;75;147;river_jishui;x;
2437;2;78;20;MALING3;x;
2438;44;81;148;YANGJIN1;x;
2439;86;84;21;HU7;x;
2440;128;87;149;LONGZE;x;
2441;170;90;2;river_heshui;x;
2442;2;93;150;WU7;x;
2443;44;96;23;ZI8;x;
2444;86;99;151;SONGYUE_MOUNT;x;
2445;128;102;24;WAIFANG_MOUNT;x;
2446;170;105;152;SHAOXING_MOUNT;x;
2447;2;108;25;LI_MOUNT;x;
2448;44;111;153;HUAIDE1;x;
2449;86;114;26;river_jushui;x;
2450;128;117;154;WUMING_MOUNT;x;
2451;170;120;27;WUMING_MOUNT;x;
2452;2;123;155;DONGFU;x;
2453;44;126;28;JING7;x;
2454;86;129;156;HENG2;x;
2455;128;132;29;ZHI8;x;
2456;170;135;157;ZHAO2;x;
2457;2;138;30;JI19;x;
2458;44;141;158;JIANG;x;
2459;86;144;31;lake_zhaoyuqize;x;
2460;128;147;159;QIANGJIURU;x;
2461;170;150;32;LIAO6;x;
2462;2;153;160;MO1;x;
2463;44;156;33;YI9;x;
2464;86;159;161;MAORONG;x;
2465;160;25;57;ZUFU;x;
2466;170;165;162;JIONG;x;
2467;24;31;165;LUOXIAO;x;
2468;44;171;163;HAO3;x;
2469;86;174;36;LI21;x;
2470;128;177;164;XIA4;x;
2471;170;180;37;KE2;x;
2472;2;183;165;DAN5;x;
2473;44;186;38;HUA4;x;
2474;188;66;64;XICHENG2;x;
2475;128;192;39;SANGYE;x;
2476;170;195;167;MIN1;x;
2477;2;198;40;HU8;x;
2478;44;201;168;MUYE;x;
2479;204;32;69;YA1;x;
2480;128;207;169;river_heshui;x;
2481;170;210;42;XUAN1;x;
2482;2;0;170;RONG4;x;
2483;44;3;43;QIE1;x;
2484;86;6;171;WO1;x;
2485;128;9;44;ZHI;x;
2486;170;12;172;XUAN2;x;
2487;159;15;45;ZHOU5;x;
2488;44;18;173;LAI3;x;
2489;86;190;46;WUMING_MOUNT;x;
2490;128;24;174;WUMING_MOUNT;x;
2491;168;168;95;JIASHI1;x;
2492;173;165;209;CHUI2;x;
2493;14;201;11;DING1;x;
2494;86;221;176;CAO;x;
2495;128;39;49;JU3;x;
2496;170;42;177;DONGYU1;x;
2497;2;45;50;GUI2;x;
2498;44;48;178;GUTA;x;
2499;86;51;51;MU2;x;
2500;128;54;179;HE1;x;
2501;170;57;52;SHANGSI;x;
2502;2;60;180;SUOSHI1;x;
2503;44;201;217;DUOCHEN;x;
2504;86;66;181;FENG5;x;
2505;128;69;54;WEI6;x;
2506;170;72;182;DAYULIN;x;
2507;2;221;55;LIQIU1;x;
2508;44;78;183;YU12;x;
2509;86;81;56;ZHA1;x;
2510;128;84;184;DUOHE;x;
2511;170;87;57;LUXINGSAI;x;
2512;2;90;185;LI22;x;
2513;44;93;58;BANG1;x;
2514;86;96;186;QUEGONG;x;
2515;128;99;59;FAJIU;x;
2516;170;102;187;GAOYANG2;x;
2517;2;105;60;WUGAO;x;
2518;44;108;188;KUI1;x;
2519;86;111;61;CHU2;x;
2520;128;114;189;WUMING_MOUNT;x;
2521;170;117;62;WUMING_MOUNT;x;
2522;2;120;190;WUMING_MOUNT;x;
2523;44;123;63;WUMING_MOUNT;x;
2524;86;126;191;WUMING_MOUNT;x;
2525;128;129;64;WUMING_MOUNT;x;
2526;170;132;192;WUMING_MOUNT;x;
2527;2;135;65;WUMING_MOUNT;x;
2528;44;138;193;WU8;x;
2529;86;141;66;JIUWU;x;
2530;36;172;0;SHOU1;x;
2531;144;221;90;QI14;x;
2532;2;150;195;WO2;x;
2533;44;153;68;LIXING;x;
2534;245;6;98;TANTAI;x;
2535;186;79;215;LI23;x;
2536;170;162;197;DI2;x;
2537;196;229;152;XIANYU;x;
2538;105;193;251;FEIGOU;x;
2539;75;93;134;CHAIFU;x;
2540;32;90;72;HAN5;x;
2541;149;115;214;WUPING;x;
2542;83;147;229;YAN11;x;
2543;44;183;73;CUO1;x;
2544;37;100;146;YU13;x;
2545;100;202;218;YU14;x;
2546;44;253;229;JU4;x;
2547;171;133;116;WEI7;x;
2548;154;247;58;XUWU1;x;
2549;86;201;76;LUTAI;x;
2550;194;229;120;DULIANG;x;
2551;208;126;134;GENJIN;x;
2552;42;64;85;GENGYING;x;
2553;44;0;78;RIGEN;x;
2554;86;3;206;XIYANG3;x;
2555;105;225;9;SHANYOU;x;
2556;2;248;120;YANZE;x;
2557;2;198;80;ZHONGYU;x;
2558;44;15;208;LINGZHI;x;
2559;86;18;81;LINGPISAI;x;
2560;128;21;209;ZHIZHONG;x;
2561;170;24;82;HAIYANG2;x;
2562;2;27;210;LEAN2;x;
2563;44;186;83;NUANJIN;x;
2564;86;33;211;CHANGCHENG1;x;
2565;128;36;211;RONGJIA;x;
2566;170;39;212;WANQIU1;x;
2567;2;42;128;PINGYIN2;x;
2568;44;45;213;LI24;x;
2569;86;48;86;LEI;x;
2570;128;51;214;SHICHENG2;x;
2571;170;54;84;TUYIN;x;
2572;2;57;215;WUMING_MOUNT;x;
2573;44;60;88;WUMING_MOUNT;x;
2574;86;63;216;WUMING_MOUNT;x;
2575;128;66;89;SHOUYIN;x;
2576;170;69;217;YIN7;x;
2577;2;72;90;DAYAOGU;x;
2578;44;75;218;CHIZHANG;x;
2579;86;78;91;SHANGU;x;
2580;128;81;219;YUANQIU;x;
2581;170;84;92;WUMING_MOUNT;x;
2582;2;87;220;WUMING_MOUNT;x;
2583;44;90;93;WUMING_MOUNT;x;
2584;86;93;221;WUMING_MOUNT;x;
2585;128;96;94;WUMING_MOUNT;x;
2586;170;99;222;WUMING_MOUNT;x;
2587;2;102;95;WUMING_MOUNT;x;
2588;44;105;223;WUMING_MOUNT;x;
2589;86;108;96;WUMING_MOUNT;x;
2590;128;111;224;WUMING_MOUNT;x;
2591;170;114;97;WUMING_MOUNT;x;
2592;2;117;225;WUMING_MOUNT;x;
2593;44;120;98;WUMING_MOUNT;x;
2594;86;123;226;WUMING_MOUNT;x;
2595;128;126;99;BEITAN;x;
2596;170;129;227;HUCHI;x;
2597;2;132;0;WUMING_MOUNT;x;
2598;44;135;128;YEHULING;x;
2599;86;138;1;BEIYANGCHENG1;x;
2600;128;141;129;DUSHI;x;
2601;170;144;2;YUYI;x;
2602;2;147;130;WANGYUN;x;
2603;44;150;3;SONGXING;x;
2604;86;153;131;HUGUAN1;x;
2605;128;156;4;GUYANG3;x;
2606;170;159;132;BAOQIU1;x;
2607;2;162;5;BAITAN;x;
2608;44;165;133;MODAOYU;x;
2609;86;168;6;JUNMI;x;
2610;128;171;134;JIANGJUNSHIGUAN;x;
2611;170;174;7;XIAOXINGZHOU;x;
2612;2;177;135;HUYAN1;x;
2613;44;180;8;YAIYANG;x;
2614;86;183;136;MIYUN;x;
2615;128;186;9;MANTAOER;x;
2616;170;189;137;HUTUSAI;x;
2617;2;192;10;LUYE;x;
2618;44;195;138;HADANG;x;
2619;190;223;55;WUMING_MOUNT;x;
2620;128;201;139;WUMING_MOUNT;x;
2621;170;204;12;WUMING_MOUNT;x;
2622;2;207;140;WUMING_MOUNT;x;
2623;44;210;13;WUMING_MOUNT;x;
2624;86;0;141;WUMING_MOUNT;x;
2625;128;73;14;WUMING_MOUNT;x;
2626;170;6;142;WUMING_MOUNT;x;
2627;2;90;150;WUMING_MOUNT;x;
2628;44;12;143;HALAHETAO;x;
2629;213;15;16;LUANXING;x;
2630;128;18;144;BAIMACHUAN;x;
2631;170;21;17;HANERZHUANG;x;
2632;2;24;145;WUMING_MOUNT;x;
2633;44;27;18;WUMING_MOUNT;x;
2634;86;30;146;WUMING_MOUNT;x;
2635;128;33;19;ZAOYANG2;x;
2636;170;36;147;LUANYUAN;x;
2637;174;39;20;KONGSANG;x;
2638;44;42;148;WUMING_MOUNT;x;
2639;86;190;21;WUMING_MOUNT;x;
2640;128;48;149;WUMING_MOUNT;x;
2641;170;51;22;WUMING_MOUNT;x;
2642;2;54;150;WUMING_MOUNT;x;
2643;44;157;23;WUMING_MOUNT;x;
2644;86;60;151;WUMING_MOUNT;x;
2645;128;63;24;WUMING_MOUNT;x;
2646;170;66;152;WUMING_MOUNT;x;
2647;2;209;25;WUMING_MOUNT;x;
2648;44;72;153;RONGCHUAN;x;
2649;86;190;26;GANGCHENG1;x;
2650;128;78;154;ROUXUAN;x;
2651;170;81;27;BUXIAN;x;
2652;2;84;155;DAYE;x;
2653;221;87;28;YINGFAN;x;
2654;86;90;156;MAOER;x;
2655;128;93;29;QIONGLU;x;
2656;170;96;157;JIUSHIJIUQUAN;x;
2657;2;99;194;ZHUWEN;x;
2658;44;102;158;XUANNING;x;
2659;86;105;31;FANXIU;x;
2660;58;42;158;WUGAO1;x;
2661;170;111;32;TAOLIN;x;
2662;2;225;160;WUQUAN;x;
2663;44;117;33;BEIYU;x;
2664;86;120;161;YUNPING;x;
2665;240;168;142;PROVINCE_7219;x;
2666;170;126;162;WEIZHIWUMING_MOUNT;x;
2667;2;129;35;WEIZHIWUMING_MOUNT;x;
2668;44;132;163;QIJIE;x;
2669;86;135;36;KUNXIN;x;
2670;128;138;164;QI15;x;
2671;170;141;37;PINGLU1;x;
2672;2;144;165;XIFANG;x;
2673;44;147;38;JINGPIN;x;
2674;86;150;166;NAIHE;x;
2675;128;225;39;XIAN4;x;
2676;232;156;167;RANG1;x;
2677;2;159;40;FU4;x;
2678;44;162;168;FOU;x;
2679;86;165;41;WUMING_MOUNT;x;
2680;128;168;169;WUMING_MOUNT;x;
2681;170;171;42;WUMING_MOUNT;x;
2682;2;174;170;WUMING_MOUNT;x;
2683;44;177;43;GUANCEN;x;
2684;86;180;171;NINGHUA;x;
2685;128;47;44;SHAGOU;x;
2686;170;186;172;SHU4;x;
2687;221;189;45;WAN3;x;
2688;44;192;173;QI16;x;
2689;86;195;46;LINJINGKOU;x;
2690;128;198;174;TIANMENGUAN;x;
2691;170;201;47;WUMING_MOUNT;x;
2692;2;204;175;WUMING_MOUNT;x;
2693;44;207;48;WUMING_MOUNT;x;
2694;86;210;176;WUMING_MOUNT;x;
2695;128;0;49;WUMING_MOUNT;x;
2696;170;3;177;WUMING_MOUNT;x;
2697;104;125;142;WUMING_MOUNT;x;
2698;44;9;178;FANGFANG;x;
2699;86;12;51;ZUO2;x;
2700;128;15;179;YANGCHENG3;x;
2701;170;18;52;PEIFANG;x;
2702;2;21;180;ZHIFANG;x;
2703;44;174;53;LONG2;x;
2704;86;27;181;FEILIANG;x;
2705;128;30;54;YUMENDU;x;
2706;170;33;182;PINGCHANG2;x;
2707;2;190;55;WUPINGGUAN;x;
2708;44;39;183;SHICHENG3;x;
2709;86;147;56;LIUBI;x;
2710;128;45;184;HUQI;x;
2711;170;48;57;ZHEN2;x;
2712;2;51;185;SHEXIA;x;
2713;209;54;58;JIEXIU;x;
2714;86;57;186;BIN1;x;
2715;128;60;59;QUCHAN;x;
2716;170;225;187;YANG6;x;
2717;2;167;60;YOU6;x;
2718;44;69;188;XU6;x;
2719;86;72;61;PI2;x;
2720;128;75;189;HUXING;x;
2721;170;78;62;PUXING;x;
2722;2;81;190;WUMING_MOUNT;x;
2723;44;84;63;WUMING_MOUNT;x;
2724;86;87;191;WUMING_MOUNT;x;
2725;128;90;64;WUMING_MOUNT;x;
2726;170;93;192;WUMING_MOUNT;x;
2727;2;96;194;WUMING_MOUNT;x;
2728;44;99;193;WUMING_MOUNT;x;
2729;86;102;66;WUMING_MOUNT;x;
2730;128;105;194;WUMING_MOUNT;x;
2731;170;108;67;WUMING_MOUNT;x;
2732;2;111;195;WUMING_MOUNT;x;
2733;100;234;70;WUMING_MOUNT;x;
2734;198;59;129;WUMING_MOUNT;x;
2735;114;209;246;WUMING_MOUNT;x;
2736;170;123;197;WUMING_MOUNT;x;
2737;2;126;70;WUMING_MOUNT;x;
2738;44;129;198;PING3;x;
2739;86;132;71;ZHOU6;x;
2740;128;135;199;FAN9;x;
2741;170;138;72;LI25;x;
2742;2;141;200;JIN5;x;
2743;44;144;73;YIMEN;x;
2744;86;147;201;XUANQIU;x;
2745;128;150;74;LOUBOBEI;x;
2746;170;153;202;WENCHI;x;
2747;2;156;75;LUOBAO;x;
2748;44;159;203;XIXIA;x;
2749;86;162;76;MOGEXIQI;x;
2750;128;165;204;BEIYI;x;
2751;170;168;77;BAIFU;x;
2752;2;171;205;YUSHUI;x;
2753;44;174;78;HENG3;x;
2754;86;177;206;YUANLING2;x;
2755;128;180;79;WEI8;x;
2756;170;183;207;XINING;x;
2757;2;186;80;YUWANG;x;
2758;44;189;208;XINDU2;x;
2759;86;192;81;YAN12;x;
2760;128;195;209;MANGQIU;x;
2761;170;198;82;RONGYE1;x;
2762;2;201;210;LAIYUAN;x;
2763;44;204;83;SHEN8;x;
2764;86;207;211;QIHUANG;x;
2765;128;210;84;DUIQIU;x;
2766;170;0;212;LUANJINER;x;
2767;2;3;85;BAILIN;x;
2768;44;6;213;DABAIYOU;x;
2769;86;9;86;ANDING;x;
2770;128;12;214;ANSAI;x;
2771;170;15;87;BAILUO;x;
2772;2;18;215;LONG3;x;
2773;44;21;88;TONG5;x;
2774;86;24;216;YICHUAN1;x;
2775;128;27;89;HAN6;x;
2776;170;30;217;FENG6;x;
2777;2;33;90;PENG2;x;
2778;44;36;218;Mu_Us_Desert;x;
2779;155;139;240;WUMING_MOUNT;x;
2780;128;42;219;WUMING_MOUNT;x;
2781;170;45;92;WUMING_MOUNT;x;
2782;2;48;220;WUMING_MOUNT;x;
2783;44;51;93;WUMING_MOUNT;x;
2784;86;54;221;JINMING;x;
2785;128;57;94;FANG6;x;
2786;170;60;222;KUANG3;x;
2787;2;178;95;FUZHENG;x;
2788;44;66;223;BAIYU;x;
2789;86;69;96;TANGMAO;x;
2790;128;72;224;SHUNNING;x;
2791;170;75;97;BAOAN;x;
2792;2;78;225;CE1;x;
2793;205;205;98;GENG2;x;
2794;86;84;226;XICHUAN;x;
2795;128;87;99;PINGRONG;x;
2796;170;90;227;BAOHU;x;
2797;213;93;0;TONGLUO;x;
2798;213;96;128;GUYE;x;
2799;86;99;213;DASUJI;x;
2800;228;102;129;XIENA;x;
2801;170;105;2;WULI;x;
2802;2;108;130;DIAOQI;x;
2803;225;111;3;XIANGLE;x;
2804;86;217;131;YI10;x;
2805;128;117;4;MING2;x;
2806;201;217;221;PANG2;x;
2807;2;123;5;MAO6;x;
2808;198;126;133;WU9;x;
2809;86;129;221;PANG3;x;
2810;213;51;213;BAISHI1;x;
2811;170;135;7;SANXIANG;x;
2812;2;138;135;RUIYANG;x;
2813;44;126;133;RUIYIN;x;
2814;3;212;3;PROVINCE_2817;x;
2815;85;174;240;SAMO;x;
2816;184;136;105;HOUZHI;x;
2817;205;162;133;TIANYAN;x;
2818;3;216;155;PROVINCE_2821;x;
2819;64;132;226;DAYU;x;
2820;4;50;61;PROVINCE_2823;x;
2821;4;66;6;PROVINCE_2824;x;
2822;4;206;75;PROVINCE_2825;x;
2823;255;214;212;PROVINCE_7275;x;
2824;49;41;209;PROVINCE_2827;x;
2825;4;217;250;PROVINCE_2828;x;
2826;5;108;57;PROVINCE_2829;x;
2827;5;119;96;PROVINCE_2830;x;
2828;168;102;58;DUDAO;x;
2829;20;135;33;FEIYI;x;
2830;5;129;107;PROVINCE_2833;x;
2831;17;169;17;RUOXIA;x;
2832;31;112;32;JINJIANG;x;
2833;65;69;69;FEIQIAN;x;
2834;5;238;236;PROVINCE_2837;x;
2835;6;3;153;PROVINCE_2838;x;
2836;240;192;129;PROVINCE_7220;x;
2837;247;232;152;RIXIANG;x;
2838;6;112;158;PROVINCE_2842;x;
2839;6;115;16;PROVINCE_2843;x;
2840;6;208;17;PROVINCE_2844;x;
2841;7;33;232;PROVINCE_2845;x;
2842;7;119;53;PROVINCE_2846;x;
2843;7;128;253;PROVINCE_2847;x;
2844;7;133;71;PROVINCE_2848;x;
2845;8;27;135;PROVINCE_2849;x;
2846;8;60;97;PROVINCE_2850;x;
2847;9;89;64;PROVINCE_2851;x;
2848;9;189;55;PROVINCE_2852;x;
2849;129;13;47;SHANGZONG;x;
2850;10;50;233;PROVINCE_2854;x;
2851;10;101;63;PROVINCE_2855;x;
2852;10;129;161;PROVINCE_2856;x;
2853;10;146;214;PROVINCE_2857;x;
2854;50;209;51;PROVINCE_2858;x;
2855;106;121;45;CHANGLU;x;
2856;10;181;176;PROVINCE_2860;x;
2857;11;34;139;PROVINCE_2861;x;
2858;11;47;48;PROVINCE_2862;x;
2859;11;73;48;PROVINCE_2863;x;
2860;11;224;47;PROVINCE_2864;x;
2861;198;89;72;HEQUAN;x;
2862;11;225;59;PROVINCE_2866;x;
2863;12;6;246;PROVINCE_2867;x;
2864;12;58;73;PROVINCE_2868;x;
2865;12;90;29;PROVINCE_2869;x;
2866;12;94;15;PROVINCE_2870;x;
2867;12;118;157;PROVINCE_2871;x;
2868;12;210;113;PROVINCE_2872;x;
2869;13;80;46;PROVINCE_2873;x;
2870;14;28;87;PROVINCE_2874;x;
2871;14;153;26;PROVINCE_2875;x;
2872;119;55;45;YISHI2;x;
2873;14;155;176;PROVINCE_2877;x;
2874;15;251;133;PROVINCE_2878;x;
2875;15;255;11;PROVINCE_2879;x;
2876;16;97;139;PROVINCE_2880;x;
2877;16;116;175;PROVINCE_2881;x;
2878;103;41;31;ZHIMO;x;
2879;16;128;114;PROVINCE_2883;x;
2880;0;220;2;NENGDENG;x;
2881;16;196;149;PROVINCE_2885;x;
2882;16;207;84;PROVINCE_2886;x;
2883;16;219;110;PROVINCE_2887;x;
2884;17;24;91;PROVINCE_2888;x;
2885;17;68;19;PROVINCE_2889;x;
2886;17;182;224;PROVINCE_2890;x;
2887;17;195;243;PROVINCE_2891;x;
2888;86;27;17;ZANQI;x;
2889;18;242;145;PROVINCE_2893;x;
2890;19;52;163;PROVINCE_2894;x;
2891;19;129;248;PROVINCE_2895;x;
2892;20;86;37;PROVINCE_2896;x;
2893;167;72;89;BUPOGUAN;x;
2894;20;107;245;PROVINCE_2898;x;
2895;20;143;75;PROVINCE_2899;x;
2896;20;211;105;PROVINCE_2900;x;
2897;21;72;248;PROVINCE_2901;x;
2898;21;164;61;PROVINCE_2902;x;
2899;21;255;22;PROVINCE_2903;x;
2900;22;124;161;PROVINCE_2904;x;
2901;23;22;61;PROVINCE_2905;x;
2902;23;49;217;PROVINCE_2906;x;
2903;23;68;233;PROVINCE_2908;x;
2904;52;107;53;PROVINCE_2909;x;
2905;23;191;109;PROVINCE_2910;x;
2906;23;216;159;PROVINCE_2911;x;
2907;23;220;110;PROVINCE_2912;x;
2908;23;229;97;PROVINCE_2913;x;
2909;188;58;86;GECHENG;x;
2910;23;243;172;PROVINCE_2915;x;
2911;24;168;89;PROVINCE_2916;x;
2912;24;183;250;PROVINCE_2917;x;
2913;25;60;101;PROVINCE_2918;x;
2914;127;33;196;YUZUO;x;
2915;25;71;201;PROVINCE_2920;x;
2916;25;222;59;PROVINCE_2921;x;
2917;26;14;189;PROVINCE_2922;x;
2918;26;51;38;PROVINCE_2923;x;
2919;26;106;77;PROVINCE_2924;x;
2920;26;192;19;PROVINCE_2925;x;
2921;241;52;71;PROVINCE_7222;x;
2922;152;39;175;MOLUO;x;
2923;27;26;71;PROVINCE_2928;x;
2924;27;28;143;PROVINCE_2929;x;
2925;163;55;118;FENG7;x;
2926;128;67;183;GUOQIAN;x;
2927;27;58;40;PROVINCE_2932;x;
2928;27;86;65;PROVINCE_2933;x;
2929;27;87;155;PROVINCE_2934;x;
2930;27;140;209;PROVINCE_2935;x;
2931;168;76;133;WEIBEI;x;
2932;125;53;188;XUEMEN;x;
2933;27;154;184;PROVINCE_2938;x;
2934;27;172;112;PROVINCE_2939;x;
2935;28;172;111;PROVINCE_2940;x;
2936;28;212;70;PROVINCE_2941;x;
2937;29;133;110;PROVINCE_2942;x;
2938;29;145;151;PROVINCE_2943;x;
2939;29;246;163;PROVINCE_2944;x;
2940;30;5;243;PROVINCE_2945;x;
2941;31;133;238;PROVINCE_2946;x;
2942;31;142;167;PROVINCE_2947;x;
2943;31;163;109;PROVINCE_2948;x;
2944;31;184;109;PROVINCE_2949;x;
2945;31;207;245;PROVINCE_2950;x;
2946;31;214;127;PROVINCE_2951;x;
2947;31;243;20;PROVINCE_2952;x;
2948;31;246;159;PROVINCE_2953;x;
2949;32;3;69;PROVINCE_2954;x;
2950;32;116;148;PROVINCE_2955;x;
2951;32;135;101;PROVINCE_2956;x;
2952;32;137;247;PROVINCE_2957;x;
2953;32;146;55;PROVINCE_2958;x;
2954;33;38;174;PROVINCE_2959;x;
2955;33;51;39;PROVINCE_2960;x;
2956;33;65;49;PROVINCE_2961;x;
2957;33;71;181;PROVINCE_2962;x;
2958;33;112;169;PROVINCE_2963;x;
2959;33;221;56;PROVINCE_2964;x;
2960;34;65;58;PROVINCE_2965;x;
2961;194;63;108;ZUODU;x;
2962;34;140;177;PROVINCE_2967;x;
2963;35;37;131;PROVINCE_2968;x;
2964;35;92;235;PROVINCE_2969;x;
2965;35;227;59;PROVINCE_2970;x;
2966;35;230;16;PROVINCE_2971;x;
2967;36;40;45;PROVINCE_2973;x;
2968;36;85;52;PROVINCE_2974;x;
2969;36;242;189;PROVINCE_2975;x;
2970;36;246;168;PROVINCE_2976;x;
2971;37;107;201;PROVINCE_2977;x;
2972;37;207;9;PROVINCE_2978;x;
2973;37;218;238;PROVINCE_2979;x;
2974;37;234;88;PROVINCE_2980;x;
2975;38;142;24;PROVINCE_2981;x;
2976;38;188;95;PROVINCE_2982;x;
2977;39;37;174;PROVINCE_2983;x;
2978;39;89;201;PROVINCE_2984;x;
2979;241;185;164;PROVINCE_7223;x;
2980;40;149;27;PROVINCE_2986;x;
2981;40;172;122;PROVINCE_2987;x;
2982;41;84;249;PROVINCE_2988;x;
2983;41;94;112;PROVINCE_2989;x;
2984;41;102;21;PROVINCE_2990;x;
2985;41;145;47;PROVINCE_2991;x;
2986;242;64;107;PROVINCE_7224;x;
2987;41;216;9;PROVINCE_2993;x;
2988;42;89;198;PROVINCE_2994;x;
2989;146;49;143;PUYUAN;x;
2990;43;11;70;PROVINCE_2996;x;
2991;86;45;226;PINGLIANG;x;
2992;128;48;99;WUSHISAI;x;
2993;170;51;227;MAPULING;x;
2994;217;54;0;GONGLIU;x;
2995;45;57;128;ANDING1;x;
2996;201;60;213;PENGYANG;x;
2997;129;31;129;FUYI;x;
2998;171;66;2;ANWU1;x;
2999;3;69;130;JINGYANG1;x;
3000;45;167;3;LINJING;x;
3001;87;75;131;WUSHI1;x;
3002;129;78;4;WUSHISAI1;x;
3003;171;81;132;XIAOGUAN;x;
3004;3;84;182;CHAONA;x;
3005;45;87;133;GAOPING2;x;
3006;198;90;6;HUO3;x;
3007;129;93;134;BEIBIN;x;
3008;171;96;7;SHEN9;x;
3009;3;99;135;XIELIE;x;
3010;170;102;8;WUHELI;x;
3011;87;105;136;FANGQU;x;
3012;129;108;9;ZHENGBO;x;
3013;171;111;137;YUANLAI;x;
3014;3;167;10;TIAOREN;x;
3015;45;117;138;NALOU;x;
3016;87;120;11;SHANGLUO1;x;
3017;129;123;139;NANGANG1;x;
3018;171;126;12;MINGYU;x;
3019;3;129;140;XIE2;x;
3020;45;132;13;WUXIAO;x;
3021;87;135;141;QIANER;x;
3022;129;138;14;ANJIN;x;
3023;171;141;142;WUJING;x;
3024;3;144;15;WANGZUO;x;
3025;45;147;143;FUSHENG;x;
3026;87;150;16;ZHOU7;x;
3027;129;153;144;KONGTONGSHI;x;
3028;171;156;17;QIUZILING;x;
3029;3;159;145;SHUILUO;x;
3030;45;162;18;JIEQUAN;x;
3031;87;165;146;WUQIU;x;
3032;129;168;19;GUANDONG;x;
3033;171;171;147;BOBEI;x;
3034;3;174;20;MIEQU;x;
3035;45;177;148;JIENIAO;x;
3036;87;180;21;ZHUANGLANG;x;
3037;129;183;149;HUN;x;
3038;171;186;22;YUEQIN;x;
3039;3;189;150;BAIBA;x;
3040;45;192;23;AYANG1;x;
3041;209;62;151;XIANG8;x;
3042;129;195;24;FEITIN;x;
3043;35;89;152;GULE;x;
3044;3;204;25;GAOLAN;x;
3045;45;207;153;HUAN2;x;
3046;87;210;26;XIFENG1;x;
3047;129;0;154;ZULI;x;
3048;171;3;27;YONGSHI2;x;
3049;3;6;155;FANGDANG;x;
3050;45;9;28;GUPI;x;
3051;87;12;156;LINTAO1;x;
3052;129;15;29;MEICHUAN;x;
3053;171;18;157;SHANDAN;x;
3054;3;151;30;SHENDU;x;
3055;45;24;158;ANLONGGUAN;x;
3056;205;27;31;YANGSAGUAN;x;
3057;129;30;159;ZHUONI;x;
3058;171;33;32;HONGHE;x;
3059;3;36;160;SANCHAGUAN;x;
3060;45;39;33;SHUICHI;x;
3061;87;42;161;LANCHUAN;x;
3062;129;45;34;JINLIU;x;
3063;171;48;162;TAOYANG;x;
3064;3;51;35;WANGQU;x;
3065;45;54;163;JUANLING;x;
3066;87;209;36;DIEFU;x;
3067;129;60;164;MINUO;x;
3068;171;63;37;HANJING;x;
3069;3;66;165;JUDI;x;
3070;45;69;38;MEIHE;x;
3071;87;72;166;MANGGU;x;
3072;129;75;39;WEIYI;x;
3073;171;78;167;NAER;x;
3074;225;81;40;MOZANG;x;
3075;45;84;168;GUQIN;x;
3076;87;87;41;WEIMING;x;
3077;129;90;169;LIANDU;x;
3078;171;93;42;MIEBU;x;
3079;3;96;170;ZHUYUSHI;x;
3080;45;167;43;YASU;x;
3081;87;102;171;BALI;x;
3082;129;105;44;CHALA;x;
3083;171;108;172;ELU;x;
3084;217;111;45;NIUE;x;
3085;45;114;173;LANGETE;x;
3086;87;117;46;WEINIU;x;
3087;129;120;174;ZHETONG;x;
3088;171;123;47;ZHEYI;x;
3089;3;126;175;LUOYI;x;
3090;45;129;48;MUNA;x;
3091;87;132;176;GUANGWU3;x;
3092;129;135;49;NALIN;x;
3093;171;138;177;MIEMAN;x;
3094;228;141;50;YUMI;x;
3095;217;144;178;WEIZAI;x;
3096;101;234;87;LUZHOU;x;
3097;45;189;211;RONGZHOU;x;
3098;176;32;155;YUZHOU;x;
3099;88;143;76;CHANGZHOU;x;
3100;199;54;222;HEZHOU;x;
3101;123;167;39;PEIZHOU;x;
3102;210;78;144;ZHONGCHOU;x;
3103;66;201;93;QUZHOU;x;
3104;132;99;188;JIAZHOU;x;
3105;177;12;245;CSHIQUAN1;x;
3106;53;220;67;ANKAN;x;
3107;144;76;130;XICHENG3;x;
3108;221;43;199;PINGLI;x;
3109;98;165;82;XUNYANG1;x;
3110;167;31;233;YUYANG2;x;
3111;76;198;111;FENGLI1;x;
3112;189;64;156;SHIYAN;x;
3113;112;187;44;XUNXIANG;x;
3114;200;89;177;HANYIN;x;
3115;55;134;98;ZIWUGU;x;
3116;178;21;210;YUNWUSHAN;x;
3117;67;156;73;TAIXIA;x;
3118;211;102;189;JIANGE;x;
3119;89;173;52;YANGPINGGUAN;x;
3120;133;47;221;SHIMENGUAN;x;
3121;122;188;65;BAISHUIGUAN;x;
3122;195;73;142;BAISHUI1;x;
3123;44;199;86;GUANCHENG;x;
3124;166;38;203;HANSHOU;x;
3125;77;162;117;DANGQUSHUI;x;
3126;188;95;168;MICANG;x;
3127;99;127;59;HANSHOU1;x;
3128;222;56;194;PANDAO;x;
3129;54;181;78;TANGLUO;x;
3130;177;29;235;XINGSHI;x;
3131;68;194;103;CHANG2;x;
3132;199;81;149;JINNIUDAO;x;
3133;113;168;36;WUXING1;x;
3134;210;62;178;HECHI;x;
3135;87;145;91;CHENCANG1;x;
3136;134;41;216;WUDU1;x;
3137;121;176;68;JIANWEI;x;
3138;196;84;137;GUSHAN;x;
3139;46;203;79;QIAOTOU;x;
3140;165;33;206;YINPING1;x;
3141;78;157;124;MOTIANLING;x;
3142;187;97;163;JINGJUNSHAN;x;
3143;100;132;55;GUANGWU4;x;
3144;223;59;191;JIANGYOU;x;
3145;56;186;83;DEYANGTING;x;
3146;176;25;238;HANDE;x;
3147;69;189;108;MEIZHOU;x;
3148;198;86;152;YAZHOU;x;
3149;114;163;41;LIZHOU;x;
3150;209;67;181;QIONGZHOU;x;
3151;88;142;96;SHUZHOU1;x;
3152;135;46;219;CHENGDU;x;
3153;120;171;71;JIANZHOU;x;
3154;197;89;140;LINZHOU;x;
3155;47;198;82;LAIYI;x;
3156;164;37;209;HANAN;x;
3157;79;152;129;CHANGJIANG;x;
3158;186;101;158;MIANSI;x;
3159;101;137;58;SUINING;x;
3160;224;63;188;GUOZHOU;x;
3161;57;191;88;GUANGROU;x;
3162;175;28;241;LUOXIAN;x;
3163;217;75;71;XI7;x;
3164;197;91;155;JIANZHOUZ;x;
3165;115;158;46;LANGZHOU;x;
3166;208;72;184;BAZHOU;x;
3167;89;139;101;PENGZHOUZ;x;
3168;136;51;222;TONGZHOU;x;
3169;119;166;74;KAIZHOU;x;
3170;198;94;143;KUIZHOU;x;
3171;48;193;85;JIANGGUAN;x;
3172;163;42;212;YONGAN;x;
3173;80;147;134;BADONG;x;
3174;185;105;153;PUAN;x;
3175;102;142;61;YONGGUI;x;
3176;225;68;185;LINJIN;x;
3177;58;196;93;HUANGAN;x;
3178;174;31;244;ZITONG;x;
3179;71;179;118;WULIAN;x;
3180;196;96;158;YINSHAN;x;
3181;116;153;51;CANGXI;x;
3182;207;77;187;FENGGUO;x;
3183;90;136;106;JINAN;x;
3184;137;56;225;XISHUI;x;
3185;118;161;77;XINZHENGZ;x;
3186;199;99;146;XINJING;x;
3187;49;188;88;NANBU;x;
3188;162;47;139;QINGHUA;x;
3189;81;142;139;HUACHENG;x;
3190;184;109;148;ENYANG;x;
3191;103;147;64;QIPAN;x;
3192;226;73;182;GUIREN;x;
3193;59;201;98;YONGMU;x;
3194;173;34;247;SANGANG;x;
3195;72;174;123;SHIGU1;x;
3196;201;102;161;XINNING;x;
3197;50;183;91;LANGYING;x;
3198;161;52;218;BAQU;x;
3199;82;137;144;NANPU;x;
3200;183;113;143;WNING;x;
3201;104;152;67;LIANGHAN1;x;
3202;227;78;179;YUNAN;x;
3203;60;206;103;WUSHAN;x;
3204;172;37;250;XINPU;x;
3205;73;169;128;WANSUI;x;
3206;202;107;164;NANBIN;x;
3207;51;178;94;FENGDU;x;
3208;160;57;221;GUIXI;x;
3209;83;132;149;DJIANG;x;
3210;182;117;138;WENSHAN;x;
3211;105;157;70;YUEWEN;x;
3212;228;83;176;BINHUA;x;
3213;61;211;108;WULONG;x;
3214;171;40;253;JIANGJIN1;x;
3215;74;164;133;NANPING;x;
3216;203;112;167;WANSHOU;x;
3217;52;173;97;BISHAN;x;
3218;159;62;224;HEJIANG;x;
3219;84;127;154;FUYI1;x;
3220;181;121;133;JIANGAN;x;
3221;106;162;73;JINGNAN;x;
3222;229;88;173;MIANSHUI;x;
3223;62;216;113;YONGCHUAN;x;
3224;170;43;255;DAZU;x;
3225;75;159;138;JINGNAN1;x;
3226;204;117;170;KAIBIAN;x;
3227;53;168;100;YIBIN;x;
3228;158;67;227;GUISHUN;x;
3229;85;122;159;NANXI;x;
3230;180;125;128;YINGLING;x;
3231;107;167;76;WEIYUAN;x;
3232;230;93;170;HEYI;x;
3233;63;221;118;GONGJING;x;
3234;169;46;253;XUCHUAN;x;
3235;76;154;143;ZIGUAN;x;
3236;205;122;173;ZIYANG;x;
3237;54;163;103;DABSHAB;x;
3238;157;72;230;LONGSHUI;x;
3239;86;117;164;PANSHI;x;
3240;179;129;123;YUESHAN;x;
3241;108;172;79;YINSHAN;x;
3242;231;98;167;QINGXI;x;
3243;64;226;123;SHIJIAN1;x;
3244;168;49;250;RENSHOU;x;
3245;77;149;148;JI21;x;
3246;206;127;176;GUIP;x;
3247;55;158;106;JINSHUI;x;
3248;156;77;233;PQUAN;x;
3249;87;112;169;QIANWEI;x;
3250;178;133;118;YUJING;x;
3251;109;177;82;JIAJIANG;x;
3252;232;103;164;EMEI;x;
3253;65;231;128;LUOMU;x;
3254;167;52;247;SUISHAN;x;
3255;78;144;153;QSHEN;x;
3256;207;132;179;PSHAN;x;
3257;56;153;109;DLING;x;
3258;155;82;236;HYA;x;
3259;88;107;174;LUSHAN;x;
3260;177;137;113;RONGJING;x;
3261;110;182;85;BAIZHANG;x;
3262;233;108;161;MINGSHAN;x;
3263;66;236;133;HANYUAN;x;
3264;166;55;244;FEIYUE;x;
3265;79;139;158;HUOJING;x;
3266;208;137;182;PUJING;x;
3267;57;148;112;LINXI;x;
3268;154;87;239;YIZHENG;x;
3269;89;102;179;ANREN;x;
3270;176;141;108;DAYI;x;
3271;111;187;88;XINJIN;x;
3272;234;113;158;QINGCHENG;x;
3273;67;241;138;TANGXING;x;
3274;165;58;241;LINGCHI;x;
3275;80;134;163;GUANGDU;x;
3276;209;142;185;SHUANGLIU;x;
3277;58;143;115;WENJIANG;x;
3278;153;92;242;PI3;x;
3279;90;97;184;XIPU;x;
3280;175;145;103;XINFAN;x;
3281;112;192;91;XINDU3;x;
3282;235;118;155;MENGYANG;x;
3283;68;246;143;JIULONG;x;
3284;164;61;238;DAOJIANG;x;
3285;81;129;168;JINTANG;x;
3286;210;147;188;DEYANG;x;
3287;59;138;118;SHIFANG;x;
3288;152;97;245;MIANZHU1;x;
3289;91;92;189;YANQUAN;x;
3290;174;149;98;WEICHENG;x;
3291;113;197;94;CHANGMING;x;
3292;236;123;152;LONGAN;x;
3293;69;251;148;XICHANG;x;
3294;163;64;235;SHENQUAN;x;
3295;82;124;173;LUOJIANG;x;
3296;211;152;191;PUKANG;x;
3297;60;133;121;ANYUE;x;
3298;151;102;248;CHONGKAN;x;
3299;92;87;194;ANJU;x;
3300;173;153;93;LEZHI;x;
3301;114;202;97;FEIWU;x;
3302;237;128;149;TONGSHAN;x;
3303;70;250;153;TONGQUAN;x;
3304;162;67;232;SHEHONG;x;
3305;83;119;178;XUANWU1;x;
3306;212;157;194;YANTING;x;
3307;61;128;124;YONGTAI;x;
3308;150;107;251;FUCHENG;x;
3309;93;82;199;QINGSHI;x;
3310;172;157;88;PENGXI;x;
3311;115;207;100;CHANGJIANG;x;
3312;238;133;146;FANGYI;x;
3313;71;245;158;LIUXI;x;
3314;161;70;229;YUECHI;x;
3315;84;114;183;XIANGRU;x;
3316;213;162;197;XICHONG;x;
3317;62;123;127;NANCHONG;x;
3318;149;112;254;LIUJIANG;x;
3319;94;77;204;QUJIANG;x;
3320;171;161;83;LINSHUI2;x;
3321;116;212;103;LINSHAN;x;
3322;239;138;143;YINAN;x;
3323;72;240;163;CHENSUTU;x;
3324;160;73;226;GOUXI;x;
3325;85;109;188;BUSIFENXIE;x;
3326;214;167;200;AICHI;x;
3327;63;118;130;CHUSHANTULI;x;
3328;148;117;251;LUYUN;x;
3329;95;72;209;BEILUBEIGAO;x;
3330;170;165;78;GULA;x;
3331;117;217;106;LINSUBAN;x;
3332;240;143;140;ZHIBAN;x;
3333;73;235;168;GOUSU;x;
3334;159;76;223;YILI;x;
3335;86;104;193;BUMI;x;
3336;215;172;203;QIANMA;x;
3337;64;113;133;CHULI1;x;
3338;147;122;248;RULAIBEILI;x;
3339;96;67;214;CHENYUNXIN;x;
3340;169;169;73;JIUSIWUDAN;x;
3341;118;222;109;GUAI1;x;
3342;241;148;137;AIXIANG;x;
3343;74;230;173;MOUSHUI;x;
3344;158;79;220;SANGWAI;x;
3345;87;99;198;XIAOSHISUO;x;
3346;46;1;208;DASHISUO;x;
3347;65;108;136;YOUXIUMOUTUN;x;
3348;146;127;245;BOJI;x;
3349;97;62;219;CHENFENGU;x;
3350;168;173;68;SULUBUSI;x;
3351;119;227;112;GULI1;x;
3352;242;153;134;NULAN;x;
3353;75;225;178;GUDANZHE;x;
3354;157;82;217;YUEZHI;x;
3355;88;94;203;RIHUA;x;
3356;217;182;209;ZHIQIN;x;
3357;66;103;139;ZHANBEILI;x;
3358;145;132;242;BEILI;x;
3359;98;57;224;WANLU;x;
3360;167;177;63;JIANXIBEILI;x;
3361;120;232;115;PIBEILI;x;
3362;243;158;131;CEHNXIAN;x;
3363;76;220;183;GOULU;x;
3364;156;85;214;ZHILIJUN;x;
3365;89;89;208;ZILIMOULU;x;
3366;218;187;212;SUWEIGAN;x;
3367;67;98;142;GANXI;x;
3368;144;137;239;RANLU;x;
3369;99;52;229;ERLIN;x;
3370;166;181;58;MOLU;x;
3371;121;237;118;SIELU;x;
3372;244;163;128;GUPU;x;
3373;77;215;188;BEIMI;x;
3374;155;88;211;NEIBEILI;x;
3375;90;84;213;XUANPU;x;
3376;43;31;235;PROVINCE_3382;x;
3377;43;78;232;PROVINCE_3383;x;
3378;143;142;236;SILU;x;
3379;43;95;187;PROVINCE_3385;x;
3380;43;147;29;PROVINCE_3386;x;
3381;122;242;121;QINSHE;x;
3382;245;168;125;NANMILIMIDONG;x;
3383;78;210;193;YIDI;x;
3384;154;91;208;BUSI;x;
3385;91;79;218;JUNMI1;x;
3386;220;197;218;RUKAN;x;
3387;69;88;148;HULU;x;
3388;142;147;233;ZHOUXIAN;x;
3389;44;13;77;PROVINCE_3395;x;
3390;57;88;36;PROVINCE_3396;x;
3391;44;19;193;PROVINCE_3397;x;
3392;44;28;172;PROVINCE_3398;x;
3393;79;205;198;BANLU;x;
3394;242;88;143;PROVINCE_7225;x;
3395;92;74;223;MIWUXIEMA;x;
3396;221;202;221;GANLU1;x;
3397;44;110;67;PROVINCE_3403;x;
3398;141;152;230;ANXIE;x;
3399;102;37;244;DULU;x;
3400;163;193;43;LENU;x;
3401;124;252;127;QIXI;x;
3402;44;122;229;PROVINCE_3408;x;
3403;45;103;30;PROVINCE_3409;x;
3404;152;97;202;FUZHU;x;
3405;93;69;228;HAIMING;x;
3406;222;207;224;ZHAOMING;x;
3407;71;78;154;CHANGCEN;x;
3408;140;157;227;LIEKOU;x;
3409;103;32;249;DAIFANG;x;
3410;162;197;38;TUNYOU;x;
3411;125;251;130;ZHANCHAN;x;
3412;248;183;116;SUICHENG;x;
3413;81;195;208;CHAOXIAN;x;
3414;151;100;199;RANDAN;x;
3415;94;64;233;HUNMI;x;
3416;223;212;227;ZENGCHI;x;
3417;72;73;157;FANHAN;x;
3418;139;162;224;HANZI;x;
3419;104;27;254;TIXI1;x;
3420;161;201;33;LOUFANG;x;
3421;126;246;133;LEDU1;x;
3422;249;188;113;SIWANG;x;
3423;82;190;213;BEIJIANG;x;
3424;150;103;196;WUGUAN1;x;
3425;95;59;238;XIYAN;x;
3426;224;217;230;DONGYI;x;
3427;73;68;160;CANTAI;x;
3428;138;167;221;QIANMO;x;
3429;105;22;253;XIETOUWEI;x;
3430;160;205;28;BUNAI;x;
3431;127;241;136;HUALI;x;
3432;45;193;22;PROVINCE_3438;x;
3433;83;185;218;YOULING;x;
3434;149;106;193;SANZHI;x;
3435;96;54;243;DIAOLING;x;
3436;225;222;233;DAYANG;x;
3437;74;63;163;QICHENG;x;
3438;137;172;218;YICHENG3;x;
3439;106;17;248;LANGCHUAN;x;
3440;159;209;23;YANGLU;x;
3441;128;236;139;JIAPING;x;
3442;251;198;107;LANGSHUI;x;
3443;84;180;223;RUYUI;x;
3444;148;109;190;DONGLIN;x;
3445;97;49;248;RENXINGLI;x;
3446;226;227;236;DAXING;x;
3447;75;58;166;BOZHUO;x;
3448;136;177;215;WUGU;x;
3449;107;12;243;JILI;x;
3450;158;213;18;SHICHENG5;x;
3451;129;231;142;BEISHA;x;
3452;252;203;104;BEISHA;x;
3453;85;175;228;DOULI;x;
3454;147;112;187;PINGGUO;x;
3455;98;44;253;WEN1;x;
3456;227;232;239;ANSHI;x;
3457;76;53;169;XINCHANG1;x;
3458;135;182;212;XIANGPING;x;
3459;108;7;238;JUJIU;x;
3460;157;217;13;TASHI;x;
3461;130;226;145;FUZHOU;x;
3462;253;208;101;HONGJU;x;
3463;86;170;233;PIKOU;x;
3464;146;115;184;HUANGUDAO;x;
3465;99;39;248;LIAOSHUI;x;
3466;228;237;242;XIANDU;x;
3467;77;48;172;LIAOYANG1;x;
3468;134;187;209;WANGPING;x;
3469;109;2;233;WULVE1;x;
3470;156;221;8;FANGXIAN;x;
3471;131;221;148;NANSU;x;
3472;254;213;98;GAIMOU;x;
3473;87;165;238;MOMI;x;
3474;145;118;181;HOU2;x;
3475;100;34;243;GAIZHOU;x;
3476;229;242;245;YULIN2;x;
3477;78;43;175;LIANYUNDAO;x;
3478;133;192;206;FUSHUN;x;
3479;110;253;228;FULI1;x;
3480;155;225;3;CHANGLI;x;
3481;132;216;151;BINTU;x;
3482;255;218;95;TUHE;x;
3483;88;160;243;GAOGOULI;x;
3484;144;121;178;ZHAOYANG;x;
3485;101;29;238;BAILANG;x;
3486;230;247;248;JICHENG;x;
3487;79;38;178;LULONG;x;
3488;132;197;203;JIESHI;x;
3489;111;248;223;SUIZHONG;x;
3490;154;229;154;NINGYUAN;x;
3491;133;211;154;JIUJIANG;x;
3492;0;223;92;TAIAN;x;
3493;89;155;248;DAWA;x;
3494;143;124;175;LIAOZHONG;x;
3495;102;24;233;HUNNAN;x;
3496;231;252;251;NANJIANG;x;
3497;80;33;181;ANDE1;x;
3498;131;202;200;FUSU;x;
3499;112;243;218;LIPING;x;
3500;153;233;249;LINGYUAN;x;
3501;134;206;157;PINGGANG;x;
3502;1;228;89;PINGQUAN1;x;
3503;90;150;253;CHENGDE1;x;
3504;142;127;172;XIFENG2;x;
3505;103;19;228;QIANAN;x;
3506;232;251;254;FENGRUN;x;
3507;81;28;184;XINGLONG;x;
3508;130;207;197;KEYE1;x;
3509;113;238;213;YINLIANGCHUAN;x;
3510;152;237;244;TUHUZHEN;x;
3511;45;244;183;PROVINCE_3517;x;
3512;46;11;87;PROVINCE_3518;x;
3513;46;27;235;PROVINCE_3519;x;
3514;141;130;169;SANGYUAN;x;
3515;104;14;223;JIUCHU;x;
3516;233;246;251;NAKE;x;
3517;82;23;187;ZHUYE1;x;
3518;46;113;203;PROVINCE_3524;x;
3519;114;233;208;HAIBU;x;
3520;151;241;239;CHUSHUI;x;
3521;136;196;163;YIZUO;x;
3522;46;184;12;PROVINCE_3528;x;
3523;92;140;237;GAOLAI;x;
3524;242;106;69;PROVINCE_7226;x;
3525;105;9;218;YUHE;x;
3526;46;223;139;PROVINCE_3532;x;
3527;83;18;190;FANDUO;x;
3528;47;78;43;PROVINCE_3534;x;
3529;242;218;4;PROVINCE_7227;x;
3530;47;103;73;PROVINCE_3536;x;
3531;48;134;77;PROVINCE_3538;x;
3532;48;234;51;PROVINCE_3539;x;
3533;49;55;222;PROVINCE_3540;x;
3534;49;146;128;PROVINCE_3541;x;
3535;49;183;230;PROVINCE_3542;x;
3536;49;199;41;PROVINCE_3543;x;
3537;49;222;84;PROVINCE_3544;x;
3538;50;42;85;PROVINCE_3545;x;
3539;243;12;68;PROVINCE_7228;x;
3540;50;187;211;PROVINCE_3547;x;
3541;51;29;149;PROVINCE_3548;x;
3542;94;130;227;WUYI;x;
3543;51;31;144;PROVINCE_3550;x;
3544;63;60;110;PROVINCE_3551;x;
3545;51;111;147;PROVINCE_3552;x;
3546;51;111;151;PROVINCE_3553;x;
3547;51;143;43;PROVINCE_3554;x;
3548;51;143;227;PROVINCE_3555;x;
3549;51;251;111;PROVINCE_3556;x;
3550;51;254;185;PROVINCE_3557;x;
3551;52;49;110;PROVINCE_3558;x;
3552;95;125;222;HEMAO;x;
3553;52;108;227;PROVINCE_3560;x;
3554;52;211;239;PROVINCE_3561;x;
3555;53;216;87;PROVINCE_3562;x;
3556;54;153;111;PROVINCE_3563;x;
3557;243;47;45;PROVINCE_7229;x;
3558;118;213;188;MENYI;x;
3559;54;244;63;PROVINCE_3566;x;
3560;55;81;31;PROVINCE_3567;x;
3561;7;242;71;PANJING;x;
3562;55;143;95;PROVINCE_3569;x;
3563;55;146;136;PROVINCE_3570;x;
3564;55;182;129;PROVINCE_3571;x;
3565;55;191;251;PROVINCE_3572;x;
3566;87;254;202;ZUISHANG;x;
3567;56;10;114;PROVINCE_3574;x;
3568;56;51;115;PROVINCE_3575;x;
3569;146;249;214;WOJU;x;
3570;141;171;178;JIUYAN;x;
3571;8;247;68;LONGSHAN;x;
3572;97;115;212;BINHAI;x;
3573;56;96;215;PROVINCE_3580;x;
3574;93;108;31;DUOLAN;x;
3575;139;162;33;Desert;x;
3576;52;58;23;WUMING_MOUNT;x;
3577;211;247;45;WUMING_MOUNT;x;
3578;175;204;39;WUMING_MOUNT;x;
3579;209;39;75;lake_tushenze;x;
3580;107;147;0;WUMING_MOUNT;x;
3581;127;116;0;WUMING_MOUNT;x;
3582;185;184;174;WUMING_MOUNT;x;
3583;79;221;96;WUMING_MOUNT;x;
3584;71;107;196;DU2;x;
3585;206;168;9;WUMING_MOUNT;x;
3586;121;80;36;WUMING_MOUNT;x;
3587;35;155;75;WUMING_MOUNT;x;
3588;64;114;45;WUMING_MOUNT;x;
3589;155;108;56;WUMING_MOUNT;x;
3590;175;136;42;WUMING_MOUNT;x;
3591;141;162;221;WUMING_MOUNT;x;
3592;74;42;192;WUMING_MOUNT;x;
3593;61;130;220;WUMING_MOUNT;x;
3594;28;65;101;WUMING_MOUNT;x;
3595;0;111;160;WUMING_MOUNT;x;
3596;32;140;187;WUMING_MOUNT;x;
3597;57;42;94;WEIYONGWUMING_MOUNT;x;
3598;185;0;134;WUMING_MOUNT;x;
3599;35;198;177;WUMING_MOUNT;x;
3600;172;187;1;WUMING_MOUNT;x;
3601;71;148;94;WUMING_MOUNT;x;
3602;164;115;53;WUMING_MOUNT;x;
3603;76;73;17;WUMING_MOUNT;x;
3604;221;67;42;SHUGONG;x;
3605;112;123;234;XIUCHENGDAO;x;
3606;210;214;137;SHANGLU;x;
3607;244;121;167;XIABIAN;x;
3608;220;185;39;SHICHANG;x;
3609;243;241;98;MUMEN;x;
3610;168;253;226;DIDAO;x;
3611;231;37;174;PINGLEDAO;x;
3612;213;35;26;JUXIAN5;x;
3613;81;21;84;HANYANG1;x;
3614;182;43;108;DONGLANGGU;x;
3615;155;57;23;MINGSHUI2;x;
3616;0;255;76;SHIMEN2;x;
3617;53;92;64;YICHANG2;x;
3618;165;209;151;JIBAJIN;x;
3619;58;123;11;WUMING_MOUNT;x;
3620;211;80;35;WUMING_MOUNT;x;
3621;86;34;92;WUMING_MOUNT;x;
3622;126;16;130;WUMING_MOUNT;x;
3623;246;131;250;WUMING_MOUNT;x;
3624;236;20;244;WUMING_MOUNT;x;
3625;1;188;58;WUMING_MOUNT;x;
3626;184;25;191;WUMING_MOUNT;x;
3627;19;103;44;WUMING_MOUNT;x;
3628;17;67;22;WUMING_MOUNT;x;
3629;17;109;14;BAXI;x;
3630;221;150;180;YINPING2;x;
3631;250;225;168;JIACHUAN;x;
3632;169;12;19;YINSHAN2;x;
3633;49;51;225;QI17;x;
3634;165;182;0;ZIWUGUAN;x;
3635;225;244;0;BA2;x;
3636;219;163;13;FANGSHANGUAN;x;
3637;193;103;35;AOSHAN;x;
3638;252;41;109;XUANDI;x;
3639;47;116;59;SHANGJIN;x;
3640;64;48;159;JIAOXING;x;
3641;51;195;121;WULING1;x;
3642;85;163;188;JIANGSHI1;x;
3643;15;57;248;SHANGLIAN;x;
3644;175;49;44;KONGYANG;x;
3645;226;111;112;JIYANGSAI;x;
3646;240;209;147;BAIMASAI;x;
3647;220;59;58;RONG1;x;
3648;79;217;182;WEIDI;x;
3649;110;144;255;FANGZHU;x;
3650;249;179;199;DAHONG;x;
3651;213;57;197;CENSHAN;x;
3652;255;92;183;XIESHAN;x;
3653;216;101;0;ZHUJI;x;
3654;50;29;204;CHANGWEI;x;
3655;193;188;233;LUOMOSHAN;x;
3656;69;225;208;SUIYANG;x;
3657;113;130;237;SHANGFEN;x;
3658;23;45;190;JINGFU;x;
3659;63;178;228;BIANLI;x;
3660;239;70;249;JUYUAN;x;
3661;104;44;149;YIXIANG;x;
3662;179;89;230;BEIJING;x;
3663;129;29;204;GAOYANGCHENG3;x;
3664;0;25;177;FENGCHANG;x;
3665;231;126;46;DANING;x;
3666;19;38;123;SHU5;x;
3667;249;177;211;FANLIANG;x;
3668;173;171;6;WENG;x;
3669;239;238;130;FUYU1;x;
3670;232;230;34;YE4;x;
3671;136;119;40;QI18;x;
3672;131;116;244;BI4;x;
3673;19;5;130;XIANG9;x;
3674;82;102;193;JUZHONG;x;
3675;184;26;62;QUREN;x;
3676;24;192;19;GAOYANGLI;x;
3677;91;20;115;WENTANG;x;
3678;226;27;36;RANG;x;
3679;144;34;109;HANCHANG;x;
3680;206;11;195;QIZHANG;x;
3681;119;16;126;FUYANG5;x;
3682;243;75;103;NUOSHUI;x;
3683;166;9;35;ZENGKOU;x;
3684;226;103;149;SHINING;x;
3685;117;222;114;NA1;x;
3686;234;121;246;TAIPING;x;
3687;72;129;152;DONGXIANG;x;
3688;27;82;105;SHIXING;x;
3689;221;242;161;CONG1;x;
3690;109;158;233;DAMOU;x;
3691;26;108;118;YILONG;x;
3692;145;251;255;DOUZISHAN;x;
3693;30;97;200;XUANHAN;x;
3694;42;79;137;LANGCHI;x;
3695;120;15;9;DAZHU;x;
3696;215;191;30;XINMIN;x;
3697;143;85;197;CHISHUI;x;
3698;36;57;90;HANCHU;x;
3699;222;170;30;NONGLI;x;
3700;193;128;36;NUREN;x;
3701;220;40;30;ZHIYI;x;
3702;157;49;35;LAITAN;x;
3703;63;95;34;YUNMEN;x;
3704;232;230;0;YANCHI;x;
3705;193;187;0;WENSHAN1;x;
3706;241;166;167;SHIQUAN2;x;
3707;168;78;112;JIZONGGUAN;x;
3708;227;2;80;JINSHAN;x;
3709;173;0;64;SONGLINGGUAN;x;
3710;0;153;74;ZHANGSHAN;x;
3711;252;128;130;BAIANCHENG;x;
3712;213;0;113;EHECHENG;x;
3713;228;30;32;SHIJIU;x;
3714;236;123;52;CANGLING;x;
3715;92;230;134;TONGLIANG;x;
3716;228;246;20;BACHUAN;x;
3717;149;0;0;QINGXI1;x;
3718;128;128;128;MIANSHUI1;x;
3719;12;121;117;JINYUAN;x;
3720;117;47;165;NIUBEI;x;
3721;178;120;180;HERENCHENG;x;
3722;95;40;79;NIXI;x;
3723;16;135;196;MUYUAN;x;
3724;55;107;28;JIDONGGUAN;x;
3725;21;213;218;FURENWU;x;
3726;147;190;242;TONGYI;x;
3727;36;107;195;QINGYI;x;
3728;150;191;30;PINGQIANG;x;
3729;194;241;57;SUJI;x;
3730;21;122;18;ANHEZHEN;x;
3731;79;132;77;ZHIGEZHEN;x;
3732;126;193;150;QIANQIUPIN;x;
3733;30;62;197;SIYU;x;
3734;189;177;49;LINGGUAN;x;
3735;84;20;139;QINGYI1;x;
3736;101;219;226;ZUODU1;x;
3737;222;82;154;FUWEN;x;
3738;20;45;139;YICHENG4;x;
3739;20;126;139;HEIXUE;x;
3740;206;243;167;CHIXUE;x;
3741;44;117;54;YANYANG;x;
3742;45;33;124;SHAQU;x;
3743;30;81;98;JIANSHI;x;
3744;187;210;218;YEXIANGGUAN;x;
3745;149;12;189;MUXU;x;
3746;156;70;181;LIANTIANGUAN;x;
3747;225;76;11;ZHANLING;x;
3748;16;97;94;JIANGAN1;x;
3749;131;147;146;CENYANG;x;
3750;202;109;18;SHISHOU1;x;
3751;150;155;254;WEISHAN;x;
3752;8;23;177;GAOCHENG2;x;
3753;128;132;202;LIYANG3;x;
3754;109;82;210;SHIMEN1;x;
3755;213;29;87;DANXING;x;
3756;44;138;97;LUSHI;x;
3757;52;148;133;TIEGUAN;x;
3758;13;147;69;DUGUAN;x;
3759;28;145;58;JUYANGCHUAN;x;
3760;230;103;53;LIQINGCHUAN;x;
3761;245;192;174;KEDAN;x;
3762;162;61;22;LUOLEI;x;
3763;9;140;11;HUDIYU;x;
3764;233;52;45;SHULUOGAN;x;
3765;26;240;122;MASHOU1;x;
3766;155;93;81;WENCHENG1;x;
3767;148;113;45;YANFU;x;
3768;166;175;57;DABA;x;
3769;71;67;238;JIAOLI;x;
3770;43;170;73;YOUCHENG;x;
3771;255;197;240;HUSU;x;
3772;148;13;8;DIEYUN;x;
3773;248;226;140;TALU;x;
3774;64;75;162;YITU;x;
3775;179;65;86;SIXUAN;x;
3776;157;15;60;FANGXIAN1;x;
3777;153;223;114;XIANDU1;x;
3778;236;160;186;PILOU;x;
3779;167;37;77;BALI1;x;
3780;56;200;250;PROVINCE_3787;x;
3781;0;89;133;YANGAN;x;
3782;89;238;226;CHUHE;x;
3783;10;155;176;DAMOGAN;x;
3784;17;147;38;QIELV;x;
3785;119;160;194;POYETOU;x;
3786;20;148;92;YUEDAI;x;
3787;131;211;165;BAOZU;x;
3788;148;246;134;YUJIA;x;
3789;103;177;210;WUJIE;x;
3790;215;91;227;CHILI1;x;
3791;17;128;131;BIHAN;x;
3792;88;233;190;SHEDIE;x;
3793;53;177;200;ZHISHIDAI;x;
3794;84;219;79;GOUZE;x;
3795;246;167;67;QIQIU;x;
3796;170;101;51;GUIZHU;x;
3797;171;123;2;YUFEN;x;
3798;3;126;130;BILICHEN;x;
3799;45;129;3;PINGBU;x;
3800;87;132;131;SHIBEN;x;
3801;129;135;4;ZHULOU;x;
3802;171;138;132;NIANGWAN;x;
3803;3;141;5;YISHI;x;
3804;45;144;133;XIANPING1;x;
3805;87;147;6;SAGU;x;
3806;129;150;134;HUYE;x;
3807;171;153;7;DIELA;x;
3808;3;156;135;XIANGQIU1;x;
3809;45;159;8;RUOKOUYIN;x;
3810;87;162;136;TUJU;x;
3811;129;165;9;NIELA;x;
3812;171;168;137;TULVBU;x;
3813;3;171;10;NAWEI;x;
3814;45;174;138;JIJIE;x;
3815;87;177;11;DUWEI;x;
3816;129;180;139;WUWEI2;x;
3817;171;183;12;AFUYU;x;
3818;3;186;140;PIBAN;x;
3819;45;189;13;KEXI;x;
3820;87;192;141;CHEKUN;x;
3821;129;195;14;CHIYUN;x;
3822;171;198;142;FUDI;x;
3823;3;201;15;SHIYUN;x;
3824;45;204;143;YILV;x;
3825;87;207;16;YIYI1;x;
3826;129;210;144;HUDIYU1;x;
3827;171;0;17;CHIXIAODOU;x;
3828;3;3;145;YILOU;x;
3829;174;6;18;QIULIN;x;
3830;87;9;146;XISHILU;x;
3831;129;12;19;YINAN1;x;
3832;171;15;147;YILU2;x;
3833;3;18;20;MOYU;x;
3834;45;21;148;TUOLUOJI;x;
3835;87;24;21;YINIAN;x;
3836;129;27;149;NANQIU;x;
3837;171;30;22;YAFU;x;
3838;3;33;150;HUI1;x;
3839;201;36;23;XIEPI;x;
3840;87;39;151;CHANGPINGXIAN;x;
3841;129;42;24;BUDUO;x;
3842;171;45;152;QUECHUAN;x;
3843;3;48;25;XINAN;x;
3844;45;51;153;YUGU;x;
3845;87;167;26;ERMIAN;x;
3846;174;28;46;CHILV;x;
3847;0;121;136;QIANGSHI;x;
3848;3;63;155;DABO;x;
3849;155;66;28;WANGPINGXIAN;x;
3850;87;69;156;XINCHENG6;x;
3851;129;72;29;HOUCHENG;x;
3852;171;75;157;LIANGMO;x;
3853;3;143;30;MUDI;x;
3854;45;81;158;MOFU;x;
3855;87;84;31;GAOANA;x;
3856;129;87;159;QUJIN;x;
3857;171;90;32;ZHUANQIU;x;
3858;3;93;160;DONGNA;x;
3859;45;151;33;Kiskunhalas;x;
3860;87;99;161;LIAOKOU;x;
3861;129;102;34;CHANGSHENGDAO;x;
3862;171;105;162;ZHONGDAOSHAN;x;
3863;3;108;35;QINGQIUZE;x;
3864;45;111;163;YIZHI;x;
3865;87;114;36;RUOLUO;x;
3866;129;117;164;KETING;x;
3867;171;120;37;ZHILI;x;
3868;3;123;165;HOUPU;x;
3869;45;126;38;SIXIAN;x;
3870;87;129;166;BOZHUOKOU;x;
3871;129;132;39;WUCI;x;
3872;171;135;167;HUDU;x;
3873;3;138;40;XILOU;x;
3874;45;141;168;ZAONA;x;
3875;87;144;41;HENNA;x;
3876;129;147;169;BUNAI1;x;
3877;171;150;42;CANYAN;x;
3878;3;153;170;XIGAIMA;x;
3879;45;156;43;SHANGYINTAI;x;
3880;87;159;171;YUANNA;x;
3881;129;162;44;GUANNA;x;
3882;171;165;172;FEILIU;x;
3883;3;168;45;SHENLU1;x;
3884;45;171;173;MANFANHAN;x;
3885;87;174;46;WEICHENG1;x;
3886;129;177;174;ZHENFAN;x;
3887;171;180;47;PINGSHI1;x;
3888;3;183;175;QICHONG;x;
3889;45;186;48;LIANGGU;x;
3890;58;134;213;SENLIANG;x;
3891;129;192;49;GONGMUDA;x;
3892;171;195;177;YUSINEI;x;
3893;3;198;50;SHAFEIQINYI;x;
3894;45;201;178;SHOUYITUN;x;
3895;87;204;51;MAISHIDA;x;
3896;129;207;179;FUSIDA;x;
3897;171;210;52;YANYUAN;x;
3898;3;0;180;TIANQING;x;
3899;145;3;53;LIANCHI;x;
3900;87;6;181;SHENPING;x;
3901;129;9;54;LINGQUAN;x;
3902;171;12;182;FALICHUAN;x;
3903;193;15;55;YIWENJIAN;x;
3904;45;18;183;SHAREYI;x;
3905;187;21;56;CHISHAN;x;
3906;129;24;184;HENGCHUAN;x;
3907;171;27;57;HANSHAN1;x;
3908;3;30;185;SHAFUHU;x;
3909;45;133;58;SHUCHUAN;x;
3910;87;36;186;NUYINZHU;x;
3911;129;39;59;SHESHAN;x;
3912;171;42;187;RENDAINU;x;
3913;3;45;60;FASHOUZHI;x;
3914;45;48;188;DAOXI;x;
3915;155;51;61;SHANGMAO;x;
3916;129;54;189;ZHANGFENG;x;
3917;171;57;62;DOURENZHI;x;
3918;3;60;190;QINGTAN;x;
3919;186;63;63;RENSHI;x;
3920;87;66;191;TUPIN;x;
3921;129;69;64;MATU;x;
3922;171;72;192;KANJIN;x;
3923;57;34;185;PROVINCE_3930;x;
3924;45;78;193;TUSHAN1;x;
3925;64;57;214;PROVINCE_3932;x;
3926;57;108;135;PROVINCE_3933;x;
3927;171;87;67;GULUZHI;x;
3928;66;181;67;PROVINCE_3935;x;
3929;57;214;71;PROVINCE_3936;x;
3930;87;96;196;FUYINA;x;
3931;57;253;62;PROVINCE_3938;x;
3932;171;102;197;GAOSIGEYI;x;
3933;73;105;70;JIAHAI;x;
3934;45;108;198;JIAYOU;x;
3935;87;111;71;LANSHAN;x;
3936;129;114;199;LINFENG;x;
3937;171;117;72;MAIGU;x;
3938;3;120;200;GUSIMA;x;
3939;58;80;154;PROVINCE_3946;x;
3940;87;126;201;REXI;x;
3941;23;163;90;GAOQIU;x;
3942;58;213;24;PROVINCE_3949;x;
3943;58;255;107;PROVINCE_3950;x;
3944;3;135;75;EZHI;x;
3945;243;221;79;PROVINCE_7230;x;
3946;60;7;82;PROVINCE_3953;x;
3947;60;45;147;PROVINCE_3954;x;
3948;3;150;205;JIAHUOLIANGU;x;
3949;60;149;7;PROVINCE_3956;x;
3950;87;156;206;XIHUO;x;
3951;60;213;169;PROVINCE_3958;x;
3952;60;255;33;PROVINCE_3959;x;
3953;3;165;80;TUILIANGHUO;x;
3954;45;168;208;MUSHAN;x;
3955;87;171;81;NANNEI;x;
3956;129;174;209;JIAZHAO;x;
3957;171;177;82;MALI;x;
3958;3;180;210;WUYESHAN;x;
3959;45;183;83;SHANGHUO;x;
3960;87;186;211;XITU;x;
3961;61;60;107;PROVINCE_3968;x;
3962;171;192;212;XIAODUOSHA;x;
3963;3;195;85;SHIWU;x;
3964;45;198;213;CHICUN;x;
3965;87;201;86;ZHIPINCHUAN;x;
3966;129;204;214;WENHUOLIANG;x;
3967;61;110;248;PROVINCE_3974;x;
3968;3;210;215;JIAZHUHUO;x;
3969;61;128;231;PROVINCE_3976;x;
3970;61;175;213;PROVINCE_3977;x;
3971;129;6;89;SHANGDUIMA;x;
3972;61;220;155;PROVINCE_3979;x;
3973;62;53;80;PROVINCE_3980;x;
3974;45;15;218;SUGU;x;
3975;62;53;239;PROVINCE_3982;x;
3976;129;21;219;LUERDAO;x;
3977;171;24;92;SHANGYECHENG;x;
3978;3;27;200;ZENGYU;x;
3979;62;54;45;PROVINCE_3986;x;
3980;87;33;221;MEIYECUOQI;x;
3981;129;36;94;ZITANG;x;
3982;171;39;222;LINGYI;x;
3983;3;142;95;MUFU;x;
3984;45;45;223;QIUMA;x;
3985;243;250;65;PROVINCE_7231;x;
3986;62;104;138;PROVINCE_3993;x;
3987;171;54;97;JIUCHUCHENG1;x;
3988;3;57;225;XUFANG;x;
3989;45;160;98;ZHISAN;x;
3990;62;153;91;PROVINCE_3997;x;
3991;62;189;123;PROVINCE_3998;x;
3992;63;119;26;PROVINCE_3999;x;
3993;4;159;0;ANXINYUAN;x;
3994;63;151;91;PROVINCE_4001;x;
3995;63;192;131;PROVINCE_4002;x;
3996;244;45;237;PROVINCE_7232;x;
3997;64;29;99;PROVINCE_4004;x;
3998;4;87;130;ZONGXIANG;x;
3999;46;159;3;YIDU;x;
4000;64;35;57;PROVINCE_4007;x;
4001;130;96;4;SUIBO;x;
4002;64;83;137;PROVINCE_4009;x;
4003;4;174;5;ZHUZILI;x;
4004;64;158;95;PROVINCE_4011;x;
4005;88;108;6;ZHIHE;x;
4006;64;182;100;PROVINCE_4013;x;
4007;64;233;8;PROVINCE_4014;x;
4008;4;117;135;XIAOCHENG;x;
4009;65;10;180;PROVINCE_4016;x;
4010;88;123;136;ZUOHE;x;
4011;65;195;223;PROVINCE_4018;x;
4012;65;227;117;PROVINCE_4019;x;
4013;4;132;10;DEYI;x;
4014;65;238;210;PROVINCE_4021;x;
4015;88;138;11;FUTU;x;
4016;27;209;209;YICHENG5;x;
4017;66;201;133;PROVINCE_4024;x;
4018;4;147;140;JIAZHIBO;x;
4019;46;150;13;SHANGYICHENG;x;
4020;88;153;141;SHANDOU;x;
4021;66;233;78;PROVINCE_4028;x;
4022;67;126;31;PROVINCE_4029;x;
4023;4;162;15;DAPING;x;
4024;46;165;143;GAOZHI;x;
4025;88;168;16;XIANGWOMEI;x;
4026;67;188;181;PROVINCE_4033;x;
4027;67;189;28;PROVINCE_4034;x;
4028;4;177;145;MEIJING;x;
4029;46;180;18;XIDUO;x;
4030;67;208;174;PROVINCE_4037;x;
4031;130;186;19;FUXUE;x;
4032;67;254;57;PROVINCE_4039;x;
4033;4;192;20;JIUMI;x;
4034;46;195;148;FENGZAO;x;
4035;68;24;27;PROVINCE_4042;x;
4036;68;236;216;PROVINCE_4043;x;
4037;68;249;125;PROVINCE_4044;x;
4038;4;207;150;HAIBU;x;
4039;46;210;23;DASU;x;
4040;69;11;98;PROVINCE_4047;x;
4041;69;40;42;PROVINCE_4048;x;
4042;69;165;240;PROVINCE_4049;x;
4043;69;210;30;PROVINCE_4050;x;
4044;46;12;153;JINMING1;x;
4045;244;74;167;PROVINCE_7233;x;
4046;70;29;242;PROVINCE_4053;x;
4047;70;44;201;PROVINCE_4054;x;
4048;4;24;155;SANJIN;x;
4049;70;132;197;PROVINCE_4056;x;
4050;88;30;156;DANEIJUN;x;
4051;67;124;68;PROVINCE_4058;x;
4052;70;226;162;PROVINCE_4059;x;
4053;4;39;130;TIZU;x;
4054;70;231;225;PROVINCE_4061;x;
4055;71;73;170;PROVINCE_4062;x;
4056;71;93;158;PROVINCE_4063;x;
4057;71;126;19;PROVINCE_4064;x;
4058;4;143;160;DAJIN;x;
4059;46;190;33;YANYONG;x;
4060;88;60;161;XUHUI;x;
4061;130;63;34;XIANQI;x;
4062;71;176;60;PROVINCE_4069;x;
4063;4;69;35;XIONGMAO1;x;
4064;46;72;163;SHABA;x;
4065;72;30;139;PROVINCE_4072;x;
4066;72;76;65;PROVINCE_4073;x;
4067;73;67;160;PROVINCE_4074;x;
4068;4;84;165;YEKOU;x;
4069;73;82;58;PROVINCE_4076;x;
4070;73;83;60;PROVINCE_4077;x;
4071;73;98;207;PROVINCE_4078;x;
4072;73;124;145;PROVINCE_4079;x;
4073;73;156;69;PROVINCE_4080;x;
4074;46;102;168;NAHE;x;
4075;73;163;19;PROVINCE_4082;x;
4076;73;168;33;PROVINCE_4083;x;
4077;74;57;218;PROVINCE_4084;x;
4078;4;114;170;WUBU;x;
4079;46;117;43;DANEI;x;
4080;74;139;43;PROVINCE_4087;x;
4081;74;183;118;PROVINCE_4088;x;
4082;75;6;131;PROVINCE_4089;x;
4083;4;129;45;ZHAOTIAN;x;
4084;46;132;173;DUOQILI;x;
4085;75;36;173;PROVINCE_4092;x;
4086;75;43;22;PROVINCE_4093;x;
4087;75;105;113;PROVINCE_4094;x;
4088;4;144;175;SHENJIN;x;
4089;76;104;217;PROVINCE_4096;x;
4090;76;160;50;PROVINCE_4097;x;
4091;78;23;254;PROVINCE_4099;x;
4092;4;159;50;HENGTIAN;x;
4093;46;162;178;CHUYUN;x;
4094;78;97;19;PROVINCE_4102;x;
4095;78;107;112;PROVINCE_4103;x;
4096;78;205;218;PROVINCE_4104;x;
4097;78;205;247;PROVINCE_4105;x;
4098;80;17;43;PROVINCE_4106;x;
4099;80;30;121;PROVINCE_4107;x;
4100;80;155;150;PROVINCE_4108;x;
4101;81;16;88;PROVINCE_4109;x;
4102;4;189;55;ZHIFU;x;
4103;81;108;114;PROVINCE_4111;x;
4104;81;118;149;PROVINCE_4112;x;
4105;81;159;69;PROVINCE_4113;x;
4106;81;178;16;PROVINCE_4114;x;
4107;4;204;185;ANKE;x;
4108;81;222;231;PROVINCE_4116;x;
4109;81;236;167;PROVINCE_4117;x;
4110;82;137;143;PROVINCE_4118;x;
4111;244;254;17;PROVINCE_7234;x;
4112;4;6;60;WEIDAO;x;
4113;46;9;188;NUNAIJIUWAN;x;
4114;82;159;179;PROVINCE_4122;x;
4115;82;162;7;PROVINCE_4123;x;
4116;83;0;230;PROVINCE_4124;x;
4117;4;21;190;YEXUNAI;x;
4118;83;125;82;PROVINCE_4126;x;
4119;88;27;191;GAOSEN;x;
4120;84;106;78;PROVINCE_4128;x;
4121;84;134;238;PROVINCE_4129;x;
4122;4;136;65;BAMOU;x;
4123;84;145;82;PROVINCE_4131;x;
4124;84;216;211;PROVINCE_4132;x;
4125;84;251;11;PROVINCE_4133;x;
4126;85;140;192;PROVINCE_4134;x;
4127;4;51;195;JIAYE;x;
4128;85;162;243;PROVINCE_4136;x;
4129;86;130;164;PROVINCE_4137;x;
4130;86;144;198;PROVINCE_4138;x;
4131;87;135;175;PROVINCE_4139;x;
4132;87;173;33;PROVINCE_4140;x;
4133;87;246;141;PROVINCE_4141;x;
4134;88;62;215;PROVINCE_4142;x;
4135;88;125;195;PROVINCE_4143;x;
4136;88;147;207;PROVINCE_4144;x;
4137;4;81;200;HENEI;x;
4138;88;220;199;PROVINCE_4146;x;
4139;89;47;161;PROVINCE_4147;x;
4140;89;161;99;PROVINCE_4148;x;
4141;89;203;1;PROVINCE_4149;x;
4142;4;196;75;SHEGJIANTIAN;x;
4143;90;65;241;PROVINCE_4151;x;
4144;90;96;4;PROVINCE_4152;x;
4145;90;119;160;PROVINCE_4153;x;
4146;90;147;215;PROVINCE_4154;x;
4147;4;111;205;CHIBAN;x;
4148;245;100;210;PROVINCE_7235;x;
4149;90;205;47;PROVINCE_4157;x;
4150;90;214;25;PROVINCE_4158;x;
4151;90;242;190;PROVINCE_4159;x;
4152;4;126;80;RIXIA;x;
4153;246;227;71;PROVINCE_7236;x;
4154;91;80;53;PROVINCE_4162;x;
4155;91;139;222;PROVINCE_4163;x;
4156;92;43;173;PROVINCE_4164;x;
4157;4;141;210;FANGJIAN;x;
4158;92;74;79;PROVINCE_4166;x;
4159;93;9;33;PROVINCE_4167;x;
4160;93;80;2;PROVINCE_4168;x;
4161;93;86;172;PROVINCE_4169;x;
4162;93;128;105;PROVINCE_4170;x;
4163;93;143;8;PROVINCE_4171;x;
4164;93;169;233;PROVINCE_4172;x;
4165;93;236;118;PROVINCE_4173;x;
4166;93;251;165;PROVINCE_4174;x;
4167;94;2;19;PROVINCE_4175;x;
4168;94;85;155;PROVINCE_4176;x;
4169;94;149;106;PROVINCE_4177;x;
4170;95;80;150;PROVINCE_4178;x;
4171;95;96;149;PROVINCE_4179;x;
4172;4;186;90;QIDUO1;x;
4173;95;186;209;PROVINCE_4181;x;
4174;95;252;138;PROVINCE_4182;x;
4175;96;1;81;PROVINCE_4183;x;
4176;96;55;145;PROVINCE_4184;x;
4177;96;103;121;PROVINCE_4185;x;
4178;96;131;127;PROVINCE_4186;x;
4179;96;195;217;PROVINCE_4187;x;
4180;96;200;5;PROVINCE_4188;x;
4181;96;225;126;PROVINCE_4189;x;
4182;4;3;195;JIANYEGU;x;
4183;96;250;179;PROVINCE_4191;x;
4184;97;209;32;PROVINCE_4192;x;
4185;98;26;211;PROVINCE_4193;x;
4186;98;91;33;PROVINCE_4194;x;
4187;4;18;225;QILU;x;
4188;98;112;246;PROVINCE_4196;x;
4189;98;204;16;PROVINCE_4197;x;
4190;99;38;205;PROVINCE_4198;x;
4191;99;55;6;PROVINCE_4199;x;
4192;99;209;65;PROVINCE_4200;x;
4193;99;217;57;PROVINCE_4201;x;
4194;100;35;101;PROVINCE_4202;x;
4195;100;192;64;PROVINCE_4203;x;
4196;101;151;133;PROVINCE_4204;x;
4197;4;48;130;GAOYE;x;
4198;102;57;225;PROVINCE_4206;x;
4199;102;76;73;PROVINCE_4207;x;
4200;102;91;178;PROVINCE_4208;x;
4201;102;97;138;PROVINCE_4209;x;
4202;102;134;40;PROVINCE_4210;x;
4203;102;180;236;PROVINCE_4211;x;
4204;88;69;124;GONGJIN;x;
4205;103;31;156;PROVINCE_4213;x;
4206;103;99;131;PROVINCE_4214;x;
4207;4;78;135;FUZHI1;x;
4208;103;139;230;PROVINCE_4216;x;
4209;104;22;229;PROVINCE_4217;x;
4210;104;82;43;PROVINCE_4218;x;
4211;104;94;151;PROVINCE_4219;x;
4212;104;117;115;PROVINCE_4220;x;
4213;46;96;138;CHENGDONG;x;
4214;104;159;25;PROVINCE_4222;x;
4215;105;33;29;PROVINCE_4223;x;
4216;105;90;157;PROVINCE_4224;x;
4217;4;108;140;CHUANBIAN;x;
4218;105;146;36;PROVINCE_4226;x;
4219;105;151;226;PROVINCE_4227;x;
4220;105;175;157;PROVINCE_4228;x;
4221;105;203;241;PROVINCE_4229;x;
4222;4;223;15;NANBO;x;
4223;105;226;59;PROVINCE_4231;x;
4224;105;250;87;PROVINCE_4232;x;
4225;106;18;115;PROVINCE_4233;x;
4226;106;39;35;PROVINCE_4234;x;
4227;4;138;145;SHECHUAN;x;
4228;106;50;97;PROVINCE_4236;x;
4229;106;63;53;PROVINCE_4237;x;
4230;106;118;113;PROVINCE_4238;x;
4231;247;2;53;PROVINCE_7237;x;
4232;4;153;20;RIGEN;x;
4233;107;17;160;PROVINCE_4241;x;
4234;107;55;97;PROVINCE_4242;x;
4235;107;170;49;PROVINCE_4243;x;
4236;107;189;146;PROVINCE_4244;x;
4237;4;168;150;YUZHIXIANG;x;
4238;107;199;253;PROVINCE_4246;x;
4239;107;207;149;PROVINCE_4247;x;
4240;108;14;191;PROVINCE_4248;x;
4241;108;52;54;PROVINCE_4249;x;
4242;4;183;25;MENGTIAN;x;
4243;108;183;193;PROVINCE_4251;x;
4244;108;210;223;PROVINCE_4252;x;
4245;108;225;202;PROVINCE_4253;x;
4246;109;39;1;PROVINCE_4254;x;
4247;109;63;78;PROVINCE_4255;x;
4248;109;85;73;PROVINCE_4256;x;
4249;109;87;163;PROVINCE_4257;x;
4250;109;121;211;PROVINCE_4258;x;
4251;109;204;153;PROVINCE_4260;x;
4252;110;38;243;PROVINCE_4261;x;
4253;111;53;69;PROVINCE_4262;x;
4254;111;90;219;PROVINCE_4263;x;
4255;111;111;241;PROVINCE_4264;x;
4256;4;15;160;YINNAN;x;
4257;46;18;133;SHENHU;x;
4258;111;173;171;PROVINCE_4267;x;
4259;111;182;10;PROVINCE_4268;x;
4260;111;194;123;PROVINCE_4269;x;
4261;4;130;35;XINGONG;x;
4262;46;33;163;FANGAO;x;
4263;112;0;68;PROVINCE_4272;x;
4264;112;41;63;PROVINCE_4273;x;
4265;112;122;148;PROVINCE_4274;x;
4266;4;45;165;ANNONG;x;
4267;112;174;82;PROVINCE_4276;x;
4268;113;18;23;PROVINCE_4277;x;
4269;113;62;29;PROVINCE_4278;x;
4270;113;160;139;PROVINCE_4279;x;
4271;113;182;87;PROVINCE_4280;x;
4272;72;68;149;PROVINCE_4281;x;
4273;88;166;41;SHANDAI;x;
4274;113;225;196;PROVINCE_4283;x;
4275;247;79;52;PROVINCE_7238;x;
4276;4;75;170;DOUZHU;x;
4277;113;243;147;PROVINCE_4286;x;
4278;114;19;49;PROVINCE_4287;x;
4279;114;35;177;PROVINCE_4288;x;
4280;115;107;56;PROVINCE_4289;x;
4281;115;218;202;PROVINCE_4290;x;
4282;116;63;50;PROVINCE_4291;x;
4283;247;217;179;PROVINCE_7239;x;
4284;116;194;107;PROVINCE_4293;x;
4285;116;221;225;PROVINCE_4294;x;
4286;4;105;175;SANFANG;x;
4287;116;249;195;PROVINCE_4296;x;
4288;248;144;225;PROVINCE_7240;x;
4289;117;108;171;PROVINCE_4298;x;
4290;117;139;225;PROVINCE_4299;x;
4291;4;120;50;YANSHI;x;
4292;86;162;86;PROVINCE_4301;x;
4293;117;189;251;PROVINCE_4302;x;
4294;118;2;116;PROVINCE_4303;x;
4295;118;172;229;PROVINCE_4304;x;
4296;4;135;180;HEIQI;x;
4297;118;185;245;PROVINCE_4306;x;
4298;119;92;77;PROVINCE_4307;x;
4299;107;166;108;PROVINCE_4308;x;
4300;119;241;115;PROVINCE_4309;x;
4301;120;47;171;PROVINCE_4310;x;
4302;46;153;183;DIBO;x;
4303;120;101;133;PROVINCE_4312;x;
4304;120;111;140;PROVINCE_4313;x;
4305;121;16;147;PROVINCE_4314;x;
4306;121;35;55;PROVINCE_4315;x;
4307;121;172;203;PROVINCE_4316;x;
4308;121;188;11;PROVINCE_4317;x;
4309;121;197;143;PROVINCE_4318;x;
4310;121;210;191;PROVINCE_4319;x;
4311;121;214;34;PROVINCE_4320;x;
4312;122;24;36;PROVINCE_4321;x;
4313;122;52;205;PROVINCE_4322;x;
4314;130;189;189;YUYE;x;
4315;122;171;96;PROVINCE_4324;x;
4316;4;195;190;ZHAOCHUI;x;
4317;122;193;123;PROVINCE_4326;x;
4318;123;8;83;PROVINCE_4327;x;
4319;123;71;178;PROVINCE_4328;x;
4320;123;123;232;PROVINCE_4329;x;
4321;123;205;109;PROVINCE_4330;x;
4322;123;213;121;PROVINCE_4331;x;
4323;123;233;129;PROVINCE_4332;x;
4324;124;126;99;PROVINCE_4333;x;
4325;124;143;51;PROVINCE_4334;x;
4326;4;12;195;YUPEI;x;
4327;46;15;168;HUIXIA;x;
4328;124;156;189;PROVINCE_4337;x;
4329;124;188;117;PROVINCE_4338;x;
4330;124;218;95;PROVINCE_4339;x;
4331;125;65;221;PROVINCE_4340;x;
4332;125;68;7;PROVINCE_4341;x;
4333;125;186;177;PROVINCE_4342;x;
4334;125;207;114;PROVINCE_4343;x;
4335;125;229;105;PROVINCE_4344;x;
4336;4;42;200;CHUNBU;x;
4337;126;23;202;PROVINCE_4346;x;
4338;126;47;5;PROVINCE_4347;x;
4339;126;49;238;PROVINCE_4348;x;
4340;126;204;126;PROVINCE_4349;x;
4341;4;57;75;YIBAO;x;
4342;46;60;203;YUJIN;x;
4343;88;63;76;CHISUN;x;
4344;126;206;182;PROVINCE_4353;x;
4345;127;3;224;PROVINCE_4354;x;
4346;4;72;205;YICHANG;x;
4347;127;109;204;PROVINCE_4356;x;
4348;127;186;159;PROVINCE_4357;x;
4349;128;37;192;PROVINCE_4358;x;
4350;128;110;148;PROVINCE_4359;x;
4351;128;119;29;PROVINCE_4360;x;
4352;46;90;208;QINYUAN;x;
4353;128;156;253;PROVINCE_4362;x;
4354;129;66;205;PROVINCE_4363;x;
4355;129;108;242;PROVINCE_4364;x;
4356;4;102;210;GUJIA;x;
4357;46;105;83;JUNHEJUN;x;
4358;129;141;188;PROVINCE_4367;x;
4359;129;192;184;PROVINCE_4368;x;
4360;129;216;234;PROVINCE_4369;x;
4361;4;117;85;LIANCAN;x;
4362;130;80;201;PROVINCE_4371;x;
4363;130;80;237;PROVINCE_4372;x;
4364;130;219;219;PROVINCE_4373;x;
4365;130;232;141;PROVINCE_4374;x;
4366;4;132;215;FUDI;x;
4367;131;50;110;PROVINCE_4376;x;
4368;132;119;39;PROVINCE_4377;x;
4369;133;22;70;PROVINCE_4378;x;
4370;133;71;63;PROVINCE_4379;x;
4371;4;147;90;BOBAO;x;
4372;46;150;218;ZUOJIU;x;
4373;88;153;91;ANYUN2;x;
4374;112;107;210;PROVINCE_4383;x;
4375;133;100;129;PROVINCE_4384;x;
4376;4;162;220;GAOJIN;x;
4377;133;139;104;PROVINCE_4386;x;
4378;88;168;221;ZHANGMA;x;
4379;134;21;17;PROVINCE_4388;x;
4380;134;21;125;PROVINCE_4389;x;
4381;4;177;95;XIABUZUO;x;
4382;46;180;223;YINBO;x;
4383;134;112;171;PROVINCE_4392;x;
4384;134;181;41;PROVINCE_4393;x;
4385;134;206;156;PROVINCE_4394;x;
4386;4;192;225;FENGZAO;x;
4387;46;195;98;DUOMO;x;
4388;134;216;241;PROVINCE_4397;x;
4389;135;13;43;PROVINCE_4398;x;
4390;135;92;103;PROVINCE_4399;x;
4391;135;171;35;PROVINCE_4400;x;
4392;136;22;230;PROVINCE_4401;x;
4393;136;130;215;PROVINCE_4402;x;
4394;136;198;35;PROVINCE_4403;x;
4395;136;228;200;PROVINCE_4404;x;
4396;137;64;99;PROVINCE_4405;x;
4397;137;138;204;PROVINCE_4406;x;
4398;249;13;21;PROVINCE_7241;x;
4399;138;47;47;PROVINCE_4408;x;
4400;138;84;211;PROVINCE_4409;x;
4401;118;124;66;PROVINCE_4410;x;
4402;46;27;133;XINTIAN1;x;
4403;138;140;147;PROVINCE_4412;x;
4404;138;227;77;PROVINCE_4413;x;
4405;138;231;85;PROVINCE_4414;x;
4406;139;20;116;PROVINCE_4415;x;
4407;139;198;109;PROVINCE_4416;x;
4408;140;7;61;PROVINCE_4417;x;
4409;140;37;175;PROVINCE_4418;x;
4410;140;82;134;PROVINCE_4419;x;
4411;4;154;10;XUCHUAN;x;
4412;140;95;128;PROVINCE_4421;x;
4413;140;107;125;PROVINCE_4422;x;
4414;120;115;207;PROVINCE_4423;x;
4415;141;34;48;PROVINCE_4424;x;
4416;4;69;140;ZUHE;x;
4417;141;44;191;PROVINCE_4426;x;
4418;141;47;166;PROVINCE_4427;x;
4419;141;85;189;PROVINCE_4428;x;
4420;141;226;242;PROVINCE_4429;x;
4421;4;184;15;BAIFA;x;
4422;46;87;143;CICHENG;x;
4423;142;58;89;PROVINCE_4432;x;
4424;142;98;39;PROVINCE_4433;x;
4425;142;120;223;PROVINCE_4434;x;
4426;127;123;193;PROVINCE_4435;x;
4427;142;156;139;PROVINCE_4436;x;
4428;142;214;155;PROVINCE_4437;x;
4429;130;108;19;NAXUJUN;x;
4430;142;235;197;PROVINCE_4439;x;
4431;4;214;20;FANGHE;x;
4432;46;117;148;SHANXIA;x;
4433;143;89;255;PROVINCE_4442;x;
4434;143;168;65;PROVINCE_4443;x;
4435;143;211;206;PROVINCE_4444;x;
4436;4;129;150;WUDAI;x;
4437;143;226;225;PROVINCE_4446;x;
4438;143;255;54;PROVINCE_4447;x;
4439;144;9;67;PROVINCE_4448;x;
4440;134;129;234;PROVINCE_4449;x;
4441;4;144;25;ZHUMIAODAI;x;
4442;249;66;121;PROVINCE_7242;x;
4443;144;130;169;PROVINCE_4452;x;
4444;144;172;255;PROVINCE_4453;x;
4445;144;234;67;PROVINCE_4454;x;
4446;4;159;155;SHICHUAN;x;
4447;145;8;221;PROVINCE_4456;x;
4448;46;165;156;SHICHENG6;x;
4449;145;30;217;PROVINCE_4458;x;
4450;145;52;241;PROVINCE_4459;x;
4451;4;174;30;RILI;x;
4452;46;177;158;YIJU1;x;
4453;145;149;181;PROVINCE_4462;x;
4454;145;185;149;PROVINCE_4463;x;
4455;145;251;162;PROVINCE_4464;x;
4456;4;189;160;YUZAO;x;
4457;145;252;9;PROVINCE_4466;x;
4458;146;49;3;PROVINCE_4467;x;
4459;146;120;146;PROVINCE_4468;x;
4460;146;233;175;PROVINCE_4469;x;
4461;147;22;89;PROVINCE_4470;x;
4462;147;44;128;PROVINCE_4471;x;
4463;147;91;248;PROVINCE_4472;x;
4464;147;145;66;PROVINCE_4473;x;
4465;147;167;119;PROVINCE_4474;x;
4466;4;6;165;YUANTIAN;x;
4467;147;208;43;PROVINCE_4476;x;
4468;147;216;84;PROVINCE_4477;x;
4469;148;39;62;PROVINCE_4478;x;
4470;148;42;196;PROVINCE_4479;x;
4471;148;97;213;PROVINCE_4480;x;
4472;148;223;99;PROVINCE_4481;x;
4473;149;8;48;PROVINCE_4482;x;
4474;149;120;144;PROVINCE_4483;x;
4475;149;129;11;PROVINCE_4484;x;
4476;4;36;170;HEHEJUN;x;
4477;149;240;227;PROVINCE_4486;x;
4478;150;122;174;PROVINCE_4487;x;
4479;150;136;228;PROVINCE_4488;x;
4480;150;160;216;PROVINCE_4489;x;
4481;151;51;93;PROVINCE_4490;x;
4482;144;205;144;PROVINCE_4491;x;
4483;151;150;5;PROVINCE_4492;x;
4484;151;161;127;PROVINCE_4493;x;
4485;151;221;161;PROVINCE_4494;x;
4486;4;66;175;YIHU;x;
4487;152;16;124;PROVINCE_4496;x;
4488;152;24;103;PROVINCE_4497;x;
4489;130;75;49;LIUHU;x;
4490;152;33;157;PROVINCE_4499;x;
4491;152;43;130;PROVINCE_4500;x;
4492;46;84;178;HEISHI;x;
4493;152;80;224;PROVINCE_4502;x;
4494;152;95;106;PROVINCE_4503;x;
4495;152;184;163;PROVINCE_4504;x;
4496;153;101;127;PROVINCE_4505;x;
4497;153;123;25;PROVINCE_4506;x;
4498;249;82;26;PROVINCE_7243;x;
4499;153;234;14;PROVINCE_4508;x;
4500;154;85;217;PROVINCE_4509;x;
4501;4;111;155;TIANCHI;x;
4502;154;119;255;PROVINCE_4511;x;
4503;154;177;147;PROVINCE_4512;x;
4504;155;107;47;PROVINCE_4513;x;
4505;155;113;239;PROVINCE_4514;x;
4506;155;155;27;PROVINCE_4515;x;
4507;155;198;102;PROVINCE_4516;x;
4508;156;136;156;PROVINCE_4517;x;
4509;157;22;173;PROVINCE_4518;x;
4510;249;102;214;PROVINCE_7244;x;
4511;157;65;13;PROVINCE_4520;x;
4512;157;123;79;PROVINCE_4521;x;
4513;157;126;179;PROVINCE_4522;x;
4514;157;142;255;PROVINCE_4523;x;
4515;157;171;159;PROVINCE_4524;x;
4516;149;148;175;PROVINCE_4525;x;
4517;157;241;156;PROVINCE_4526;x;
4518;158;15;12;PROVINCE_4527;x;
4519;158;121;249;PROVINCE_4528;x;
4520;159;19;45;PROVINCE_4529;x;
4521;159;47;229;PROVINCE_4530;x;
4522;159;49;152;PROVINCE_4531;x;
4523;159;191;240;PROVINCE_4532;x;
4524;159;225;252;PROVINCE_4533;x;
4525;172;183;67;GUYU;x;
4526;160;186;150;PROVINCE_4535;x;
4527;160;196;96;PROVINCE_4536;x;
4528;160;249;181;PROVINCE_4537;x;
4529;161;90;17;PROVINCE_4538;x;
4530;161;93;111;PROVINCE_4539;x;
4531;162;16;186;PROVINCE_4540;x;
4532;249;113;95;PROVINCE_7245;x;
4533;162;48;67;PROVINCE_4542;x;
4534;162;66;237;PROVINCE_4543;x;
4535;162;71;103;PROVINCE_4544;x;
4536;4;3;200;CHANGLV;x;
4537;162;131;86;PROVINCE_4546;x;
4538;162;154;232;PROVINCE_4547;x;
4539;162;192;251;PROVINCE_4548;x;
4540;163;15;248;PROVINCE_4549;x;
4541;163;72;39;PROVINCE_4550;x;
4542;163;88;3;PROVINCE_4551;x;
4543;163;99;187;PROVINCE_4552;x;
4544;163;170;109;PROVINCE_4553;x;
4545;172;30;77;sea_liaodong_bay;x;
4546;204;133;205;sea_bohai_bay;x;
4547;46;36;78;sea_laizhou_bay;x;
4548;239;86;171;sea_bohai_bay_1;x;
4549;155;223;42;sea_bohai_bay_2;x;
4550;163;180;185;PROVINCE_4559;x;
4551;33;201;117;sea_bohai_bay_4;x;
4552;172;45;63;sea_bohai_bay_5;x;
4553;214;138;95;sea_bohai_bay_6;x;
4554;77;162;228;sea_bohai_bay_7;x;
4555;189;39;144;sea_bohai_bay_8;x;
4556;56;217;81;sea_bohai_bay_9;x;
4557;122;98;203;sea_bohai_bay_10;x;
4558;201;67;126;sea_bohai_bay_11;x;
4559;88;179;37;sea_bohai_bay_12;x;
4560;143;22;198;sea_bohai_bay_13;x;
4561;65;234;109;sea_bohai_bay_14;x;
4562;227;111;72;sea_bohai_bay_15;x;
4563;41;188;156;sea_bohai_bay_16;x;
4564;178;54;231;sea_bohai_bay_17;x;
4565;99;205;83;sea_bohai_bay_18;x;
4566;216;73;147;sea_bohai_bay_19;x;
4567;52;166;29;sea_bohai_bay_20;x;
4568;133;92;212;sea_bohai_bay_21;x;
4569;187;41;105;sea_bohai_bay_22;x;
4570;74;218;168;sea_bohai_bay_23;x;
4571;29;155;51;sea_bohai_bay_24;x;
4572;198;87;194;sea_bohai_bay_25;x;
4573;112;239;76;sea_bohai_bay_26;x;
4574;165;33;219;sea_bohai_bay_27;x;
4575;163;214;175;PROVINCE_4584;x;
4576;221;124;37;sea_bohai_bay_29;x;
4577;83;71;182;sea_bohai_bay_30;x;
4578;146;208;115;sea_bohai_bay_31;x;
4579;38;97;246;sea_bohai_bay_32;x;
4580;164;18;216;PROVINCE_4589;x;
4581;107;175;134;sea_bohai_bay_34;x;
4582;72;228;57;sea_bohai_bay_35;x;
4583;164;126;47;PROVINCE_4592;x;
4584;26;143;91;sea_bohai_bay_37;x;
4585;239;86;162;sea_bohai_bay_38;x;
4586;91;217;44;sea_bohai_bay_39;x;
4587;168;55;233;sea_bohai_bay_40;x;
4588;43;188;78;sea_bohai_bay_41;x;
4589;217;102;149;sea_bohai_bay_42;x;
4590;79;231;26;sea_bohai_bay_43;x;
4591;132;74;195;sea_bohai_bay_44;x;
4592;204;159;112;sea_bohai_bay_45;x;
4593;58;27;238;sea_bohai_bay_46;x;
4594;185;96;71;sea_bohai_bay_47;x;
4595;21;163;184;sea_bohai_bay_48;x;
4596;236;48;93;sea_bohai_bay_49;x;
4597;94;211;156;sea_bohai_bay_50;x;
4598;127;45;198;sea_bohai_bay_51;x;
4599;84;219;63;sea_bohai_bay_52;x;
4600;192;76;142;sea_bohai_bay_53;x;
4601;53;168;227;sea_bohai_bay_54;x;
4602;211;99;88;sea_bohai_bay_55;x;
4603;36;147;175;sea_bohai_bay_56;x;
4604;178;62;214;sea_bohai_bay_57;x;
4605;95;183;39;sea_bohai_bay_58;x;
4606;224;27;156;sea_bohai_bay_59;x;
4607;71;204;97;sea_bohai_bay_60;x;
4608;139;88;233;sea_bohai_bay_61;x;
4609;42;231;122;sea_bohai_bay_62;x;
4610;189;55;179;sea_bohai_bay_63;x;
4611;103;142;46;sea_bohai_bay_64;x;
4612;217;73;208;sea_bohai_bay_65;x;
4613;58;196;91;sea_bohai_bay_66;x;
4614;166;114;245;sea_bohai_bay_67;x;
4615;79;225;67;sea_bohai_bay_68;x;
4616;201;38;184;sea_bohai_bay_69;x;
4617;33;159;108;sea_bohai_bay_70;x;
4618;147;92;219;sea_bohai_bay_71;x;
4619;94;177;52;sea_bohai_bay_72;x;
4620;228;61;193;sea_bohai_bay_73;x;
4621;65;218;124;sea_bohai_bay_74;x;
4622;164;191;123;PROVINCE_4631;x;
4623;116;203;81;sea_bohai_bay_76;x;
4624;39;128;166;sea_bohai_bay_77;x;
4625;164;224;28;PROVINCE_4634;x;
4626;153;36;112;sea_bohai_bay_80;x;
4627;221;84;178;sea_bohai_bay_81;x;
4628;165;42;253;PROVINCE_4638;x;
4629;165;151;138;PROVINCE_4639;x;
4630;47;192;138;sea_bohai_bay_84;x;
4631;169;103;59;sea_bohai_bay_85;x;
4632;122;214;187;sea_bohai_bay_86;x;
4633;29;78;234;sea_bohai_bay_87;x;
4634;186;135;77;sea_bohai_bay_88;x;
4635;63;221;152;sea_bohai_bay_89;x;
4636;212;44;98;sea_bohai_bay_90;x;
4637;97;163;216;sea_bohai_bay_91;x;
4638;142;96;35;sea_bohai_bay_92;x;
4639;225;71;183;sea_bohai_bay_93;x;
4640;58;148;119;sea_bohai_bay_94;x;
4641;193;27;204;sea_bohai_bay_95;x;
4642;165;169;83;PROVINCE_4652;x;
4643;165;210;84;PROVINCE_4653;x;
4644;166;27;179;PROVINCE_4654;x;
4645;166;211;37;PROVINCE_4655;x;
4646;167;36;31;PROVINCE_4656;x;
4647;167;128;189;PROVINCE_4657;x;
4648;168;57;189;PROVINCE_4658;x;
4649;168;84;28;PROVINCE_4659;x;
4650;168;85;253;PROVINCE_4660;x;
4651;168;86;118;PROVINCE_4661;x;
4652;169;121;0;PROVINCE_4662;x;
4653;169;182;197;PROVINCE_4663;x;
4654;169;233;103;PROVINCE_4664;x;
4655;170;77;89;PROVINCE_4665;x;
4656;170;149;163;PROVINCE_4666;x;
4657;171;10;101;PROVINCE_4667;x;
4658;171;36;36;;x;
4659;171;41;53;PROVINCE_4669;x;
4660;171;98;133;PROVINCE_4670;x;
4661;163;108;207;sea_bohai_bay_115;x;
4662;74;226;52;sea_bohai_bay_116;x;
4663;198;39;145;sea_bohai_bay_117;x;
4664;171;211;161;PROVINCE_4674;x;
4665;172;69;23;PROVINCE_4675;x;
4666;172;74;83;PROVINCE_4676;x;
4667;69;203;168;sea_bohai_bay_121;x;
4668;152;97;34;sea_bohai_bay_122;x;
4669;217;28;199;sea_bohai_bay_123;x;
4670;85;141;95;sea_bohai_bay_124;x;
4671;236;64;182;sea_bohai_bay_125;x;
4672;103;218;57;sea_bohai_bay_126;x;
4673;174;45;213;sea_bohai_bay_127;x;
4674;58;192;124;sea_bohai_bay_128;x;
4675;207;79;39;sea_bohai_bay_129;x;
4676;33;167;148;sea_bohai_bay_130;x;
4677;188;92;225;sea_bohai_bay_131;x;
4678;72;139;68;sea_bohai_bay_132;x;
4679;219;51;176;sea_bohai_bay_133;x;
4680;94;184;103;sea_bohai_bay_134;x;
4681;147;26;239;sea_bohai_bay_135;x;
4682;61;205;82;sea_bohai_bay_136;x;
4683;193;117;157;sea_bohai_bay_137;x;
4684;78;36;194;sea_bohai_bay_138;x;
4685;228;89;47;sea_bohai_bay_139;x;
4686;105;172;216;sea_bohai_bay_140;x;
4687;42;73;129;sea_bohai_bay_141;x;
4688;179;154;68;sea_bohai_bay_142;x;
4689;91;228;135;sea_bohai_bay_143;x;
4690;126;49;202;sea_bohai_bay_144;x;
4691;33;197;86;sea_bohai_bay_145;x;
4692;168;92;221;sea_bohai_bay_146;x;
4693;54;135;77;sea_bohai_bay_147;x;
4694;201;68;148;sea_bohai_bay_148;x;
4695;89;183;39;sea_bohai_bay_149;x;
4696;137;44;195;sea_bohai_bay_150;x;
4697;82;176;49;sea_bohai_bay_151;x;
4698;157;33;198;sea_bohai_bay_152;x;
4699;29;208;121;sea_bohai_bay_153;x;
4700;194;67;92;sea_bohai_bay_154;x;
4701;73;145;227;sea_bohai_bay_155;x;
4702;136;98;58;sea_bohai_bay_156;x;
4703;211;44;183;sea_bohai_bay_157;x;
4704;95;179;34;sea_bohai_bay_158;x;
4705;168;62;205;sea_bohai_bay_159;x;
4706;52;224;139;sea_bohai_bay_160;x;
4707;183;87;76;sea_bohai_bay_161;x;
4708;124;156;219;sea_bohai_bay_162;x;
4709;41;99;168;sea_bohai_bay_163;x;
4710;197;38;105;sea_bohai_bay_164;x;
4711;68;213;47;sea_bohai_bay_165;x;
4712;152;71;192;sea_bohai_bay_166;x;
4713;172;87;237;PROVINCE_4723;x;
4714;216;55;234;sea_bohai_bay_168;x;
4715;33;188;126;sea_bohai_bay_169;x;
4716;178;92;61;sea_bohai_bay_170;x;
4717;107;219;148;sea_bohai_bay_171;x;
4718;62;77;195;sea_bohai_bay_172;x;
4719;163;173;77;PROVINCE_4729;x;
4720;173;46;227;PROVINCE_4730;x;
4721;236;86;162;sea_bohai_bay_175;x;
4722;198;3;88;BULUOJI;x;
4723;130;141;194;AIHAI;x;
4724;172;144;67;GUANGLUCHENG;x;
4725;4;147;195;YIYIZHE;x;
4726;46;150;68;GOULONG;x;
4727;88;153;196;WUMING_MOUNT;x;
4728;97;169;63;WUMING_MOUNT;x;
4729;0;13;237;river_heshui;x;
4730;92;197;165;river_heshui;x;
4731;160;122;103;river_heshui;x;
4732;88;168;71;BAOBI;x;
4733;130;171;199;HANNAN;x;
4734;172;174;72;river_hanshui;x;
4735;4;177;200;WUMING_MOUNT;x;
4736;46;180;73;WUMING_MOUNT;x;
4737;88;183;201;WUMING_MOUNT;x;
4738;130;186;74;WUMING_MOUNT;x;
4739;172;189;202;WUMING_MOUNT;x;
4740;4;192;75;WUMING_MOUNT;x;
4741;46;195;203;WUMING_MOUNT;x;
4742;88;198;76;WUMING_MOUNT;x;
4743;130;201;204;Desert;x;
4744;172;204;77;WUMING_MOUNT;x;
4745;4;207;205;WUMING_MOUNT;x;
4746;46;210;78;SHEN10;x;
4747;51;84;119;XIANG10;x;
4748;130;3;79;FAN10;x;
4749;85;84;61;THANG_LONG;x;
4750;153;225;161;MONGKAWNG;x;
4751;187;118;251;HSENWI;x;
4752;34;161;61;TRANG_AN;x;
4753;136;72;166;QUANG_YEN;x;
4754;187;84;56;ANBANG;x;
4755;0;213;116;VAN_DON;x;
4756;187;70;86;NAM_SACH;x;
4757;170;188;91;KHOAI_CHAU;x;
4758;238;193;211;THAI_BINH;x;
4759;187;151;96;HONG_CHAU;x;
4760;119;83;241;LANG_SON;x;
4761;187;111;141;THAI_NGUYEN;x;
4762;17;224;31;LANG_GIANG;x;
4763;204;135;131;BAO_LAC;x;
4764;68;108;56;QUANG_UYEN;x;
4765;238;178;141;BAC_THAI_NGUYEN;x;
4766;204;123;96;LOC_CHAU;x;
4767;187;225;171;THAT_NGUYEN;x;
4768;34;165;41;TUYEN_QUANG;x;
4769;102;52;156;VO_NHAI;x;
4770;238;49;241;TUYEN_HOA;x;
4771;51;221;151;VAN_KIEP;x;
4772;85;71;241;THIEN_TRUONG;x;
4773;136;83;241;THIEN_QUAN;x;
4774;187;135;131;TAM_DAI;x;
4775;238;199;206;CAM_HOA;x;
4776;17;169;46;BINH_NGUYEN;x;
4777;187;118;211;BINH_LAM;x;
4778;85;173;16;THU_VAT;x;
4779;204;123;66;DAI_MAN;x;
4780;204;144;216;BO_HAI_KHAU;x;
4781;170;58;146;MAINGKWAN;x;
4782;119;127;86;PUTAO;x;
4783;204;175;16;INJANGYANG;x;
4784;51;78;66;CO_DANG;x;
4785;17;217;86;NGA_LAC;x;
4786;34;231;46;QUAN_DA_CHAU;x;
4787;102;77;221;HUKAWNG;x;
4788;221;234;221;SUAMPRABON;x;
4789;221;92;106;NANLING;x;
4790;85;50;141;TAIPING_NINGGUO;x;
4791;136;69;236;TUNXI;x;
4792;102;50;141;XUANCHENG;x;
4793;119;50;141;NINGGUO;x;
4794;170;50;141;JINGDE;x;
4795;187;50;141;SHEXIAN;x;
4796;204;50;146;XIUNING;x;
4797;238;50;146;YIXIAN;x;
4798;187;65;251;QIMEN;x;
4799;173;67;52;PROVINCE_4809;x;
4800;85;50;151;WUYUAN_HUIZHOU;x;
4801;102;50;151;GUICHI;x;
4802;119;50;151;SHIDAI;x;
4803;136;50;151;QINGYANG;x;
4804;170;50;151;DONGLIU;x;
4805;153;50;191;FUYANG_HANGZHOU;x;
4806;204;50;191;HANGZHOU;x;
4807;238;50;191;LINAN;x;
4808;204;187;226;CHANGSHAN;x;
4809;102;159;76;KAIHUA;x;
4810;119;50;196;XIAN_QUZHOU;x;
4811;136;50;196;JIANDE;x;
4812;153;50;196;CHUNAN;x;
4813;136;50;186;SUIAN;x;
4814;221;50;191;TONGLU;x;
4815;173;120;77;PROVINCE_4827;x;
4816;173;135;223;PROVINCE_4828;x;
4817;221;50;201;JINYUN;x;
4818;173;141;159;PROVINCE_4830;x;
4819;153;65;6;SONGYANG;x;
4820;136;83;231;QINGTIAN;x;
4821;238;50;231;MINGHE;x;
4822;173;155;91;PROVINCE_4834;x;
4823;102;50;206;LISHUI;x;
4824;119;50;206;LUOYANG_WENZHOU;x;
4825;136;50;206;RUIAN;x;
4826;119;81;206;DAXUE;x;
4827;153;50;206;SHUANGXI;x;
4828;170;146;146;YONGJIA;x;
4829;170;50;206;PINGYANG;x;
4830;187;50;211;YUEQING;x;
4831;34;199;131;WENLING;x;
4832;204;50;211;YONGKANG;x;
4833;221;50;211;WUYI_JINHUA;x;
4834;238;50;211;PUJIANG;x;
4835;34;176;61;LANXI;x;
4836;187;202;76;YIWU;x;
4837;170;219;176;DONGYANG;x;
4838;187;203;141;JINHUA;x;
4839;102;50;216;XIAOSHAN;x;
4840;119;50;216;YUYAO;x;
4841;136;50;216;SHANGYU;x;
4842;153;50;216;SHENGXIAN;x;
4843;170;50;216;XINCHANG;x;
4844;187;50;216;ZHUJI;x;
4845;204;50;221;SHAOXING;x;
4846;0;102;96;XIANGSHAN;x;
4847;238;50;221;YINXIAN;x;
4848;136;144;141;FENGHUA;x;
4849;68;214;36;CHANGGUO;x;
4850;0;186;56;DINGHAI;x;
4851;34;153;96;CIXI;x;
4852;119;50;226;XIANZHU;x;
4853;136;50;226;NINGHAI;x;
4854;153;50;226;LINHAI;x;
4855;170;50;226;XIANJU;x;
4856;187;50;226;TIANTAI;x;
4857;204;50;226;HUANGYAN;x;
4858;51;217;161;TAINING;x;
4859;187;76;61;JIANNING;x;
4860;153;96;31;SHAOWU;x;
4861;102;149;46;GUANGZE;x;
4862;17;100;91;CHONGAN;x;
4863;119;139;66;JIANYANG;x;
4864;136;66;126;PUCHENG_JIANNING;x;
4865;187;105;156;SONGXI;x;
4866;221;151;106;ZHENGHE;x;
4867;238;201;146;OUNING;x;
4868;204;204;11;JIANAN;x;
4869;51;134;156;YONGFU_FUZHOU;x;
4870;153;223;181;CHANGLE_FUJIAN;x;
4871;102;166;106;FUAN;x;
4872;51;221;86;FUQING;x;
4873;170;183;191;LIANJIANG;x;
4874;51;174;126;LUOYUAN;x;
4875;0;211;111;MINQING;x;
4876;119;48;131;CHANGSHI;x;
4877;221;94;66;GUTIAN;x;
4878;187;198;36;NINGDE;x;
4879;187;236;1;HOUGUAN;x;
4880;238;226;31;MINXIAN;x;
4881;51;171;16;XIANYOU;x;
4882;238;112;221;PUTIAN;x;
4883;187;144;246;JIANGLE;x;
4884;17;129;81;NANPING;x;
4885;51;51;41;SHUNCHANG;x;
4886;187;212;51;YONGAN_SHA;x;
4887;51;139;56;SHAXIAN;x;
4888;119;111;96;YOUXI;x;
4889;238;234;1;DATIAN;x;
4890;153;57;241;MINGXI;x;
4891;187;147;91;NINGHUA_TINGZHOU;x;
4892;119;55;31;CHANGTING;x;
4893;221;139;136;WUPING;x;
4894;68;234;26;LIANCHENG;x;
4895;238;68;136;QINGLIU;x;
4896;136;200;106;SHANGHANG;x;
4897;85;62;166;YONGDING_SHANGHANG;x;
4898;221;228;216;NANAN_QUANZHOU;x;
4899;136;233;66;HUIAN;x;
4900;238;68;166;ANXI;x;
4901;68;235;91;YONGCHUN;x;
4902;136;105;121;DEHUA;x;
4903;136;179;181;TONGAN;x;
4904;0;102;21;JINJIANG;x;
4905;170;75;251;CHANGTAI;x;
4906;68;229;86;LONGXI;x;
4907;136;48;161;HUAFENG;x;
4908;153;235;46;ZHANGPU;x;
4909;187;116;51;ZHAOAN;x;
4910;153;167;206;NANSHENG;x;
4911;173;234;38;PROVINCE_4923;x;
4912;0;211;91;ZHANGPING;x;
4913;238;127;166;PINGHE;x;
4914;170;166;156;XINFENG;x;
4915;221;67;241;NINGDU;x;
4916;102;188;136;QIANHUA;x;
4917;204;151;31;YUDU;x;
4918;153;239;26;XINGGUO;x;
4919;119;165;41;RUIJIN;x;
4920;238;124;31;HUICHANG;x;
4921;85;239;106;SHICHENG_NINGDU;x;
4922;119;107;201;GANXIAN;x;
4923;170;182;106;ANYUAN_DINGNAN;x;
4924;204;167;251;CHANGNING_ANYUAN;x;
4925;34;165;61;DINGNAN;x;
4926;119;74;111;LONGNAN;x;
4927;170;209;116;CHONGYI;x;
4928;102;213;151;SHANGYOU;x;
4929;187;52;181;NANKANG;x;
4930;34;204;16;DAYU;x;
4931;221;166;121;YONGNING_TAIHE;x;
4932;136;145;46;JISHUI;x;
4933;221;152;231;YONGFENG_JIAN;x;
4934;68;79;16;TAIHE_TAIHE;x;
4935;34;82;81;LONGQUAN_TAIHE;x;
4936;187;140;241;WANAN;x;
4937;51;171;46;ANFU_JIAN;x;
4938;0;221;71;LULING;x;
4939;102;88;96;FUTIAN;x;
4940;136;140;171;YONGXIN;x;
4941;204;212;61;LINCHUAN;x;
4942;17;175;41;NANFENG;x;
4943;34;108;1;CHONGREN;x;
4944;51;133;51;LEAN_FUZHOU;x;
4945;221;215;106;YIHUANG;x;
4946;238;99;221;JINXI;x;
4947;119;55;241;GUANGCHANG;x;
4948;102;133;121;NANCHENG;x;
4949;68;141;71;DONGXIANG;x;
4950;0;172;126;XINCHENG_JIANCHANG;x;
4951;170;204;11;LEPING;x;
4952;34;182;136;ANREN_RAOZHOU;x;
4953;238;212;31;DEXING;x;
4954;221;72;106;YUSHAN_GUANGXIN;x;
4955;85;228;31;YANSHAN_GUANGXIN;x;
4956;238;201;136;YUGAN;x;
4957;68;119;121;FULIANG;x;
4958;34;149;56;SHANGRAO;x;
4959;119;131;151;YIYANG_GUANGXIN;x;
4960;51;170;86;POYANG;x;
4961;170;48;171;SHIMEN_POYANG;x;
4962;221;54;196;WANNIAN;x;
4963;51;235;146;YONGFENG;x;
4964;102;170;116;PINGXIANG;x;
4965;119;107;181;XINYU;x;
4966;153;232;11;FENYI;x;
4967;221;57;231;YICHUN;x;
4968;153;189;11;QINGJIANG;x;
4969;119;174;81;GAOAN;x;
4970;221;82;131;WANZAI;x;
4971;170;136;231;SHANGGAO;x;
4972;153;99;126;XINCHANG_YIFENG;x;
4973;221;218;6;XINGAN_LINJIANG;x;
4974;238;174;141;XINJIAN;x;
4975;119;228;41;JINXIAN;x;
4976;85;172;121;FENNING;x;
4977;221;120;51;FENGCHENG_FENGCHENG;x;
4978;68;70;121;JINGAN;x;
4979;221;79;201;TONGGU;x;
4980;187;103;171;NANCHANG;x;
4981;238;123;76;FENGXIN;x;
4982;221;98;51;ANYI;x;
4983;170;123;76;DEAN;x;
4984;238;219;186;XINGZI;x;
4985;68;235;146;DUCHANG;x;
4986;119;88;66;HUKOU;x;
4987;170;190;116;RUICHANG;x;
4988;153;58;201;GUANGJI;x;
4989;187;199;221;QISHUI;x;
4990;170;144;141;QICHUN;x;
4991;85;85;1;HUANGGANG;x;
4992;136;92;111;XIANNING;x;
4993;136;105;176;PUQI;x;
4994;119;180;76;TONGCHENG_WUCHANG;x;
4995;102;103;156;CHONGYANG;x;
4996;102;64;116;TONGSHAN;x;
4997;187;206;66;YONGXING_XINGGUO;x;
4998;238;140;201;WUCHANG;x;
4999;51;182;46;DAYE;x;
5000;119;230;236;RONGMEI;x;
5001;102;188;126;GUZHANG;x;
5002;119;231;106;SHANGXI;x;
5003;204;190;106;YONGSHUN_YONGSHUN;x;
5004;68;60;141;BAOJING;x;
5005;51;222;26;WUZHAI;x;
5006;170;176;121;QIANYANG_YUANZHOU;x;
5007;51;102;81;YUANLING;x;
5008;170;130;191;MADI_YUANLING;x;
5009;238;199;216;XUPU;x;
5010;51;58;151;MAYANG;x;
5011;221;144;201;CHENXI;x;
5012;85;198;76;HUAIHUA;x;
5013;187;221;136;LUYANG;x;
5014;153;52;196;LUXI;x;
5015;51;133;91;LINXIANG;x;
5016;187;173;46;PINGJIANG;x;
5017;102;171;16;CHANGSHOU_PINGJIANG;x;
5018;204;88;51;WULING;x;
5019;102;131;141;ANXIANG;x;
5020;153;227;81;LONGYANG;x;
5021;34;119;166;TAOYUAN;x;
5022;221;86;66;YUANNAN;x;
5023;119;224;36;SHIMEN;x;
5024;0;209;121;TIANPING;x;
5025;17;208;86;YUANJIANG;x;
5026;17;186;116;BALING;x;
5027;170;225;141;HUARONG;x;
5028;68;212;81;LIYANG_LIZHOU;x;
5029;221;164;181;ANFU_LI;x;
5030;51;169;46;CILI;x;
5031;68;84;61;SHIXI;x;
5032;221;222;201;DAYONG;x;
5033;85;182;36;SUINING_JING;x;
5034;102;180;76;XINNING_WUGANG;x;
5035;34;201;176;YONGPING;x;
5036;187;173;201;TONGDAO;x;
5037;0;136;226;BAICANG;x;
5038;136;138;156;LONGHUI;x;
5039;34;167;11;BAIMA;x;
5040;0;164;106;SHAOYANG;x;
5041;174;18;127;PROVINCE_5057;x;
5042;136;187;6;XINHUA;x;
5043;204;227;161;SUXI;x;
5044;153;152;191;HUITONG;x;
5045;85;227;116;TIANZHU;x;
5046;0;119;71;LIUYANG;x;
5047;170;53;16;YONGAN_YOUZHOU;x;
5048;68;229;76;NINGXIANG;x;
5049;187;240;156;YOUZHOU;x;
5050;153;88;126;CHALING;x;
5051;17;104;96;LILING;x;
5052;85;62;121;DONGPING;x;
5053;136;169;1;ANHUA_ANHUA;x;
5054;34;145;61;XIANGTAN;x;
5055;153;55;71;LUKOU;x;
5056;221;105;111;XIANGXIANG;x;
5057;17;220;26;LOUDI;x;
5058;187;129;81;YONGFENG_XIANGXIANG;x;
5059;153;99;151;XIANGYIN;x;
5060;187;85;166;QIAOKOU;x;
5061;238;224;246;CHANGSHA;x;
5062;136;108;86;LINGXIAN;x;
5063;221;169;26;CHANGNING;x;
5064;204;115;91;LEIYANG;x;
5065;51;149;86;XINNING_CHEN;x;
5066;34;192;81;PINGYANG_GUIYANG;x;
5067;119;180;86;YONGXING;x;
5068;102;142;161;YIZHANG;x;
5069;68;116;21;GUIYANG_CHENZHOU;x;
5070;34;120;6;ANREN;x;
5071;17;223;101;DONGAN_YONGZHOU;x;
5072;51;218;46;YINGDAO;x;
5073;238;162;191;YONGMING;x;
5074;204;234;246;JIANGHUA;x;
5075;187;65;216;LANSHAN;x;
5076;119;232;11;HENGYANG;x;
5077;119;212;26;XINCHENG;x;
5078;68;186;31;GUIYANG_HENGYANG;x;
5079;17;125;126;HENGSHAN;x;
5080;153;167;221;CHENYANG;x;
5081;85;106;41;LINWU;x;
5082;102;223;131;LINGLING;x;
5083;51;111;91;LENGSHUITAN;x;
5084;136;69;211;NINGYUAN;x;
5085;187;239;81;BASAI;x;
5086;187;237;131;KETAGALAN;x;
5087;170;153;66;KULUN;x;
5088;85;100;66;TAOKAS;x;
5089;119;103;221;PAPORA;x;
5090;85;75;246;BABUZA;x;
5091;68;210;46;ARIKUN;x;
5092;0;94;1;AMIS;x;
5093;204;62;121;LLOA;x;
5094;187;148;231;SIRAYA;x;
5095;170;191;211;MAKATAO;x;
5096;136;111;131;PAIWAN;x;
5097;136;81;26;JIULINGSHAN;x;
5098;174;97;79;PROVINCE_5115;x;
5099;136;236;206;DONGTING_LAKE;x;
5100;170;64;141;GUANGZHOU;x;
5101;204;102;96;SHUNDE;x;
5102;136;123;76;QINGYUAN;x;
5103;221;175;26;HUIQI;x;
5104;221;207;131;YANGSHAN;x;
5105;34;139;131;LIANSHAN;x;
5106;221;209;111;PANYU;x;
5107;51;61;51;XINFENG_PANYU;x;
5108;153;237;111;CONGHUA;x;
5109;85;70;121;NANHAI;x;
5110;51;64;151;ZHENGCHENG;x;
5111;68;129;131;LONGMEN;x;
5112;187;224;1;DONGGUAN;x;
5113;170;143;21;BAOAN_DONGGUAN;x;
5114;85;64;166;GUANFU;x;
5115;17;239;121;XIANGSHAN_XINHUI;x;
5116;17;240;151;XINHUI;x;
5117;85;108;66;GUANGHAI;x;
5118;238;220;231;LIANNAN;x;
5119;170;196;6;LIANZHOU;x;
5120;238;237;76;SHIXING;x;
5121;170;56;146;BAOCHANG_NANXIONG;x;
5122;34;163;21;RENHUA;x;
5123;0;227;76;LECHANG;x;
5124;34;102;241;WENGYUAN;x;
5125;170;115;111;RUYUAN;x;
5126;170;92;66;BOLUO;x;
5127;34;233;61;CHANGLE_XUNZHOU;x;
5128;102;117;86;XINGNING;x;
5129;170;149;41;LONGCHUAN_XUNZHOU;x;
5130;136;47;106;YINGDE;x;
5131;34;96;31;HANGUANG;x;
5132;153;117;176;QUJIANG;x;
5133;102;134;16;MENGLI;x;
5134;17;58;186;HAIYANG;x;
5135;170;170;156;SANRAO;x;
5136;85;217;91;SANHE_CHAOZHOU;x;
5137;204;90;71;PANTIAN;x;
5138;187;66;126;CHAOYANG;x;
5139;34;190;76;PUNING;x;
5140;238;202;51;HUILAI;x;
5141;0;141;41;JIEYANG;x;
5142;204;111;96;GUISHAN;x;
5143;153;90;21;ZUOKENG;x;
5144;204;210;241;PINGSHAN_HUIYANG;x;
5145;85;167;61;KHUZHUPAI;x;
5146;85;60;111;QINJIANG;x;
5147;34;229;76;CHENGXIANG;x;
5148;204;174;116;PINGYUAN_MEI;x;
5149;238;86;56;HAIFENG;x;
5150;34;202;16;LUFENG_HAIFENG;x;
5151;187;107;196;HEYUAN;x;
5152;187;142;211;LANKOU;x;
5153;51;106;21;HEPING;x;
5154;51;229;76;LIANPING;x;
5155;85;97;236;SHICHENG;x;
5156;187;202;66;XINYI_GAOZHOU;x;
5157;221;52;131;BAONING;x;
5158;204;65;16;SHILONG;x;
5159;153;93;151;SIHUI;x;
5160;204;91;246;GUANGNING_ZHAOQING;x;
5161;0;84;56;DUANXI;x;
5162;238;175;31;YANGCHUN;x;
5163;204;225;76;GULIANG;x;
5164;51;88;121;GAOYAO;x;
5165;102;219;146;SANSHUI;x;
5166;187;99;156;GAOMING;x;
5167;170;111;141;YANGJIANG;x;
5168;0;143;21;ENPING;x;
5169;204;137;101;DULING;x;
5170;119;72;156;JINKANG;x;
5171;238;179;241;DUCHENG;x;
5172;102;219;136;SHUANGSHUI;x;
5173;238;152;181;WUCHUAN_HUAZHOU;x;
5174;51;186;146;MAOMING;x;
5175;34;120;26;DIANBAI;x;
5176;204;167;16;FENGCHUAN;x;
5177;0;130;16;HEPU;x;
5178;68;109;206;ANYUAN_LIANZHOU;x;
5179;238;57;46;XIAODONG;x;
5180;204;200;31;RUXI;x;
5181;51;145;61;GAOYANG;x;
5182;187;172;151;LINGSHAN;x;
5183;238;124;1;SUIXI;x;
5184;136;202;11;XUWEN;x;
5185;153;180;151;HAIKANG;x;
5186;204;227;111;ZHANCHUAN;x;
5187;238;81;231;QINGDAO;x;
5188;17;59;231;WENCHANG;x;
5189;187;82;56;WANAN_WANANJUN;x;
5190;102;231;56;DINGAN;x;
5191;17;107;186;CHENGMAI;x;
5192;85;170;111;LINGAO;x;
5193;17;228;26;YILUN;x;
5194;0;212;16;LINGSHUI;x;
5195;221;209;196;QIONGSHAN;x;
5196;102;121;66;LEHUI;x;
5197;170;57;241;SHUIHUI;x;
5198;221;98;251;NINGYUAN_WANANJUN;x;
5199;221;190;36;GANEN;x;
5200;51;167;31;YANDE;x;
5201;153;81;181;CHANGHUA;x;
5202;136;233;151;LIMUSHAN;x;
5203;0;225;96;HUAIJI;x;
5204;187;97;121;GONGCHENG;x;
5205;68;211;151;CENXI;x;
5206;136;233;86;TANJIN;x;
5207;204;85;206;WUTUN;x;
5208;119;114;61;LINHE;x;
5209;170;94;36;GUILING;x;
5210;102;98;66;FENGCHENG;x;
5211;238;183;166;NANLIU;x;
5212;221;219;91;GUIPING;x;
5213;170;74;141;LUOXIU;x;
5214;204;51;41;PINGNAN;x;
5215;136;138;246;PUNING_RONGZHOU;x;
5216;170;152;151;BEILIU;x;
5217;51;120;36;LUCHUAN_RONGZHOU;x;
5218;204;172;151;BOBAI;x;
5219;221;204;51;SHAHE_BOBAI;x;
5220;0;231;81;CANGWU;x;
5221;187;236;226;RONGCHENG;x;
5222;170;174;111;PINGLE;x;
5223;102;66;151;GUIZHOU_XUNZHOU;x;
5224;34;212;71;WATANG;x;
5225;238;193;156;LONGPING_PINGLE;x;
5226;136;239;31;FUCHUAN;x;
5227;34;148;196;LIUCHENG;x;
5228;221;133;116;YANGSHUO;x;
5229;102;180;151;LINGFANG;x;
5230;187;77;201;SHANGLIN;x;
5231;204;93;236;YANGSHOU;x;
5232;119;83;251;WUXIAN_LIUZHOU;x;
5233;85;231;111;HUAIYUAN_RONGZHOU;x;
5234;85;180;131;DAYAOSHAN;x;
5235;238;194;116;LISHAN_PINGLE;x;
5236;136;118;21;LINGCHUAN;x;
5237;136;94;121;QINGXIANG;x;
5238;119;210;11;XIYAN;x;
5239;238;103;181;LIUPU;x;
5240;153;219;116;GUANYANG;x;
5241;102;199;161;YINING;x;
5242;187;182;66;LIPU;x;
5243;102;125;101;MAPING;x;
5244;119;105;186;LINGUI;x;
5245;170;117;136;CHANGAN;x;
5246;187;111;171;TONGDAO_RONGZHOU;x;
5247;238;237;56;RONGSHUI;x;
5248;51;113;136;XINGAN;x;
5249;221;68;176;YONGFU;x;
5250;221;134;161;QIANJIANG_BINZHOU;x;
5251;221;190;71;LAIBIN;x;
5252;136;186;101;LUORONG;x;
5253;170;63;6;LUOCHENG;x;
5254;170;85;216;XINCHENG_XINCHENG;x;
5255;204;214;236;HECHI;x;
5256;34;172;61;YISHAN;x;
5257;136;129;96;SIEN;x;
5258;238;131;91;ANHUA_HUANJIANG;x;
5259;238;62;106;NINGPU;x;
5260;68;61;36;WUYUAN_NANNING;x;
5261;204;73;36;YONGNING_HENGZHOU;x;
5262;204;121;61;QIANLONG;x;
5263;153;222;21;BAISHAN;x;
5264;238;210;241;DUYANG;x;
5265;0;128;26;ANDING_MASHAN;x;
5266;153;216;6;YONGSHUN;x;
5267;34;116;11;XUANHUA_NANNING;x;
5268;102;71;216;LANGNING;x;
5269;187;112;246;SICHENG;x;
5270;85;165;21;LUCHENG;x;
5271;238;185;21;XILIN;x;
5272;187;129;41;BAISE;x;
5273;204;219;71;TANGXING;x;
5274;68;166;81;LAIAN_TIANZHOU;x;
5275;238;164;126;GUISHUN;x;
5276;153;61;11;TIANZHOU;x;
5277;221;126;251;ZHENAN_GUISHUN;x;
5278;17;223;81;DOUKANG;x;
5279;187;68;81;SIENZHOU;x;
5280;136;187;186;PINGXIANG_PINGXIANG;x;
5281;153;240;191;SHANGSI;x;
5282;204;64;166;GUWAN;x;
5283;238;103;151;CHONGSHAN;x;
5284;68;136;161;MINGYING;x;
5285;221;78;91;SIMING;x;
5286;119;127;136;QIANLONG_SIMING;x;
5287;238;240;216;LONGZHOU_LONGZHOU;x;
5288;221;237;141;QIONGSHUI;x;
5289;221;115;141;ZHENYUAN_SIZHOU;x;
5290;102;202;76;WUCHUAN_SINAN;x;
5291;238;67;36;DEJIANG;x;
5292;204;179;26;LONGQUANPING;x;
5293;17;102;81;TONGREN;x;
5294;187;127;51;YANHE;x;
5295;51;73;251;SHUITEJIANG;x;
5296;119;64;101;WULUO;x;
5297;17;109;121;PANQIAO;x;
5298;17;88;56;TIXI;x;
5299;102;133;111;SHIQIAN;x;
5300;68;225;61;TAIPENGRUODONG;x;
5301;85;98;56;LIPING;x;
5302;221;61;246;YONGCONG;x;
5303;174;210;120;PROVINCE_5320;x;
5304;174;224;97;PROVINCE_5321;x;
5305;85;109;181;XIAJIANG;x;
5306;0;119;131;GUZHOU;x;
5307;0;233;101;LANTU;x;
5308;102;55;51;PINGYUE;x;
5309;153;102;91;DAFANG;x;
5310;102;60;151;JINJI;x;
5311;221;175;21;GUANGNAN;x;
5312;85;109;151;SHIZONG;x;
5313;68;97;131;MILE;x;
5314;119;86;21;GUANGXI;x;
5315;136;62;121;QIUBEI;x;
5316;204;230;6;WUCAO;x;
5317;136;149;51;JIAOHUA;x;
5318;204;91;201;JIAHA;x;
5319;170;182;116;WEIMO;x;
5320;153;169;21;BAZHAI;x;
5321;204;49;71;AMI;x;
5322;221;179;251;MALONG_QUJING;x;
5323;187;49;241;LULIANG;x;
5324;221;125;76;HEQU_WUDING;x;
5325;34;69;16;RENDE;x;
5326;17;170;101;YUANMOU;x;
5327;238;86;76;LUQUAN;x;
5328;0;84;31;CHENGGONG;x;
5329;102;214;36;YILIANG;x;
5330;153;54;131;SONGMING;x;
5331;153;113;176;HEYANG;x;
5332;170;148;166;LUNAN;x;
5333;187;211;171;BEISHENG;x;
5334;238;61;31;JINSHAJIANG;x;
5335;187;179;251;NINGFAN;x;
5336;17;186;51;DAYAO;x;
5337;17;151;81;JUQUE;x;
5338;51;71;206;LANGQU;x;
5339;119;74;101;YONGNING_BAISHENG;x;
5340;51;151;36;ZHIZILUO;x;
5341;221;126;36;ZHULUO;x;
5342;153;59;56;DUYANGSHAN;x;
5343;187;84;91;NANLING4;x;
5344;204;126;36;WALONG;x;
5345;68;203;156;YOUYANG;x;
5346;136;153;101;XIUSHAN;x;
5347;0;63;66;QIANJIANG_SHAOQING;x;
5348;153;140;181;PENGSHUI;x;
5349;187;90;96;HEJIANG;x;
5350;68;55;246;JIANGAN;x;
5351;68;103;191;NANXI;x;
5352;68;152;186;YUNLIAN;x;
5353;204;114;16;LUOJI;x;
5354;0;233;116;RONGXIAN;x;
5355;187;81;181;YIBIN;x;
5356;51;84;126;QINGFU;x;
5357;51;70;156;GULIN;x;
5358;17;163;51;ZHEHAI;x;
5359;17;126;181;QIAOJIA;x;
5360;51;124;11;TANGDAN;x;
5361;34;161;251;HEIZHANG;x;
5362;153;107;106;LUOJIAO;x;
5363;221;111;86;BAINI;x;
5364;85;115;106;RONGSHAN;x;
5365;204;106;226;WENGSHUI;x;
5366;153;167;231;BOZHOU;x;
5367;51;106;56;SHAXI;x;
5368;238;60;106;ZIZHOU;x;
5369;85;101;131;RENHUAI;x;
5370;119;63;241;BOCHUAN;x;
5371;17;224;6;ZHENGAN;x;
5372;204;151;86;SUIYANG;x;
5373;85;171;56;HUANGPING;x;
5374;187;117;111;WUMENG;x;
5375;204;237;131;LUOZUOGUAN;x;
5376;0;179;206;DAGUAN;x;
5377;85;222;1;YONGSHAN;x;
5378;136;229;71;MAHU;x;
5379;34;102;31;PUGE;x;
5380;0;116;11;HUILI;x;
5381;17;161;61;KUOZHOU;x;
5382;119;165;216;DANLENG;x;
5383;187;136;206;JIAJIANG;x;
5384;170;182;76;NOADIHANG;x;
5385;0;0;1;PROVINCE_5402;x;
5386;1;1;0;PROVINCE_5404;x;
5387;1;1;1;PROVINCE_5405;x;
5388;0;144;157;PROVINCE_5407;x;
5389;0;207;180;PROVINCE_5408;x;
5390;1;15;143;PROVINCE_5410;x;
5391;1;30;18;PROVINCE_5411;x;
5392;1;217;174;PROVINCE_5412;x;
5393;2;86;207;PROVINCE_5413;x;
5394;2;165;158;PROVINCE_5414;x;
5395;3;34;191;PROVINCE_5415;x;
5396;3;238;175;PROVINCE_5416;x;
5397;4;107;208;PROVINCE_5417;x;
5398;4;186;159;PROVINCE_5418;x;
5399;4;235;230;PROVINCE_5419;x;
5400;5;55;192;PROVINCE_5420;x;
5401;6;3;176;PROVINCE_5421;x;
5402;7;201;226;PROVINCE_5424;x;
5403;8;24;177;PROVINCE_5425;x;
5404;8;32;19;PROVINCE_5426;x;
5405;8;149;210;PROVINCE_5427;x;
5406;9;46;41;PROVINCE_5428;x;
5407;9;97;194;PROVINCE_5429;x;
5408;9;222;227;PROVINCE_5430;x;
5409;10;45;178;PROVINCE_5431;x;
5410;10;170;211;PROVINCE_5432;x;
5411;11;39;244;PROVINCE_5434;x;
5412;11;44;25;PROVINCE_5435;x;
5413;11;104;39;PROVINCE_5436;x;
5414;11;118;195;PROVINCE_5437;x;
5415;11;243;228;PROVINCE_5438;x;
5416;12;12;226;PROVINCE_5439;x;
5417;12;75;7;PROVINCE_5440;x;
5418;12;191;212;PROVINCE_5441;x;
5419;13;60;245;PROVINCE_5442;x;
5420;13;139;196;PROVINCE_5443;x;
5421;14;8;229;PROVINCE_5444;x;
5422;14;78;208;PROVINCE_5445;x;
5423;14;212;213;PROVINCE_5446;x;
5424;15;81;246;PROVINCE_5447;x;
5425;16;29;230;PROVINCE_5448;x;
5426;16;91;160;PROVINCE_5452;x;
5427;16;111;223;PROVINCE_5454;x;
5428;16;155;7;PROVINCE_5455;x;
5429;16;228;16;PROVINCE_5457;x;
5430;16;232;43;PROVINCE_5458;x;
5431;16;232;164;PROVINCE_5459;x;
5432;16;233;214;PROVINCE_5460;x;
5433;17;37;157;PROVINCE_5461;x;
5434;17;102;247;PROVINCE_5463;x;
5435;17;169;214;PROVINCE_5465;x;
5436;18;21;27;PROVINCE_5466;x;
5437;18;50;231;PROVINCE_5468;x;
5438;18;65;161;PROVINCE_5469;x;
5439;18;90;148;PROVINCE_5470;x;
5440;18;167;87;PROVINCE_5471;x;
5441;18;176;8;PROVINCE_5472;x;
5442;19;34;63;PROVINCE_5473;x;
5443;19;34;145;PROVINCE_5474;x;
5444;19;110;157;PROVINCE_5475;x;
5445;19;123;248;PROVINCE_5476;x;
5446;19;158;26;PROVINCE_5477;x;
5447;19;222;124;PROVINCE_5478;x;
5448;19;249;25;PROVINCE_5479;x;
5449;20;15;20;PROVINCE_5480;x;
5450;20;35;89;PROVINCE_5481;x;
5451;20;39;34;PROVINCE_5482;x;
5452;20;71;232;PROVINCE_5483;x;
5453;20;80;43;PROVINCE_5484;x;
5454;20;106;22;PROVINCE_5485;x;
5455;20;126;144;PROVINCE_5486;x;
5456;20;144;160;PROVINCE_5487;x;
5457;20;168;161;PROVINCE_5488;x;
5458;20;197;9;PROVINCE_5489;x;
5459;21;84;45;PROVINCE_5490;x;
5460;21;101;235;PROVINCE_5491;x;
5461;21;110;163;PROVINCE_5492;x;
5462;21;144;249;PROVINCE_5493;x;
5463;21;154;83;PROVINCE_5494;x;
5464;21;231;162;PROVINCE_5495;x;
5465;22;92;233;PROVINCE_5496;x;
5466;22;173;154;PROVINCE_5497;x;
5467;22;218;10;PROVINCE_5498;x;
5468;22;233;175;PROVINCE_5499;x;
5469;23;24;147;PROVINCE_5500;x;
5470;23;149;228;PROVINCE_5501;x;
5471;23;165;250;PROVINCE_5503;x;
5472;23;246;34;PROVINCE_5504;x;
5473;24;47;230;PROVINCE_5505;x;
5474;24;95;80;PROVINCE_5506;x;
5475;24;96;51;PROVINCE_5507;x;
5476;24;192;22;PROVINCE_5508;x;
5477;24;239;11;PROVINCE_5509;x;
5478;25;25;85;PROVINCE_5510;x;
5479;25;25;125;PROVINCE_5511;x;
5480;25;26;125;PROVINCE_5512;x;
5481;25;59;26;PROVINCE_5513;x;
5482;25;108;44;PROVINCE_5515;x;
5483;25;155;218;PROVINCE_5516;x;
5484;25;166;24;PROVINCE_5517;x;
5485;25;186;251;PROVINCE_5518;x;
5486;25;217;211;PROVINCE_5519;x;
5487;25;220;227;PROVINCE_5520;x;
5488;26;46;37;PROVINCE_5521;x;
5489;26;108;121;PROVINCE_5522;x;
5490;26;147;80;PROVINCE_5523;x;
5491;26;153;23;PROVINCE_5524;x;
5492;27;26;14;PROVINCE_5525;x;
5493;27;46;37;PROVINCE_5526;x;
5494;27;110;43;PROVINCE_5527;x;
5495;27;129;45;PROVINCE_5528;x;
5496;27;153;66;PROVINCE_5529;x;
5497;27;207;252;PROVINCE_5530;x;
5498;27;211;54;PROVINCE_5531;x;
5499;28;72;220;PROVINCE_5532;x;
5500;28;90;104;PROVINCE_5533;x;
5501;28;145;63;PROVINCE_5534;x;
5502;29;39;60;PROVINCE_5535;x;
5503;29;41;86;PROVINCE_5536;x;
5504;29;84;35;PROVINCE_5537;x;
5505;29;102;81;PROVINCE_5538;x;
5506;29;150;46;PROVINCE_5539;x;
5507;29;207;84;PROVINCE_5540;x;
5508;30;16;93;PROVINCE_5541;x;
5509;30;20;81;PROVINCE_5542;x;
5510;30;22;16;PROVINCE_5543;x;
5511;30;28;84;PROVINCE_5544;x;
5512;30;30;148;PROVINCE_5545;x;
5513;30;32;18;PROVINCE_5546;x;
5514;30;46;89;PROVINCE_5547;x;
5515;30;55;139;PROVINCE_5548;x;
5516;30;66;187;PROVINCE_5549;x;
5517;30;80;26;PROVINCE_5550;x;
5518;30;85;78;PROVINCE_5551;x;
5519;30;86;162;PROVINCE_5552;x;
5520;30;92;154;PROVINCE_5553;x;
5521;30;96;218;PROVINCE_5554;x;
5522;30;98;30;PROVINCE_5555;x;
5523;31;22;90;PROVINCE_5557;x;
5524;31;39;9;PROVINCE_5558;x;
5525;31;124;63;PROVINCE_5559;x;
5526;31;171;47;PROVINCE_5560;x;
5527;31;194;39;PROVINCE_5561;x;
5528;32;32;110;PROVINCE_5562;x;
5529;32;38;228;PROVINCE_5563;x;
5530;32;80;106;PROVINCE_5564;x;
5531;32;119;31;PROVINCE_5565;x;
5532;32;120;59;PROVINCE_5566;x;
5533;32;149;153;PROVINCE_5567;x;
5534;32;236;230;PROVINCE_5568;x;
5535;32;244;64;PROVINCE_5569;x;
5536;33;23;157;PROVINCE_5570;x;
5537;33;38;54;PROVINCE_5571;x;
5538;33;57;142;PROVINCE_5572;x;
5539;33;81;59;PROVINCE_5573;x;
5540;33;89;43;PROVINCE_5574;x;
5541;33;105;235;PROVINCE_5575;x;
5542;33;108;149;PROVINCE_5576;x;
5543;33;192;48;PROVINCE_5577;x;
5544;34;110;173;PROVINCE_5578;x;
5545;34;176;41;PROVINCE_5579;x;
5546;34;195;42;PROVINCE_5580;x;
5547;35;35;54;PROVINCE_5581;x;
5548;35;46;66;PROVINCE_5582;x;
5549;35;47;73;PROVINCE_5583;x;
5550;35;69;186;PROVINCE_5584;x;
5551;35;86;63;PROVINCE_5585;x;
5552;35;97;95;PROVINCE_5586;x;
5553;35;213;49;PROVINCE_5587;x;
5554;36;38;170;PROVINCE_5588;x;
5555;36;45;166;PROVINCE_5589;x;
5556;36;92;80;PROVINCE_5591;x;
5557;36;99;81;PROVINCE_5592;x;
5558;36;155;209;PROVINCE_5593;x;
5559;36;161;33;PROVINCE_5595;x;
5560;37;56;36;PROVINCE_5596;x;
5561;37;90;88;PROVINCE_5597;x;
5562;37;194;85;PROVINCE_5598;x;
5563;37;224;63;PROVINCE_5599;x;
5564;38;25;53;PROVINCE_5601;x;
5565;38;36;109;PROVINCE_5602;x;
5566;38;49;72;PROVINCE_5603;x;
5567;38;49;86;PROVINCE_5604;x;
5568;38;72;191;PROVINCE_5605;x;
5569;38;77;77;PROVINCE_5606;x;
5570;38;80;32;PROVINCE_5607;x;
5571;38;103;83;PROVINCE_5608;x;
5572;38;120;63;PROVINCE_5609;x;
5573;39;39;74;PROVINCE_5610;x;
5574;39;105;224;PROVINCE_5611;x;
5575;39;154;150;PROVINCE_5612;x;
5576;39;176;100;PROVINCE_5613;x;
5577;39;222;103;PROVINCE_5614;x;
5578;39;255;51;PROVINCE_5615;x;
5579;40;30;20;PROVINCE_5617;x;
5580;40;81;214;PROVINCE_5618;x;
5581;40;83;42;PROVINCE_5619;x;
5582;40;124;84;PROVINCE_5620;x;
5583;41;29;34;PROVINCE_5621;x;
5584;41;34;17;PROVINCE_5622;x;
5585;41;41;115;PROVINCE_5623;x;
5586;41;56;45;PROVINCE_5624;x;
5587;41;75;21;PROVINCE_5625;x;
5588;41;77;40;PROVINCE_5626;x;
5589;41;99;106;PROVINCE_5627;x;
5590;41;129;68;PROVINCE_5628;x;
5591;41;142;56;PROVINCE_5629;x;
5592;42;42;225;PROVINCE_5630;x;
5593;42;89;236;PROVINCE_5631;x;
5594;42;104;209;PROVINCE_5632;x;
5595;42;145;85;PROVINCE_5633;x;
5596;42;162;89;PROVINCE_5634;x;
5597;42;163;153;PROVINCE_5635;x;
5598;43;2;82;PROVINCE_5636;x;
5599;43;3;141;PROVINCE_5637;x;
5600;43;14;118;PROVINCE_5638;x;
5601;43;18;16;PROVINCE_5639;x;
5602;43;20;34;PROVINCE_5640;x;
5603;43;23;226;PROVINCE_5641;x;
5604;43;48;21;PROVINCE_5642;x;
5605;43;51;191;PROVINCE_5643;x;
5606;43;54;90;PROVINCE_5644;x;
5607;43;69;31;PROVINCE_5645;x;
5608;43;93;69;PROVINCE_5646;x;
5609;43;129;37;PROVINCE_5647;x;
5610;43;218;102;PROVINCE_5648;x;
5611;44;19;216;PROVINCE_5649;x;
5612;44;38;213;PROVINCE_5650;x;
5613;44;54;65;PROVINCE_5652;x;
5614;44;82;54;PROVINCE_5653;x;
5615;44;86;106;PROVINCE_5654;x;
5616;44;100;31;PROVINCE_5655;x;
5617;44;155;24;PROVINCE_5656;x;
5618;44;162;171;PROVINCE_5658;x;
5619;44;167;218;PROVINCE_5659;x;
5620;44;177;51;PROVINCE_5660;x;
5621;45;21;151;PROVINCE_5661;x;
5622;45;35;119;PROVINCE_5662;x;
5623;45;66;48;PROVINCE_5663;x;
5624;45;114;70;PROVINCE_5664;x;
5625;45;160;80;PROVINCE_5665;x;
5626;45;165;87;PROVINCE_5666;x;
5627;45;173;222;PROVINCE_5667;x;
5628;45;208;87;PROVINCE_5668;x;
5629;45;225;53;PROVINCE_5669;x;
5630;45;239;103;PROVINCE_5670;x;
5631;46;76;112;PROVINCE_5671;x;
5632;46;163;237;PROVINCE_5672;x;
5633;46;187;87;PROVINCE_5673;x;
5634;47;56;120;PROVINCE_5675;x;
5635;47;85;165;PROVINCE_5676;x;
5636;47;106;34;PROVINCE_5677;x;
5637;47;135;71;PROVINCE_5678;x;
5638;47;187;90;PROVINCE_5680;x;
5639;47;227;33;PROVINCE_5681;x;
5640;48;4;104;PROVINCE_5682;x;
5641;48;43;20;PROVINCE_5683;x;
5642;48;82;66;PROVINCE_5684;x;
5643;48;85;204;PROVINCE_5685;x;
5644;48;129;137;PROVINCE_5686;x;
5645;48;192;96;PROVINCE_5687;x;
5646;48;208;88;PROVINCE_5688;x;
5647;48;236;106;PROVINCE_5689;x;
5648;49;82;196;PROVINCE_5690;x;
5649;49;131;130;PROVINCE_5691;x;
5650;49;202;96;PROVINCE_5692;x;
5651;49;219;36;PROVINCE_5693;x;
5652;50;25;105;PROVINCE_5694;x;
5653;50;29;209;PROVINCE_5695;x;
5654;50;50;68;PROVINCE_5696;x;
5655;50;70;135;PROVINCE_5697;x;
5656;50;71;114;PROVINCE_5698;x;
5657;50;72;153;PROVINCE_5699;x;
5658;50;107;67;PROVINCE_5700;x;
5659;50;150;138;PROVINCE_5701;x;
5660;50;229;89;PROVINCE_5702;x;
5661;51;59;26;PROVINCE_5703;x;
5662;51;98;122;PROVINCE_5704;x;
5663;51;101;47;PROVINCE_5705;x;
5664;51;104;211;PROVINCE_5706;x;
5665;52;46;106;PROVINCE_5707;x;
5666;52;58;47;PROVINCE_5708;x;
5667;52;62;96;PROVINCE_5709;x;
5668;52;82;59;PROVINCE_5710;x;
5669;52;171;139;PROVINCE_5711;x;
5670;52;194;41;PROVINCE_5712;x;
5671;52;208;104;PROVINCE_5713;x;
5672;53;95;59;PROVINCE_5715;x;
5673;53;119;123;PROVINCE_5716;x;
5674;53;204;48;PROVINCE_5717;x;
5675;53;237;62;PROVINCE_5718;x;
5676;53;244;156;PROVINCE_5719;x;
5677;54;54;77;PROVINCE_5720;x;
5678;54;61;87;PROVINCE_5721;x;
5679;54;67;107;PROVINCE_5722;x;
5680;54;101;196;PROVINCE_5723;x;
5681;54;112;84;PROVINCE_5724;x;
5682;54;205;100;PROVINCE_5725;x;
5683;55;52;11;PROVINCE_5726;x;
5684;55;140;124;PROVINCE_5727;x;
5685;56;46;30;PROVINCE_5729;x;
5686;56;61;23;PROVINCE_5730;x;
5687;56;80;74;PROVINCE_5731;x;
5688;56;88;108;PROVINCE_5732;x;
5689;56;190;97;PROVINCE_5733;x;
5690;56;213;141;PROVINCE_5734;x;
5691;56;222;200;PROVINCE_5736;x;
5692;57;42;42;PROVINCE_5737;x;
5693;57;73;105;PROVINCE_5738;x;
5694;57;82;174;PROVINCE_5739;x;
5695;57;161;125;PROVINCE_5740;x;
5696;58;30;158;PROVINCE_5741;x;
5697;58;57;44;PROVINCE_5742;x;
5698;58;86;184;PROVINCE_5743;x;
5699;58;89;196;PROVINCE_5744;x;
5700;58;181;49;PROVINCE_5745;x;
5701;58;198;101;PROVINCE_5746;x;
5702;58;232;119;PROVINCE_5747;x;
5703;59;4;41;PROVINCE_5748;x;
5704;59;50;25;PROVINCE_5749;x;
5705;59;59;117;PROVINCE_5750;x;
5706;59;59;159;PROVINCE_5751;x;
5707;59;103;175;PROVINCE_5752;x;
5708;59;150;147;PROVINCE_5753;x;
5709;59;163;91;PROVINCE_5754;x;
5710;59;182;126;PROVINCE_5755;x;
5711;60;41;54;PROVINCE_5756;x;
5712;60;80;63;PROVINCE_5757;x;
5713;60;95;167;PROVINCE_5758;x;
5714;60;100;71;PROVINCE_5759;x;
5715;60;240;123;PROVINCE_5760;x;
5716;60;255;143;PROVINCE_5761;x;
5717;61;55;35;PROVINCE_5762;x;
5718;61;68;90;PROVINCE_5763;x;
5719;61;68;91;PROVINCE_5764;x;
5720;61;124;176;PROVINCE_5765;x;
5721;61;221;215;PROVINCE_5766;x;
5722;61;245;70;PROVINCE_5767;x;
5723;62;45;45;PROVINCE_5768;x;
5724;62;61;52;PROVINCE_5769;x;
5725;62;72;160;PROVINCE_5770;x;
5726;62;90;86;PROVINCE_5771;x;
5727;62;114;68;PROVINCE_5772;x;
5728;62;197;193;PROVINCE_5773;x;
5729;62;214;69;PROVINCE_5774;x;
5730;63;20;144;PROVINCE_5775;x;
5731;63;43;52;PROVINCE_5776;x;
5732;63;47;47;PROVINCE_5777;x;
5733;63;66;24;PROVINCE_5778;x;
5734;63;71;103;PROVINCE_5779;x;
5735;63;102;75;PROVINCE_5780;x;
5736;63;111;105;PROVINCE_5781;x;
5737;63;145;177;PROVINCE_5782;x;
5738;63;149;67;PROVINCE_5783;x;
5739;63;188;102;PROVINCE_5784;x;
5740;64;64;116;PROVINCE_5785;x;
5741;64;64;208;PROVINCE_5786;x;
5742;64;93;161;PROVINCE_5787;x;
5743;64;140;103;PROVINCE_5788;x;
5744;64;212;53;PROVINCE_5789;x;
5745;64;218;194;PROVINCE_5790;x;
5746;65;41;145;PROVINCE_5791;x;
5747;65;71;91;PROVINCE_5792;x;
5748;65;77;101;PROVINCE_5793;x;
5749;65;166;178;PROVINCE_5794;x;
5750;65;183;101;PROVINCE_5795;x;
5751;66;114;162;PROVINCE_5796;x;
5752;66;133;7;PROVINCE_5797;x;
5753;66;138;69;PROVINCE_5798;x;
5754;66;197;100;PROVINCE_5799;x;
5755;66;239;195;PROVINCE_5800;x;
5756;67;121;120;PROVINCE_5801;x;
5757;67;187;179;PROVINCE_5802;x;
5758;68;45;45;PROVINCE_5803;x;
5759;68;56;212;PROVINCE_5804;x;
5760;68;135;163;PROVINCE_5805;x;
5761;69;4;196;PROVINCE_5806;x;
5762;69;208;180;PROVINCE_5807;x;
5763;69;225;211;PROVINCE_5808;x;
5764;69;225;213;PROVINCE_5809;x;
5765;70;70;157;PROVINCE_5810;x;
5766;70;77;213;PROVINCE_5811;x;
5767;70;122;72;PROVINCE_5812;x;
5768;70;136;90;PROVINCE_5813;x;
5769;70;156;164;PROVINCE_5814;x;
5770;71;71;110;PROVINCE_5816;x;
5771;71;81;43;PROVINCE_5817;x;
5772;71;229;181;PROVINCE_5818;x;
5773;72;44;43;PROVINCE_5819;x;
5774;72;48;74;PROVINCE_5820;x;
5775;72;66;38;PROVINCE_5821;x;
5776;72;70;44;PROVINCE_5822;x;
5777;72;98;73;PROVINCE_5823;x;
5778;72;98;214;PROVINCE_5824;x;
5779;72;170;169;PROVINCE_5825;x;
5780;73;12;74;PROVINCE_5826;x;
5781;73;46;198;PROVINCE_5827;x;
5782;73;84;106;PROVINCE_5828;x;
5783;73;138;93;PROVINCE_5829;x;
5784;73;150;67;PROVINCE_5830;x;
5785;73;171;231;PROVINCE_5831;x;
5786;73;250;182;PROVINCE_5832;x;
5787;74;41;151;PROVINCE_5833;x;
5788;74;119;215;PROVINCE_5834;x;
5789;75;45;153;PROVINCE_5835;x;
5790;75;51;102;PROVINCE_5836;x;
5791;75;67;43;PROVINCE_5837;x;
5792;75;67;199;PROVINCE_5838;x;
5793;75;107;72;PROVINCE_5839;x;
5794;75;142;92;PROVINCE_5840;x;
5795;75;159;87;PROVINCE_5841;x;
5796;75;192;232;PROVINCE_5842;x;
5797;75;214;65;PROVINCE_5843;x;
5798;75;231;211;PROVINCE_5844;x;
5799;76;33;70;PROVINCE_5845;x;
5800;76;76;118;PROVINCE_5846;x;
5801;76;107;106;PROVINCE_5847;x;
5802;76;125;225;PROVINCE_5848;x;
5803;77;9;249;PROVINCE_5850;x;
5804;77;45;65;PROVINCE_5851;x;
5805;77;85;55;PROVINCE_5852;x;
5806;77;88;200;PROVINCE_5853;x;
5807;77;152;71;PROVINCE_5854;x;
5808;77;213;233;PROVINCE_5855;x;
5809;78;128;93;PROVINCE_5856;x;
5810;78;161;217;PROVINCE_5857;x;
5811;79;28;115;PROVINCE_5858;x;
5812;79;39;66;PROVINCE_5859;x;
5813;79;79;128;PROVINCE_5860;x;
5814;79;109;201;PROVINCE_5861;x;
5815;79;130;123;PROVINCE_5862;x;
5816;79;142;98;PROVINCE_5863;x;
5817;79;219;86;PROVINCE_5864;x;
5818;79;234;234;PROVINCE_5865;x;
5819;80;65;163;PROVINCE_5867;x;
5820;80;90;24;PROVINCE_5868;x;
5821;80;96;127;PROVINCE_5869;x;
5822;80;104;11;PROVINCE_5870;x;
5823;80;109;89;PROVINCE_5871;x;
5824;80;155;216;PROVINCE_5872;x;
5825;80;182;218;PROVINCE_5873;x;
5826;80;228;227;PROVINCE_5874;x;
5827;80;230;69;PROVINCE_5875;x;
5828;80;238;99;PROVINCE_5876;x;
5829;81;51;251;PROVINCE_5877;x;
5830;81;55;35;PROVINCE_5878;x;
5831;81;81;132;PROVINCE_5879;x;
5832;81;90;124;PROVINCE_5880;x;
5833;81;159;92;PROVINCE_5881;x;
5834;81;205;72;PROVINCE_5882;x;
5835;81;211;153;PROVINCE_5883;x;
5836;81;214;17;PROVINCE_5884;x;
5837;81;255;235;PROVINCE_5885;x;
5838;82;2;56;PROVINCE_5886;x;
5839;82;73;165;PROVINCE_5887;x;
5840;82;80;52;PROVINCE_5888;x;
5841;82;82;121;PROVINCE_5889;x;
5842;82;86;100;PROVINCE_5890;x;
5843;82;104;180;PROVINCE_5891;x;
5844;82;111;170;PROVINCE_5892;x;
5845;82;124;210;PROVINCE_5893;x;
5846;82;125;12;PROVINCE_5894;x;
5847;82;138;131;PROVINCE_5895;x;
5848;82;194;180;PROVINCE_5896;x;
5849;82;203;219;PROVINCE_5897;x;
5850;82;222;104;PROVINCE_5898;x;
5851;83;20;157;PROVINCE_5899;x;
5852;83;27;157;PROVINCE_5900;x;
5853;83;31;43;PROVINCE_5901;x;
5854;83;72;252;PROVINCE_5902;x;
5855;83;85;56;PROVINCE_5903;x;
5856;83;93;126;PROVINCE_5904;x;
5857;83;164;158;PROVINCE_5905;x;
5858;83;170;99;PROVINCE_5906;x;
5859;83;180;113;PROVINCE_5907;x;
5860;83;226;221;PROVINCE_5908;x;
5861;84;20;236;PROVINCE_5909;x;
5862;84;72;34;PROVINCE_5910;x;
5863;84;81;168;PROVINCE_5911;x;
5864;84;101;210;PROVINCE_5912;x;
5865;84;146;13;PROVINCE_5914;x;
5866;84;147;216;PROVINCE_5915;x;
5867;84;227;29;PROVINCE_5916;x;
5868;85;35;18;PROVINCE_5917;x;
5869;85;69;89;PROVINCE_5918;x;
5870;85;93;253;PROVINCE_5919;x;
5871;85;111;9;PROVINCE_5920;x;
5872;85;159;24;PROVINCE_5921;x;
5873;85;163;90;PROVINCE_5922;x;
5874;85;163;235;PROVINCE_5923;x;
5875;85;186;191;PROVINCE_5924;x;
5876;85;219;30;PROVINCE_5925;x;
5877;85;221;146;PROVINCE_5926;x;
5878;86;41;237;PROVINCE_5927;x;
5879;86;86;225;PROVINCE_5928;x;
5880;86;119;187;PROVINCE_5929;x;
5881;86;147;109;PROVINCE_5930;x;
5882;86;148;37;PROVINCE_5931;x;
5883;86;167;14;PROVINCE_5932;x;
5884;86;231;124;PROVINCE_5933;x;
5885;87;9;149;PROVINCE_5934;x;
5886;87;19;175;PROVINCE_5935;x;
5887;87;39;232;PROVINCE_5936;x;
5888;87;84;36;PROVINCE_5937;x;
5889;87;88;85;PROVINCE_5938;x;
5890;87;114;254;PROVINCE_5939;x;
5891;87;121;89;PROVINCE_5940;x;
5892;87;143;90;PROVINCE_5941;x;
5893;87;155;17;PROVINCE_5942;x;
5894;87;167;105;PROVINCE_5943;x;
5895;87;240;31;PROVINCE_5944;x;
5896;88;33;153;PROVINCE_5945;x;
5897;88;38;61;PROVINCE_5946;x;
5898;88;45;170;PROVINCE_5947;x;
5899;88;62;62;PROVINCE_5948;x;
5900;88;62;238;PROVINCE_5949;x;
5901;88;95;25;PROVINCE_5951;x;
5902;88;159;230;PROVINCE_5952;x;
5903;88;188;15;PROVINCE_5953;x;
5904;88;212;28;PROVINCE_5954;x;
5905;89;20;28;PROVINCE_5955;x;
5906;89;54;89;PROVINCE_5956;x;
5907;89;60;93;PROVINCE_5957;x;
5908;89;89;204;PROVINCE_5958;x;
5909;89;101;181;PROVINCE_5959;x;
5910;89;112;185;PROVINCE_5960;x;
5911;89;114;203;PROVINCE_5961;x;
5912;89;135;255;PROVINCE_5962;x;
5913;90;5;32;PROVINCE_5963;x;
5914;90;47;93;PROVINCE_5964;x;
5915;90;51;78;PROVINCE_5965;x;
5916;90;122;186;PROVINCE_5966;x;
5917;90;155;85;PROVINCE_5967;x;
5918;90;209;16;PROVINCE_5968;x;
5919;91;11;37;PROVINCE_5969;x;
5920;91;32;55;PROVINCE_5970;x;
5921;91;78;49;PROVINCE_5971;x;
5922;91;137;105;PROVINCE_5972;x;
5923;91;157;0;PROVINCE_5973;x;
5924;91;186;143;PROVINCE_5974;x;
5925;92;26;33;PROVINCE_5975;x;
5926;92;47;85;PROVINCE_5976;x;
5927;92;80;104;PROVINCE_5977;x;
5928;92;82;89;PROVINCE_5978;x;
5929;92;90;59;PROVINCE_5979;x;
5930;92;92;172;PROVINCE_5980;x;
5931;92;141;65;PROVINCE_5981;x;
5932;92;206;97;PROVINCE_5982;x;
5933;92;230;17;PROVINCE_5983;x;
5934;93;84;55;PROVINCE_5984;x;
5935;93;90;55;PROVINCE_5985;x;
5936;93;93;189;PROVINCE_5986;x;
5937;93;106;82;PROVINCE_5988;x;
5938;93;138;132;PROVINCE_5989;x;
5939;93;166;212;PROVINCE_5990;x;
5940;93;178;1;PROVINCE_5991;x;
5941;94;47;34;PROVINCE_5992;x;
5942;94;98;113;PROVINCE_5993;x;
5943;94;104;173;PROVINCE_5994;x;
5944;94;104;223;PROVINCE_5995;x;
5945;94;113;94;PROVINCE_5996;x;
5946;94;113;135;PROVINCE_5997;x;
5947;94;151;37;PROVINCE_5998;x;
5948;94;172;67;PROVINCE_5999;x;
5949;94;211;231;PROVINCE_6000;x;
5950;94;251;18;PROVINCE_6001;x;
5951;95;22;239;PROVINCE_6002;x;
5952;95;35;231;PROVINCE_6003;x;
5953;95;118;107;PROVINCE_6004;x;
5954;95;120;51;PROVINCE_6005;x;
5955;95;151;70;PROVINCE_6006;x;
5956;96;35;154;PROVINCE_6008;x;
5957;96;39;149;PROVINCE_6009;x;
5958;96;39;238;PROVINCE_6010;x;
5959;96;60;60;PROVINCE_6011;x;
5960;96;68;35;PROVINCE_6012;x;
5961;96;85;109;PROVINCE_6013;x;
5962;96;91;77;PROVINCE_6014;x;
5963;96;129;192;PROVINCE_6015;x;
5964;96;162;32;PROVINCE_6016;x;
5965;96;163;111;PROVINCE_6017;x;
5966;96;165;99;PROVINCE_6018;x;
5967;96;193;68;PROVINCE_6019;x;
5968;96;229;80;PROVINCE_6020;x;
5969;96;229;212;PROVINCE_6021;x;
5970;97;95;68;PROVINCE_6023;x;
5971;97;110;59;PROVINCE_6024;x;
5972;97;141;52;PROVINCE_6025;x;
5973;97;172;208;PROVINCE_6026;x;
5974;98;64;64;PROVINCE_6027;x;
5975;98;75;40;PROVINCE_6028;x;
5976;98;86;94;PROVINCE_6029;x;
5977;98;89;36;PROVINCE_6030;x;
5978;98;92;63;PROVINCE_6031;x;
5979;98;105;52;PROVINCE_6032;x;
5980;98;110;151;PROVINCE_6033;x;
5981;98;138;133;PROVINCE_6034;x;
5982;98;214;69;PROVINCE_6035;x;
5983;98;225;229;PROVINCE_6036;x;
5984;99;78;92;PROVINCE_6037;x;
5985;99;82;107;PROVINCE_6038;x;
5986;99;137;101;PROVINCE_6039;x;
5987;99;162;53;PROVINCE_6040;x;
5988;100;28;208;PROVINCE_6041;x;
5989;100;31;86;PROVINCE_6042;x;
5990;100;33;96;PROVINCE_6043;x;
5991;100;92;25;PROVINCE_6044;x;
5992;100;109;44;PROVINCE_6045;x;
5993;100;110;37;PROVINCE_6046;x;
5994;100;145;200;PROVINCE_6047;x;
5995;100;169;103;PROVINCE_6048;x;
5996;100;171;16;PROVINCE_6049;x;
5997;100;235;70;PROVINCE_6050;x;
5998;101;46;46;PROVINCE_6052;x;
5999;101;67;101;PROVINCE_6053;x;
6000;101;69;69;PROVINCE_6054;x;
6001;101;102;32;PROVINCE_6055;x;
6002;101;120;186;PROVINCE_6056;x;
6003;101;131;232;PROVINCE_6057;x;
6004;101;146;25;PROVINCE_6058;x;
6005;101;166;111;PROVINCE_6059;x;
6006;101;183;54;PROVINCE_6060;x;
6007;102;31;100;PROVINCE_6061;x;
6008;102;52;87;PROVINCE_6063;x;
6009;102;99;61;PROVINCE_6064;x;
6010;102;100;70;PROVINCE_6065;x;
6011;102;131;38;PROVINCE_6066;x;
6012;102;147;42;PROVINCE_6067;x;
6013;102;223;224;PROVINCE_6068;x;
6014;102;228;23;PROVINCE_6069;x;
6015;103;0;71;PROVINCE_6070;x;
6016;103;48;48;PROVINCE_6071;x;
6017;103;81;88;PROVINCE_6072;x;
6018;103;83;19;PROVINCE_6073;x;
6019;103;86;211;PROVINCE_6074;x;
6020;103;90;48;PROVINCE_6075;x;
6021;103;96;61;PROVINCE_6076;x;
6022;103;101;226;PROVINCE_6077;x;
6023;103;102;83;PROVINCE_6078;x;
6024;103;103;179;PROVINCE_6079;x;
6025;103;113;135;PROVINCE_6080;x;
6026;103;114;31;PROVINCE_6081;x;
6027;103;147;146;PROVINCE_6083;x;
6028;103;191;107;PROVINCE_6084;x;
6029;103;204;55;PROVINCE_6085;x;
6030;104;19;169;PROVINCE_6086;x;
6031;104;22;86;PROVINCE_6087;x;
6032;104;90;226;PROVINCE_6088;x;
6033;104;104;148;PROVINCE_6089;x;
6034;104;152;146;PROVINCE_6090;x;
6035;104;173;238;PROVINCE_6091;x;
6036;104;215;38;PROVINCE_6092;x;
6037;104;220;225;PROVINCE_6093;x;
6038;104;234;95;PROVINCE_6094;x;
6039;105;21;72;PROVINCE_6095;x;
6040;105;91;105;PROVINCE_6096;x;
6041;105;100;44;PROVINCE_6097;x;
6042;105;109;82;PROVINCE_6098;x;
6043;105;120;63;PROVINCE_6099;x;
6044;105;146;105;PROVINCE_6100;x;
6045;105;165;213;PROVINCE_6101;x;
6046;105;216;145;PROVINCE_6102;x;
6047;105;225;56;PROVINCE_6103;x;
6048;106;39;94;PROVINCE_6104;x;
6049;106;101;76;PROVINCE_6105;x;
6050;106;103;80;PROVINCE_6106;x;
6051;106;104;81;PROVINCE_6107;x;
6052;106;121;130;PROVINCE_6108;x;
6053;106;151;18;PROVINCE_6109;x;
6054;106;161;33;PROVINCE_6110;x;
6055;106;221;169;PROVINCE_6111;x;
6056;106;236;90;PROVINCE_6112;x;
6057;107;42;73;PROVINCE_6113;x;
6058;107;84;49;PROVINCE_6114;x;
6059;107;161;232;PROVINCE_6115;x;
6060;107;168;166;PROVINCE_6116;x;
6061;107;194;134;PROVINCE_6117;x;
6062;107;230;93;PROVINCE_6118;x;
6063;108;37;93;PROVINCE_6120;x;
6064;108;38;147;PROVINCE_6121;x;
6065;108;68;68;PROVINCE_6122;x;
6066;108;108;195;PROVINCE_6123;x;
6067;108;121;71;PROVINCE_6124;x;
6068;108;124;63;PROVINCE_6125;x;
6069;108;227;212;PROVINCE_6126;x;
6070;108;240;123;PROVINCE_6127;x;
6071;109;35;35;PROVINCE_6128;x;
6072;109;63;74;PROVINCE_6129;x;
6073;109;80;80;PROVINCE_6130;x;
6074;109;94;50;PROVINCE_6131;x;
6075;109;103;85;PROVINCE_6132;x;
6076;109;109;161;PROVINCE_6133;x;
6077;109;188;107;PROVINCE_6134;x;
6078;109;235;147;PROVINCE_6135;x;
6079;110;40;214;PROVINCE_6136;x;
6080;110;136;91;PROVINCE_6137;x;
6081;110;171;32;PROVINCE_6138;x;
6082;110;171;211;PROVINCE_6139;x;
6083;110;183;174;PROVINCE_6140;x;
6084;110;185;0;PROVINCE_6141;x;
6085;111;5;124;PROVINCE_6142;x;
6086;111;17;27;PROVINCE_6143;x;
6087;111;95;145;PROVINCE_6144;x;
6088;111;120;150;PROVINCE_6145;x;
6089;111;209;108;PROVINCE_6146;x;
6090;112;18;99;PROVINCE_6147;x;
6091;112;41;192;PROVINCE_6148;x;
6092;112;45;91;PROVINCE_6149;x;
6093;112;112;177;PROVINCE_6150;x;
6094;112;112;198;PROVINCE_6151;x;
6095;112;115;95;PROVINCE_6152;x;
6096;112;118;76;PROVINCE_6153;x;
6097;112;157;92;PROVINCE_6154;x;
6098;112;193;224;PROVINCE_6155;x;
6099;113;26;125;PROVINCE_6156;x;
6100;113;26;127;PROVINCE_6157;x;
6101;113;113;165;PROVINCE_6158;x;
6102;113;130;64;PROVINCE_6159;x;
6103;113;150;224;PROVINCE_6160;x;
6104;113;197;227;PROVINCE_6161;x;
6105;113;230;109;PROVINCE_6162;x;
6106;114;99;142;PROVINCE_6163;x;
6107;114;178;93;PROVINCE_6164;x;
6108;114;190;137;PROVINCE_6165;x;
6109;114;216;23;PROVINCE_6166;x;
6110;114;223;209;PROVINCE_6167;x;
6111;115;47;126;PROVINCE_6168;x;
6112;115;215;202;PROVINCE_6169;x;
6113;115;251;110;PROVINCE_6170;x;
6114;116;19;226;PROVINCE_6171;x;
6115;116;86;86;PROVINCE_6172;x;
6116;116;152;151;PROVINCE_6173;x;
6117;116;199;94;PROVINCE_6174;x;
6118;116;209;235;PROVINCE_6175;x;
6119;116;210;74;PROVINCE_6176;x;
6120;117;54;126;PROVINCE_6177;x;
6121;117;68;127;PROVINCE_6178;x;
6122;117;121;135;PROVINCE_6179;x;
6123;117;134;66;PROVINCE_6180;x;
6124;117;145;38;PROVINCE_6181;x;
6125;117;168;72;PROVINCE_6182;x;
6126;117;193;160;PROVINCE_6183;x;
6127;118;16;111;PROVINCE_6184;x;
6128;118;87;41;PROVINCE_6185;x;
6129;118;88;120;PROVINCE_6186;x;
6130;118;148;102;PROVINCE_6187;x;
6131;118;150;116;PROVINCE_6188;x;
6132;118;189;31;PROVINCE_6189;x;
6133;118;190;122;PROVINCE_6190;x;
6134;118;217;239;PROVINCE_6191;x;
6135;119;77;77;PROVINCE_6192;x;
6136;119;143;98;PROVINCE_6193;x;
6137;119;214;161;PROVINCE_6194;x;
6138;119;215;203;PROVINCE_6195;x;
6139;120;37;112;PROVINCE_6196;x;
6140;120;105;34;PROVINCE_6197;x;
6141;120;110;79;PROVINCE_6198;x;
6142;120;115;91;PROVINCE_6199;x;
6143;120;152;128;PROVINCE_6200;x;
6144;120;162;145;PROVINCE_6201;x;
6145;120;196;115;PROVINCE_6202;x;
6146;121;140;105;PROVINCE_6203;x;
6147;121;235;162;PROVINCE_6204;x;
6148;122;70;87;PROVINCE_6205;x;
6149;122;106;26;PROVINCE_6206;x;
6150;122;183;146;PROVINCE_6207;x;
6151;123;145;60;PROVINCE_6209;x;
6152;124;0;163;PROVINCE_6210;x;
6153;124;108;107;PROVINCE_6211;x;
6154;124;204;147;PROVINCE_6212;x;
6155;125;59;126;PROVINCE_6213;x;
6156;125;66;66;PROVINCE_6214;x;
6157;125;73;180;PROVINCE_6215;x;
6158;125;137;49;PROVINCE_6216;x;
6159;125;162;205;PROVINCE_6217;x;
6160;126;21;164;PROVINCE_6218;x;
6161;126;93;108;PROVINCE_6219;x;
6162;126;139;182;PROVINCE_6220;x;
6163;126;142;28;PROVINCE_6221;x;
6164;126;223;119;PROVINCE_6222;x;
6165;126;225;148;PROVINCE_6223;x;
6166;127;9;142;PROVINCE_6224;x;
6167;127;12;57;PROVINCE_6225;x;
6168;127;57;192;PROVINCE_6226;x;
6169;127;60;157;PROVINCE_6227;x;
6170;127;89;89;PROVINCE_6228;x;
6171;127;94;181;PROVINCE_6229;x;
6172;127;95;47;PROVINCE_6230;x;
6173;127;113;46;PROVINCE_6231;x;
6174;127;132;77;PROVINCE_6232;x;
6175;127;192;137;PROVINCE_6233;x;
6176;127;207;12;PROVINCE_6234;x;
6177;127;207;206;PROVINCE_6235;x;
6178;128;2;38;PROVINCE_6236;x;
6179;128;42;165;PROVINCE_6237;x;
6180;128;77;36;PROVINCE_6238;x;
6181;128;120;84;PROVINCE_6239;x;
6182;128;128;133;PROVINCE_6240;x;
6183;128;128;191;PROVINCE_6241;x;
6184;128;167;198;PROVINCE_6242;x;
6185;128;185;142;PROVINCE_6243;x;
6186;128;187;137;PROVINCE_6244;x;
6187;128;246;149;PROVINCE_6245;x;
6188;129;27;152;PROVINCE_6246;x;
6189;129;115;182;PROVINCE_6247;x;
6190;129;129;192;PROVINCE_6248;x;
6191;129;129;217;PROVINCE_6249;x;
6192;129;150;116;PROVINCE_6250;x;
6193;129;194;186;PROVINCE_6251;x;
6194;130;63;93;PROVINCE_6252;x;
6195;130;63;166;PROVINCE_6253;x;
6196;130;123;41;PROVINCE_6254;x;
6197;130;135;153;PROVINCE_6255;x;
6198;130;188;199;PROVINCE_6256;x;
6199;131;11;150;PROVINCE_6257;x;
6200;131;118;80;PROVINCE_6258;x;
6201;131;131;203;PROVINCE_6259;x;
6202;131;136;183;PROVINCE_6260;x;
6203;131;150;76;PROVINCE_6261;x;
6204;131;213;150;PROVINCE_6262;x;
6205;132;5;216;PROVINCE_6263;x;
6206;132;18;46;PROVINCE_6264;x;
6207;132;84;167;PROVINCE_6265;x;
6208;132;109;91;PROVINCE_6266;x;
6209;132;113;54;PROVINCE_6267;x;
6210;132;176;142;PROVINCE_6268;x;
6211;133;45;232;PROVINCE_6270;x;
6212;133;116;34;PROVINCE_6271;x;
6213;133;157;184;PROVINCE_6272;x;
6214;134;77;20;PROVINCE_6274;x;
6215;134;80;80;PROVINCE_6275;x;
6216;134;105;168;PROVINCE_6276;x;
6217;134;113;48;PROVINCE_6277;x;
6218;134;156;69;PROVINCE_6278;x;
6219;134;230;201;PROVINCE_6279;x;
6220;135;67;67;PROVINCE_6280;x;
6221;135;98;135;PROVINCE_6281;x;
6222;135;178;185;PROVINCE_6282;x;
6223;136;119;45;PROVINCE_6283;x;
6224;136;155;81;PROVINCE_6284;x;
6225;136;251;202;PROVINCE_6285;x;
6226;137;69;95;PROVINCE_6286;x;
6227;137;95;95;PROVINCE_6287;x;
6228;137;120;235;PROVINCE_6288;x;
6229;137;145;89;PROVINCE_6289;x;
6230;137;199;186;PROVINCE_6290;x;
6231;138;62;139;PROVINCE_6291;x;
6232;138;68;219;PROVINCE_6292;x;
6233;138;69;113;PROVINCE_6293;x;
6234;138;91;91;PROVINCE_6294;x;
6235;138;143;82;PROVINCE_6295;x;
6236;138;159;204;PROVINCE_6296;x;
6237;139;16;203;PROVINCE_6297;x;
6238;139;40;154;PROVINCE_6298;x;
6239;139;97;33;PROVINCE_6299;x;
6240;139;109;135;PROVINCE_6300;x;
6241;139;141;236;PROVINCE_6301;x;
6242;139;150;106;PROVINCE_6302;x;
6243;139;220;187;PROVINCE_6303;x;
6244;140;89;220;PROVINCE_6304;x;
6245;141;32;32;PROVINCE_6305;x;
6246;141;37;204;PROVINCE_6306;x;
6247;141;121;61;PROVINCE_6307;x;
6248;141;162;237;PROVINCE_6308;x;
6249;142;66;91;PROVINCE_6309;x;
6250;142;81;212;PROVINCE_6310;x;
6251;142;88;125;PROVINCE_6311;x;
6252;142;110;221;PROVINCE_6312;x;
6253;142;235;254;PROVINCE_6313;x;
6254;143;58;205;PROVINCE_6314;x;
6255;143;183;238;PROVINCE_6315;x;
6256;144;23;80;PROVINCE_6316;x;
6257;144;66;33;PROVINCE_6317;x;
6258;144;82;220;PROVINCE_6318;x;
6259;144;102;47;PROVINCE_6319;x;
6260;144;125;144;PROVINCE_6320;x;
6261;144;196;83;PROVINCE_6321;x;
6262;144;239;30;PROVINCE_6322;x;
6263;145;0;255;PROVINCE_6323;x;
6264;145;30;163;PROVINCE_6324;x;
6265;145;37;161;PROVINCE_6325;x;
6266;145;68;157;PROVINCE_6326;x;
6267;145;79;206;PROVINCE_6327;x;
6268;145;108;236;PROVINCE_6328;x;
6269;145;109;186;PROVINCE_6329;x;
6270;145;204;239;PROVINCE_6330;x;
6271;145;214;30;PROVINCE_6331;x;
6272;145;228;234;PROVINCE_6332;x;
6273;146;74;16;PROVINCE_6333;x;
6274;146;86;146;PROVINCE_6334;x;
6275;146;93;20;PROVINCE_6335;x;
6276;146;152;223;PROVINCE_6336;x;
6277;146;157;105;PROVINCE_6337;x;
6278;146;161;214;PROVINCE_6338;x;
6279;146;163;42;PROVINCE_6339;x;
6280;146;216;83;PROVINCE_6340;x;
6281;146;223;107;PROVINCE_6341;x;
6282;147;19;45;PROVINCE_6342;x;
6283;147;22;0;PROVINCE_6343;x;
6284;147;38;208;PROVINCE_6344;x;
6285;147;78;39;PROVINCE_6345;x;
6286;147;81;110;PROVINCE_6346;x;
6287;147;90;225;PROVINCE_6347;x;
6288;147;111;230;PROVINCE_6348;x;
6289;147;119;35;PROVINCE_6349;x;
6290;147;225;240;PROVINCE_6351;x;
6291;148;24;97;PROVINCE_6352;x;
6292;148;73;138;PROVINCE_6353;x;
6293;148;82;44;PROVINCE_6354;x;
6294;148;95;17;PROVINCE_6355;x;
6295;148;173;224;PROVINCE_6356;x;
6296;148;220;208;PROVINCE_6357;x;
6297;149;27;87;PROVINCE_6358;x;
6298;149;43;1;PROVINCE_6360;x;
6299;149;68;104;PROVINCE_6361;x;
6300;149;86;45;PROVINCE_6364;x;
6301;149;86;46;PROVINCE_6365;x;
6302;149;111;144;PROVINCE_6366;x;
6303;149;118;72;PROVINCE_6367;x;
6304;149;209;163;PROVINCE_6368;x;
6305;149;225;238;PROVINCE_6369;x;
6306;149;230;19;PROVINCE_6370;x;
6307;149;246;241;PROVINCE_6371;x;
6308;150;34;24;PROVINCE_6372;x;
6309;150;108;88;PROVINCE_6373;x;
6310;150;116;18;PROVINCE_6374;x;
6311;150;150;204;PROVINCE_6375;x;
6312;151;34;26;PROVINCE_6376;x;
6313;151;35;16;PROVINCE_6377;x;
6314;151;35;84;PROVINCE_6378;x;
6315;151;64;2;PROVINCE_6379;x;
6316;151;114;126;PROVINCE_6380;x;
6317;151;115;115;PROVINCE_6381;x;
6318;151;176;78;PROVINCE_6382;x;
6319;151;183;59;PROVINCE_6383;x;
6320;151;189;35;PROVINCE_6384;x;
6321;151;213;231;PROVINCE_6385;x;
6322;152;11;242;PROVINCE_6386;x;
6323;152;30;145;PROVINCE_6387;x;
6324;152;80;80;PROVINCE_6388;x;
6325;152;80;163;PROVINCE_6389;x;
6326;152;96;213;PROVINCE_6390;x;
6327;152;137;19;PROVINCE_6391;x;
6328;153;73;73;PROVINCE_6393;x;
6329;153;85;3;PROVINCE_6394;x;
6330;153;102;54;PROVINCE_6395;x;
6331;153;104;166;PROVINCE_6396;x;
6332;153;109;228;PROVINCE_6397;x;
6333;153;116;153;PROVINCE_6398;x;
6334;153;147;163;PROVINCE_6399;x;
6335;153;171;152;PROVINCE_6400;x;
6336;153;210;36;PROVINCE_6401;x;
6337;154;54;54;PROVINCE_6402;x;
6338;154;93;229;PROVINCE_6403;x;
6339;154;139;95;PROVINCE_6404;x;
6340;154;170;90;PROVINCE_6405;x;
6341;154;191;45;PROVINCE_6406;x;
6342;154;217;98;PROVINCE_6407;x;
6343;155;106;4;PROVINCE_6409;x;
6344;155;110;58;PROVINCE_6410;x;
6345;155;135;118;PROVINCE_6411;x;
6346;155;210;161;PROVINCE_6412;x;
6347;155;231;37;PROVINCE_6414;x;
6348;155;255;147;PROVINCE_6415;x;
6349;156;102;156;PROVINCE_6416;x;
6350;156;170;158;PROVINCE_6417;x;
6351;156;179;21;PROVINCE_6418;x;
6352;156;229;17;PROVINCE_6419;x;
6353;157;25;220;PROVINCE_6420;x;
6354;157;48;54;PROVINCE_6421;x;
6355;157;78;78;PROVINCE_6422;x;
6356;157;110;38;PROVINCE_6423;x;
6357;157;127;5;PROVINCE_6424;x;
6358;157;146;158;PROVINCE_6425;x;
6359;157;157;171;PROVINCE_6427;x;
6360;157;162;98;PROVINCE_6428;x;
6361;157;252;38;PROVINCE_6429;x;
6362;158;29;222;PROVINCE_6430;x;
6363;158;35;47;PROVINCE_6431;x;
6364;158;96;159;PROVINCE_6432;x;
6365;158;104;208;PROVINCE_6433;x;
6366;158;200;22;PROVINCE_6434;x;
6367;158;202;133;PROVINCE_6435;x;
6368;158;211;225;PROVINCE_6436;x;
6369;159;23;24;PROVINCE_6437;x;
6370;159;69;55;PROVINCE_6438;x;
6371;159;122;147;PROVINCE_6439;x;
6372;159;127;127;PROVINCE_6440;x;
6373;160;17;39;PROVINCE_6441;x;
6374;160;45;217;PROVINCE_6442;x;
6375;160;60;99;PROVINCE_6443;x;
6376;160;98;24;PROVINCE_6444;x;
6377;160;142;72;PROVINCE_6445;x;
6378;160;175;117;PROVINCE_6446;x;
6379;160;221;23;PROVINCE_6447;x;
6380;161;86;86;PROVINCE_6448;x;
6381;161;90;56;PROVINCE_6449;x;
6382;161;96;89;PROVINCE_6450;x;
6383;161;101;99;PROVINCE_6451;x;
6384;161;136;189;PROVINCE_6452;x;
6385;161;152;105;PROVINCE_6453;x;
6386;161;153;80;PROVINCE_6454;x;
6387;161;194;65;PROVINCE_6455;x;
6388;161;216;220;PROVINCE_6456;x;
6389;161;232;211;PROVINCE_6457;x;
6390;162;102;226;PROVINCE_6458;x;
6391;162;141;78;PROVINCE_6459;x;
6392;162;155;213;PROVINCE_6460;x;
6393;162;163;73;PROVINCE_6461;x;
6394;162;174;219;PROVINCE_6462;x;
6395;162;175;41;PROVINCE_6463;x;
6396;162;221;213;PROVINCE_6464;x;
6397;162;242;24;PROVINCE_6465;x;
6398;163;67;98;PROVINCE_6466;x;
6399;163;111;57;PROVINCE_6467;x;
6400;163;129;128;PROVINCE_6468;x;
6401;163;154;167;PROVINCE_6469;x;
6402;163;160;106;PROVINCE_6470;x;
6403;163;180;55;PROVINCE_6471;x;
6404;163;236;90;PROVINCE_6472;x;
6405;163;237;152;PROVINCE_6473;x;
6406;164;41;154;PROVINCE_6474;x;
6407;164;59;41;PROVINCE_6475;x;
6408;164;136;51;PROVINCE_6476;x;
6409;164;146;76;PROVINCE_6477;x;
6410;164;184;74;PROVINCE_6478;x;
6411;164;203;50;PROVINCE_6479;x;
6412;164;224;36;PROVINCE_6480;x;
6413;165;132;58;PROVINCE_6481;x;
6414;165;150;77;PROVINCE_6482;x;
6415;166;1;91;PROVINCE_6483;x;
6416;166;49;49;PROVINCE_6484;x;
6417;166;80;42;PROVINCE_6485;x;
6418;166;146;215;PROVINCE_6486;x;
6419;166;205;75;PROVINCE_6487;x;
6420;166;221;147;PROVINCE_6488;x;
6421;167;23;93;PROVINCE_6489;x;
6422;167;153;59;PROVINCE_6490;x;
6423;167;172;228;PROVINCE_6491;x;
6424;168;101;43;PROVINCE_6494;x;
6425;168;106;219;PROVINCE_6495;x;
6426;168;215;16;PROVINCE_6496;x;
6427;168;220;88;PROVINCE_6497;x;
6428;168;226;76;PROVINCE_6498;x;
6429;168;253;231;PROVINCE_6499;x;
6430;169;0;55;PROVINCE_6500;x;
6431;169;12;15;PROVINCE_6501;x;
6432;169;42;20;PROVINCE_6502;x;
6433;169;45;85;PROVINCE_6503;x;
6434;169;63;30;PROVINCE_6504;x;
6435;169;87;7;PROVINCE_6505;x;
6436;169;95;109;PROVINCE_6506;x;
6437;169;109;169;PROVINCE_6507;x;
6438;169;166;86;PROVINCE_6508;x;
6439;169;170;231;PROVINCE_6509;x;
6440;169;174;60;PROVINCE_6510;x;
6441;169;178;114;PROVINCE_6511;x;
6442;169;186;64;PROVINCE_6512;x;
6443;169;195;10;PROVINCE_6513;x;
6444;169;198;180;PROVINCE_6514;x;
6445;169;210;140;PROVINCE_6515;x;
6446;170;27;217;PROVINCE_6516;x;
6447;170;37;35;PROVINCE_6517;x;
6448;170;43;93;PROVINCE_6518;x;
6449;170;83;17;PROVINCE_6519;x;
6450;170;216;39;PROVINCE_6520;x;
6451;170;216;158;PROVINCE_6521;x;
6452;170;247;77;PROVINCE_6522;x;
6453;171;15;150;PROVINCE_6523;x;
6454;171;17;222;PROVINCE_6524;x;
6455;171;25;167;PROVINCE_6525;x;
6456;171;46;231;PROVINCE_6526;x;
6457;171;99;233;PROVINCE_6527;x;
6458;171;116;110;PROVINCE_6528;x;
6459;171;157;156;PROVINCE_6529;x;
6460;171;174;90;PROVINCE_6531;x;
6461;171;195;61;PROVINCE_6532;x;
6462;172;19;171;PROVINCE_6533;x;
6463;172;62;179;PROVINCE_6534;x;
6464;172;64;94;PROVINCE_6535;x;
6465;172;107;55;PROVINCE_6536;x;
6466;172;162;222;PROVINCE_6537;x;
6467;172;173;221;PROVINCE_6538;x;
6468;173;12;78;PROVINCE_6539;x;
6469;173;100;147;PROVINCE_6540;x;
6470;173;137;28;PROVINCE_6541;x;
6471;173;137;111;PROVINCE_6542;x;
6472;173;139;37;PROVINCE_6543;x;
6473;173;197;22;PROVINCE_6544;x;
6474;173;213;95;PROVINCE_6545;x;
6475;173;234;45;PROVINCE_6546;x;
6476;174;79;122;PROVINCE_6548;x;
6477;174;85;95;PROVINCE_6549;x;
6478;174;92;179;PROVINCE_6550;x;
6479;174;101;20;PROVINCE_6551;x;
6480;174;186;129;PROVINCE_6552;x;
6481;174;192;59;PROVINCE_6553;x;
6482;174;210;128;PROVINCE_6554;x;
6483;174;213;231;PROVINCE_6555;x;
6484;174;232;108;PROVINCE_6556;x;
6485;174;234;19;PROVINCE_6557;x;
6486;175;11;123;PROVINCE_6558;x;
6487;175;33;79;PROVINCE_6559;x;
6488;175;105;229;PROVINCE_6560;x;
6489;175;112;179;PROVINCE_6561;x;
6490;175;145;27;PROVINCE_6562;x;
6491;175;151;83;PROVINCE_6563;x;
6492;175;158;112;PROVINCE_6564;x;
6493;175;165;119;PROVINCE_6565;x;
6494;175;167;95;PROVINCE_6566;x;
6495;176;106;96;PROVINCE_6567;x;
6496;176;143;42;PROVINCE_6568;x;
6497;176;156;95;PROVINCE_6569;x;
6498;176;231;129;PROVINCE_6570;x;
6499;177;54;80;PROVINCE_6571;x;
6500;177;71;105;PROVINCE_6572;x;
6501;177;73;69;PROVINCE_6573;x;
6502;177;121;169;PROVINCE_6574;x;
6503;177;179;113;PROVINCE_6575;x;
6504;177;198;136;PROVINCE_6576;x;
6505;178;48;146;PROVINCE_6577;x;
6506;178;66;163;PROVINCE_6578;x;
6507;178;190;105;PROVINCE_6579;x;
6508;178;202;104;PROVINCE_6580;x;
6509;178;252;130;PROVINCE_6581;x;
6510;179;115;144;PROVINCE_6582;x;
6511;179;200;114;PROVINCE_6583;x;
6512;179;206;106;PROVINCE_6584;x;
6513;180;69;147;PROVINCE_6585;x;
6514;180;129;51;PROVINCE_6586;x;
6515;180;148;98;PROVINCE_6587;x;
6516;181;17;131;PROVINCE_6588;x;
6517;181;61;61;PROVINCE_6589;x;
6518;181;157;43;PROVINCE_6590;x;
6519;181;160;60;PROVINCE_6591;x;
6520;181;214;109;PROVINCE_6592;x;
6521;181;221;115;PROVINCE_6593;x;
6522;182;81;78;PROVINCE_6594;x;
6523;182;90;148;PROVINCE_6595;x;
6524;182;151;126;PROVINCE_6596;x;
6525;182;178;119;PROVINCE_6597;x;
6526;182;179;140;PROVINCE_6598;x;
6527;183;38;132;PROVINCE_6599;x;
6528;183;116;162;PROVINCE_6600;x;
6529;183;153;128;PROVINCE_6601;x;
6530;183;170;108;PROVINCE_6602;x;
6531;183;175;69;PROVINCE_6603;x;
6532;183;242;116;PROVINCE_6604;x;
6533;184;155;65;PROVINCE_6606;x;
6534;185;59;133;PROVINCE_6607;x;
6535;185;153;120;PROVINCE_6608;x;
6536;185;164;65;PROVINCE_6609;x;
6537;186;7;117;PROVINCE_6610;x;
6538;186;145;145;PROVINCE_6611;x;
6539;186;173;133;PROVINCE_6612;x;
6540;187;80;134;PROVINCE_6613;x;
6541;187;119;145;PROVINCE_6614;x;
6542;187;194;113;PROVINCE_6615;x;
6543;188;109;177;PROVINCE_6616;x;
6544;189;22;184;PROVINCE_6617;x;
6545;189;90;122;PROVINCE_6618;x;
6546;189;101;135;PROVINCE_6619;x;
6547;189;226;168;PROVINCE_6620;x;
6548;189;232;165;PROVINCE_6621;x;
6549;190;81;207;PROVINCE_6622;x;
6550;190;130;149;PROVINCE_6623;x;
6551;190;134;89;PROVINCE_6624;x;
6552;190;182;145;PROVINCE_6625;x;
6553;190;203;111;PROVINCE_6626;x;
6554;191;43;185;PROVINCE_6627;x;
6555;191;122;136;PROVINCE_6628;x;
6556;191;209;78;PROVINCE_6629;x;
6557;191;247;169;PROVINCE_6630;x;
6558;191;254;128;PROVINCE_6631;x;
6559;192;70;200;PROVINCE_6632;x;
6560;192;75;127;PROVINCE_6633;x;
6561;192;116;202;PROVINCE_6634;x;
6562;192;123;18;PROVINCE_6635;x;
6563;192;132;41;PROVINCE_6636;x;
6564;192;176;99;PROVINCE_6637;x;
6565;192;195;153;PROVINCE_6638;x;
6566;193;64;186;PROVINCE_6639;x;
6567;193;76;128;PROVINCE_6640;x;
6568;193;132;194;PROVINCE_6641;x;
6569;194;12;170;PROVINCE_6642;x;
6570;194;49;196;PROVINCE_6643;x;
6571;194;91;125;PROVINCE_6644;x;
6572;194;137;203;PROVINCE_6645;x;
6573;194;210;94;PROVINCE_6646;x;
6574;194;216;154;PROVINCE_6647;x;
6575;195;53;176;PROVINCE_6648;x;
6576;195;85;187;PROVINCE_6649;x;
6577;195;91;196;PROVINCE_6650;x;
6578;195;101;183;PROVINCE_6651;x;
6579;195;121;171;PROVINCE_6652;x;
6580;195;246;45;PROVINCE_6653;x;
6581;196;30;30;PROVINCE_6654;x;
6582;196;133;133;PROVINCE_6657;x;
6583;196;158;204;PROVINCE_6658;x;
6584;196;178;124;PROVINCE_6659;x;
6585;196;182;168;PROVINCE_6660;x;
6586;196;238;76;PROVINCE_6661;x;
6587;197;92;92;PROVINCE_6662;x;
6588;197;96;183;PROVINCE_6663;x;
6589;197;106;188;PROVINCE_6664;x;
6590;197;114;186;PROVINCE_6665;x;
6591;197;167;167;PROVINCE_6666;x;
6592;198;39;110;PROVINCE_6667;x;
6593;198;47;105;PROVINCE_6668;x;
6594;198;54;172;PROVINCE_6669;x;
6595;198;111;111;PROVINCE_6670;x;
6596;198;130;130;PROVINCE_6671;x;
6597;198;196;166;PROVINCE_6672;x;
6598;198;215;92;PROVINCE_6673;x;
6599;199;31;146;PROVINCE_6674;x;
6600;199;50;50;PROVINCE_6675;x;
6601;199;127;189;PROVINCE_6676;x;
6602;199;159;39;PROVINCE_6677;x;
6603;199;252;222;PROVINCE_6678;x;
6604;200;75;173;PROVINCE_6679;x;
6605;200;181;87;PROVINCE_6680;x;
6606;201;78;78;PROVINCE_6682;x;
6607;201;148;190;PROVINCE_6683;x;
6608;201;171;81;PROVINCE_6684;x;
6609;202;17;223;PROVINCE_6685;x;
6610;202;44;44;PROVINCE_6686;x;
6611;203;90;240;PROVINCE_6687;x;
6612;204;38;224;PROVINCE_6688;x;
6613;204;42;183;PROVINCE_6689;x;
6614;204;197;113;PROVINCE_6690;x;
6615;205;111;241;PROVINCE_6691;x;
6616;205;170;62;PROVINCE_6692;x;
6617;206;20;103;PROVINCE_6693;x;
6618;206;59;225;PROVINCE_6694;x;
6619;206;113;193;PROVINCE_6695;x;
6620;206;217;83;PROVINCE_6697;x;
6621;207;7;209;PROVINCE_6698;x;
6622;207;63;160;PROVINCE_6699;x;
6623;208;37;224;PROVINCE_6701;x;
6624;208;80;226;PROVINCE_6702;x;
6625;208;206;3;PROVINCE_6703;x;
6626;208;216;83;PROVINCE_6704;x;
6627;208;232;233;PROVINCE_6705;x;
6628;208;237;25;PROVINCE_6706;x;
6629;209;28;210;PROVINCE_6707;x;
6630;209;35;35;PROVINCE_6708;x;
6631;209;37;95;PROVINCE_6709;x;
6632;209;100;169;PROVINCE_6710;x;
6633;209;145;145;PROVINCE_6711;x;
6634;209;153;243;PROVINCE_6712;x;
6635;209;189;90;PROVINCE_6713;x;
6636;210;19;222;PROVINCE_6714;x;
6637;210;75;168;PROVINCE_6715;x;
6638;210;81;144;PROVINCE_6716;x;
6639;210;86;45;PROVINCE_6717;x;
6640;210;101;227;PROVINCE_6718;x;
6641;210;124;151;PROVINCE_6719;x;
6642;210;174;64;PROVINCE_6720;x;
6643;210;227;4;PROVINCE_6721;x;
6644;211;17;43;PROVINCE_6722;x;
6645;211;174;244;PROVINCE_6723;x;
6646;211;251;96;PROVINCE_6724;x;
6647;212;13;90;PROVINCE_6725;x;
6648;212;44;21;PROVINCE_6726;x;
6649;212;122;228;PROVINCE_6727;x;
6650;212;175;80;PROVINCE_6728;x;
6651;212;248;5;PROVINCE_6729;x;
6652;213;29;95;PROVINCE_6730;x;
6653;213;155;35;PROVINCE_6731;x;
6654;213;205;199;PROVINCE_6732;x;
6655;213;208;39;PROVINCE_6733;x;
6656;213;232;80;PROVINCE_6734;x;
6657;214;42;42;PROVINCE_6735;x;
6658;214;57;216;PROVINCE_6736;x;
6659;214;65;22;PROVINCE_6737;x;
6660;214;143;229;PROVINCE_6738;x;
6661;214;155;155;PROVINCE_6739;x;
6662;214;208;111;PROVINCE_6740;x;
6663;215;13;6;PROVINCE_6741;x;
6664;215;39;39;PROVINCE_6742;x;
6665;215;41;234;PROVINCE_6743;x;
6666;215;108;104;PROVINCE_6744;x;
6667;215;126;166;PROVINCE_6745;x;
6668;215;138;39;PROVINCE_6746;x;
6669;216;35;93;PROVINCE_6747;x;
6670;216;78;217;PROVINCE_6748;x;
6671;216;84;94;PROVINCE_6749;x;
6672;216;86;23;PROVINCE_6750;x;
6673;216;91;91;PROVINCE_6751;x;
6674;217;34;7;PROVINCE_6752;x;
6675;217;37;37;PROVINCE_6753;x;
6676;217;159;40;PROVINCE_6754;x;
6677;217;219;29;PROVINCE_6755;x;
6678;218;87;97;PROVINCE_6757;x;
6679;218;107;24;PROVINCE_6758;x;
6680;218;150;171;PROVINCE_6759;x;
6681;219;33;174;PROVINCE_6760;x;
6682;219;38;222;PROVINCE_6761;x;
6683;219;46;173;PROVINCE_6762;x;
6684;219;52;117;PROVINCE_6763;x;
6685;219;180;41;PROVINCE_6764;x;
6686;220;18;89;PROVINCE_6765;x;
6687;220;39;231;PROVINCE_6766;x;
6688;220;128;25;PROVINCE_6767;x;
6689;220;145;100;PROVINCE_6768;x;
6690;220;220;20;PROVINCE_6769;x;
6691;220;235;223;PROVINCE_6770;x;
6692;220;244;72;PROVINCE_6771;x;
6693;221;76;9;PROVINCE_6773;x;
6694;221;94;143;PROVINCE_6774;x;
6695;221;161;151;PROVINCE_6775;x;
6696;221;186;81;PROVINCE_6776;x;
6697;221;201;42;PROVINCE_6777;x;
6698;221;215;140;PROVINCE_6778;x;
6699;221;238;221;PROVINCE_6779;x;
6700;222;28;150;PROVINCE_6780;x;
6701;222;46;144;PROVINCE_6781;x;
6702;222;82;171;PROVINCE_6782;x;
6703;222;92;134;PROVINCE_6783;x;
6704;222;145;221;PROVINCE_6784;x;
6705;222;149;26;PROVINCE_6785;x;
6706;222;183;64;PROVINCE_6786;x;
6707;222;234;208;PROVINCE_6787;x;
6708;222;234;234;PROVINCE_6788;x;
6709;223;18;59;PROVINCE_6789;x;
6710;223;20;227;PROVINCE_6790;x;
6711;223;53;53;PROVINCE_6791;x;
6712;223;76;142;PROVINCE_6792;x;
6713;223;97;10;PROVINCE_6793;x;
6714;223;161;157;PROVINCE_6794;x;
6715;223;222;43;PROVINCE_6795;x;
6716;224;78;73;PROVINCE_6798;x;
6717;224;89;181;PROVINCE_6799;x;
6718;224;148;238;PROVINCE_6800;x;
6719;224;164;42;PROVINCE_6801;x;
6720;224;170;27;PROVINCE_6802;x;
6721;224;199;71;PROVINCE_6803;x;
6722;224;248;70;PROVINCE_6804;x;
6723;225;39;60;PROVINCE_6805;x;
6724;225;45;171;PROVINCE_6806;x;
6725;225;97;209;PROVINCE_6807;x;
6726;225;211;227;PROVINCE_6808;x;
6727;225;218;214;PROVINCE_6809;x;
6728;225;243;44;PROVINCE_6810;x;
6729;226;9;147;PROVINCE_6811;x;
6730;226;27;41;PROVINCE_6812;x;
6731;226;74;74;PROVINCE_6814;x;
6732;226;103;154;PROVINCE_6815;x;
6733;226;138;198;PROVINCE_6816;x;
6734;226;191;28;PROVINCE_6817;x;
6735;227;21;19;PROVINCE_6819;x;
6736;227;24;217;PROVINCE_6820;x;
6737;227;44;80;PROVINCE_6821;x;
6738;227;60;61;PROVINCE_6822;x;
6739;227;79;79;PROVINCE_6823;x;
6740;227;148;35;PROVINCE_6824;x;
6741;227;195;32;PROVINCE_6825;x;
6742;227;203;89;PROVINCE_6826;x;
6743;227;210;85;PROVINCE_6827;x;
6744;227;217;175;PROVINCE_6828;x;
6745;227;233;161;PROVINCE_6830;x;
6746;228;8;45;PROVINCE_6831;x;
6747;228;19;200;PROVINCE_6832;x;
6748;228;22;86;PROVINCE_6834;x;
6749;228;63;176;PROVINCE_6835;x;
6750;228;85;224;PROVINCE_6836;x;
6751;228;94;221;PROVINCE_6837;x;
6752;228;105;80;PROVINCE_6838;x;
6753;228;105;230;PROVINCE_6839;x;
6754;228;107;232;PROVINCE_6840;x;
6755;228;133;78;PROVINCE_6841;x;
6756;228;144;24;PROVINCE_6842;x;
6757;228;212;29;PROVINCE_6843;x;
6758;228;234;218;PROVINCE_6845;x;
6759;229;28;35;PROVINCE_6846;x;
6760;229;81;62;PROVINCE_6847;x;
6761;229;81;234;PROVINCE_6848;x;
6762;229;92;215;PROVINCE_6849;x;
6763;229;135;59;PROVINCE_6850;x;
6764;229;150;156;PROVINCE_6851;x;
6765;229;151;206;PROVINCE_6852;x;
6766;229;157;48;PROVINCE_6853;x;
6767;229;226;217;PROVINCE_6854;x;
6768;229;228;43;PROVINCE_6855;x;
6769;229;234;235;PROVINCE_6856;x;
6770;230;21;108;PROVINCE_6857;x;
6771;230;29;46;PROVINCE_6858;x;
6772;230;86;226;PROVINCE_6859;x;
6773;230;103;56;PROVINCE_6860;x;
6774;230;154;79;PROVINCE_6861;x;
6775;230;157;211;PROVINCE_6862;x;
6776;230;184;43;PROVINCE_6863;x;
6777;231;30;30;PROVINCE_6864;x;
6778;231;93;220;PROVINCE_6865;x;
6779;231;102;63;PROVINCE_6866;x;
6780;231;105;18;PROVINCE_6867;x;
6781;231;232;110;PROVINCE_6869;x;
6782;232;36;44;PROVINCE_6870;x;
6783;232;50;47;PROVINCE_6871;x;
6784;232;100;214;PROVINCE_6872;x;
6785;232;175;80;PROVINCE_6873;x;
6786;232;191;65;PROVINCE_6874;x;
6787;232;209;162;PROVINCE_6875;x;
6788;233;82;41;PROVINCE_6876;x;
6789;233;94;29;PROVINCE_6877;x;
6790;233;101;208;PROVINCE_6879;x;
6791;233;123;64;PROVINCE_6880;x;
6792;233;162;162;PROVINCE_6881;x;
6793;233;219;222;PROVINCE_6882;x;
6794;233;226;130;PROVINCE_6883;x;
6795;233;232;17;PROVINCE_6884;x;
6796;233;239;157;PROVINCE_6885;x;
6797;233;248;97;PROVINCE_6886;x;
6798;234;24;20;PROVINCE_6887;x;
6799;234;96;160;PROVINCE_6888;x;
6800;234;97;24;PROVINCE_6889;x;
6801;234;196;81;PROVINCE_6890;x;
6802;235;62;62;PROVINCE_6891;x;
6803;235;65;114;PROVINCE_6892;x;
6804;235;91;19;PROVINCE_6893;x;
6805;235;144;65;PROVINCE_6894;x;
6806;235;160;95;PROVINCE_6895;x;
6807;235;231;35;PROVINCE_6897;x;
6808;236;13;98;PROVINCE_6898;x;
6809;236;34;43;PROVINCE_6900;x;
6810;236;217;82;PROVINCE_6901;x;
6811;236;232;90;PROVINCE_6902;x;
6812;237;106;92;PROVINCE_6904;x;
6813;237;165;66;PROVINCE_6905;x;
6814;237;167;163;PROVINCE_6906;x;
6815;238;34;99;PROVINCE_6907;x;
6816;238;152;19;PROVINCE_6908;x;
6817;238;152;233;PROVINCE_6909;x;
6818;238;164;22;PROVINCE_6911;x;
6819;238;226;84;PROVINCE_6912;x;
6820;238;238;83;PROVINCE_6913;x;
6821;239;30;216;PROVINCE_6914;x;
6822;239;31;236;PROVINCE_6915;x;
6823;239;39;104;PROVINCE_6916;x;
6824;239;105;208;PROVINCE_6917;x;
6825;239;107;116;PROVINCE_6919;x;
6826;239;111;95;PROVINCE_6920;x;
6827;239;166;25;PROVINCE_6921;x;
6828;239;173;144;PROVINCE_6922;x;
6829;239;238;133;PROVINCE_6923;x;
6830;240;55;100;PROVINCE_6924;x;
6831;240;178;85;PROVINCE_6925;x;
6832;240;180;133;PROVINCE_6926;x;
6833;240;195;228;PROVINCE_6927;x;
6834;241;3;84;PROVINCE_6928;x;
6835;241;128;117;PROVINCE_6929;x;
6836;242;76;101;PROVINCE_6930;x;
6837;242;201;134;PROVINCE_6931;x;
6838;243;149;118;PROVINCE_6932;x;
6839;243;207;231;PROVINCE_6933;x;
6840;244;18;151;PROVINCE_6934;x;
6841;244;97;102;PROVINCE_6935;x;
6842;244;222;135;PROVINCE_6936;x;
6843;245;170;119;PROVINCE_6937;x;
6844;246;39;152;PROVINCE_6938;x;
6845;246;118;103;PROVINCE_6939;x;
6846;246;243;136;PROVINCE_6940;x;
6847;247;191;120;PROVINCE_6941;x;
6848;248;60;153;PROVINCE_6942;x;
6849;249;8;137;PROVINCE_6943;x;
6850;249;133;170;PROVINCE_6944;x;
6851;249;212;121;PROVINCE_6945;x;
6852;250;81;154;PROVINCE_6946;x;
6853;251;29;138;PROVINCE_6947;x;
6854;251;154;171;PROVINCE_6948;x;
6855;251;233;122;PROVINCE_6949;x;
6856;253;50;139;PROVINCE_6950;x;
6857;253;175;172;PROVINCE_6951;x;
6858;254;248;189;PROVINCE_6952;x;
6859;255;71;140;PROVINCE_6953;x;
6860;255;92;188;PROVINCE_6954;x;
6861;255;196;173;PROVINCE_6955;x;
6862;174;244;127;PROVINCE_6956;x;
6863;175;21;31;PROVINCE_6957;x;
6864;176;73;68;PROVINCE_6958;x;
6865;176;94;73;PROVINCE_6959;x;
6866;176;95;167;PROVINCE_6960;x;
6867;176;149;91;PROVINCE_6961;x;
6868;176;173;205;PROVINCE_6962;x;
6869;176;181;132;PROVINCE_6963;x;
6870;176;255;77;PROVINCE_6964;x;
6871;177;54;220;PROVINCE_6965;x;
6872;177;103;247;PROVINCE_6966;x;
6873;177;172;1;PROVINCE_6967;x;
6874;177;230;249;PROVINCE_6968;x;
6875;178;52;237;PROVINCE_6969;x;
6876;178;110;94;PROVINCE_6970;x;
6877;178;180;223;PROVINCE_6971;x;
6878;178;229;49;PROVINCE_6972;x;
6879;178;253;185;PROVINCE_6973;x;
6880;179;94;187;PROVINCE_6974;x;
6881;180;22;119;PROVINCE_6975;x;
6882;180;90;2;PROVINCE_6976;x;
6883;180;93;221;PROVINCE_6977;x;
6884;180;131;218;PROVINCE_6978;x;
6885;180;147;97;PROVINCE_6979;x;
6886;181;102;62;PROVINCE_6980;x;
6887;181;110;51;PROVINCE_6981;x;
6888;181;169;210;PROVINCE_6982;x;
6889;182;34;208;PROVINCE_6983;x;
6890;182;83;194;PROVINCE_6984;x;
6891;182;116;81;PROVINCE_6985;x;
6892;182;118;22;PROVINCE_6986;x;
6893;182;155;198;PROVINCE_6987;x;
6894;182;218;57;PROVINCE_6988;x;
6895;182;246;60;PROVINCE_6989;x;
6896;183;25;79;PROVINCE_6990;x;
6897;183;92;88;PROVINCE_6991;x;
6898;183;94;177;PROVINCE_6992;x;
6899;183;150;211;PROVINCE_6993;x;
6900;183;201;168;PROVINCE_6994;x;
6901;174;180;121;PROVINCE_6995;x;
6902;184;36;221;PROVINCE_6996;x;
6903;184;151;233;PROVINCE_6997;x;
6904;184;176;203;PROVINCE_6998;x;
6905;184;192;239;PROVINCE_6999;x;
6906;184;235;144;PROVINCE_7000;x;
6907;184;252;98;PROVINCE_7001;x;
6908;185;13;113;PROVINCE_7002;x;
6909;185;49;73;PROVINCE_7003;x;
6910;185;77;151;PROVINCE_7004;x;
6911;185;86;219;PROVINCE_7005;x;
6912;185;150;178;PROVINCE_7006;x;
6913;185;175;231;PROVINCE_7007;x;
6914;185;198;83;PROVINCE_7008;x;
6915;186;74;105;PROVINCE_7009;x;
6916;186;122;198;PROVINCE_7010;x;
6917;186;163;236;PROVINCE_7011;x;
6918;186;189;234;PROVINCE_7012;x;
6919;186;240;191;PROVINCE_7013;x;
6920;187;44;51;PROVINCE_7014;x;
6921;187;98;187;PROVINCE_7015;x;
6922;187;219;139;PROVINCE_7016;x;
6923;188;2;94;PROVINCE_7017;x;
6924;188;216;162;PROVINCE_7018;x;
6925;189;71;57;PROVINCE_7019;x;
6926;189;93;139;PROVINCE_7020;x;
6927;189;99;119;PROVINCE_7021;x;
6928;189;126;199;PROVINCE_7022;x;
6929;250;95;44;PROVINCE_7247;x;
6930;190;35;168;PROVINCE_7024;x;
6931;190;100;5;PROVINCE_7025;x;
6932;190;201;205;PROVINCE_7026;x;
6933;191;93;194;PROVINCE_7027;x;
6934;191;172;144;PROVINCE_7028;x;
6935;191;187;205;PROVINCE_7029;x;
6936;192;12;45;PROVINCE_7030;x;
6937;192;49;117;PROVINCE_7031;x;
6938;250;125;11;PROVINCE_7248;x;
6939;192;147;180;PROVINCE_7033;x;
6940;192;195;123;PROVINCE_7034;x;
6941;192;233;35;PROVINCE_7035;x;
6942;193;145;4;PROVINCE_7036;x;
6943;193;225;100;PROVINCE_7037;x;
6944;250;194;76;PROVINCE_7249;x;
6945;194;14;111;PROVINCE_7039;x;
6946;194;102;108;PROVINCE_7040;x;
6947;194;129;176;PROVINCE_7041;x;
6948;194;141;53;PROVINCE_7042;x;
6949;194;142;193;PROVINCE_7043;x;
6950;194;176;119;PROVINCE_7044;x;
6951;194;252;44;PROVINCE_7045;x;
6952;195;18;129;PROVINCE_7046;x;
6953;195;22;180;PROVINCE_7047;x;
6954;195;112;55;PROVINCE_7048;x;
6955;195;164;113;PROVINCE_7049;x;
6956;196;93;179;PROVINCE_7050;x;
6957;196;180;21;PROVINCE_7051;x;
6958;196;186;37;PROVINCE_7052;x;
6959;197;44;94;PROVINCE_7053;x;
6960;197;127;191;PROVINCE_7054;x;
6961;197;153;85;PROVINCE_7055;x;
6962;197;160;101;PROVINCE_7056;x;
6963;197;199;87;PROVINCE_7057;x;
6964;197;242;192;PROVINCE_7058;x;
6965;198;4;157;PROVINCE_7059;x;
6966;198;8;220;PROVINCE_7060;x;
6967;198;9;145;PROVINCE_7061;x;
6968;198;24;81;PROVINCE_7062;x;
6969;198;28;27;PROVINCE_7063;x;
6970;198;63;104;PROVINCE_7064;x;
6971;198;70;81;PROVINCE_7065;x;
6972;198;204;29;PROVINCE_7066;x;
6973;198;232;255;PROVINCE_7067;x;
6974;199;22;183;PROVINCE_7068;x;
6975;199;60;179;PROVINCE_7069;x;
6976;199;94;239;PROVINCE_7070;x;
6977;199;146;245;PROVINCE_7071;x;
6978;199;254;1;PROVINCE_7072;x;
6979;200;126;240;PROVINCE_7073;x;
6980;200;139;81;PROVINCE_7074;x;
6981;201;29;255;PROVINCE_7075;x;
6982;201;62;50;PROVINCE_7076;x;
6983;201;108;93;PROVINCE_7077;x;
6984;201;206;147;PROVINCE_7078;x;
6985;202;20;165;PROVINCE_7079;x;
6986;202;22;91;PROVINCE_7080;x;
6987;202;77;51;PROVINCE_7081;x;
6988;202;85;101;PROVINCE_7082;x;
6989;202;88;242;PROVINCE_7083;x;
6990;202;128;95;PROVINCE_7084;x;
6991;202;150;115;PROVINCE_7085;x;
6992;202;201;108;PROVINCE_7086;x;
6993;203;11;63;PROVINCE_7087;x;
6994;203;163;41;PROVINCE_7088;x;
6995;204;22;66;PROVINCE_7089;x;
6996;204;97;184;PROVINCE_7090;x;
6997;199;215;68;PROVINCE_7091;x;
6998;205;127;142;PROVINCE_7092;x;
6999;206;234;224;PROVINCE_7093;x;
7000;207;29;140;PROVINCE_7094;x;
7001;207;84;206;PROVINCE_7095;x;
7002;207;235;203;PROVINCE_7096;x;
7003;208;4;39;PROVINCE_7097;x;
7004;251;37;13;PROVINCE_7251;x;
7005;251;53;201;PROVINCE_7252;x;
7006;202;223;29;PROVINCE_7100;x;
7007;208;139;199;PROVINCE_7101;x;
7008;209;12;86;PROVINCE_7102;x;
7009;209;38;64;PROVINCE_7103;x;
7010;209;87;57;PROVINCE_7104;x;
7011;209;252;164;PROVINCE_7105;x;
7012;210;87;88;PROVINCE_7106;x;
7013;210;113;215;PROVINCE_7107;x;
7014;210;221;96;PROVINCE_7108;x;
7015;210;224;193;PROVINCE_7109;x;
7016;211;44;17;PROVINCE_7110;x;
7017;211;111;150;PROVINCE_7111;x;
7018;211;130;131;PROVINCE_7112;x;
7019;212;67;8;PROVINCE_7113;x;
7020;212;81;227;PROVINCE_7114;x;
7021;212;252;248;PROVINCE_7115;x;
7022;213;50;5;PROVINCE_7116;x;
7023;213;159;220;PROVINCE_7117;x;
7024;214;49;207;PROVINCE_7118;x;
7025;251;92;250;PROVINCE_7253;x;
7026;214;60;231;PROVINCE_7120;x;
7027;214;70;202;PROVINCE_7121;x;
7028;214;79;13;PROVINCE_7122;x;
7029;215;68;131;PROVINCE_7123;x;
7030;215;186;103;PROVINCE_7124;x;
7031;215;252;156;PROVINCE_7125;x;
7032;216;95;66;PROVINCE_7126;x;
7033;216;137;23;PROVINCE_7127;x;
7034;216;190;26;PROVINCE_7128;x;
7035;216;240;164;PROVINCE_7129;x;
7036;217;71;134;PROVINCE_7130;x;
7037;217;86;124;PROVINCE_7131;x;
7038;217;102;75;PROVINCE_7132;x;
7039;217;243;7;PROVINCE_7133;x;
7040;218;110;137;PROVINCE_7134;x;
7041;218;134;114;PROVINCE_7135;x;
7042;218;139;116;PROVINCE_7136;x;
7043;218;153;5;PROVINCE_7137;x;
7044;218;175;66;PROVINCE_7138;x;
7045;218;248;247;PROVINCE_7139;x;
7046;219;19;213;PROVINCE_7140;x;
7047;219;71;185;PROVINCE_7141;x;
7048;219;110;181;PROVINCE_7142;x;
7049;219;120;166;PROVINCE_7143;x;
7050;219;171;156;PROVINCE_7144;x;
7051;219;237;166;PROVINCE_7145;x;
7052;220;18;3;PROVINCE_7146;x;
7053;220;67;17;PROVINCE_7147;x;
7054;220;188;42;PROVINCE_7148;x;
7055;220;220;102;PROVINCE_7149;x;
7056;220;255;186;PROVINCE_7150;x;
7057;222;5;29;PROVINCE_7151;x;
7058;222;161;37;PROVINCE_7152;x;
7059;223;35;21;PROVINCE_7153;x;
7060;223;139;118;PROVINCE_7154;x;
7061;223;140;217;PROVINCE_7155;x;
7062;223;166;117;PROVINCE_7156;x;
7063;224;22;93;PROVINCE_7157;x;
7064;224;125;107;PROVINCE_7158;x;
7065;224;250;93;PROVINCE_7159;x;
7066;225;46;203;PROVINCE_7160;x;
7067;225;80;204;PROVINCE_7161;x;
7068;225;155;12;PROVINCE_7162;x;
7069;225;181;3;PROVINCE_7163;x;
7070;225;192;123;PROVINCE_7164;x;
7071;251;149;54;PROVINCE_7254;x;
7072;226;49;190;PROVINCE_7166;x;
7073;226;84;115;PROVINCE_7167;x;
7074;251;206;125;PROVINCE_7256;x;
7075;226;192;61;PROVINCE_7169;x;
7076;227;66;47;PROVINCE_7170;x;
7077;227;120;23;PROVINCE_7171;x;
7078;227;140;121;PROVINCE_7172;x;
7079;227;142;97;PROVINCE_7173;x;
7080;227;218;195;PROVINCE_7174;x;
7081;227;251;46;PROVINCE_7175;x;
7082;228;1;55;PROVINCE_7176;x;
7083;229;19;227;PROVINCE_7177;x;
7084;229;91;155;PROVINCE_7178;x;
7085;229;173;95;PROVINCE_7179;x;
7086;229;234;9;PROVINCE_7180;x;
7087;230;158;152;PROVINCE_7181;x;
7088;230;164;196;PROVINCE_7182;x;
7089;231;3;166;PROVINCE_7183;x;
7090;231;83;15;PROVINCE_7184;x;
7091;231;100;187;PROVINCE_7185;x;
7092;231;142;85;PROVINCE_7186;x;
7093;231;212;109;PROVINCE_7187;x;
7094;231;227;189;PROVINCE_7188;x;
7095;232;47;81;PROVINCE_7189;x;
7096;232;48;249;PROVINCE_7190;x;
7097;232;136;93;PROVINCE_7191;x;
7098;232;218;155;PROVINCE_7192;x;
7099;232;218;246;PROVINCE_7193;x;
7100;233;48;188;PROVINCE_7194;x;
7101;233;170;241;PROVINCE_7195;x;
7102;233;172;13;PROVINCE_7196;x;
7103;233;235;92;PROVINCE_7197;x;
7104;234;36;125;PROVINCE_7198;x;
7105;234;101;145;PROVINCE_7199;x;
7106;234;107;149;PROVINCE_7200;x;
7107;234;112;73;PROVINCE_7201;x;
7108;235;8;213;PROVINCE_7202;x;
7109;235;33;70;PROVINCE_7203;x;
7110;235;132;239;PROVINCE_7204;x;
7111;236;55;224;PROVINCE_7205;x;
7112;236;62;201;PROVINCE_7206;x;
7113;236;86;33;PROVINCE_7207;x;
7114;236;133;183;PROVINCE_7208;x;
7115;10;10;10;1x;x;
7116;206;107;107;2x;x;
7117;171;36;189;3x;x;
7118;201;51;125;province_7118;x;
7119;173;83;127;province_7119;x;
7120;212;48;129;province_7120;x;
7121;190;104;146;province_7121;x;
7122;120;47;83;province_7122;x;
7123;100;49;74;province_7123;x;
7124;123;50;86;province_7124;x;
7125;85;108;156;province_7125;x;
7126;94;213;161;province_7126;x;
7127;206;111;158;province_7127;x;
7128;81;148;119;province_7128;x;
7129;112;92;133;province_7129;x;
7130;141;57;227;province_7130;x;
7131;59;107;86;province_7131;x;
7132;63;184;131;province_7132;x;
7133;206;91;210;province_7133;x;
7134;97;94;160;province_7134;x;
7135;122;194;163;province_7135;x;
7136;99;151;128;province_7136;x;
7137;158;215;190;province_7137;x;
7138;111;142;206;province_7138;x;
7139;98;93;213;province_7139;x;
7140;158;104;214;province_7140;x;
7141;118;223;177;province_7141;x;
7142;88;55;123;province_7142;x;
7143;56;166;118;province_7143;x;
7144;155;100;157;province_7144;x;
7145;110;208;165;province_7145;x;
7146;151;149;204;province_7146;x;
7147;122;84;123;province_7147;x;
7148;61;56;175;province_7148;x;
7149;71;99;158;province_7149;x;
7150;133;129;200;province_7150;x;
7151;105;102;185;province_7151;x;
7152;66;113;93;province_7152;x;
7153;182;102;185;province_7153;x;
7154;58;50;228;province_7154;x;
7155;78;104;155;province_7155;x;
7156;42;62;101;province_7156;x;
7157;114;111;170;province_7157;x;
7158;191;46;118;province_7158;x;
7159;83;123;204;province_7159;x;
7160;104;214;166;province_7160;x;
7161;195;44;119;province_7161;x;
7162;148;95;121;province_7162;x;
7163;204;70;136;province_7163;x;
7164;117;112;209;province_7164;x;
7165;217;33;124;province_7165;x;
7166;115;75;95;province_7166;x;
7167;161;35;97;province_7167;x;
7168;198;59;128;province_7168;x;
7169;216;149;182;province_7169;x;
7170;209;100;100;province_7170;x;
7171;73;23;23;province_7171;x;
7172;146;81;113;province_7172;x;
7173;72;117;207;province_7173;x;
7174;130;62;95;province_7174;x;
7175;99;94;194;province_7175;x;
7176;110;71;149;province_7176;x;
7177;77;53;53;province_7177;x;
7178;102;70;97;province_7178;x;
7179;196;35;35;province_7179;x;
7180;159;82;82;province_7180;x;
7181;183;104;171;province_7181;x;
7182;60;183;138;province_7182;x;
7183;193;50;50;province_7183;x;
7184;131;48;89;province_7184;x;
7185;190;67;128;province_7185;x;
7186;85;135;117;province_7186;x;
7187;78;160;130;province_7187;x;
7188;114;79;203;province_7188;x;
7189;124;72;98;province_7189;x;
7190;183;123;123;province_7190;x;
7191;220;119;169;province_7191;x;
7192;71;66;181;province_7192;x;
7193;117;114;183;province_7193;x;
7194;79;76;137;province_7194;x;
7195;190;139;139;province_7195;x;
7196;170;69;119;province_7196;x;
7197;97;60;91;province_7197;x;
7198;218;84;197;province_7198;x;
7199;66;27;60;province_7199;x;
7200;83;187;149;province_7200;x;
7201;91;214;164;province_7201;x;
7202;39;197;139;province_7202;x;
7203;103;100;175;province_7203;x;
7204;51;169;126;province_7204;x;
7205;87;83;161;province_7205;x;
7206;112;175;152;province_7206;x;
7207;117;102;156;province_7207;x;
7208;142;205;182;province_7208;x;
7209;81;182;141;province_7209;x;
7210;98;67;82;province_7210;x;
7211;181;92;92;province_7211;x;
7212;129;44;44;province_7212;x;
7213;130;40;40;province_7213;x;
7214;102;166;140;province_7214;x;
7215;233;158;195;province_7215;x;
7216;60;131;102;province_7216;x;
7217;142;111;222;province_7217;x;
7218;76;63;109;province_7218;x;
7219;124;93;203;province_7219;x;
7220;74;60;107;province_7220;x;
7221;122;188;161;province_7221;x;
7222;209;118;118;province_7222;x;
7223;108;102;224;province_7223;x;
7224;64;60;143;province_7224;x;
7225;181;98;98;province_7225;x;
7226;59;52;198;province_7226;x;
7227;204;45;45;province_7227;x;
7228;73;105;92;province_7228;x;
7229;195;158;233;province_7229;x;
7230;125;103;182;province_7230;x;
7231;179;131;228;province_7231;x;
7232;88;42;135;province_7232;x;
7233;141;17;17;province_7233;x;
7234;124;92;203;province_7234;x;
7235;150;146;217;province_7235;x;
7236;124;91;158;province_7236;x;
7237;141;73;210;province_7237;x;
7238;104;78;172;province_7238;x;
7239;69;102;88;province_7239;x;
7240;99;185;150;province_7240;x;
7241;82;42;182;province_7241;x;
7242;81;163;129;province_7242;x;
7243;91;31;153;province_7243;x;
7244;52;31;107;province_7244;x;
7245;97;238;180;province_7245;x;
7246;32;80;60;province_7246;x;
7247;61;206;146;province_7247;x;
7248;52;116;90;province_7248;x;
7249;97;168;139;province_7249;x;
7250;109;91;154;province_7250;x;
7251;109;66;218;province_7251;x;
7252;133;9;29;Hami;x;
7253;7;15;30;Fukang;x;
7254;49;18;158;Cheshi;x;
7255;91;21;31;Jimsar;x;
7256;133;24;159;Beilu;x;
7257;175;42;162;Barkul;x;
7258;7;45;35;Liaotun;x;
7259;49;48;163;Pulei;x;
7260;91;51;36;Yizhi;x;
7261;91;141;51;Balgun;x;
7262;7;150;180;Chumy-su;x;
7263;49;153;53;Kara Asirgan;x;
7264;91;156;181;Morin Tolochai;x;
7265;133;159;54;Tegurik;x;
7266;175;162;182;Boro Burgasu;x;
7267;7;165;55;Suchatu;x;
7268;49;168;183;Alak-Nor;x;
7269;91;186;186;Mumo;x;
7270;133;189;59;Khoyorgol;x;
7271;175;192;187;Bayan Nuur;x;
7272;7;195;60;Longcheng;x;
7273;49;198;188;Khogno Khan;x;
7274;91;201;61;Batkhaan;x;
7275;133;204;189;Shankh;x;
7276;175;207;62;Hanhai;x;
7277;7;210;190;Karabalgasun;x;
7278;49;0;63;Ogiy;x;
7279;91;3;191;Khanjargalant;x;
7280;133;6;64;Erdenet;x;
7281;7;12;65;Sharga_OTU;x;
7282;49;15;193;Bulgan Uul;x;
7283;91;18;66;Ulaanbaatar;x;
7284;133;21;194;Moltsog Els;x;
7285;175;24;67;Hustai;x;
7286;7;27;195;Orkhontuul;x;
7287;49;30;68;Oarkhan Uul;x;
7288;91;33;196;Tuul Khentii;x;
7289;175;39;197;Khentii;x;
7290;7;42;70;Burkal;x;
7291;49;45;198;Chikoy_OGR;x;
7292;91;48;71;Naushki;x;
7293;175;99;207;Khasagt Khairkhan;x;
7294;7;102;80;Gegeen;x;
7295;49;105;208;Taigan;x;
7296;91;108;81;Bombogor;x;
7297;133;111;209;Boon Tsagaan;x;
7298;175;114;82;Khutag;x;
7299;7;117;210;Tuin;x;
7300;49;120;83;Orog;x;
7301;91;123;211;Khuisiin Naiman Nuur;x;
7302;133;126;84;Taatsiin Tsagaan;x;
7303;175;129;212;Myangan Yamaat;x;
7304;7;132;85;Ongi;x;
7305;49;135;213;Guchin-Us;x;
7306;91;138;86;Arvaikheer;x;
7307;133;141;214;Tovkhon;x;
7308;133;156;89;Ulaagchiin Khar;x;
7309;175;159;217;Uliastai;x;
7310;7;162;90;Otgontenger;x;
7311;7;192;95;Bumbag Hayrhan Uul;x;
7312;49;195;223;Alag Khairkhan;x;
7313;91;198;96;Tseel;x;
7314;133;201;224;Nutsgen Uul;x;
7315;175;204;97;Eej Khairkhan;x;
7316;7;207;225;Zarman;x;
7317;175;6;227;Khyarhgas;x;
7318;7;24;130;Airag;x;
7319;49;27;3;Urgamal;x;
7320;91;30;131;Setsen Sart;x;
7321;133;33;4;Durgun;x;
7322;175;36;132;Elsen Tasarkhai;x;
7323;7;39;5;Khar Us;x;
7324;175;51;7;Tal-Tugal;x;
7325;7;54;135;Tsambagarau;x;
7326;49;57;8;Munkh-Khairkhan;x;
7327;49;126;218;Gobi-Altai South;x;
7328;133;132;219;Khangai;x;
7329;8;60;70;GOBI DESERT;x;
7330;50;63;198;GOBI DESERT;x;
7331;134;69;199;GOBI DESERT;x;
7332;134;138;54;ALTAISHAN;x;
7333;176;141;182;TIANSHAN;x;
7334;51;102;3;Fuqi;x;
7335;177;111;132;Yagkeng;x;
7336;9;114;5;Gangca;x;
7337;51;117;133;Haeyan;x;
7338;135;123;134;Datong;x;
7339;9;129;135;Gonlung;x;
7340;51;132;8;Ledu;x;
7341;135;138;9;Shanzhou;x;
7342;51;147;138;Rusar;x;
7343;93;150;11;Xining;x;
7344;135;153;139;Qabqa;x;
7345;51;162;13;Changzhi;x;
7346;177;138;172;Mazongshan;x;
7347;135;195;54;Saihantaolai;x;
7348;51;204;183;Babao;x;
7349;93;207;56;Semnyi;x;
7350;93;96;136;Minggam;x;
7351;135;99;9;Chalamtum;x;
7352;9;27;160;IMPASSABLE CENTRAL GOBI 1;x;
7353;93;33;161;IMPASSABLE CENTRAL GOBI 2;x;
7354;135;36;34;IMPASSABLE CENTRAL GOBI 3;x;
7355;9;42;35;IMPASSABLE EASTERN GOBI 1;x;
7356;68;58;34;IMPASSABLE Yablonoi south;x;
7357;243;211;130;IMPASSABLE Greater Khingan south;x;
7358;108;85;22;IMPASSABLE eastern Gobi;x;
7359;233;224;130;IMPASSABLE eastern Mongolia desert 1;x;
7360;161;158;127;IMPASSABLE eastern Mongolia desert 2;x;
7361;80;15;248;Mong_Zhen;x;
7362;214;15;244;FIC_Mong_Ulantolgod;x;
7363;134;39;66;FIC_Mong_Elskhol;x;
7364;181;216;179;FIC_Mong_Chusolalin;x;
7365;79;7;53;FIC_Mong_Ulyntsana;x;
7366;255;61;145;FIC_Mong_Herulun;x;
7367;188;16;134;FIC_Mong_Payenula;x;
7368;180;198;99;FIC_Mong_Olokuialin;x;
7369;185;226;131;FIC_Mong_Olongoluud;x;
7370;122;112;127;FIC_Mong_Dutulunels;x;
7371;170;173;19;FIC_Mong_Semkut;x;
7372;242;19;37;FIC_Mong_Tarkilechi;x;
7373;136;168;147;FIC_Mong_Tarhanalin;x;
7374;143;181;201;FIC_Mong_Ichar_Ekin;x;
7375;34;89;19;FIC_Mong_Tarkhaidam;x;
7376;96;15;232;FIC_Mong_Karepuri;x;
7377;229;223;222;FIC_Mong_Kyursugol;x;
7378;221;147;97;FIC_Mong_Kukuchol;x;
7379;232;200;104;FIC_Mong_Hinkanalin;x;
7380;136;114;150;FIC_Mong_Kanchuku;x;
7381;45;20;25;FIC_Mong_Usguitalbai;x;
7382;19;25;38;FIC_Mong_Tapsunuur;x;
7383;130;80;130;FIC_Mong_Zovkerulen;x;
7384;186;117;133;FIC_Mong_Kurnuur;x;
7385;43;6;40;FIC_Mong_Khosoonuud;x;
7386;216;114;194;FIC_Mong_Tulanhara;x;
7387;15;102;87;FIC_Mong_Ulanhulud;x;
7388;65;59;71;FIC_Mong_Nuurkhoorond;x;
7389;181;178;132;FIC_Mong_Zuunbuir;x;
7390;114;165;69;FIC_Mong_Xisaiyin;x;
7391;81;75;51;FIC_Mong_Jiasaihe;x;
7392;73;27;32;FIC_Mong_Dongheisha;x;
7393;125;68;137;FIC_Mong_Chezier;x;
7394;168;134;90;FIC_Mong_Kharulagai;x;
7395;72;130;101;FIC_Mong_Nanchezi;x;
7396;1;15;240;FIC_Mong_Beiheisha;x;
7397;147;137;76;FIC_Mong_Kurumnuur;x;
7398;232;249;247;FIC_Mong_Khanabaruun;x;
7399;214;51;149;Mong_Jiangbian;x;
7400;158;105;244;Mong_Hepung;x;
7401;26;127;107;FIC_Mong_Horobot;x;
7402;224;69;159;FIC_Mong_Tsagaanuur;x;
7403;114;46;4;FIC_Mong_Khanazuun;x;
7404;99;9;26;FIC_Mong_Ulajagol;x;
7405;122;141;191;FIC_Mong_Elsenurud;x;
7406;91;123;191;FIC_Mong_Shaqiu;x;
7407;216;171;202;FIC_Mong_Nuurkhoid;x;
7408;226;15;0;FIC_Mong_Ergunegol;x;
7409;8;104;214;FIC_Mong_Hailargol;x;
7410;102;18;99;FIC_Mong_Nyurgol;x;
7411;29;44;119;FIC_Mong_Telburgol;x;
7412;14;84;145;FIC_Mong_Genhegol;x;
7413;99;191;172;FIC_Mong_Olanuur;x;
7414;63;58;33;Mong_Pibeihe;x;
7415;175;139;193;FIC_Mong_Oyuhulun;x;
7416;48;16;248;FIC_Mong_Khailangol;x;
7417;130;23;42;FIC_Mong_Kharbuir;x;
7418;94;130;85;FIC_Mong_Khalkagol;x;
7419;112;129;165;FIC_Liao_Ulanulagai;x;
7420;1;17;248;FIC_Liao_Ulanuer;x;
7421;38;45;20;FIC_Liao_Charnoer;x;
7422;177;178;133;FIC_Liao_Xilin;x;
7423;68;61;89;Liao_Songzhanzhou;x;
7424;158;137;150;FIC_Liao_Wuluan;x;
7425;85;137;102;FIC_Liao_Liquan;x;
7426;64;75;89;Liao_Wuzhou;x;
7427;23;30;24;FIC_Liao_Matudi;x;
7428;32;46;81;FIC_Liao_Baicaoer;x;
7429;33;30;45;FIC_Liao_Huopingan;x;
7430;80;191;180;FIC_Liao_Bayintailai;x;
7431;18;61;5;Liao_Fengzhou2;x;
7432;107;178;74;Liao_Chunzhou;x;
7433;0;130;56;Liao_Changchun;x;
7434;73;34;107;Liao_Yizhou;x;
7435;191;99;204;FIC_Liao_Yumitudi;x;
7436;226;186;22;FIC_Liao_Heihorqin;x;
7437;122;61;76;FIC_Liao_Horqin;x;
7438;37;17;232;FIC_Liao_Shuangliao;x;
7439;90;135;133;Liao_Fengzhou3;x;
7440;252;116;175;Liao_Jizhou;x;
7441;30;32;81;Liao_Weizhou;x;
7442;247;187;238;Liao_Changchun2;x;
7443;46;17;248;FIC_Liao_Fuyunan;x;
7444;96;83;89;Liao_Xinzhou;x;
7445;45;94;21;GOBI_Ikh_Nart;x;
7446;117;14;248;GOBI_Khulugur;x;
7447;0;50;252;GOBI_Burdene_Bulag;x;
7448;26;117;93;GOBI_Miggan;x;
7449;153;111;121;GOBI_Sishajiang;x;
7450;244;166;217;GOBI_Liaoli;x;
7451;120;158;126;GOBI_Iren;x;
7452;52;121;122;GOBI_Altan_Uul;x;
7453;247;187;215;GOBI_Aibakha;x;
7454;112;17;82;GOBI_Khatan_Suudal;x;
7455;100;150;43;GOBI_Gurvan_Saikhan;x;
7456;97;41;147;GOBI_Gashunn;x;
7457;26;68;107;GOBI_Deed_Ongi;x;
7458;62;102;92;GOBI_Dood_Ongi;x;
7459;114;41;106;GOBI_Ulaan_Nuur;x;
7460;122;196;49;GOBI_Bayanzag;x;
7461;127;110;73;GOBI_Ochikhi;x;
7462;29;193;29;GOBI_Burgasutai;x;
7463;77;186;182;GOBI_Durma;x;
7464;175;52;60;GOBI_Elsuul;x;
7465;137;110;11;GOBI_Kur_Chagan;x;
7466;170;141;104;GOBI_Abakhanar;x;
7467;12;14;23;HD_IMPASSABLE_SMALL;x;
7468;14;44;11;HD_IMPASSABLE_LARGE;x;
7469;148;63;217;Otuken City;x;
7470;27;178;173;Sharga;x;
7471;82;143;251;Anxi;x;
7472;47;202;215;Aj Bogd;x;
7473;207;244;49;Karakorum;x;
7474;14;147;67;Altai South Foot;x;
