object={
	name="reeds_01_generator_1_0"
	render_pass=Map
	clamp_to_water_level=no
	generated_content=yes
	layer="grass_layer"
	pdxmesh="reeds_06_grass_mesh"
	count=1657
	transform="5533.969238 0.000000 3819.701172 0.000000 0.716798 0.000000 0.697281 0.992295 0.992295 0.992295
5545.105469 0.000000 3834.022461 0.000000 0.313179 0.000000 0.949694 0.990621 0.990621 0.990621
5562.075195 0.000000 3833.518799 0.000000 0.238260 0.000000 0.971201 0.996679 0.996679 0.996679
5563.991699 0.000000 3821.011475 0.000000 0.624947 0.000000 0.780667 0.997764 0.997764 0.997764
5509.516113 0.000000 3832.704346 0.000000 0.236185 0.000000 0.971708 0.996674 0.996674 0.996674
5524.521973 0.000000 3836.864258 0.000000 0.017435 0.000000 0.999848 0.984488 0.984488 0.984488
5540.697754 0.000000 3841.179443 0.000000 0.217152 0.000000 0.976138 0.989875 0.989875 0.989875
5541.368652 0.000000 3817.600342 0.000000 0.480493 0.000000 0.876999 0.989319 0.989319 0.989319
5529.662109 0.000000 3834.911865 0.000000 0.022380 0.000000 0.999750 0.980672 0.980672 0.980672
5528.838867 0.000000 3818.732178 0.000000 0.216292 0.000000 0.976329 0.986491 0.986491 0.986491
5520.155762 0.000000 3834.403809 0.000000 0.565696 0.000000 0.824614 0.990318 0.990318 0.990318
5533.590332 0.000000 3829.599365 0.000000 0.160146 0.000000 0.987093 0.982400 0.982400 0.982400
5391.337891 0.000000 4058.337158 0.000000 0.628099 0.000000 0.778134 0.997774 0.997774 0.997774
5473.278809 0.000000 3916.991455 0.000000 0.116007 0.000000 0.993248 0.996369 0.996369 0.996369
5478.330078 0.000000 3951.352783 0.000000 0.476271 0.000000 0.879299 0.997318 0.997318 0.997318
5480.357910 0.000000 3908.235352 0.000000 0.291267 0.000000 0.956642 0.990449 0.990449 0.990449
5507.522949 0.000000 3872.964355 0.000000 0.685643 0.000000 0.727938 0.993894 0.993894 0.993894
5481.998535 0.000000 3916.551758 0.000000 0.005926 0.000000 0.999982 0.988280 0.988280 0.988280
5489.543457 0.000000 3891.531250 0.000000 0.449279 0.000000 0.893392 0.988967 0.988967 0.988967
5527.342285 0.000000 3852.438232 0.000000 0.240579 0.000000 0.970630 0.993370 0.993370 0.993370
5487.317383 0.000000 3929.021729 0.000000 0.611241 0.000000 0.791445 0.993161 0.993161 0.993161
5562.075195 0.000000 3940.503174 0.000000 0.668658 0.000000 0.743570 0.997907 0.997907 0.997907
5511.556641 0.000000 3904.635254 0.000000 0.579075 0.000000 0.815274 0.997620 0.997620 0.997620
5503.245117 0.000000 3897.060059 0.000000 0.427988 0.000000 0.903784 0.994365 0.994365 0.994365
5544.524414 0.000000 3954.474854 0.000000 0.717611 0.000000 0.696444 0.996153 0.996153 0.996153
5480.730957 0.000000 3863.856689 0.000000 0.663025 0.000000 0.748597 0.997888 0.997888 0.997888
5511.658691 0.000000 3881.173340 0.000000 0.562822 0.000000 0.826578 0.997571 0.997571 0.997571
5503.411133 0.000000 3958.337158 0.000000 0.253064 0.000000 0.967449 0.993434 0.993434 0.993434
5481.037109 0.000000 3935.114990 0.000000 0.184308 0.000000 0.982869 0.989624 0.989624 0.989624
5510.636719 0.000000 3931.134521 0.000000 0.658043 0.000000 0.752980 0.995743 0.995743 0.995743
5522.320312 0.000000 3859.431885 0.000000 0.636822 0.000000 0.771011 0.995604 0.995604 0.995604
5500.554199 0.000000 3877.450928 0.000000 0.701068 0.000000 0.713095 0.996036 0.996036 0.996036
5492.107422 0.000000 3910.582031 0.000000 0.070154 0.000000 0.997536 0.985015 0.985015 0.985015
5505.050781 0.000000 3854.701416 0.000000 0.295141 0.000000 0.955454 0.990479 0.990479 0.990479
5492.180664 0.000000 3938.480713 0.000000 0.043638 0.000000 0.999047 0.984750 0.984750 0.984750
5499.259277 0.000000 3866.391357 0.000000 0.572980 0.000000 0.819569 0.990407 0.990407 0.990407
5559.815918 0.000000 3954.792480 0.000000 0.645297 0.000000 0.763932 0.995659 0.995659 0.995659
5509.105469 0.000000 3924.009521 0.000000 0.010855 0.000000 0.999941 0.992211 0.992211 0.992211
5550.725098 0.000000 3954.962158 0.000000 0.553786 0.000000 0.832659 0.992631 0.992631 0.992631
5516.512207 0.000000 3857.206543 0.000000 0.430286 0.000000 0.902693 0.991567 0.991567 0.991567
5488.050293 0.000000 3914.989746 0.000000 0.212247 0.000000 0.977216 0.989837 0.989837 0.989837
5480.971191 0.000000 3890.308838 0.000000 0.672136 0.000000 0.740428 0.993756 0.993756 0.993756
5487.529297 0.000000 3881.147705 0.000000 0.560956 0.000000 0.827845 0.992696 0.992696 0.992696
5499.677734 0.000000 3902.246826 0.000000 0.628938 0.000000 0.777455 0.993330 0.993330 0.993330
5492.413086 0.000000 3904.877197 0.000000 0.390001 0.000000 0.920814 0.991236 0.991236 0.991236
5491.796387 0.000000 3886.609619 0.000000 0.611558 0.000000 0.791200 0.993164 0.993164 0.993164
5494.785156 0.000000 3863.659424 0.000000 0.542106 0.000000 0.840310 0.990035 0.990035 0.990035
5484.927246 0.000000 3893.105469 0.000000 0.631829 0.000000 0.775107 0.991143 0.991143 0.991143
5422.523926 0.000000 4046.673096 0.000000 0.142928 0.000000 0.989733 0.996436 0.996436 0.996436
5394.365234 0.000000 4057.813232 0.000000 0.558892 0.000000 0.829241 0.995118 0.995118 0.995118
5400.881836 0.000000 4061.409668 0.000000 0.453039 0.000000 0.891491 0.994504 0.994504 0.994504
5553.134277 0.000000 4037.885742 0.000000 0.389243 0.000000 0.921135 0.947378 0.947378 0.947378
5512.558105 0.000000 3959.131348 0.000000 0.662162 0.000000 0.749361 0.995770 0.995770 0.995770
5527.342285 0.000000 3959.422607 0.000000 0.329874 0.000000 0.944025 0.990753 0.990753 0.990753
5498.942871 0.000000 4046.963623 0.000000 0.587149 0.000000 0.809479 0.997645 0.997645 0.997645
5503.363770 0.000000 3992.445312 0.000000 0.401819 0.000000 0.915719 0.994222 0.994222 0.994222
5545.105469 0.000000 4047.991211 0.000000 0.726573 0.000000 0.687089 0.979198 0.979198 0.979198
5562.779785 0.000000 3980.378906 0.000000 0.719642 0.000000 0.694346 0.992335 0.992335 0.992335
5509.516113 0.000000 4046.673096 0.000000 0.632292 0.000000 0.774731 0.977873 0.977873 0.977873
5543.260254 0.000000 3988.483154 0.000000 0.297280 0.000000 0.954790 0.993664 0.993664 0.993664
5556.450684 0.000000 3988.041504 0.000000 0.684723 0.000000 0.728803 0.993884 0.993884 0.993884
5524.521973 0.000000 4050.833008 0.000000 0.439022 0.000000 0.898476 0.958197 0.958197 0.958197
5493.393066 0.000000 3958.510010 0.000000 0.011048 0.000000 0.999939 0.992212 0.992212 0.992212
5563.062012 0.000000 3958.779297 0.000000 0.547636 0.000000 0.836717 0.990101 0.990101 0.990101
5522.320312 0.000000 3966.416260 0.000000 0.225172 0.000000 0.974319 0.986582 0.986582 0.986582
5553.825195 0.000000 4048.233398 0.000000 0.015774 0.000000 0.999876 0.980589 0.980589 0.980589
5525.256836 0.000000 4036.397949 0.000000 0.512603 0.000000 0.858626 0.987111 0.987111 0.987111
5537.365234 0.000000 4026.709473 0.000000 0.028175 0.000000 0.999603 0.949934 0.949934 0.949934
5528.372559 0.000000 4058.060059 0.000000 0.497663 0.000000 0.867371 0.973789 0.973789 0.973789
5544.106934 0.000000 3966.993896 0.000000 0.654410 0.000000 0.756140 0.987157 0.987157 0.987157
5533.542480 0.000000 3975.487061 0.000000 0.069379 0.000000 0.997590 0.985007 0.985007 0.985007
5541.368652 0.000000 4031.569092 0.000000 0.582602 0.000000 0.812758 0.952622 0.952622 0.952622
5562.351074 0.000000 3986.575195 0.000000 0.052888 0.000000 0.998600 0.988632 0.988632 0.988632
5516.657227 0.000000 4036.816162 0.000000 0.265809 0.000000 0.964026 0.990250 0.990250 0.990250
5558.003906 0.000000 4034.346924 0.000000 0.131455 0.000000 0.991322 0.946114 0.946114 0.946114
5506.042969 0.000000 3986.487549 0.000000 0.398949 0.000000 0.916973 0.991309 0.991309 0.991309
5538.970703 0.000000 3958.526123 0.000000 0.490455 0.000000 0.871466 0.989433 0.989433 0.989433
5532.895996 0.000000 3958.423096 0.000000 0.573845 0.000000 0.818964 0.992813 0.992813 0.992813
5529.662109 0.000000 4048.880615 0.000000 0.330072 0.000000 0.943956 0.969182 0.969182 0.969182
5515.048828 0.000000 4046.672607 0.000000 0.229941 0.000000 0.973205 0.953207 0.953207 0.953207
5534.659668 0.000000 3968.753174 0.000000 0.199521 0.000000 0.979894 0.982900 0.982900 0.982900
5544.959473 0.000000 3983.471191 0.000000 0.059950 0.000000 0.998201 0.984913 0.984913 0.984913
5540.982910 0.000000 4022.914307 0.000000 0.685375 0.000000 0.728191 0.977600 0.977600 0.977600
5520.687012 0.000000 4054.412598 0.000000 0.368243 0.000000 0.929729 0.937418 0.937418 0.937418
5529.553223 0.000000 3978.196533 0.000000 0.367895 0.000000 0.929867 0.988076 0.988076 0.988076
5554.582520 0.000000 3970.978271 0.000000 0.644433 0.000000 0.764660 0.986960 0.986960 0.986960
5528.712402 0.000000 4053.198975 0.000000 0.653297 0.000000 0.757101 0.976414 0.976414 0.976414
5534.002441 0.000000 4048.363770 0.000000 0.169432 0.000000 0.985542 0.968531 0.968531 0.968531
5556.524414 0.000000 4019.625000 0.000000 0.011676 0.000000 0.999932 0.941614 0.941614 0.941614
5548.047363 0.000000 4021.784668 0.000000 0.621914 0.000000 0.783086 0.964065 0.964065 0.964065
5533.590332 0.000000 4043.568115 0.000000 0.314636 0.000000 0.949212 0.965653 0.965653 0.965653
5548.599121 0.000000 4028.754395 0.000000 0.688671 0.000000 0.725074 0.953424 0.953424 0.953424
5538.829102 0.000000 3967.635986 0.000000 0.512923 0.000000 0.858435 0.984538 0.984538 0.984538
5512.471191 0.000000 4054.891113 0.000000 0.164638 0.000000 0.986354 0.950879 0.950879 0.950879
5558.255859 0.000000 4045.937744 0.000000 0.371648 0.000000 0.928374 0.982174 0.982174 0.982174
5533.648926 0.000000 4025.005859 0.000000 0.222558 0.000000 0.974920 0.973110 0.973110 0.973110
5544.308594 0.000000 4034.747559 0.000000 0.703273 0.000000 0.710920 0.954591 0.954591 0.954591
5556.791016 0.000000 4037.842041 0.000000 0.732948 0.000000 0.680285 0.973851 0.973851 0.973851
5563.486328 0.000000 4015.710938 0.000000 0.341565 0.000000 0.939858 0.975589 0.975589 0.975589
5527.406738 0.000000 4046.145508 0.000000 0.595096 0.000000 0.803655 0.974367 0.974367 0.974367
5550.487305 0.000000 4017.004639 0.000000 0.224949 0.000000 0.974371 0.956383 0.956383 0.956383
5545.892578 0.000000 4044.723633 0.000000 0.131710 0.000000 0.991288 0.953307 0.953307 0.953307
5507.554199 0.000000 4049.222412 0.000000 0.434064 0.000000 0.900882 0.971994 0.971994 0.971994
5531.596191 0.000000 4046.021729 0.000000 0.086321 0.000000 0.996267 0.959236 0.959236 0.959236
5554.979004 0.000000 4035.271484 0.000000 0.023209 0.000000 0.999731 0.930455 0.930455 0.930455
5518.887207 0.000000 4057.285156 0.000000 0.188106 0.000000 0.982149 0.931017 0.931017 0.931017
5562.187500 0.000000 4021.362305 0.000000 0.134170 0.000000 0.990958 0.953387 0.953387 0.953387
5551.246582 0.000000 4030.517578 0.000000 0.380012 0.000000 0.924982 0.929239 0.929239 0.929239
5536.569824 0.000000 4042.432373 0.000000 0.356056 0.000000 0.934465 0.960835 0.960835 0.960835
5559.199707 0.000000 4021.094971 0.000000 0.109874 0.000000 0.993946 0.938006 0.938006 0.938006
5521.036621 0.000000 4044.768066 0.000000 0.266448 0.000000 0.963849 0.964269 0.964269 0.964269
5539.317871 0.000000 4043.377930 0.000000 0.113930 0.000000 0.993489 0.945452 0.945452 0.945452
5527.424316 0.000000 4050.623291 0.000000 0.457257 0.000000 0.889335 0.964433 0.964433 0.964433
5549.817871 0.000000 4039.090088 0.000000 0.147253 0.000000 0.989099 0.936053 0.936053 0.936053
5522.005859 0.000000 4052.035156 0.000000 0.574331 0.000000 0.818623 0.956904 0.956904 0.956904
5546.920410 0.000000 4035.378418 0.000000 0.414987 0.000000 0.909827 0.934376 0.934376 0.934376
5548.364746 0.000000 4024.885986 0.000000 0.519861 0.000000 0.854251 0.951422 0.951422 0.951422
5536.661621 0.000000 4033.599609 0.000000 0.459492 0.000000 0.888182 0.950866 0.950866 0.950866
5510.205566 0.000000 4049.206299 0.000000 0.666289 0.000000 0.745693 0.972687 0.972687 0.972687
5551.434082 0.000000 4027.969727 0.000000 0.677795 0.000000 0.735251 0.954631 0.954631 0.954631
5513.118164 0.000000 4052.418457 0.000000 0.008731 0.000000 0.999962 0.925904 0.925904 0.925904
5559.414062 0.000000 4032.093750 0.000000 0.454282 0.000000 0.890858 0.953347 0.953347 0.953347
5557.907227 0.000000 4023.281738 0.000000 0.022792 0.000000 0.999740 0.922707 0.922707 0.922707
5556.722168 0.000000 4028.967041 0.000000 0.607988 0.000000 0.793946 0.949620 0.949620 0.949620
5542.318848 0.000000 4029.391846 0.000000 0.157777 0.000000 0.987475 0.933006 0.933006 0.933006
5523.041504 0.000000 4054.125488 0.000000 0.612593 0.000000 0.790398 0.956765 0.956765 0.956765
5514.982910 0.000000 4050.210449 0.000000 0.640342 0.000000 0.768090 0.958454 0.958454 0.958454
5542.832520 0.000000 4033.170166 0.000000 0.121990 0.000000 0.992531 0.916826 0.916826 0.916826
5555.577148 0.000000 4027.351562 0.000000 0.212374 0.000000 0.977188 0.918705 0.918705 0.918705
5386.836426 0.000000 4074.084473 0.000000 0.259460 0.000000 0.965754 0.996734 0.996734 0.996734
5386.286621 0.000000 4130.959961 0.000000 0.275610 0.000000 0.961270 0.993551 0.993551 0.993551
5370.540039 0.000000 4168.443359 0.000000 0.050991 0.000000 0.998699 0.996206 0.996206 0.996206
5379.840820 0.000000 4155.217773 0.000000 0.402664 0.000000 0.915348 0.991339 0.991339 0.991339
5380.270996 0.000000 4136.503906 0.000000 0.564175 0.000000 0.825655 0.995150 0.995150 0.995150
5373.687500 0.000000 4139.708496 0.000000 0.611183 0.000000 0.791490 0.995440 0.995440 0.995440
5385.831543 0.000000 4168.761230 0.000000 0.555346 0.000000 0.831620 0.995097 0.995097 0.995097
5425.565918 0.000000 4066.115723 0.000000 0.547851 0.000000 0.836576 0.997526 0.997526 0.997526
5411.585938 0.000000 4073.513184 0.000000 0.171968 0.000000 0.985103 0.993020 0.993020 0.993020
5434.168945 0.000000 4166.544434 0.000000 0.172028 0.000000 0.985092 0.996510 0.996510 0.996510
5428.930176 0.000000 4137.699707 0.000000 0.711789 0.000000 0.702393 0.998056 0.998056 0.998056
5393.738770 0.000000 4077.825439 0.000000 0.542989 0.000000 0.839740 0.997511 0.997511 0.997511
5476.999512 0.000000 4141.964355 0.000000 0.683446 0.000000 0.730001 0.995914 0.995914 0.995914
5422.523926 0.000000 4153.657715 0.000000 0.604286 0.000000 0.796767 0.997698 0.997698 0.997698
5453.815430 0.000000 4124.406250 0.000000 0.139122 0.000000 0.990275 0.996427 0.996427 0.996427
5466.833008 0.000000 4155.217773 0.000000 0.116650 0.000000 0.993173 0.992741 0.992741 0.992741
5405.115234 0.000000 4124.550781 0.000000 0.052956 0.000000 0.998597 0.992421 0.992421 0.992421
5467.263184 0.000000 4136.503906 0.000000 0.589677 0.000000 0.807639 0.995306 0.995306 0.995306
5406.580566 0.000000 4159.944336 0.000000 0.594897 0.000000 0.803802 0.995338 0.995338 0.995338
5394.001953 0.000000 4138.570801 0.000000 0.633783 0.000000 0.773511 0.993376 0.993376 0.993376
5413.924316 0.000000 4132.965332 0.000000 0.714936 0.000000 0.699190 0.996134 0.996134 0.996134
5460.679688 0.000000 4139.708496 0.000000 0.333774 0.000000 0.942653 0.993856 0.993856 0.993856
5472.665527 0.000000 4147.376953 0.000000 0.533700 0.000000 0.845674 0.994968 0.994968 0.994968
5472.823730 0.000000 4168.761230 0.000000 0.110831 0.000000 0.993839 0.989067 0.989067 0.989067
5481.998535 0.000000 4130.520508 0.000000 0.511671 0.000000 0.859182 0.997419 0.997419 0.997419
5559.575684 0.000000 4105.777832 0.000000 0.055439 0.000000 0.998462 0.996217 0.996217 0.996217
5503.411133 0.000000 4172.306152 0.000000 0.648513 0.000000 0.761203 0.987040 0.987040 0.987040
5510.636719 0.000000 4145.103027 0.000000 0.324733 0.000000 0.945806 0.975233 0.975233 0.975233
5503.471191 0.000000 4147.808105 0.000000 0.559137 0.000000 0.829076 0.968277 0.968277 0.968277
5508.031738 0.000000 4169.495117 0.000000 0.092949 0.000000 0.995671 0.963108 0.963108 0.963108
5515.756348 0.000000 4164.785645 0.000000 0.082645 0.000000 0.996579 0.966565 0.966565 0.966565
5515.048828 0.000000 4153.656738 0.000000 0.494441 0.000000 0.869211 0.971066 0.971066 0.971066
5560.879883 0.000000 4125.496094 0.000000 0.581260 0.000000 0.813718 0.983389 0.983389 0.983389
5503.181641 0.000000 4166.939941 0.000000 0.419843 0.000000 0.907597 0.963081 0.963081 0.963081
5563.713867 0.000000 4108.884277 0.000000 0.443151 0.000000 0.896447 0.977797 0.977797 0.977797
5513.164551 0.000000 4149.241211 0.000000 0.008720 0.000000 0.999962 0.957102 0.957102 0.957102
5498.052246 0.000000 4142.171387 0.000000 0.127611 0.000000 0.991824 0.974785 0.974785 0.974785
5507.878906 0.000000 4149.020996 0.000000 0.120760 0.000000 0.992682 0.945710 0.945710 0.945710
5501.682129 0.000000 4144.283691 0.000000 0.046848 0.000000 0.998902 0.961954 0.961954 0.961954
5512.758789 0.000000 4156.851074 0.000000 0.545295 0.000000 0.838244 0.962774 0.962774 0.962774
5563.486328 0.000000 4122.695312 0.000000 0.532079 0.000000 0.846695 0.974791 0.974791 0.974791
5502.036621 0.000000 4154.615234 0.000000 0.717329 0.000000 0.696734 0.957663 0.957663 0.957663
5505.758301 0.000000 4154.362305 0.000000 0.527978 0.000000 0.849258 0.944275 0.944275 0.944275
5510.205566 0.000000 4156.190918 0.000000 0.346620 0.000000 0.938006 0.948356 0.948356 0.948356
5513.118164 0.000000 4159.402832 0.000000 0.496490 0.000000 0.868043 0.963257 0.963257 0.963257
5457.507324 0.000000 4174.309570 0.000000 0.164810 0.000000 0.986325 0.989475 0.989475 0.989475
5396.925781 0.000000 4174.730957 0.000000 0.127356 0.000000 0.991857 0.996397 0.996397 0.996397
5439.786621 0.000000 4188.086914 0.000000 0.631610 0.000000 0.775287 0.995570 0.995570 0.995570
5462.112793 0.000000 4194.080566 0.000000 0.272039 0.000000 0.962286 0.961195 0.961195 0.961195
5467.104004 0.000000 4174.246582 0.000000 0.313490 0.000000 0.949591 0.971870 0.971870 0.971870
5424.666504 0.000000 4202.126953 0.000000 0.100586 0.000000 0.994928 0.996330 0.996330 0.996330
5435.328125 0.000000 4180.385254 0.000000 0.649266 0.000000 0.760561 0.995685 0.995685 0.995685
5458.581055 0.000000 4188.324219 0.000000 0.370661 0.000000 0.928768 0.967291 0.967291 0.967291
5423.549316 0.000000 4179.482422 0.000000 0.690333 0.000000 0.723492 0.995961 0.995961 0.995961
5478.251953 0.000000 4183.210938 0.000000 0.026502 0.000000 0.999649 0.934458 0.934458 0.934458
5458.244141 0.000000 4192.711914 0.000000 0.708431 0.000000 0.705780 0.980439 0.980439 0.980439
5464.678711 0.000000 4186.312988 0.000000 0.121247 0.000000 0.992622 0.934874 0.934874 0.934874
5465.522461 0.000000 4176.997070 0.000000 0.709123 0.000000 0.705085 0.980463 0.980463 0.980463
5471.304199 0.000000 4179.078125 0.000000 0.559741 0.000000 0.828668 0.963423 0.963423 0.963423
5474.354004 0.000000 4187.767578 0.000000 0.598451 0.000000 0.801160 0.946643 0.946643 0.946643
5468.642090 0.000000 4192.237305 0.000000 0.174352 0.000000 0.984683 0.937287 0.937287 0.937287
5479.289551 0.000000 4185.709961 0.000000 0.655665 0.000000 0.755052 0.961545 0.961545 0.961545
5479.438477 0.000000 4180.901367 0.000000 0.401805 0.000000 0.915725 0.956661 0.956661 0.956661
5472.699219 0.000000 4183.457031 0.000000 0.517756 0.000000 0.855529 0.948742 0.948742 0.948742
5467.467773 0.000000 4187.227539 0.000000 0.677983 0.000000 0.735078 0.958768 0.958768 0.958768
5470.011719 0.000000 4184.749512 0.000000 0.257850 0.000000 0.966185 0.928050 0.928050 0.928050
5483.917969 0.000000 4174.730957 0.000000 0.734374 0.000000 0.678745 0.988825 0.988825 0.988825
5518.996582 0.000000 4256.586426 0.000000 0.283229 0.000000 0.959052 0.971158 0.971158 0.971158
5526.206055 0.000000 4215.710938 0.000000 0.179113 0.000000 0.983828 0.996528 0.996528 0.996528
5493.127441 0.000000 4202.442871 0.000000 0.287570 0.000000 0.957760 0.968066 0.968066 0.968066
5511.658691 0.000000 4202.126953 0.000000 0.697868 0.000000 0.716227 0.980068 0.980068 0.980068
5489.710938 0.000000 4182.867188 0.000000 0.557659 0.000000 0.830070 0.982887 0.982887 0.982887
5497.766602 0.000000 4212.272949 0.000000 0.163968 0.000000 0.986466 0.929793 0.929793 0.929793
5537.365234 0.000000 4240.678711 0.000000 0.431449 0.000000 0.902137 0.966306 0.966306 0.966306
5519.929688 0.000000 4217.417969 0.000000 0.558121 0.000000 0.829760 0.975567 0.975567 0.975567
5548.473145 0.000000 4256.475098 0.000000 0.299339 0.000000 0.954147 0.990512 0.990512 0.990512
5509.848145 0.000000 4219.383301 0.000000 0.204456 0.000000 0.978876 0.925035 0.925035 0.925035
5505.059082 0.000000 4223.952637 0.000000 0.222520 0.000000 0.974928 0.936134 0.936134 0.936134
5535.392090 0.000000 4253.561523 0.000000 0.526747 0.000000 0.850022 0.946732 0.946732 0.946732
5516.657227 0.000000 4250.785156 0.000000 0.446011 0.000000 0.895028 0.977861 0.977861 0.977861
5524.007812 0.000000 4259.156738 0.000000 0.518619 0.000000 0.855006 0.966715 0.966715 0.966715
5499.677734 0.000000 4223.200195 0.000000 0.027782 0.000000 0.999614 0.938365 0.938365 0.938365
5539.683594 0.000000 4264.004883 0.000000 0.393569 0.000000 0.919295 0.982530 0.982530 0.982530
5493.809082 0.000000 4215.717773 0.000000 0.469651 0.000000 0.882852 0.962186 0.962186 0.962186
5520.155762 0.000000 4262.341309 0.000000 0.434888 0.000000 0.900484 0.983210 0.983210 0.983210
5536.636230 0.000000 4234.928711 0.000000 0.020115 0.000000 0.999798 0.976772 0.976772 0.976772
5523.853027 0.000000 4220.098633 0.000000 0.557591 0.000000 0.830116 0.987775 0.987775 0.987775
5547.136719 0.000000 4252.146973 0.000000 0.061495 0.000000 0.998107 0.973624 0.973624 0.973624
5521.100098 0.000000 4250.796875 0.000000 0.068339 0.000000 0.997662 0.951239 0.951239 0.951239
5507.113770 0.000000 4216.011230 0.000000 0.384936 0.000000 0.922943 0.932493 0.932493 0.932493
5533.590332 0.000000 4257.537109 0.000000 0.538357 0.000000 0.842717 0.954958 0.954958 0.954958
5537.304199 0.000000 4244.812012 0.000000 0.650190 0.000000 0.759772 0.965529 0.965529 0.965529
5503.948242 0.000000 4196.107422 0.000000 0.334242 0.000000 0.942487 0.975434 0.975434 0.975434
5497.871094 0.000000 4194.488281 0.000000 0.172590 0.000000 0.984994 0.979069 0.979069 0.979069
5500.485840 0.000000 4209.151855 0.000000 0.486174 0.000000 0.873862 0.938957 0.938957 0.938957
5513.511719 0.000000 4217.602051 0.000000 0.603436 0.000000 0.797411 0.960827 0.960827 0.960827
5526.879395 0.000000 4254.054688 0.000000 0.208900 0.000000 0.977937 0.938869 0.938869 0.938869
5515.622070 0.000000 4203.849121 0.000000 0.023240 0.000000 0.999730 0.972955 0.972955 0.972955
5496.129883 0.000000 4224.668945 0.000000 0.089553 0.000000 0.995982 0.955628 0.955628 0.955628
5519.125488 0.000000 4221.740723 0.000000 0.356047 0.000000 0.934468 0.969873 0.969873 0.969873
5505.932617 0.000000 4204.023438 0.000000 0.476494 0.000000 0.879178 0.954412 0.954412 0.954412
5502.780273 0.000000 4221.369141 0.000000 0.295940 0.000000 0.955206 0.933398 0.933398 0.933398
5500.269531 0.000000 4214.693359 0.000000 0.399765 0.000000 0.916618 0.936314 0.936314 0.936314
5488.934570 0.000000 4215.708008 0.000000 0.074335 0.000000 0.997233 0.962642 0.962642 0.962642
5533.526367 0.000000 4250.963867 0.000000 0.321192 0.000000 0.947014 0.925475 0.925475 0.925475
5531.596191 0.000000 4259.990723 0.000000 0.692559 0.000000 0.721361 0.967814 0.967814 0.967814
5496.246094 0.000000 4209.560547 0.000000 0.219770 0.000000 0.975552 0.932632 0.932632 0.932632
5528.385254 0.000000 4249.731445 0.000000 0.487792 0.000000 0.872960 0.941712 0.941712 0.941712
5531.271484 0.000000 4248.980469 0.000000 0.539034 0.000000 0.842284 0.939993 0.939993 0.939993
5526.186035 0.000000 4257.158203 0.000000 0.190933 0.000000 0.981603 0.944929 0.944929 0.944929
5496.478027 0.000000 4214.906738 0.000000 0.536951 0.000000 0.843614 0.954883 0.954883 0.954883
5530.672852 0.000000 4238.172852 0.000000 0.327485 0.000000 0.944856 0.962937 0.962937 0.962937
5500.535156 0.000000 4211.937988 0.000000 0.697571 0.000000 0.716516 0.952138 0.952138 0.952138
5540.002441 0.000000 4251.841797 0.000000 0.442215 0.000000 0.896909 0.961108 0.961108 0.961108
5536.156250 0.000000 4250.849121 0.000000 0.244645 0.000000 0.969613 0.937214 0.937214 0.937214
5511.872070 0.000000 4212.464355 0.000000 0.688812 0.000000 0.724940 0.965582 0.965582 0.965582
5529.355957 0.000000 4254.405273 0.000000 0.330063 0.000000 0.943959 0.938364 0.938364 0.938364
5534.663574 0.000000 4259.913574 0.000000 0.325558 0.000000 0.945522 0.953594 0.953594 0.953594
5537.573242 0.000000 4252.699219 0.000000 0.420344 0.000000 0.907365 0.946068 0.946068 0.946068
5528.041992 0.000000 4252.054199 0.000000 0.324241 0.000000 0.945974 0.934959 0.934959 0.934959
5526.223145 0.000000 4244.608398 0.000000 0.106558 0.000000 0.994306 0.934209 0.934209 0.934209
5512.263184 0.000000 4219.504883 0.000000 0.159932 0.000000 0.987128 0.940150 0.940150 0.940150
5526.558594 0.000000 4248.409668 0.000000 0.707969 0.000000 0.706243 0.960845 0.960845 0.960845
5508.618164 0.000000 4213.945312 0.000000 0.606474 0.000000 0.795104 0.956399 0.956399 0.956399
5505.721191 0.000000 4211.020020 0.000000 0.302620 0.000000 0.953111 0.930611 0.930611 0.930611
5504.103516 0.000000 4219.832031 0.000000 0.483704 0.000000 0.875232 0.938794 0.938794 0.938794
5504.694336 0.000000 4221.788574 0.000000 0.090650 0.000000 0.995883 0.915016 0.915016 0.915016
5566.175781 0.000000 4285.357422 0.000000 0.456881 0.000000 0.889528 0.983578 0.983578 0.983578
5572.888672 0.000000 3835.258301 0.000000 0.397472 0.000000 0.917614 0.994198 0.994198 0.994198
5620.961426 0.000000 3819.701172 0.000000 0.624476 0.000000 0.781044 0.995525 0.995525 0.995525
5574.309570 0.000000 3822.037354 0.000000 0.198085 0.000000 0.980185 0.986305 0.986305 0.986305
5602.914551 0.000000 3816.746338 0.000000 0.596608 0.000000 0.802533 0.997674 0.997674 0.997674
5590.237305 0.000000 3790.075684 0.000000 0.381437 0.000000 0.924395 0.994111 0.994111 0.994111
5568.029297 0.000000 3828.130615 0.000000 0.501548 0.000000 0.865130 0.994780 0.994780 0.994780
5624.334961 0.000000 3831.420166 0.000000 0.211376 0.000000 0.977405 0.983051 0.983051 0.983051
5612.249023 0.000000 3822.429199 0.000000 0.716886 0.000000 0.697190 0.996148 0.996148 0.996148
5634.664062 0.000000 3818.755615 0.000000 0.264596 0.000000 0.964359 0.993494 0.993494 0.993494
5619.790527 0.000000 3786.275391 0.000000 0.021852 0.000000 0.999761 0.988399 0.988399 0.988399
5622.384277 0.000000 3825.623779 0.000000 0.526493 0.000000 0.850180 0.989851 0.989851 0.989851
5584.533203 0.000000 3806.446533 0.000000 0.366307 0.000000 0.930494 0.988059 0.988059 0.988059
5615.630859 0.000000 3782.246094 0.000000 0.723676 0.000000 0.690140 0.994295 0.994295 0.994295
5604.132812 0.000000 3799.936768 0.000000 0.454068 0.000000 0.890967 0.991765 0.991765 0.991765
5626.675781 0.000000 3836.067383 0.000000 0.073636 0.000000 0.997285 0.985050 0.985050 0.985050
5610.845215 0.000000 3792.161133 0.000000 0.158280 0.000000 0.987394 0.982376 0.982376 0.982376
5605.988770 0.000000 3935.633301 0.000000 0.102673 0.000000 0.994715 0.992670 0.992670 0.992670
5647.263184 0.000000 3916.991455 0.000000 0.285922 0.000000 0.958253 0.993605 0.993605 0.993605
5654.342285 0.000000 3908.235352 0.000000 0.623262 0.000000 0.782013 0.995517 0.995517 0.995517
5588.020996 0.000000 3948.235596 0.000000 0.101180 0.000000 0.994868 0.988994 0.988994 0.988994
5579.172852 0.000000 3938.480713 0.000000 0.337429 0.000000 0.941351 0.993875 0.993875 0.993875
5595.023926 0.000000 3955.526611 0.000000 0.444915 0.000000 0.895573 0.986148 0.986148 0.986148
5607.679199 0.000000 3947.428223 0.000000 0.671266 0.000000 0.741216 0.989578 0.989578 0.989578
5617.258789 0.000000 3955.232178 0.000000 0.664818 0.000000 0.747005 0.983152 0.983152 0.983152
5599.225586 0.000000 3952.176025 0.000000 0.319987 0.000000 0.947422 0.981350 0.981350 0.981350
5708.167969 0.000000 3886.035400 0.000000 0.299243 0.000000 0.954177 0.990511 0.990511 0.990511
5707.702637 0.000000 3946.057129 0.000000 0.361273 0.000000 0.932460 0.988005 0.988005 0.988005
5659.880859 0.000000 3942.242676 0.000000 0.641893 0.000000 0.766795 0.997818 0.997818 0.997818
5686.542480 0.000000 3852.146973 0.000000 0.418063 0.000000 0.908418 0.994310 0.994310 0.994310
5694.761719 0.000000 3880.283936 0.000000 0.318964 0.000000 0.947767 0.984444 0.984444 0.984444
5672.927246 0.000000 3939.979248 0.000000 0.101500 0.000000 0.994835 0.996332 0.996332 0.996332
5713.278320 0.000000 3864.867188 0.000000 0.594451 0.000000 0.804132 0.993003 0.993003 0.993003
5688.789062 0.000000 3863.666260 0.000000 0.357843 0.000000 0.933782 0.984960 0.984960 0.984960
5718.508789 0.000000 3954.474854 0.000000 0.493750 0.000000 0.869604 0.992103 0.992103 0.992103
5737.976074 0.000000 3927.995850 0.000000 0.141336 0.000000 0.989962 0.985730 0.985730 0.985730
5716.787109 0.000000 3931.253906 0.000000 0.010510 0.000000 0.999945 0.996105 0.996105 0.996105
5698.506348 0.000000 3943.848633 0.000000 0.674847 0.000000 0.737958 0.995856 0.995856 0.995856
5655.021484 0.000000 3935.114990 0.000000 0.160913 0.000000 0.986969 0.992964 0.992964 0.992964
5692.644531 0.000000 3871.494385 0.000000 0.189051 0.000000 0.981967 0.975873 0.975873 0.975873
5741.334473 0.000000 3908.235352 0.000000 0.211280 0.000000 0.977426 0.993220 0.993220 0.993220
5728.239746 0.000000 3922.535156 0.000000 0.701469 0.000000 0.712700 0.994058 0.994058 0.994058
5695.316895 0.000000 3888.500732 0.000000 0.308296 0.000000 0.951291 0.990583 0.990583 0.990583
5674.900879 0.000000 3918.996826 0.000000 0.664999 0.000000 0.746844 0.993684 0.993684 0.993684
5715.080078 0.000000 3872.935547 0.000000 0.394163 0.000000 0.919041 0.988360 0.988360 0.988360
5714.682129 0.000000 3948.163818 0.000000 0.418582 0.000000 0.908179 0.991470 0.991470 0.991470
5703.386719 0.000000 3860.334961 0.000000 0.322824 0.000000 0.946459 0.984495 0.984495 0.984495
5721.613281 0.000000 3947.697021 0.000000 0.633406 0.000000 0.773820 0.995582 0.995582 0.995582
5673.243652 0.000000 3866.391357 0.000000 0.147373 0.000000 0.989081 0.992895 0.992895 0.992895
5719.557617 0.000000 3867.371094 0.000000 0.611141 0.000000 0.791522 0.995440 0.995440 0.995440
5684.525879 0.000000 3858.529053 0.000000 0.424605 0.000000 0.905378 0.991520 0.991520 0.991520
5683.089844 0.000000 3924.009521 0.000000 0.473362 0.000000 0.880868 0.994619 0.994619 0.994619
5685.492676 0.000000 3868.634277 0.000000 0.586665 0.000000 0.809830 0.985862 0.985862 0.985862
5731.988281 0.000000 3927.362549 0.000000 0.093350 0.000000 0.995633 0.988935 0.988935 0.988935
5705.714355 0.000000 3880.301025 0.000000 0.600878 0.000000 0.799341 0.988438 0.988438 0.988438
5733.358887 0.000000 3922.534912 0.000000 0.540980 0.000000 0.841036 0.990022 0.990022 0.990022
5697.461914 0.000000 3870.718506 0.000000 0.612860 0.000000 0.790192 0.986352 0.986352 0.986352
5703.537598 0.000000 3871.212158 0.000000 0.158456 0.000000 0.987366 0.978854 0.978854 0.978854
5710.375488 0.000000 3949.952637 0.000000 0.417612 0.000000 0.908626 0.988616 0.988616 0.988616
5704.868652 0.000000 3864.787354 0.000000 0.069788 0.000000 0.997562 0.977517 0.977517 0.977517
5690.218262 0.000000 3867.849121 0.000000 0.570323 0.000000 0.821420 0.985561 0.985561 0.985561
5596.001465 0.000000 4057.149902 0.000000 0.292855 0.000000 0.956157 0.993641 0.993641 0.993641
5594.515137 0.000000 3979.948730 0.000000 0.246660 0.000000 0.969102 0.990102 0.990102 0.990102
5568.990723 0.000000 4023.536133 0.000000 0.712435 0.000000 0.701738 0.986407 0.986407 0.986407
5570.910156 0.000000 3960.761719 0.000000 0.128556 0.000000 0.991702 0.982001 0.982001 0.982001
5621.175781 0.000000 3993.019775 0.000000 0.619224 0.000000 0.785214 0.995491 0.995491 0.995491
5589.700195 0.000000 4033.483154 0.000000 0.036410 0.000000 0.999337 0.996169 0.996169 0.996169
5613.770996 0.000000 3974.117920 0.000000 0.260998 0.000000 0.965339 0.980426 0.980426 0.980426
5641.603516 0.000000 4057.190918 0.000000 0.288614 0.000000 0.957445 0.996809 0.996809 0.996809
5607.769531 0.000000 3987.268311 0.000000 0.385428 0.000000 0.922738 0.988265 0.988265 0.988265
5626.286133 0.000000 3971.851562 0.000000 0.734892 0.000000 0.678184 0.988836 0.988836 0.988836
5632.097656 0.000000 4047.991211 0.000000 0.589590 0.000000 0.807703 0.995305 0.995305 0.995305
5581.563477 0.000000 3978.252686 0.000000 0.403768 0.000000 0.914861 0.997116 0.997116 0.997116
5631.516602 0.000000 4061.459229 0.000000 0.128739 0.000000 0.991679 0.992801 0.992801 0.992801
5637.327637 0.000000 3969.372803 0.000000 0.712093 0.000000 0.702085 0.988341 0.988341 0.988341
5630.252441 0.000000 3988.483154 0.000000 0.220001 0.000000 0.975500 0.989897 0.989897 0.989897
5612.242676 0.000000 4028.415771 0.000000 0.032799 0.000000 0.999462 0.992321 0.992321 0.992321
5598.650879 0.000000 3988.157715 0.000000 0.135080 0.000000 0.990835 0.989250 0.989250 0.989250
5576.703125 0.000000 3968.898193 0.000000 0.404541 0.000000 0.914520 0.988473 0.988473 0.988473
5622.140137 0.000000 4061.901367 0.000000 0.173379 0.000000 0.984855 0.989540 0.989540 0.989540
5580.385254 0.000000 3958.510010 0.000000 0.675428 0.000000 0.737426 0.991719 0.991719 0.991719
5592.819824 0.000000 3971.338623 0.000000 0.051766 0.000000 0.998659 0.988623 0.988623 0.988623
5592.042969 0.000000 3961.685791 0.000000 0.034910 0.000000 0.999390 0.980828 0.980828 0.980828
5573.889160 0.000000 3976.007812 0.000000 0.113851 0.000000 0.993498 0.992727 0.992727 0.992727
5628.087891 0.000000 3979.919922 0.000000 0.087498 0.000000 0.996165 0.981486 0.981486 0.981486
5636.871582 0.000000 3989.055420 0.000000 0.237124 0.000000 0.971479 0.990028 0.990028 0.990028
5576.412109 0.000000 3982.921631 0.000000 0.019440 0.000000 0.999811 0.992254 0.992254 0.992254
5632.565430 0.000000 3974.355469 0.000000 0.500733 0.000000 0.865602 0.981714 0.981714 0.981714
5631.099121 0.000000 3966.993896 0.000000 0.069183 0.000000 0.997604 0.970010 0.970010 0.970010
5597.533691 0.000000 3965.513428 0.000000 0.470022 0.000000 0.882655 0.986500 0.986500 0.986500
5596.097656 0.000000 4030.993896 0.000000 0.078637 0.000000 0.996903 0.992550 0.992550 0.992550
5601.838867 0.000000 3993.510010 0.000000 0.671707 0.000000 0.740817 0.993752 0.993752 0.993752
5649.343262 0.000000 3986.575195 0.000000 0.569366 0.000000 0.822084 0.987953 0.987953 0.987953
5653.026855 0.000000 3997.317139 0.000000 0.360381 0.000000 0.932805 0.987995 0.987995 0.987995
5642.741699 0.000000 3982.204834 0.000000 0.693589 0.000000 0.720371 0.989960 0.989960 0.989960
5598.500488 0.000000 3975.618652 0.000000 0.165442 0.000000 0.986220 0.985973 0.985973 0.985973
5571.464355 0.000000 3966.263428 0.000000 0.717472 0.000000 0.696588 0.992304 0.992304 0.992304
5646.031738 0.000000 3971.857422 0.000000 0.708363 0.000000 0.705848 0.988262 0.988262 0.988262
5637.309570 0.000000 3975.342041 0.000000 0.240097 0.000000 0.970749 0.983419 0.983419 0.983419
5603.049805 0.000000 3986.196777 0.000000 0.446349 0.000000 0.894859 0.988934 0.988934 0.988934
5623.383301 0.000000 4056.937012 0.000000 0.664584 0.000000 0.747214 0.991573 0.991573 0.991573
5617.819824 0.000000 3962.665039 0.000000 0.276692 0.000000 0.960959 0.974227 0.974227 0.974227
5611.782227 0.000000 3970.114014 0.000000 0.677725 0.000000 0.735315 0.985563 0.985563 0.985563
5615.704590 0.000000 4053.198975 0.000000 0.282129 0.000000 0.959376 0.983962 0.983962 0.983962
5652.236328 0.000000 3969.241943 0.000000 0.260326 0.000000 0.965521 0.983680 0.983680 0.983680
5570.130859 0.000000 4027.934326 0.000000 0.276347 0.000000 0.961058 0.980665 0.980665 0.980665
5646.935059 0.000000 3983.296875 0.000000 0.608089 0.000000 0.793869 0.986262 0.986262 0.986262
5633.415527 0.000000 3970.372070 0.000000 0.319444 0.000000 0.947605 0.978231 0.978231 0.978231
5609.509766 0.000000 3962.477539 0.000000 0.447067 0.000000 0.894501 0.980649 0.980649 0.980649
5645.250488 0.000000 3979.343506 0.000000 0.386211 0.000000 0.922410 0.979479 0.979479 0.979479
5610.734863 0.000000 3959.141113 0.000000 0.667340 0.000000 0.744753 0.985317 0.985317 0.985317
5613.132812 0.000000 3967.038086 0.000000 0.112448 0.000000 0.993658 0.970878 0.970878 0.970878
5700.763184 0.000000 3974.117920 0.000000 0.271886 0.000000 0.962329 0.996766 0.996766 0.996766
5713.278320 0.000000 3971.851562 0.000000 0.094140 0.000000 0.995559 0.992628 0.992628 0.992628
5728.080566 0.000000 3960.277588 0.000000 0.582110 0.000000 0.813110 0.997630 0.997630 0.997630
5655.204590 0.000000 4003.165039 0.000000 0.365033 0.000000 0.930995 0.994023 0.994023 0.994023
5663.695312 0.000000 3968.898193 0.000000 0.032427 0.000000 0.999474 0.988478 0.988478 0.988478
5657.490723 0.000000 3991.753418 0.000000 0.242992 0.000000 0.970028 0.980147 0.980147 0.980147
5663.404297 0.000000 3982.921631 0.000000 0.437683 0.000000 0.899130 0.980466 0.980466 0.980466
5654.955566 0.000000 3997.293213 0.000000 0.333690 0.000000 0.942683 0.987711 0.987711 0.987711
5654.775391 0.000000 3986.957764 0.000000 0.507158 0.000000 0.861853 0.984438 0.984438 0.984438
5665.250488 0.000000 3974.062012 0.000000 0.143156 0.000000 0.989700 0.985748 0.985748 0.985748
5659.208984 0.000000 3971.460449 0.000000 0.591754 0.000000 0.806119 0.990637 0.990637 0.990637
5660.203125 0.000000 3980.177979 0.000000 0.713159 0.000000 0.701002 0.988364 0.988364 0.988364
5742.975098 0.000000 3916.551758 0.000000 0.616078 0.000000 0.787685 0.990942 0.990942 0.990942
5742.013672 0.000000 3935.114990 0.000000 0.531775 0.000000 0.846886 0.989913 0.989913 0.989913
5753.083984 0.000000 3910.582031 0.000000 0.635434 0.000000 0.772155 0.995595 0.995595 0.995595
5753.157227 0.000000 3938.480713 0.000000 0.238603 0.000000 0.971117 0.993360 0.993360 0.993360
5748.137695 0.000000 3922.123779 0.000000 0.399303 0.000000 0.916819 0.988416 0.988416 0.988416
5631.491699 0.000000 4067.324951 0.000000 0.252318 0.000000 0.967644 0.993430 0.993430 0.993430
5576.535645 0.000000 4105.500000 0.000000 0.149213 0.000000 0.988805 0.968071 0.968071 0.968071
5599.550293 0.000000 4066.115723 0.000000 0.545558 0.000000 0.838073 0.997519 0.997519 0.997519
5614.334473 0.000000 4066.406982 0.000000 0.027924 0.000000 0.999610 0.988444 0.988444 0.988444
5570.498535 0.000000 4098.737793 0.000000 0.141162 0.000000 0.989986 0.992864 0.992864 0.992864
5584.758789 0.000000 4105.288086 0.000000 0.544858 0.000000 0.838528 0.987585 0.987585 0.987585
5574.314453 0.000000 4111.604980 0.000000 0.681610 0.000000 0.731716 0.965163 0.965163 0.965163
5625.962891 0.000000 4065.510498 0.000000 0.167990 0.000000 0.985789 0.989499 0.989499 0.989499
5567.930176 0.000000 4115.943359 0.000000 0.735221 0.000000 0.677828 0.970249 0.970249 0.970249
5619.888184 0.000000 4065.407471 0.000000 0.061055 0.000000 0.998134 0.988693 0.988693 0.988693
5595.023926 0.000000 4169.495117 0.000000 0.089571 0.000000 0.995980 0.963023 0.963023 0.963023
5579.405273 0.000000 4118.845703 0.000000 0.713464 0.000000 0.700692 0.963174 0.963174 0.963174
5578.788574 0.000000 4100.578613 0.000000 0.101365 0.000000 0.994849 0.985328 0.985328 0.985328
5580.801270 0.000000 4108.732910 0.000000 0.260614 0.000000 0.965443 0.960840 0.960840 0.960840
5574.224121 0.000000 4101.458496 0.000000 0.619698 0.000000 0.784840 0.988735 0.988735 0.988735
5578.114746 0.000000 4111.201660 0.000000 0.632566 0.000000 0.774507 0.966823 0.966823 0.966823
5571.250000 0.000000 4103.259277 0.000000 0.126793 0.000000 0.991929 0.974771 0.974771 0.974771
5587.043945 0.000000 4125.123535 0.000000 0.166876 0.000000 0.985978 0.971976 0.971976 0.971976
5575.987793 0.000000 4125.868652 0.000000 0.467570 0.000000 0.883956 0.953983 0.953983 0.953983
5571.338867 0.000000 4110.603516 0.000000 0.017381 0.000000 0.999849 0.937949 0.937949 0.937949
5597.782715 0.000000 4170.628906 0.000000 0.484810 0.000000 0.874619 0.970763 0.970763 0.970763
5578.852539 0.000000 4121.698730 0.000000 0.646645 0.000000 0.762791 0.958845 0.958845 0.958845
5589.072754 0.000000 4169.526855 0.000000 0.386608 0.000000 0.922244 0.964833 0.964833 0.964833
5570.452637 0.000000 4117.075684 0.000000 0.461119 0.000000 0.887338 0.942773 0.942773 0.942773
5579.546875 0.000000 4116.054688 0.000000 0.402679 0.000000 0.915341 0.942262 0.942262 0.942262
5572.417969 0.000000 4124.677734 0.000000 0.662744 0.000000 0.748846 0.964081 0.964081 0.964081
5573.510254 0.000000 4109.223145 0.000000 0.341673 0.000000 0.939819 0.957286 0.957286 0.957286
5573.861328 0.000000 4120.537598 0.000000 0.724819 0.000000 0.688939 0.960154 0.960154 0.960154
5596.001465 0.000000 4271.118652 0.000000 0.693666 0.000000 0.720297 0.979922 0.979922 0.979922
5601.308105 0.000000 4213.760254 0.000000 0.548238 0.000000 0.836322 0.990108 0.990108 0.990108
5594.669434 0.000000 4236.603027 0.000000 0.540708 0.000000 0.841210 0.980037 0.980037 0.980037
5568.349609 0.000000 4271.782227 0.000000 0.269448 0.000000 0.963015 0.974076 0.974076 0.974076
5570.498535 0.000000 4205.722168 0.000000 0.312940 0.000000 0.949773 0.978111 0.978111 0.978111
5580.385254 0.000000 4172.479004 0.000000 0.710326 0.000000 0.703873 0.976607 0.976607 0.976607
5568.029297 0.000000 4256.068359 0.000000 0.382929 0.000000 0.923778 0.991178 0.991178 0.991178
5590.463379 0.000000 4254.792969 0.000000 0.267564 0.000000 0.963540 0.977283 0.977283 0.977283
5607.152832 0.000000 4173.385742 0.000000 0.182583 0.000000 0.983190 0.989610 0.989610 0.989610
5600.539062 0.000000 4276.720703 0.000000 0.242065 0.000000 0.970260 0.990066 0.990066 0.990066
5581.038086 0.000000 4246.435059 0.000000 0.461774 0.000000 0.886998 0.967321 0.967321 0.967321
5593.325684 0.000000 4229.938477 0.000000 0.290332 0.000000 0.956926 0.987255 0.987255 0.987255
5576.412109 0.000000 4196.890625 0.000000 0.378960 0.000000 0.925413 0.964585 0.964585 0.964585
5601.838867 0.000000 4207.479004 0.000000 0.097082 0.000000 0.995276 0.974248 0.974248 0.974248
5584.533203 0.000000 4234.384277 0.000000 0.567403 0.000000 0.823440 0.980678 0.980678 0.980678
5591.317871 0.000000 4263.873047 0.000000 0.144949 0.000000 0.989439 0.928832 0.928832 0.928832
5593.035156 0.000000 4200.456543 0.000000 0.444970 0.000000 0.895546 0.950134 0.950134 0.950134
5576.574219 0.000000 4176.900391 0.000000 0.675568 0.000000 0.737298 0.981372 0.981372 0.981372
5571.464355 0.000000 4180.232422 0.000000 0.064346 0.000000 0.997928 0.988718 0.988718 0.988718
5596.350098 0.000000 4265.954590 0.000000 0.354355 0.000000 0.935111 0.963793 0.963793 0.963793
5585.044434 0.000000 4249.155762 0.000000 0.664761 0.000000 0.747056 0.962089 0.962089 0.962089
5578.258301 0.000000 4188.031250 0.000000 0.679443 0.000000 0.733728 0.967094 0.967094 0.967094
5584.994141 0.000000 4265.496582 0.000000 0.024544 0.000000 0.999699 0.907353 0.907353 0.907353
5592.489258 0.000000 4268.473633 0.000000 0.154423 0.000000 0.988005 0.943448 0.943448 0.943448
5583.907715 0.000000 4270.477539 0.000000 0.093102 0.000000 0.995657 0.900402 0.900402 0.900402
5605.425293 0.000000 4182.292480 0.000000 0.565591 0.000000 0.824686 0.983055 0.983055 0.983055
5596.387695 0.000000 4232.823242 0.000000 0.166742 0.000000 0.986001 0.975477 0.975477 0.975477
5598.530762 0.000000 4209.875000 0.000000 0.444666 0.000000 0.895696 0.977831 0.977831 0.977831
5587.478027 0.000000 4209.151855 0.000000 0.647908 0.000000 0.761719 0.963247 0.963247 0.963247
5578.844727 0.000000 4243.185547 0.000000 0.587570 0.000000 0.809173 0.978818 0.978818 0.978818
5603.295898 0.000000 4174.237305 0.000000 0.654811 0.000000 0.755792 0.982886 0.982886 0.982886
5582.899414 0.000000 4258.461426 0.000000 0.630906 0.000000 0.775860 0.955657 0.955657 0.955657
5591.005371 0.000000 4237.757812 0.000000 0.684628 0.000000 0.728893 0.973494 0.973494 0.973494
5571.657715 0.000000 4277.568359 0.000000 0.082388 0.000000 0.996600 0.944265 0.944265 0.944265
5600.378906 0.000000 4176.564453 0.000000 0.512098 0.000000 0.858927 0.974206 0.974206 0.974206
5598.058594 0.000000 4193.440430 0.000000 0.352364 0.000000 0.935863 0.960707 0.960707 0.960707
5575.866699 0.000000 4205.356934 0.000000 0.368038 0.000000 0.929811 0.964233 0.964233 0.964233
5599.097656 0.000000 4205.546875 0.000000 0.341787 0.000000 0.939777 0.969493 0.969493 0.969493
5587.261719 0.000000 4214.693359 0.000000 0.276758 0.000000 0.960940 0.967785 0.967785 0.967785
5583.234863 0.000000 4277.846191 0.000000 0.080492 0.000000 0.996755 0.884668 0.884668 0.884668
5582.024902 0.000000 4236.353516 0.000000 0.734238 0.000000 0.678893 0.983232 0.983232 0.983232
5591.909180 0.000000 4276.586426 0.000000 0.622122 0.000000 0.782921 0.946114 0.946114 0.946114
5595.435059 0.000000 4202.333984 0.000000 0.592555 0.000000 0.805530 0.964927 0.964927 0.964927
5597.782715 0.000000 4277.613770 0.000000 0.316496 0.000000 0.948594 0.962589 0.962589 0.962589
5590.439453 0.000000 4198.984375 0.000000 0.404401 0.000000 0.914582 0.939474 0.939474 0.939474
5587.778320 0.000000 4195.558105 0.000000 0.115476 0.000000 0.993310 0.916449 0.916449 0.916449
5586.803223 0.000000 4246.991211 0.000000 0.067603 0.000000 0.997712 0.928699 0.928699 0.928699
5593.440430 0.000000 4265.768066 0.000000 0.303655 0.000000 0.952782 0.946428 0.946428 0.946428
5578.977051 0.000000 4197.621094 0.000000 0.348993 0.000000 0.937125 0.951495 0.951495 0.951495
5577.136230 0.000000 4202.721191 0.000000 0.176574 0.000000 0.984287 0.951302 0.951302 0.951302
5595.869141 0.000000 4209.193359 0.000000 0.583119 0.000000 0.812387 0.971592 0.971592 0.971592
5581.301270 0.000000 4270.147949 0.000000 0.678032 0.000000 0.735032 0.946403 0.946403 0.946403
5576.432129 0.000000 4277.474609 0.000000 0.566526 0.000000 0.824044 0.939552 0.939552 0.939552
5595.301758 0.000000 4268.482422 0.000000 0.289643 0.000000 0.957135 0.955369 0.955369 0.955369
5596.448730 0.000000 4195.629883 0.000000 0.416915 0.000000 0.908946 0.957281 0.957281 0.957281
5586.965820 0.000000 4200.856934 0.000000 0.541603 0.000000 0.840634 0.940176 0.940176 0.940176
5581.448242 0.000000 4207.760254 0.000000 0.159663 0.000000 0.987172 0.940139 0.940139 0.940139
5587.221680 0.000000 4242.290527 0.000000 0.532159 0.000000 0.846644 0.954629 0.954629 0.954629
5593.581055 0.000000 4278.427734 0.000000 0.558042 0.000000 0.829813 0.951129 0.951129 0.951129
5585.683105 0.000000 4196.801758 0.000000 0.614496 0.000000 0.788920 0.947802 0.947802 0.947802
5583.436035 0.000000 4260.744629 0.000000 0.274231 0.000000 0.961664 0.932211 0.932211 0.932211
5588.558594 0.000000 4256.281738 0.000000 0.572143 0.000000 0.820154 0.939978 0.939978 0.939978
5591.265137 0.000000 4201.938477 0.000000 0.150981 0.000000 0.988537 0.929136 0.929136 0.929136
5585.410156 0.000000 4208.219727 0.000000 0.561193 0.000000 0.827685 0.958621 0.958621 0.958621
5589.890625 0.000000 4194.371094 0.000000 0.397395 0.000000 0.917648 0.933270 0.933270 0.933270
5588.751953 0.000000 4278.391602 0.000000 0.200950 0.000000 0.979601 0.907756 0.907756 0.907756
5576.092285 0.000000 4274.014160 0.000000 0.703615 0.000000 0.710582 0.950673 0.950673 0.950673
5756.349609 0.000000 4167.588867 0.000000 0.319678 0.000000 0.947526 0.962689 0.962689 0.962689
5742.333984 0.000000 4164.797363 0.000000 0.223392 0.000000 0.974729 0.993282 0.993282 0.993282
5762.005371 0.000000 4162.204590 0.000000 0.417999 0.000000 0.908447 0.948791 0.948791 0.948791
5764.447754 0.000000 4147.808105 0.000000 0.620349 0.000000 0.784326 0.972989 0.972989 0.972989
5774.523438 0.000000 4169.735840 0.000000 0.136613 0.000000 0.990624 0.989262 0.989262 0.989262
5753.157227 0.000000 4152.449707 0.000000 0.013651 0.000000 0.999907 0.937800 0.937800 0.937800
5776.732910 0.000000 4164.785645 0.000000 0.011233 0.000000 0.999937 0.984426 0.984426 0.984426
5759.028809 0.000000 4142.171387 0.000000 0.733518 0.000000 0.679670 0.983209 0.983209 0.983209
5758.978516 0.000000 4158.512207 0.000000 0.599040 0.000000 0.800719 0.949003 0.949003 0.949003
5757.892090 0.000000 4163.492676 0.000000 0.721465 0.000000 0.692451 0.967537 0.967537 0.967537
5773.735352 0.000000 4156.851074 0.000000 0.709683 0.000000 0.704521 0.978532 0.978532 0.978532
5754.104492 0.000000 4143.400391 0.000000 0.127081 0.000000 0.991892 0.971172 0.971172 0.971172
5773.209961 0.000000 4166.144531 0.000000 0.068557 0.000000 0.997647 0.973748 0.973748 0.973748
5761.783203 0.000000 4146.991699 0.000000 0.618399 0.000000 0.785864 0.968400 0.968400 0.968400
5757.555176 0.000000 4160.796875 0.000000 0.457048 0.000000 0.889442 0.948006 0.948006 0.948006
5771.182129 0.000000 4156.190918 0.000000 0.140997 0.000000 0.990010 0.953611 0.953611 0.953611
5757.577637 0.000000 4148.631836 0.000000 0.637778 0.000000 0.770220 0.967076 0.967076 0.967076
5767.654785 0.000000 4163.708008 0.000000 0.619670 0.000000 0.784862 0.966204 0.966204 0.966204
5757.420410 0.000000 4153.760254 0.000000 0.493690 0.000000 0.869638 0.947349 0.947349 0.947349
5911.960449 0.000000 4141.964355 0.000000 0.635975 0.000000 0.771710 0.949382 0.949382 0.949382
5907.784668 0.000000 4168.761230 0.000000 0.045996 0.000000 0.998942 0.954320 0.954320 0.954320
5896.441895 0.000000 4149.490234 0.000000 0.081712 0.000000 0.996656 0.973979 0.973979 0.973979
5913.304688 0.000000 4148.994141 0.000000 0.683959 0.000000 0.729520 0.973464 0.973464 0.973464
5892.691895 0.000000 4136.642090 0.000000 0.666817 0.000000 0.745221 0.987404 0.987404 0.987404
5911.065918 0.000000 4145.622070 0.000000 0.154909 0.000000 0.987929 0.936401 0.936401 0.936401
5908.098145 0.000000 4144.018555 0.000000 0.472809 0.000000 0.881165 0.951543 0.951543 0.951543
5915.414062 0.000000 4133.655273 0.000000 0.535537 0.000000 0.844512 0.962340 0.962340 0.962340
5899.215332 0.000000 4137.501953 0.000000 0.114847 0.000000 0.993383 0.952755 0.952755 0.952755
5907.382812 0.000000 4139.078125 0.000000 0.695317 0.000000 0.718703 0.953952 0.953952 0.953952
5905.875977 0.000000 4130.266113 0.000000 0.640748 0.000000 0.767751 0.969406 0.969406 0.969406
5912.491699 0.000000 4139.748047 0.000000 0.422494 0.000000 0.906366 0.940516 0.940516 0.940516
5744.894531 0.000000 4174.730957 0.000000 0.178405 0.000000 0.983957 0.993052 0.993052 0.993052
5775.292480 0.000000 4213.760254 0.000000 0.437854 0.000000 0.899046 0.980469 0.980469 0.980469
5815.587891 0.000000 4271.160156 0.000000 0.601393 0.000000 0.798954 0.953786 0.953786 0.953786
5792.811523 0.000000 4235.406250 0.000000 0.515178 0.000000 0.857083 0.994859 0.994859 0.994859
5805.500977 0.000000 4275.428223 0.000000 0.323265 0.000000 0.946308 0.978302 0.978302 0.978302
5794.885254 0.000000 4196.210449 0.000000 0.422521 0.000000 0.906353 0.963177 0.963177 0.963177
5824.968262 0.000000 4248.949219 0.000000 0.166529 0.000000 0.986037 0.975473 0.975473 0.975473
5801.784180 0.000000 4231.391113 0.000000 0.272591 0.000000 0.962130 0.970909 0.970909 0.970909
5772.635254 0.000000 4202.126953 0.000000 0.378539 0.000000 0.925586 0.976381 0.976381 0.976381
5761.530762 0.000000 4198.404297 0.000000 0.234312 0.000000 0.972161 0.960027 0.960027 0.960027
5788.336914 0.000000 4204.448730 0.000000 0.269913 0.000000 0.962885 0.925497 0.925497 0.925497
5808.605469 0.000000 4268.650391 0.000000 0.698319 0.000000 0.715787 0.976101 0.976101 0.976101
5760.235840 0.000000 4187.344727 0.000000 0.114734 0.000000 0.993396 0.916407 0.916407 0.916407
5821.557617 0.000000 4267.837891 0.000000 0.306511 0.000000 0.951867 0.943411 0.943411 0.943411
5809.449707 0.000000 4256.475098 0.000000 0.060978 0.000000 0.998139 0.973615 0.973615 0.973615
5775.823242 0.000000 4207.479004 0.000000 0.610941 0.000000 0.791676 0.977193 0.977193 0.977193
5781.713867 0.000000 4186.659180 0.000000 0.161811 0.000000 0.986822 0.989453 0.989453 0.989453
5825.629395 0.000000 4242.210938 0.000000 0.259702 0.000000 0.965689 0.967343 0.967343 0.967343
5798.293457 0.000000 4201.688477 0.000000 0.102878 0.000000 0.994694 0.959693 0.959693 0.959693
5741.555176 0.000000 4190.792480 0.000000 0.281802 0.000000 0.959472 0.990375 0.990375 0.990375
5748.505859 0.000000 4202.101074 0.000000 0.118425 0.000000 0.992963 0.985499 0.985499 0.985499
5755.761719 0.000000 4184.612793 0.000000 0.615632 0.000000 0.788034 0.956948 0.956948 0.956948
5801.959473 0.000000 4236.883301 0.000000 0.391084 0.000000 0.920355 0.964979 0.964979 0.964979
5755.973633 0.000000 4197.453613 0.000000 0.664166 0.000000 0.747585 0.970486 0.970486 0.970486
5784.454102 0.000000 4191.671875 0.000000 0.139304 0.000000 0.990250 0.967846 0.967846 0.967846
5792.887207 0.000000 4218.835938 0.000000 0.636875 0.000000 0.770967 0.986813 0.986813 0.986813
5748.861328 0.000000 4172.395020 0.000000 0.532285 0.000000 0.846565 0.987399 0.987399 0.987399
5784.829590 0.000000 4220.098633 0.000000 0.060409 0.000000 0.998174 0.981147 0.981147 0.981147
5818.893066 0.000000 4264.080566 0.000000 0.651614 0.000000 0.758550 0.965604 0.965604 0.965604
5771.386719 0.000000 4185.181641 0.000000 0.169697 0.000000 0.985496 0.961546 0.961546 0.961546
5808.113281 0.000000 4252.146973 0.000000 0.003889 0.000000 0.999992 0.964793 0.964793 0.964793
5827.118164 0.000000 4260.194336 0.000000 0.671818 0.000000 0.740716 0.983340 0.983340 0.983340
5820.145508 0.000000 4271.664551 0.000000 0.511199 0.000000 0.859463 0.943197 0.943197 0.943197
5819.232422 0.000000 4259.906738 0.000000 0.078076 0.000000 0.996947 0.966462 0.966462 0.966462
5775.673828 0.000000 4192.433105 0.000000 0.178063 0.000000 0.984019 0.961779 0.961779 0.961779
5825.602051 0.000000 4268.313477 0.000000 0.478304 0.000000 0.878195 0.951823 0.951823 0.951823
5754.125977 0.000000 4181.025391 0.000000 0.665342 0.000000 0.746539 0.966333 0.966333 0.966333
5756.742188 0.000000 4188.543457 0.000000 0.318756 0.000000 0.947837 0.931544 0.931544 0.931544
5822.653809 0.000000 4257.773438 0.000000 0.257675 0.000000 0.966232 0.977103 0.977103 0.977103
5776.598633 0.000000 4203.849121 0.000000 0.577120 0.000000 0.816659 0.971372 0.971372 0.971372
5796.244141 0.000000 4192.756836 0.000000 0.477018 0.000000 0.878894 0.978559 0.978559 0.978559
5763.138184 0.000000 4173.701660 0.000000 0.514717 0.000000 0.857360 0.969139 0.969139 0.969139
5768.980469 0.000000 4188.010742 0.000000 0.257785 0.000000 0.966202 0.954211 0.954211 0.954211
5772.042969 0.000000 4193.440430 0.000000 0.190033 0.000000 0.981778 0.962113 0.962113 0.962113
5815.955566 0.000000 4249.240234 0.000000 0.054935 0.000000 0.998490 0.947019 0.947019 0.947019
5813.675293 0.000000 4278.342773 0.000000 0.498747 0.000000 0.866747 0.963348 0.963348 0.963348
5767.917480 0.000000 4197.017578 0.000000 0.372621 0.000000 0.927984 0.967349 0.967349 0.967349
5805.003906 0.000000 4237.165039 0.000000 0.242985 0.000000 0.970030 0.947059 0.947059 0.947059
5815.314453 0.000000 4265.003906 0.000000 0.271932 0.000000 0.962316 0.951490 0.951490 0.951490
5785.061523 0.000000 4194.406250 0.000000 0.022350 0.000000 0.999750 0.945879 0.945879 0.945879
5813.825195 0.000000 4237.030762 0.000000 0.117250 0.000000 0.993102 0.920180 0.920180 0.920180
5792.036133 0.000000 4212.066895 0.000000 0.545136 0.000000 0.838347 0.967732 0.967732 0.967732
5754.604492 0.000000 4187.012695 0.000000 0.044228 0.000000 0.999021 0.923778 0.923778 0.923778
5781.855469 0.000000 4203.778320 0.000000 0.665514 0.000000 0.746385 0.964238 0.964238 0.964238
5815.765625 0.000000 4235.386230 0.000000 0.301905 0.000000 0.953338 0.940038 0.940038 0.940038
5790.518555 0.000000 4203.041504 0.000000 0.632746 0.000000 0.774360 0.953565 0.953565 0.953565
5786.370605 0.000000 4203.115723 0.000000 0.166846 0.000000 0.985983 0.919429 0.919429 0.919429
5810.941406 0.000000 4246.521484 0.000000 0.336884 0.000000 0.941546 0.947916 0.947916 0.947916
5786.316895 0.000000 4205.331543 0.000000 0.267324 0.000000 0.963607 0.922097 0.922097 0.922097
5818.550293 0.000000 4275.577148 0.000000 0.705690 0.000000 0.708521 0.954787 0.954787 0.954787
5819.884766 0.000000 4273.852539 0.000000 0.331814 0.000000 0.943345 0.926148 0.926148 0.926148
5788.259277 0.000000 4202.499023 0.000000 0.055130 0.000000 0.998479 0.912971 0.912971 0.912971
5910.748535 0.000000 4194.348145 0.000000 0.693237 0.000000 0.720709 0.987944 0.987944 0.987944
5829.326172 0.000000 4271.782227 0.000000 0.653904 0.000000 0.756577 0.967867 0.967867 0.967867
5907.544434 0.000000 4212.762695 0.000000 0.011549 0.000000 0.999933 0.996107 0.996107 0.996107
5903.656738 0.000000 4189.516602 0.000000 0.719086 0.000000 0.694921 0.984655 0.984655 0.984655
5912.064453 0.000000 4187.325195 0.000000 0.318758 0.000000 0.947836 0.953325 0.953325 0.953325
5914.003418 0.000000 4211.286133 0.000000 0.020794 0.000000 0.999784 0.965173 0.965173 0.965173
5897.226074 0.000000 4177.595215 0.000000 0.402163 0.000000 0.915568 0.982670 0.982670 0.982670
5903.334473 0.000000 4179.727051 0.000000 0.147713 0.000000 0.989030 0.950280 0.950280 0.950280
5828.918457 0.000000 4277.676758 0.000000 0.024571 0.000000 0.999698 0.942097 0.942097 0.942097
5911.682617 0.000000 4215.869141 0.000000 0.346139 0.000000 0.938183 0.984804 0.984804 0.984804
5906.880371 0.000000 4176.173828 0.000000 0.303405 0.000000 0.952862 0.943264 0.943264 0.943264
5908.589844 0.000000 4190.351074 0.000000 0.645231 0.000000 0.763988 0.978293 0.978293 0.978293
5902.551270 0.000000 4184.947266 0.000000 0.632100 0.000000 0.774887 0.975654 0.975654 0.975654
5913.212891 0.000000 4183.210938 0.000000 0.015571 0.000000 0.999879 0.922346 0.922346 0.922346
5910.416992 0.000000 4177.550293 0.000000 0.731424 0.000000 0.681923 0.956912 0.956912 0.956912
5911.800781 0.000000 4180.594238 0.000000 0.638942 0.000000 0.769255 0.951795 0.951795 0.951795
5912.588867 0.000000 4175.488281 0.000000 0.399910 0.000000 0.916554 0.939217 0.939217 0.939217
5914.399414 0.000000 4180.901367 0.000000 0.707968 0.000000 0.706244 0.958887 0.958887 0.958887
5937.668945 0.000000 4140.467773 0.000000 0.222062 0.000000 0.975033 0.942837 0.942837 0.942837
5922.278320 0.000000 4142.990234 0.000000 0.164821 0.000000 0.986324 0.950885 0.950885 0.950885
5930.333984 0.000000 4167.588867 0.000000 0.130574 0.000000 0.991439 0.996405 0.996405 0.996405
5928.283203 0.000000 4132.577637 0.000000 0.658975 0.000000 0.752165 0.989373 0.989373 0.989373
6000.283203 0.000000 4165.321289 0.000000 0.373363 0.000000 0.927685 0.946606 0.946606 0.946606
5944.477051 0.000000 4153.657715 0.000000 0.508558 0.000000 0.861028 0.958566 0.958566 0.958566
5916.318359 0.000000 4164.797363 0.000000 0.234885 0.000000 0.972023 0.973363 0.973363 0.973363
5915.998047 0.000000 4149.083984 0.000000 0.716186 0.000000 0.697910 0.976858 0.976858 0.976858
5930.543457 0.000000 4146.332520 0.000000 0.143073 0.000000 0.989712 0.942990 0.942990 0.942990
5950.745605 0.000000 4159.321289 0.000000 0.515036 0.000000 0.857169 0.984575 0.984575 0.984575
5948.583984 0.000000 4125.538574 0.000000 0.157733 0.000000 0.987482 0.971791 0.971791 0.971791
6002.363281 0.000000 4158.314453 0.000000 0.574409 0.000000 0.818568 0.971272 0.971272 0.971272
5961.021973 0.000000 4129.042480 0.000000 0.625021 0.000000 0.780608 0.959752 0.959752 0.959752
5966.051270 0.000000 4135.027344 0.000000 0.735075 0.000000 0.677985 0.981400 0.981400 0.981400
5917.015625 0.000000 4143.990723 0.000000 0.243087 0.000000 0.970004 0.947063 0.947063 0.947063
5963.799805 0.000000 4139.685547 0.000000 0.493690 0.000000 0.869638 0.984205 0.984205 0.984205
5956.345215 0.000000 4131.505371 0.000000 0.140634 0.000000 0.990062 0.953599 0.953599 0.953599
5933.013184 0.000000 4142.171387 0.000000 0.571883 0.000000 0.820335 0.959172 0.959172 0.959172
5941.049805 0.000000 4143.918945 0.000000 0.164793 0.000000 0.986328 0.933343 0.933343 0.933343
5947.757812 0.000000 4141.139648 0.000000 0.023784 0.000000 0.999717 0.953654 0.953654 0.953654
5942.839844 0.000000 4149.020996 0.000000 0.053325 0.000000 0.998577 0.924232 0.924232 0.924232
5933.956543 0.000000 4149.308594 0.000000 0.572909 0.000000 0.819619 0.956826 0.956826 0.956826
5940.458008 0.000000 4161.489258 0.000000 0.278514 0.000000 0.960432 0.971048 0.971048 0.971048
5931.876465 0.000000 4163.492676 0.000000 0.587287 0.000000 0.809379 0.988228 0.988228 0.988228
5924.660156 0.000000 4139.438965 0.000000 0.097571 0.000000 0.995229 0.952191 0.952191 0.952191
5972.265137 0.000000 4137.827148 0.000000 0.058268 0.000000 0.998301 0.981120 0.981120 0.981120
5947.432129 0.000000 4161.875488 0.000000 0.452268 0.000000 0.891882 0.980751 0.980751 0.980751
5960.622070 0.000000 4118.220215 0.000000 0.689488 0.000000 0.724297 0.959555 0.959555 0.959555
5965.100586 0.000000 4118.445801 0.000000 0.533798 0.000000 0.845612 0.949684 0.949684 0.949684
5920.072754 0.000000 4165.607910 0.000000 0.092553 0.000000 0.995708 0.977859 0.977859 0.977859
5973.723633 0.000000 4115.741699 0.000000 0.203336 0.000000 0.979109 0.965896 0.965896 0.965896
5947.719727 0.000000 4156.851074 0.000000 0.655804 0.000000 0.754931 0.976505 0.976505 0.976505
5923.030762 0.000000 4152.987793 0.000000 0.339692 0.000000 0.940537 0.978606 0.978606 0.978606
5928.088867 0.000000 4143.400391 0.000000 0.494692 0.000000 0.869068 0.963185 0.963185 0.963185
5919.626465 0.000000 4170.583984 0.000000 0.703742 0.000000 0.710455 0.974356 0.974356 0.974356
5920.598145 0.000000 4131.838379 0.000000 0.726296 0.000000 0.687382 0.984863 0.984863 0.984863
5920.196777 0.000000 4145.982422 0.000000 0.599586 0.000000 0.800311 0.967571 0.967571 0.967571
5998.535645 0.000000 4157.862305 0.000000 0.595394 0.000000 0.803434 0.981365 0.981365 0.981365
5930.387695 0.000000 4135.605957 0.000000 0.661296 0.000000 0.750125 0.985176 0.985176 0.985176
5940.627930 0.000000 4138.312500 0.000000 0.296871 0.000000 0.954918 0.955633 0.955633 0.955633
5997.128418 0.000000 4166.271484 0.000000 0.281211 0.000000 0.959646 0.955061 0.955061 0.955061
5951.421875 0.000000 4124.043945 0.000000 0.527389 0.000000 0.849624 0.972119 0.972119 0.972119
5942.515137 0.000000 4156.207031 0.000000 0.052707 0.000000 0.998610 0.950731 0.950731 0.950731
5950.294922 0.000000 4134.464355 0.000000 0.474212 0.000000 0.880411 0.975807 0.975807 0.975807
5936.997559 0.000000 4154.615234 0.000000 0.523426 0.000000 0.852071 0.959259 0.959259 0.959259
5936.049316 0.000000 4151.639160 0.000000 0.518193 0.000000 0.855264 0.946206 0.946206 0.946206
5953.781738 0.000000 4129.960938 0.000000 0.272178 0.000000 0.962247 0.964433 0.964433 0.964433
6002.394531 0.000000 4167.717773 0.000000 0.086071 0.000000 0.996289 0.922165 0.922165 0.922165
5972.570312 0.000000 4130.707031 0.000000 0.639904 0.000000 0.768455 0.978120 0.978120 0.978120
5997.182129 0.000000 4163.310059 0.000000 0.159050 0.000000 0.987271 0.957726 0.957726 0.957726
5955.515137 0.000000 4120.155273 0.000000 0.530191 0.000000 0.847878 0.959577 0.959577 0.959577
5960.493164 0.000000 4115.437012 0.000000 0.521571 0.000000 0.853208 0.961724 0.961724 0.961724
5919.465332 0.000000 4137.235840 0.000000 0.341931 0.000000 0.939725 0.960346 0.960346 0.960346
5960.114258 0.000000 4120.845215 0.000000 0.014008 0.000000 0.999902 0.914495 0.914495 0.914495
5944.808105 0.000000 4150.974609 0.000000 0.541803 0.000000 0.840506 0.957634 0.957634 0.957634
5963.849609 0.000000 4129.130371 0.000000 0.234696 0.000000 0.972069 0.940058 0.940058 0.940058
5969.371094 0.000000 4129.536133 0.000000 0.386469 0.000000 0.922302 0.956036 0.956036 0.956036
5965.346680 0.000000 4122.031738 0.000000 0.426487 0.000000 0.904494 0.935104 0.935104 0.935104
5957.332520 0.000000 4124.442383 0.000000 0.519131 0.000000 0.854695 0.953940 0.953940 0.953940
5940.917480 0.000000 4147.429199 0.000000 0.065755 0.000000 0.997836 0.917340 0.917340 0.917340
6001.479004 0.000000 4171.149414 0.000000 0.543160 0.000000 0.839629 0.950239 0.950239 0.950239
5999.237305 0.000000 4167.511230 0.000000 0.272027 0.000000 0.962290 0.945026 0.945026 0.945026
5936.527344 0.000000 4149.297363 0.000000 0.385558 0.000000 0.922683 0.932532 0.932532 0.932532
5965.608398 0.000000 4126.456543 0.000000 0.169087 0.000000 0.985601 0.930052 0.930052 0.930052
5964.187988 0.000000 4123.893066 0.000000 0.573264 0.000000 0.819371 0.944858 0.944858 0.944858
6003.951660 0.000000 4130.520508 0.000000 0.376873 0.000000 0.926265 0.997043 0.997043 0.997043
6071.783203 0.000000 4119.090332 0.000000 0.398862 0.000000 0.917011 0.982616 0.982616 0.982616
6007.849609 0.000000 4156.211426 0.000000 0.322497 0.000000 0.946571 0.965880 0.965880 0.965880
6048.731934 0.000000 4081.102295 0.000000 0.091493 0.000000 0.995806 0.963072 0.963072 0.963072
6037.875488 0.000000 4137.699707 0.000000 0.730468 0.000000 0.682947 0.984985 0.984985 0.984985
6031.469238 0.000000 4153.657715 0.000000 0.197293 0.000000 0.980345 0.993148 0.993148 0.993148
6025.364258 0.000000 4172.306152 0.000000 0.667062 0.000000 0.745003 0.995803 0.995803 0.995803
6032.589844 0.000000 4145.103027 0.000000 0.164531 0.000000 0.986372 0.971929 0.971929 0.971929
6040.613281 0.000000 4085.463135 0.000000 0.371316 0.000000 0.928507 0.970282 0.970282 0.970282
6022.981934 0.000000 4162.204590 0.000000 0.633245 0.000000 0.773951 0.993371 0.993371 0.993371
6064.453125 0.000000 4116.908203 0.000000 0.619307 0.000000 0.785149 0.990983 0.990983 0.990983
6048.371094 0.000000 4089.113525 0.000000 0.309104 0.000000 0.951028 0.940396 0.940396 0.940396
6069.625000 0.000000 4139.708496 0.000000 0.190654 0.000000 0.981657 0.931147 0.931147 0.931147
6081.610840 0.000000 4147.376953 0.000000 0.491818 0.000000 0.870698 0.992086 0.992086 0.992086
6014.133789 0.000000 4152.449707 0.000000 0.583225 0.000000 0.812310 0.985798 0.985798 0.985798
6054.751465 0.000000 4107.228516 0.000000 0.724578 0.000000 0.689193 0.982915 0.982915 0.982915
6028.286621 0.000000 4122.953613 0.000000 0.517654 0.000000 0.855590 0.979495 0.979495 0.979495
6031.058594 0.000000 4137.978027 0.000000 0.174260 0.000000 0.984700 0.947736 0.947736 0.947736
6036.799805 0.000000 4100.494629 0.000000 0.687739 0.000000 0.725958 0.983774 0.983774 0.983774
6019.494141 0.000000 4127.399902 0.000000 0.576495 0.000000 0.817100 0.966573 0.966573 0.966573
6072.949219 0.000000 4132.405762 0.000000 0.094563 0.000000 0.995519 0.929982 0.929982 0.929982
6082.833008 0.000000 4125.496094 0.000000 0.662903 0.000000 0.748706 0.991551 0.991551 0.991551
6077.004395 0.000000 4149.948242 0.000000 0.688793 0.000000 0.724958 0.989877 0.989877 0.989877
6050.791992 0.000000 4139.685547 0.000000 0.302273 0.000000 0.953221 0.987380 0.987380 0.987380
6033.230469 0.000000 4133.133789 0.000000 0.608733 0.000000 0.793375 0.970260 0.970260 0.970260
6004.594727 0.000000 4159.990723 0.000000 0.628138 0.000000 0.778102 0.971062 0.971062 0.971062
6060.452637 0.000000 4142.773926 0.000000 0.456199 0.000000 0.889878 0.967133 0.967133 0.967133
6075.625000 0.000000 4122.695312 0.000000 0.028118 0.000000 0.999605 0.965338 0.965338 0.965338
6038.010742 0.000000 4093.181152 0.000000 0.731227 0.000000 0.682135 0.977511 0.977511 0.977511
6043.482910 0.000000 4089.318359 0.000000 0.651204 0.000000 0.758903 0.967734 0.967734 0.967734
6019.955078 0.000000 4158.512207 0.000000 0.018284 0.000000 0.999833 0.980620 0.980620 0.980620
6052.837402 0.000000 4078.756104 0.000000 0.107250 0.000000 0.994232 0.974427 0.974427 0.974427
6021.292480 0.000000 4169.958496 0.000000 0.620552 0.000000 0.784165 0.984248 0.984248 0.984248
6012.545410 0.000000 4146.212402 0.000000 0.698107 0.000000 0.715994 0.986053 0.986053 0.986053
6047.020508 0.000000 4093.520264 0.000000 0.689054 0.000000 0.724710 0.955478 0.955478 0.955478
6045.088867 0.000000 4098.208008 0.000000 0.548914 0.000000 0.835879 0.957994 0.957994 0.957994
6070.552246 0.000000 4135.738770 0.000000 0.700112 0.000000 0.714033 0.956322 0.956322 0.956322
6055.602051 0.000000 4131.990234 0.000000 0.196391 0.000000 0.980526 0.969147 0.969147 0.969147
6066.676270 0.000000 4136.642090 0.000000 0.077440 0.000000 0.996997 0.917983 0.917983 0.917983
6007.064941 0.000000 4165.607910 0.000000 0.507894 0.000000 0.861420 0.948169 0.948169 0.948169
6013.805664 0.000000 4136.200684 0.000000 0.198252 0.000000 0.980151 0.955497 0.955497 0.955497
6078.744141 0.000000 4144.826660 0.000000 0.662261 0.000000 0.749273 0.985199 0.985199 0.985199
6044.277832 0.000000 4107.526855 0.000000 0.646299 0.000000 0.763084 0.980495 0.980495 0.980495
6051.002441 0.000000 4106.732422 0.000000 0.384175 0.000000 0.923260 0.970629 0.970629 0.970629
6072.440430 0.000000 4123.988770 0.000000 0.150985 0.000000 0.988536 0.964568 0.964568 0.964568
6056.552734 0.000000 4096.688965 0.000000 0.612507 0.000000 0.790465 0.961312 0.961312 0.961312
6050.479492 0.000000 4093.859131 0.000000 0.713575 0.000000 0.700579 0.953492 0.953492 0.953492
6020.551758 0.000000 4145.401855 0.000000 0.028642 0.000000 0.999590 0.946099 0.946099 0.946099
6056.012695 0.000000 4126.210938 0.000000 0.319894 0.000000 0.947453 0.972022 0.972022 0.972022
6012.854492 0.000000 4167.326172 0.000000 0.040688 0.000000 0.999172 0.938881 0.938881 0.938881
6003.641113 0.000000 4157.003418 0.000000 0.010270 0.000000 0.999947 0.961041 0.961041 0.961041
6012.677246 0.000000 4161.394043 0.000000 0.683040 0.000000 0.730381 0.975468 0.975468 0.975468
6052.785645 0.000000 4101.041016 0.000000 0.341822 0.000000 0.939765 0.948139 0.948139 0.948139
6041.214355 0.000000 4091.612793 0.000000 0.643484 0.000000 0.765460 0.969531 0.969531 0.969531
6030.644531 0.000000 4134.875977 0.000000 0.688840 0.000000 0.724913 0.967608 0.967608 0.967608
6063.315918 0.000000 4141.533203 0.000000 0.543246 0.000000 0.839574 0.962683 0.962683 0.962683
6059.562500 0.000000 4130.707031 0.000000 0.479839 0.000000 0.877357 0.962590 0.962590 0.962590
6045.909668 0.000000 4090.793701 0.000000 0.449809 0.000000 0.893125 0.947621 0.947621 0.947621
6058.927734 0.000000 4098.250000 0.000000 0.100163 0.000000 0.994971 0.952276 0.952276 0.952276
6043.351074 0.000000 4086.531982 0.000000 0.403127 0.000000 0.915144 0.962486 0.962486 0.962486
6027.538086 0.000000 4141.188477 0.000000 0.021494 0.000000 0.999769 0.934246 0.934246 0.934246
6017.370117 0.000000 4141.969238 0.000000 0.481399 0.000000 0.876501 0.957317 0.957317 0.957317
6076.448242 0.000000 4139.542969 0.000000 0.102439 0.000000 0.994739 0.952350 0.952350 0.952350
6061.726074 0.000000 4132.214844 0.000000 0.058276 0.000000 0.998300 0.935808 0.935808 0.935808
6066.719727 0.000000 4139.314453 0.000000 0.175843 0.000000 0.984418 0.930395 0.930395 0.930395
6072.439941 0.000000 4129.133301 0.000000 0.710822 0.000000 0.703372 0.966890 0.966890 0.966890
6007.376465 0.000000 4168.051270 0.000000 0.460584 0.000000 0.887616 0.934562 0.934562 0.934562
6065.916992 0.000000 4134.320801 0.000000 0.471911 0.000000 0.881646 0.940718 0.940718 0.940718
6017.788574 0.000000 4133.063477 0.000000 0.058319 0.000000 0.998298 0.932034 0.932034 0.932034
6029.364746 0.000000 4139.822266 0.000000 0.018730 0.000000 0.999825 0.934128 0.934128 0.934128
6054.376465 0.000000 4096.374023 0.000000 0.153216 0.000000 0.988193 0.932787 0.932787 0.932787
6025.451172 0.000000 4138.482910 0.000000 0.041731 0.000000 0.999129 0.923653 0.923653 0.923653
6008.796387 0.000000 4166.588867 0.000000 0.455587 0.000000 0.890191 0.942447 0.942447 0.942447
6001.304199 0.000000 4205.308594 0.000000 0.400998 0.000000 0.916079 0.973977 0.973977 0.973977
5962.303223 0.000000 4173.391602 0.000000 0.505969 0.000000 0.862552 0.987014 0.987014 0.987014
5938.324707 0.000000 4206.414551 0.000000 0.510517 0.000000 0.859868 0.976744 0.976744 0.976744
5997.740723 0.000000 4194.348145 0.000000 0.066262 0.000000 0.997802 0.988732 0.988732 0.988732
5985.296387 0.000000 4183.341797 0.000000 0.028059 0.000000 0.999606 0.973039 0.973039 0.973039
5991.411621 0.000000 4202.010742 0.000000 0.681946 0.000000 0.731402 0.971326 0.971326 0.971326
5994.536621 0.000000 4212.762695 0.000000 0.140491 0.000000 0.990082 0.932176 0.932176 0.932176
5916.181152 0.000000 4217.133789 0.000000 0.370211 0.000000 0.928948 0.964303 0.964303 0.964303
5927.068359 0.000000 4231.535645 0.000000 0.639151 0.000000 0.769081 0.986857 0.986857 0.986857
5921.857910 0.000000 4189.977051 0.000000 0.065304 0.000000 0.997865 0.966174 0.966174 0.966174
5976.056641 0.000000 4193.888672 0.000000 0.302581 0.000000 0.953124 0.949534 0.949534 0.949534
5964.363281 0.000000 4181.288574 0.000000 0.274241 0.000000 0.961661 0.954808 0.954808 0.954808
5962.321289 0.000000 4204.448730 0.000000 0.130708 0.000000 0.991421 0.989217 0.989217 0.989217
5942.691895 0.000000 4211.877930 0.000000 0.087837 0.000000 0.996135 0.974086 0.974086 0.974086
5941.294434 0.000000 4229.938477 0.000000 0.414667 0.000000 0.909973 0.994292 0.994292 0.994292
5980.534180 0.000000 4188.324219 0.000000 0.707414 0.000000 0.706799 0.974524 0.974524 0.974524
5978.938965 0.000000 4209.313477 0.000000 0.676533 0.000000 0.736412 0.975202 0.975202 0.975202
6000.995605 0.000000 4211.286133 0.000000 0.655099 0.000000 0.755543 0.976479 0.976479 0.976479
6001.136719 0.000000 4178.373047 0.000000 0.114707 0.000000 0.993399 0.956385 0.956385 0.956385
5915.932129 0.000000 4211.262207 0.000000 0.177320 0.000000 0.984153 0.968711 0.968711 0.968711
5924.542969 0.000000 4176.900391 0.000000 0.720966 0.000000 0.692970 0.980886 0.980886 0.980886
5915.898926 0.000000 4222.928223 0.000000 0.041582 0.000000 0.999135 0.973276 0.973276 0.973276
5922.490234 0.000000 4202.101074 0.000000 0.704557 0.000000 0.709647 0.980302 0.980302 0.980302
5966.690918 0.000000 4201.254395 0.000000 0.166857 0.000000 0.985981 0.968473 0.968473 0.968473
5989.521484 0.000000 4224.698242 0.000000 0.265386 0.000000 0.964142 0.967490 0.967490 0.967490
5988.632812 0.000000 4229.680176 0.000000 0.220116 0.000000 0.975474 0.979795 0.979795 0.979795
5985.278320 0.000000 4189.311035 0.000000 0.460126 0.000000 0.887853 0.978177 0.978177 0.978177
5964.514160 0.000000 4192.165527 0.000000 0.715116 0.000000 0.699006 0.967150 0.967150 0.967150
5975.413574 0.000000 4177.550781 0.000000 0.660288 0.000000 0.751012 0.976668 0.976668 0.976668
5926.227051 0.000000 4188.031250 0.000000 0.548354 0.000000 0.836246 0.990110 0.990110 0.990110
5956.490723 0.000000 4196.302734 0.000000 0.473108 0.000000 0.881005 0.983853 0.983853 0.983853
5992.898926 0.000000 4217.088867 0.000000 0.712436 0.000000 0.701737 0.963104 0.963104 0.963104
5932.493652 0.000000 4201.975586 0.000000 0.269656 0.000000 0.962957 0.974081 0.974081 0.974081
5942.074707 0.000000 4216.011230 0.000000 0.564213 0.000000 0.825629 0.983025 0.983025 0.983025
5987.316406 0.000000 4206.378418 0.000000 0.645668 0.000000 0.763618 0.960954 0.960954 0.960954
5930.391113 0.000000 4228.624512 0.000000 0.652723 0.000000 0.757597 0.982831 0.982831 0.982831
5980.197266 0.000000 4192.711914 0.000000 0.538476 0.000000 0.842641 0.972478 0.972478 0.972478
6001.972168 0.000000 4173.579102 0.000000 0.519987 0.000000 0.854174 0.951429 0.951429 0.951429
5981.468262 0.000000 4223.453613 0.000000 0.584853 0.000000 0.811139 0.978742 0.978742 0.978742
5996.131836 0.000000 4219.022461 0.000000 0.332683 0.000000 0.943039 0.960027 0.960027 0.960027
5997.409180 0.000000 4177.550293 0.000000 0.441905 0.000000 0.897062 0.966654 0.966654 0.966654
5970.228516 0.000000 4192.756836 0.000000 0.432520 0.000000 0.901624 0.943902 0.943902 0.943902
5967.827148 0.000000 4179.685547 0.000000 0.101511 0.000000 0.994834 0.952320 0.952320 0.952320
5976.574219 0.000000 4211.867676 0.000000 0.097932 0.000000 0.995193 0.963233 0.963233 0.963233
5937.741211 0.000000 4221.369141 0.000000 0.214197 0.000000 0.976790 0.959408 0.959408 0.959408
5923.895508 0.000000 4215.708008 0.000000 0.729421 0.000000 0.684065 0.962386 0.962386 0.962386
5994.578125 0.000000 4202.158691 0.000000 0.088640 0.000000 0.996064 0.955600 0.955600 0.955600
5919.307617 0.000000 4217.588379 0.000000 0.124353 0.000000 0.992238 0.949456 0.949456 0.949456
5962.869629 0.000000 4184.653320 0.000000 0.704229 0.000000 0.709973 0.968465 0.968465 0.968465
5981.923828 0.000000 4210.399414 0.000000 0.175645 0.000000 0.984453 0.947788 0.947788 0.947788
5931.207031 0.000000 4209.560547 0.000000 0.483962 0.000000 0.875089 0.952113 0.952113 0.952113
6001.103027 0.000000 4218.339355 0.000000 0.125537 0.000000 0.992089 0.967534 0.967534 0.967534
5915.823730 0.000000 4174.120117 0.000000 0.037265 0.000000 0.999305 0.923430 0.923430 0.923430
5980.949219 0.000000 4203.925293 0.000000 0.299454 0.000000 0.954111 0.955728 0.955728 0.955728
5982.798340 0.000000 4191.033203 0.000000 0.033733 0.000000 0.999431 0.961627 0.961627 0.961627
5989.309082 0.000000 4204.198730 0.000000 0.535694 0.000000 0.844412 0.959837 0.959837 0.959837
5935.613281 0.000000 4219.375488 0.000000 0.467808 0.000000 0.883830 0.956700 0.956700 0.956700
5966.804199 0.000000 4182.667969 0.000000 0.088980 0.000000 0.996033 0.933416 0.933416 0.933416
5977.869629 0.000000 4199.666016 0.000000 0.041608 0.000000 0.999134 0.950370 0.950370 0.950370
5927.515625 0.000000 4223.039062 0.000000 0.272890 0.000000 0.962045 0.948295 0.948295 0.948295
5984.266602 0.000000 4212.429199 0.000000 0.704187 0.000000 0.710015 0.960579 0.960579 0.960579
5983.476562 0.000000 4221.590332 0.000000 0.274999 0.000000 0.961444 0.961287 0.961287 0.961287
5926.577148 0.000000 4204.980469 0.000000 0.314150 0.000000 0.949373 0.956267 0.956267 0.956267
5992.440430 0.000000 4214.418457 0.000000 0.213377 0.000000 0.976970 0.932305 0.932305 0.932305
5921.479004 0.000000 4216.207520 0.000000 0.008816 0.000000 0.999961 0.933707 0.933707 0.933707
5973.655273 0.000000 4192.851074 0.000000 0.608766 0.000000 0.793350 0.956536 0.956536 0.956536
5917.775391 0.000000 4186.247559 0.000000 0.574464 0.000000 0.818530 0.966487 0.966487 0.966487
5988.191406 0.000000 4215.272949 0.000000 0.594399 0.000000 0.804170 0.948686 0.948686 0.948686
5966.560547 0.000000 4195.749512 0.000000 0.613164 0.000000 0.789955 0.963621 0.963621 0.963621
5917.085938 0.000000 4175.937012 0.000000 0.000918 0.000000 1.000000 0.925534 0.925534 0.925534
5970.770508 0.000000 4190.705078 0.000000 0.599086 0.000000 0.800685 0.949006 0.949006 0.949006
6020.531250 0.000000 4180.497559 0.000000 0.084587 0.000000 0.996416 0.992580 0.992580 0.992580
6002.684082 0.000000 4184.810059 0.000000 0.097287 0.000000 0.995256 0.977930 0.977930 0.977930
6003.173340 0.000000 4217.133789 0.000000 0.385126 0.000000 0.922864 0.976523 0.976523 0.976523
6015.346191 0.000000 4172.479004 0.000000 0.456736 0.000000 0.889602 0.964414 0.964414 0.964414
6009.837891 0.000000 4172.395020 0.000000 0.007688 0.000000 0.999970 0.921952 0.921952 0.921952
6002.909668 0.000000 4177.804688 0.000000 0.371232 0.000000 0.928540 0.955419 0.955419 0.955419
6012.615234 0.000000 4173.981445 0.000000 0.137064 0.000000 0.990562 0.942747 0.942747 0.942747
6135.724121 0.000000 4188.086914 0.000000 0.697020 0.000000 0.717052 0.992015 0.992015 0.992015
6133.686035 0.000000 4211.853027 0.000000 0.731704 0.000000 0.681623 0.887659 0.887659 0.887659
6121.704102 0.000000 4263.835449 0.000000 0.510568 0.000000 0.859837 0.459985 0.459985 0.459985
6144.212891 0.000000 4192.756836 0.000000 0.636438 0.000000 0.771327 0.753682 0.753682 0.753682
6126.734863 0.000000 4209.569336 0.000000 0.260776 0.000000 0.965399 0.552981 0.552981 0.552981
6126.708984 0.000000 4247.674805 0.000000 0.672918 0.000000 0.739717 0.972976 0.972976 0.972976
6133.535645 0.000000 4239.258301 0.000000 0.074832 0.000000 0.997196 0.249351 0.249351 0.249351
6137.214355 0.000000 4243.552734 0.000000 0.015401 0.000000 0.999881 0.922338 0.922338 0.922338
6141.230469 0.000000 4193.484375 0.000000 0.604043 0.000000 0.796952 0.769760 0.769760 0.769760
6134.477539 0.000000 4222.421875 0.000000 0.591859 0.000000 0.806041 0.721499 0.721499 0.721499
6131.900391 0.000000 4248.671387 0.000000 0.075246 0.000000 0.997165 0.790922 0.790922 0.790922
6119.150879 0.000000 4263.175293 0.000000 0.685194 0.000000 0.728361 0.788152 0.788152 0.788152
6135.732422 0.000000 4193.706055 0.000000 0.007965 0.000000 0.999968 0.746391 0.746391 0.746391
6132.360840 0.000000 4251.939453 0.000000 0.258310 0.000000 0.966062 0.879036 0.879036 0.879036
6120.989258 0.000000 4261.516113 0.000000 0.292778 0.000000 0.956180 0.751978 0.751978 0.751978
6136.800781 0.000000 4226.116211 0.000000 0.065268 0.000000 0.997868 0.853418 0.853418 0.853418
6137.713867 0.000000 4186.928711 0.000000 0.170409 0.000000 0.985373 0.842768 0.842768 0.842768
6123.928223 0.000000 4264.179199 0.000000 0.289760 0.000000 0.957099 0.276405 0.276405 0.276405
6136.234375 0.000000 4241.576660 0.000000 0.494915 0.000000 0.868941 0.731841 0.731841 0.731841
6124.503906 0.000000 4218.384766 0.000000 0.721277 0.000000 0.692647 0.935052 0.935052 0.935052
6137.488281 0.000000 4190.305664 0.000000 0.315964 0.000000 0.948771 0.494722 0.494722 0.494722
6120.253418 0.000000 4265.408691 0.000000 0.607122 0.000000 0.794608 0.415352 0.415352 0.415352
6130.470703 0.000000 4252.812012 0.000000 0.193366 0.000000 0.981127 0.505250 0.505250 0.505250
6133.449219 0.000000 4237.277344 0.000000 0.291937 0.000000 0.956438 0.548161 0.548161 0.548161
6134.027832 0.000000 4192.798828 0.000000 0.285742 0.000000 0.958307 0.792122 0.792122 0.792122
6145.906250 0.000000 4193.609375 0.000000 0.728885 0.000000 0.684636 0.789142 0.789142 0.789142
6119.000488 0.000000 4269.455566 0.000000 0.644804 0.000000 0.764348 0.941354 0.941354 0.941354
6131.984863 0.000000 4212.626465 0.000000 0.587559 0.000000 0.809181 0.689319 0.689319 0.689319
6139.342773 0.000000 4193.838379 0.000000 0.489789 0.000000 0.871841 0.619305 0.619305 0.619305
6146.148926 0.000000 4185.628418 0.000000 0.665245 0.000000 0.746625 0.928446 0.928446 0.928446
6137.541504 0.000000 4237.801758 0.000000 0.284640 0.000000 0.958634 0.631886 0.631886 0.631886
6132.022949 0.000000 4238.182129 0.000000 0.565742 0.000000 0.824582 0.513517 0.513517 0.513517
6116.878906 0.000000 4264.964844 0.000000 0.062573 0.000000 0.998040 0.879512 0.879512 0.879512
6139.135254 0.000000 4190.554199 0.000000 0.300028 0.000000 0.953930 0.415249 0.415249 0.415249
6132.008789 0.000000 4250.310547 0.000000 0.300002 0.000000 0.953939 0.883047 0.883047 0.883047
6129.554688 0.000000 4213.877930 0.000000 0.280894 0.000000 0.959739 0.733509 0.733509 0.733509
6130.419922 0.000000 4248.120605 0.000000 0.068128 0.000000 0.997677 0.789924 0.789924 0.789924
6126.810059 0.000000 4215.296387 0.000000 0.310138 0.000000 0.950691 0.614480 0.614480 0.614480
6138.278809 0.000000 4185.439453 0.000000 0.604874 0.000000 0.796321 0.627434 0.627434 0.627434
6130.917969 0.000000 4237.035156 0.000000 0.510783 0.000000 0.859710 0.899256 0.899256 0.899256
6133.854980 0.000000 4196.532227 0.000000 0.543772 0.000000 0.839233 0.853312 0.853312 0.853312
6125.577148 0.000000 4210.571289 0.000000 0.136853 0.000000 0.990591 0.627801 0.627801 0.627801
6136.256836 0.000000 4186.672363 0.000000 0.422751 0.000000 0.906246 0.872565 0.872565 0.872565
6118.282715 0.000000 4264.496582 0.000000 0.707586 0.000000 0.706627 0.698300 0.698300 0.698300
6137.714844 0.000000 4193.435059 0.000000 0.474560 0.000000 0.880223 0.588871 0.588871 0.588871
6171.021484 0.000000 4229.351562 0.000000 0.713283 0.000000 0.700876 0.685901 0.685901 0.685901
6122.555664 0.000000 4269.676270 0.000000 0.411487 0.000000 0.911416 0.796740 0.796740 0.796740
6138.363281 0.000000 4238.983398 0.000000 0.289006 0.000000 0.957327 0.853278 0.853278 0.853278
6137.497559 0.000000 4240.692383 0.000000 0.513469 0.000000 0.858108 0.737312 0.737312 0.737312
6142.497070 0.000000 4192.775879 0.000000 0.386287 0.000000 0.922379 0.718583 0.718583 0.718583
6136.043945 0.000000 4225.000977 0.000000 0.384744 0.000000 0.923023 0.568466 0.568466 0.568466
6123.471191 0.000000 4266.964844 0.000000 0.445979 0.000000 0.895044 0.457571 0.457571 0.457571
6127.822754 0.000000 4218.556152 0.000000 0.100462 0.000000 0.994941 0.746747 0.746747 0.746747
6120.277344 0.000000 4269.539551 0.000000 0.474407 0.000000 0.880306 0.736620 0.736620 0.736620
6127.876465 0.000000 4216.316895 0.000000 0.122381 0.000000 0.992483 0.414326 0.414326 0.414326
6130.006836 0.000000 4208.204590 0.000000 0.222446 0.000000 0.974945 0.512577 0.512577 0.512577
6137.780273 0.000000 4225.318848 0.000000 0.353982 0.000000 0.935252 0.556317 0.556317 0.556317
6145.797852 0.000000 4189.792969 0.000000 0.309361 0.000000 0.950945 0.645592 0.645592 0.645592
6130.768066 0.000000 4213.358887 0.000000 0.596998 0.000000 0.802243 0.693180 0.693180 0.693180
6131.664551 0.000000 4253.183105 0.000000 0.302462 0.000000 0.953161 0.545760 0.545760 0.545760
6172.824707 0.000000 4227.650879 0.000000 0.247187 0.000000 0.968968 0.551473 0.551473 0.551473
6119.499023 0.000000 4266.397949 0.000000 0.383411 0.000000 0.923578 0.603207 0.603207 0.603207
6131.297363 0.000000 4206.252930 0.000000 0.116711 0.000000 0.993166 0.412017 0.412017 0.412017
6127.835938 0.000000 4248.174316 0.000000 0.192479 0.000000 0.981301 0.656198 0.656198 0.656198
6129.442383 0.000000 4254.290039 0.000000 0.080354 0.000000 0.996766 0.538628 0.538628 0.538628
6130.594238 0.000000 4223.004395 0.000000 0.516366 0.000000 0.856368 0.830582 0.830582 0.830582
6141.477051 0.000000 4192.177246 0.000000 0.442144 0.000000 0.896944 0.722182 0.722182 0.722182
6133.117188 0.000000 4199.267090 0.000000 0.199965 0.000000 0.979803 0.446129 0.446129 0.446129
6126.620605 0.000000 4251.307617 0.000000 0.626818 0.000000 0.779166 0.511575 0.511575 0.511575
6136.780273 0.000000 4191.202637 0.000000 0.674485 0.000000 0.738289 0.664100 0.664100 0.664100
6134.875488 0.000000 4190.154785 0.000000 0.133360 0.000000 0.991068 0.752453 0.752453 0.752453
6127.783203 0.000000 4209.150391 0.000000 0.412031 0.000000 0.911170 0.607998 0.607998 0.607998
6137.877930 0.000000 4222.895996 0.000000 0.092619 0.000000 0.995702 0.601479 0.601479 0.601479
6134.165039 0.000000 4238.144043 0.000000 0.453915 0.000000 0.891045 0.299946 0.299946 0.299946
6163.588867 0.000000 4195.906250 0.000000 0.722264 0.000000 0.691617 0.839839 0.839839 0.839839
6127.456543 0.000000 4210.433105 0.000000 0.512976 0.000000 0.858403 0.582557 0.582557 0.582557
6124.219727 0.000000 4253.922363 0.000000 0.442709 0.000000 0.896665 0.744552 0.744552 0.744552
6131.108398 0.000000 4211.917969 0.000000 0.401163 0.000000 0.916007 0.531653 0.531653 0.531653
6128.537598 0.000000 4213.697266 0.000000 0.733769 0.000000 0.679399 0.845223 0.845223 0.845223
6172.417480 0.000000 4228.603516 0.000000 0.301977 0.000000 0.953315 0.488774 0.488774 0.488774
6163.778809 0.000000 4199.398438 0.000000 0.432720 0.000000 0.901528 0.753218 0.753218 0.753218
6144.880371 0.000000 4193.659180 0.000000 0.679804 0.000000 0.733394 0.769794 0.769794 0.769794
6128.078125 0.000000 4249.312012 0.000000 0.423060 0.000000 0.906102 0.609318 0.609318 0.609318
6127.081543 0.000000 4255.867676 0.000000 0.293121 0.000000 0.956075 0.682113 0.682113 0.682113
6130.201660 0.000000 4251.845215 0.000000 0.176013 0.000000 0.984388 0.443225 0.443225 0.443225
6129.419922 0.000000 4253.017090 0.000000 0.355779 0.000000 0.934570 0.231569 0.231569 0.231569
6128.920410 0.000000 4251.101074 0.000000 0.302879 0.000000 0.953029 0.195895 0.195895 0.195895
6140.932617 0.000000 4187.870117 0.000000 0.627226 0.000000 0.778837 0.732527 0.732527 0.732527
6172.023438 0.000000 4227.035645 0.000000 0.294988 0.000000 0.955501 0.568337 0.568337 0.568337
6127.600098 0.000000 4253.887207 0.000000 0.305152 0.000000 0.952304 0.285541 0.285541 0.285541
6139.133301 0.000000 4192.882812 0.000000 0.574203 0.000000 0.818713 0.655177 0.655177 0.655177
6134.862305 0.000000 4224.302246 0.000000 0.730145 0.000000 0.683292 0.695755 0.695755 0.695755
6130.943848 0.000000 4250.477051 0.000000 0.301217 0.000000 0.953556 0.494767 0.494767 0.494767
6129.355957 0.000000 4210.142578 0.000000 0.404228 0.000000 0.914658 0.538773 0.538773 0.538773
6135.391113 0.000000 4222.688477 0.000000 0.107729 0.000000 0.994180 0.565401 0.565401 0.565401
6126.015625 0.000000 4211.411133 0.000000 0.031701 0.000000 0.999497 0.377529 0.377529 0.377529
6144.848145 0.000000 4189.682617 0.000000 0.418252 0.000000 0.908331 0.678599 0.678599 0.678599
6136.392090 0.000000 4224.149902 0.000000 0.183373 0.000000 0.983043 0.491209 0.491209 0.491209
6136.144043 0.000000 4190.536621 0.000000 0.397091 0.000000 0.917779 0.529857 0.529857 0.529857
6133.645508 0.000000 4207.437012 0.000000 0.071873 0.000000 0.997414 0.479865 0.479865 0.479865
6137.657715 0.000000 4192.513184 0.000000 0.426994 0.000000 0.904255 0.568513 0.568513 0.568513
6136.058105 0.000000 4192.890137 0.000000 0.689540 0.000000 0.724247 0.690625 0.690625 0.690625
6164.088379 0.000000 4198.568848 0.000000 0.646626 0.000000 0.762807 0.766060 0.766060 0.766060
6120.728516 0.000000 4263.766113 0.000000 0.155466 0.000000 0.987841 0.261841 0.261841 0.261841
6128.347656 0.000000 4254.402344 0.000000 0.534628 0.000000 0.845088 0.688345 0.688345 0.688345
6145.316406 0.000000 4186.279785 0.000000 0.391178 0.000000 0.920315 0.527255 0.527255 0.527255
6127.636230 0.000000 4215.498047 0.000000 0.644592 0.000000 0.764526 0.732750 0.732750 0.732750
6128.313965 0.000000 4251.955566 0.000000 0.024565 0.000000 0.999698 0.015640 0.015640 0.015640
6139.620117 0.000000 4186.690430 0.000000 0.379835 0.000000 0.925054 0.522283 0.522283 0.522283
6141.073730 0.000000 4190.337891 0.000000 0.556889 0.000000 0.830587 0.603583 0.603583 0.603583
6140.680176 0.000000 4191.932129 0.000000 0.164166 0.000000 0.986433 0.431403 0.431403 0.431403
6130.740723 0.000000 4210.341797 0.000000 0.137028 0.000000 0.990567 0.420301 0.420301 0.420301
6163.604492 0.000000 4197.904785 0.000000 0.006717 0.000000 0.999977 0.367422 0.367422 0.367422
6206.574219 0.000000 4252.087891 0.000000 0.534175 0.000000 0.845374 0.705782 0.705782 0.705782
6205.042969 0.000000 4244.962891 0.000000 0.726347 0.000000 0.687328 0.693513 0.693513 0.693513
6195.989258 0.000000 4232.107910 0.000000 0.311650 0.000000 0.950197 0.580534 0.580534 0.580534
6178.867676 0.000000 4232.702637 0.000000 0.548995 0.000000 0.835826 0.856701 0.856701 0.856701
6195.332520 0.000000 4238.222168 0.000000 0.712484 0.000000 0.701688 0.786410 0.786410 0.786410
6206.596191 0.000000 4242.524414 0.000000 0.490842 0.000000 0.871249 0.640865 0.640865 0.640865
6183.166992 0.000000 4231.951172 0.000000 0.304708 0.000000 0.952446 0.681996 0.681996 0.681996
6189.437012 0.000000 4196.597656 0.000000 0.204025 0.000000 0.978966 0.611419 0.611419 0.611419
6200.563477 0.000000 4246.752441 0.000000 0.691704 0.000000 0.722181 0.703855 0.703855 0.703855
6195.530273 0.000000 4240.850586 0.000000 0.180662 0.000000 0.983545 0.618515 0.618515 0.618515
6185.202148 0.000000 4211.065430 0.000000 0.327100 0.000000 0.944990 0.842429 0.842429 0.842429
6181.687012 0.000000 4233.080566 0.000000 0.002758 0.000000 0.999996 0.365821 0.365821 0.365821
6179.980469 0.000000 4231.833008 0.000000 0.113798 0.000000 0.993504 0.774515 0.774515 0.774515
6186.074707 0.000000 4194.101074 0.000000 0.700983 0.000000 0.713178 0.766087 0.766087 0.766087
6200.461914 0.000000 4244.684082 0.000000 0.732343 0.000000 0.680935 0.880319 0.880319 0.880319
6196.934570 0.000000 4231.254883 0.000000 0.310049 0.000000 0.950720 0.570567 0.570567 0.570567
6189.332031 0.000000 4197.857910 0.000000 0.720712 0.000000 0.693235 0.782000 0.782000 0.782000
6194.573242 0.000000 4231.437988 0.000000 0.531817 0.000000 0.846860 0.591494 0.591494 0.591494
6194.270996 0.000000 4237.458008 0.000000 0.260271 0.000000 0.965536 0.748655 0.748655 0.748655
6200.030273 0.000000 4236.511230 0.000000 0.426232 0.000000 0.904614 0.836308 0.836308 0.836308
6195.694824 0.000000 4239.409180 0.000000 0.325784 0.000000 0.945444 0.659757 0.659757 0.659757
6190.484863 0.000000 4239.374023 0.000000 0.078782 0.000000 0.996892 0.765345 0.765345 0.765345
6181.013672 0.000000 4208.934570 0.000000 0.334228 0.000000 0.942492 0.643789 0.643789 0.643789
6204.131836 0.000000 4245.874023 0.000000 0.273830 0.000000 0.961778 0.476887 0.476887 0.476887
6195.626465 0.000000 4236.987305 0.000000 0.238952 0.000000 0.971031 0.744423 0.744423 0.744423
6199.448730 0.000000 4243.986328 0.000000 0.257445 0.000000 0.966293 0.581245 0.581245 0.581245
6182.734863 0.000000 4230.818359 0.000000 0.525224 0.000000 0.850964 0.743356 0.743356 0.743356
6195.937988 0.000000 4233.261719 0.000000 0.612889 0.000000 0.790169 0.695208 0.695208 0.695208
6201.062012 0.000000 4238.025391 0.000000 0.673126 0.000000 0.739528 0.704917 0.704917 0.704917
6207.195801 0.000000 4251.048828 0.000000 0.367146 0.000000 0.930163 0.701698 0.701698 0.701698
6209.316895 0.000000 4252.872559 0.000000 0.596462 0.000000 0.802641 0.623178 0.623178 0.623178
6182.664062 0.000000 4232.809570 0.000000 0.475259 0.000000 0.879846 0.712691 0.712691 0.712691
6195.248047 0.000000 4241.821777 0.000000 0.470356 0.000000 0.882477 0.703107 0.703107 0.703107
6209.787598 0.000000 4250.812500 0.000000 0.676806 0.000000 0.736162 0.714948 0.714948 0.714948
6202.143555 0.000000 4249.893066 0.000000 0.482234 0.000000 0.876043 0.738801 0.738801 0.738801
6202.519043 0.000000 4241.743652 0.000000 0.440211 0.000000 0.897894 0.746696 0.746696 0.746696
6182.589844 0.000000 4210.455566 0.000000 0.517104 0.000000 0.855923 0.584505 0.584505 0.584505
6194.339844 0.000000 4230.130371 0.000000 0.688840 0.000000 0.724913 0.672035 0.672035 0.672035
6182.240234 0.000000 4231.938965 0.000000 0.400538 0.000000 0.916280 0.707834 0.707834 0.707834
6207.779297 0.000000 4251.733398 0.000000 0.687724 0.000000 0.725972 0.797169 0.797169 0.797169
6205.639648 0.000000 4244.207031 0.000000 0.702297 0.000000 0.711884 0.679611 0.679611 0.679611
6195.641113 0.000000 4246.099609 0.000000 0.635274 0.000000 0.772287 0.665138 0.665138 0.665138
6181.069824 0.000000 4230.696289 0.000000 0.680046 0.000000 0.733169 0.667157 0.667157 0.667157
6201.418457 0.000000 4246.206055 0.000000 0.061515 0.000000 0.998106 0.446119 0.446119 0.446119
6208.790527 0.000000 4251.731445 0.000000 0.380437 0.000000 0.924807 0.593280 0.593280 0.593280
6183.453125 0.000000 4210.559570 0.000000 0.439547 0.000000 0.898219 0.548765 0.548765 0.548765
6205.270020 0.000000 4245.796875 0.000000 0.394571 0.000000 0.918865 0.528748 0.528748 0.528748
6199.731445 0.000000 4243.099121 0.000000 0.440374 0.000000 0.897814 0.643763 0.643763 0.643763
6207.434082 0.000000 4242.465332 0.000000 0.329760 0.000000 0.944065 0.580766 0.580766 0.580766
6187.488281 0.000000 4196.930664 0.000000 0.613510 0.000000 0.789687 0.631838 0.631838 0.631838
6200.914551 0.000000 4239.261719 0.000000 0.625109 0.000000 0.780538 0.682527 0.682527 0.682527
6194.221191 0.000000 4233.337402 0.000000 0.065326 0.000000 0.997864 0.496379 0.496379 0.496379
6180.772949 0.000000 4232.211914 0.000000 0.268616 0.000000 0.963247 0.474696 0.474696 0.474696
5569.468750 0.000000 4303.074219 0.000000 0.230071 0.000000 0.973174 0.989974 0.989974 0.989974
5585.570312 0.000000 4287.481934 0.000000 0.553880 0.000000 0.832597 0.926318 0.926318 0.926318
5608.153320 0.000000 4380.513184 0.000000 0.591338 0.000000 0.806424 0.976580 0.976580 0.976580
5581.563477 0.000000 4299.206055 0.000000 0.281516 0.000000 0.959556 0.951863 0.951863 0.951863
5602.914551 0.000000 4351.668457 0.000000 0.116786 0.000000 0.993157 0.981853 0.981853 0.981853
5613.198242 0.000000 4322.695312 0.000000 0.723374 0.000000 0.690457 0.984779 0.984779 0.984779
5567.723145 0.000000 4291.794434 0.000000 0.495776 0.000000 0.868451 0.984241 0.984241 0.984241
5576.703125 0.000000 4289.851562 0.000000 0.662058 0.000000 0.749453 0.953466 0.953466 0.953466
5624.334961 0.000000 4366.342285 0.000000 0.318837 0.000000 0.947809 0.950217 0.950217 0.950217
5596.840332 0.000000 4326.367676 0.000000 0.186145 0.000000 0.982522 0.951642 0.951642 0.951642
5601.838867 0.000000 4314.463379 0.000000 0.531160 0.000000 0.847272 0.992429 0.992429 0.992429
5622.384277 0.000000 4360.545898 0.000000 0.333294 0.000000 0.942823 0.966194 0.966194 0.966194
5584.533203 0.000000 4341.368652 0.000000 0.345134 0.000000 0.938553 0.990875 0.990875 0.990875
5613.053223 0.000000 4343.011719 0.000000 0.485854 0.000000 0.874040 0.976105 0.976105 0.976105
5576.574219 0.000000 4283.884766 0.000000 0.641532 0.000000 0.767097 0.943249 0.943249 0.943249
5602.577637 0.000000 4328.030273 0.000000 0.659905 0.000000 0.751349 0.957554 0.957554 0.957554
5588.583496 0.000000 4299.759277 0.000000 0.279721 0.000000 0.960081 0.958221 0.958221 0.958221
5602.748535 0.000000 4378.754883 0.000000 0.699217 0.000000 0.714909 0.990058 0.990058 0.990058
5590.882812 0.000000 4287.778809 0.000000 0.217929 0.000000 0.975965 0.925792 0.925792 0.925792
5623.383301 0.000000 4377.890625 0.000000 0.397343 0.000000 0.917670 0.944873 0.944873 0.944873
5610.114258 0.000000 4361.415039 0.000000 0.680058 0.000000 0.733158 0.981509 0.981509 0.981509
5630.979980 0.000000 4373.129395 0.000000 0.476449 0.000000 0.879202 0.970501 0.970501 0.970501
5611.342773 0.000000 4377.600098 0.000000 0.417767 0.000000 0.908554 0.957316 0.957316 0.957316
5573.210938 0.000000 4301.131348 0.000000 0.450571 0.000000 0.892741 0.977963 0.977963 0.977963
5590.940430 0.000000 4303.091797 0.000000 0.076629 0.000000 0.997060 0.970159 0.970159 0.970159
5584.863281 0.000000 4301.472656 0.000000 0.402382 0.000000 0.915472 0.962460 0.962460 0.962460
5619.393555 0.000000 4379.089844 0.000000 0.266908 0.000000 0.963722 0.941553 0.941553 0.941553
5635.487305 0.000000 4371.719727 0.000000 0.318078 0.000000 0.948065 0.981319 0.981319 0.981319
5618.178711 0.000000 4338.363770 0.000000 0.664917 0.000000 0.746917 0.987366 0.987366 0.987366
5631.031250 0.000000 4378.336426 0.000000 0.635994 0.000000 0.771694 0.980194 0.980194 0.980194
5611.741699 0.000000 4339.303223 0.000000 0.622537 0.000000 0.782590 0.968585 0.968585 0.968585
5613.871582 0.000000 4361.039062 0.000000 0.684531 0.000000 0.728983 0.979607 0.979607 0.979607
5624.498047 0.000000 4374.213867 0.000000 0.436295 0.000000 0.899804 0.949700 0.949700 0.949700
5570.507812 0.000000 4295.743652 0.000000 0.725347 0.000000 0.688384 0.981045 0.981045 0.981045
5609.316895 0.000000 4321.495605 0.000000 0.369248 0.000000 0.929331 0.976181 0.976181 0.976181
5609.358398 0.000000 4383.770996 0.000000 0.000899 0.000000 1.000000 0.968645 0.968645 0.968645
5614.398926 0.000000 4367.098633 0.000000 0.391798 0.000000 0.920051 0.947503 0.947503 0.947503
5574.999023 0.000000 4286.900879 0.000000 0.235173 0.000000 0.971954 0.930093 0.930093 0.930093
5618.588379 0.000000 4366.975098 0.000000 0.117395 0.000000 0.993085 0.927444 0.927444 0.927444
5618.328125 0.000000 4376.060547 0.000000 0.700650 0.000000 0.713505 0.958347 0.958347 0.958347
5585.131836 0.000000 4291.362305 0.000000 0.188753 0.000000 0.982025 0.910365 0.910365 0.910365
5605.621582 0.000000 4332.087402 0.000000 0.010903 0.000000 0.999941 0.910430 0.910430 0.910430
5577.654297 0.000000 4280.965820 0.000000 0.207928 0.000000 0.978144 0.911635 0.911635 0.911635
5588.236816 0.000000 4296.765137 0.000000 0.714076 0.000000 0.700068 0.970959 0.970959 0.970959
5618.729492 0.000000 4371.846191 0.000000 0.311611 0.000000 0.950210 0.924869 0.924869 0.924869
5578.843262 0.000000 4291.907715 0.000000 0.259075 0.000000 0.965857 0.921584 0.921584 0.921584
5629.502441 0.000000 4370.633789 0.000000 0.512899 0.000000 0.858449 0.966499 0.966499 0.966499
5607.546387 0.000000 4334.124512 0.000000 0.035917 0.000000 0.999355 0.919531 0.919531 0.919531
5582.060059 0.000000 4281.778809 0.000000 0.717315 0.000000 0.696749 0.940341 0.940341 0.940341
5591.543945 0.000000 4299.657227 0.000000 0.328571 0.000000 0.944479 0.962971 0.962971 0.962971
5612.145508 0.000000 4334.813965 0.000000 0.355107 0.000000 0.934826 0.957787 0.957787 0.957787
5574.339355 0.000000 4281.914551 0.000000 0.295823 0.000000 0.955243 0.927048 0.927048 0.927048
5595.891113 0.000000 4336.092773 0.000000 0.281538 0.000000 0.959550 0.948655 0.948655 0.948655
5580.620117 0.000000 4293.997070 0.000000 0.513775 0.000000 0.857925 0.940787 0.940787 0.940787
5621.627930 0.000000 4380.177734 0.000000 0.606127 0.000000 0.795368 0.965562 0.965562 0.965562
5572.314453 0.000000 4279.431641 0.000000 0.696662 0.000000 0.717399 0.962050 0.962050 0.962050
5594.501465 0.000000 4283.075684 0.000000 0.304394 0.000000 0.952546 0.946460 0.946460 0.946460
5609.643066 0.000000 4329.061523 0.000000 0.187090 0.000000 0.982343 0.941321 0.941321 0.941321
5597.289062 0.000000 4334.439941 0.000000 0.092769 0.000000 0.995688 0.929897 0.929897 0.929897
5614.206055 0.000000 4369.407715 0.000000 0.688150 0.000000 0.725568 0.959463 0.959463 0.959463
5617.256348 0.000000 4377.954590 0.000000 0.077973 0.000000 0.996955 0.925466 0.925466 0.925466
5601.310059 0.000000 4329.761719 0.000000 0.598816 0.000000 0.800886 0.955944 0.955944 0.955944
5617.869629 0.000000 4373.934570 0.000000 0.070100 0.000000 0.997540 0.913832 0.913832 0.913832
5578.216309 0.000000 4288.458984 0.000000 0.439399 0.000000 0.898292 0.927569 0.927569 0.927569
5586.155273 0.000000 4283.253906 0.000000 0.362596 0.000000 0.931946 0.910143 0.910143 0.910143
5585.112305 0.000000 4279.879883 0.000000 0.194624 0.000000 0.980878 0.897023 0.897023 0.897023
5631.491699 0.000000 4388.278320 0.000000 0.699190 0.000000 0.714935 0.998011 0.998011 0.998011
5636.097168 0.000000 4408.049316 0.000000 0.168557 0.000000 0.985692 0.979008 0.979008 0.979008
5646.567871 0.000000 4426.731445 0.000000 0.335148 0.000000 0.942166 0.950907 0.950907 0.950907
5622.640625 0.000000 4391.347168 0.000000 0.315789 0.000000 0.948829 0.990642 0.990642 0.990642
5624.309082 0.000000 4415.657227 0.000000 0.596858 0.000000 0.802347 0.988376 0.988376 0.988376
5626.701172 0.000000 4420.186035 0.000000 0.654552 0.000000 0.756017 0.978599 0.978599 0.978599
5629.990234 0.000000 4433.124023 0.000000 0.448672 0.000000 0.893697 0.969640 0.969640 0.969640
5644.885742 0.000000 4419.107422 0.000000 0.357156 0.000000 0.934045 0.954853 0.954853 0.954853
5646.609375 0.000000 4416.127441 0.000000 0.708318 0.000000 0.705893 0.976522 0.976522 0.976522
5624.135742 0.000000 4422.036621 0.000000 0.232232 0.000000 0.972660 0.969972 0.969972 0.969972
5641.176270 0.000000 4412.578613 0.000000 0.463737 0.000000 0.885973 0.970105 0.970105 0.970105
5644.471680 0.000000 4428.387207 0.000000 0.639914 0.000000 0.768447 0.960616 0.960616 0.960616
5639.021973 0.000000 4426.479492 0.000000 0.207298 0.000000 0.978278 0.918394 0.918394 0.918394
5640.222656 0.000000 4429.241699 0.000000 0.669103 0.000000 0.743170 0.956076 0.956076 0.956076
5635.863770 0.000000 4428.461914 0.000000 0.345809 0.000000 0.938305 0.939199 0.939199 0.939199
5728.595703 0.000000 4485.128906 0.000000 0.727870 0.000000 0.685715 0.969818 0.969818 0.969818
5673.647949 0.000000 4442.612305 0.000000 0.311187 0.000000 0.950349 0.959290 0.959290 0.959290
5708.085938 0.000000 4438.395020 0.000000 0.380907 0.000000 0.924613 0.970540 0.970540 0.970540
5734.255371 0.000000 4451.913574 0.000000 0.613413 0.000000 0.789762 0.997727 0.997727 0.997727
5739.306641 0.000000 4486.274902 0.000000 0.554954 0.000000 0.831881 0.958302 0.958302 0.958302
5733.800293 0.000000 4489.714355 0.000000 0.706416 0.000000 0.707797 0.954846 0.954846 0.954846
5683.089844 0.000000 4458.931641 0.000000 0.450091 0.000000 0.892983 0.955904 0.955904 0.955904
5662.034668 0.000000 4449.912109 0.000000 0.309476 0.000000 0.950907 0.971776 0.971776 0.971776
5690.641602 0.000000 4464.753906 0.000000 0.089821 0.000000 0.995958 0.981515 0.981515 0.981515
5700.045410 0.000000 4449.996094 0.000000 0.700195 0.000000 0.713951 0.960299 0.960299 0.960299
5705.074707 0.000000 4455.980469 0.000000 0.195121 0.000000 0.980779 0.927943 0.927943 0.927943
5709.129395 0.000000 4444.242676 0.000000 0.063808 0.000000 0.997962 0.936043 0.936043 0.936043
5695.134277 0.000000 4460.483887 0.000000 0.705552 0.000000 0.708658 0.978371 0.978371 0.978371
5702.823242 0.000000 4460.638672 0.000000 0.305722 0.000000 0.952121 0.959103 0.959103 0.959103
5661.527344 0.000000 4443.767090 0.000000 0.440915 0.000000 0.897549 0.988874 0.988874 0.988874
5686.781250 0.000000 4462.092773 0.000000 0.720039 0.000000 0.693934 0.982768 0.982768 0.982768
5695.084473 0.000000 4464.765625 0.000000 0.008206 0.000000 0.999966 0.980495 0.980495 0.980495
5718.023438 0.000000 4485.320801 0.000000 0.680098 0.000000 0.733121 0.987674 0.987674 0.987674
5704.124023 0.000000 4439.399414 0.000000 0.096980 0.000000 0.995286 0.963209 0.963209 0.963209
5738.609863 0.000000 4482.282227 0.000000 0.661974 0.000000 0.749527 0.964037 0.964037 0.964037
5671.324219 0.000000 4452.285645 0.000000 0.169018 0.000000 0.985613 0.933546 0.933546 0.933546
5702.013184 0.000000 4453.390625 0.000000 0.717408 0.000000 0.696653 0.957669 0.957669 0.957669
5712.747070 0.000000 4436.694824 0.000000 0.350617 0.000000 0.936519 0.981837 0.981837 0.981837
5677.327148 0.000000 4441.543945 0.000000 0.414691 0.000000 0.909962 0.965752 0.965752 0.965752
5737.081543 0.000000 4466.575195 0.000000 0.572271 0.000000 0.820064 0.971194 0.971194 0.971194
5724.984375 0.000000 4484.230469 0.000000 0.133195 0.000000 0.991090 0.956943 0.956943 0.956943
5737.559082 0.000000 4478.815918 0.000000 0.155923 0.000000 0.987769 0.943509 0.943509 0.943509
5682.057617 0.000000 4440.658203 0.000000 0.455530 0.000000 0.890220 0.975333 0.975333 0.975333
5707.895996 0.000000 4457.986328 0.000000 0.627779 0.000000 0.778392 0.957684 0.957684 0.957684
5674.036133 0.000000 4446.076660 0.000000 0.457832 0.000000 0.889039 0.948048 0.948048 0.948048
5662.979980 0.000000 4446.821777 0.000000 0.539888 0.000000 0.841737 0.980018 0.980018 0.980018
5680.242188 0.000000 4447.443848 0.000000 0.712225 0.000000 0.701951 0.966975 0.966975 0.966975
5730.684570 0.000000 4487.661133 0.000000 0.244549 0.000000 0.969637 0.933904 0.933904 0.933904
5669.187500 0.000000 4446.187988 0.000000 0.288260 0.000000 0.957552 0.955318 0.955318 0.955318
5726.683105 0.000000 4492.311523 0.000000 0.029035 0.000000 0.999578 0.934566 0.934566 0.934566
5669.017090 0.000000 4450.322266 0.000000 0.532204 0.000000 0.846616 0.959672 0.959672 0.959672
5740.996582 0.000000 4462.477539 0.000000 0.336579 0.000000 0.941655 0.950967 0.950967 0.950967
5682.675781 0.000000 4455.829102 0.000000 0.421763 0.000000 0.906706 0.946143 0.946143 0.946143
5741.417969 0.000000 4488.670898 0.000000 0.288962 0.000000 0.957340 0.948964 0.948964 0.948964
5736.205566 0.000000 4484.263184 0.000000 0.463932 0.000000 0.885871 0.953808 0.953808 0.953808
5705.341309 0.000000 4459.338379 0.000000 0.253726 0.000000 0.967276 0.947502 0.947502 0.947502
5734.425781 0.000000 4492.546387 0.000000 0.646095 0.000000 0.763257 0.947972 0.947972 0.947972
5670.765137 0.000000 4460.690430 0.000000 0.597831 0.000000 0.801622 0.969817 0.969817 0.969817
5681.749023 0.000000 4453.297852 0.000000 0.240567 0.000000 0.970633 0.930384 0.930384 0.930384
5710.645996 0.000000 4461.537598 0.000000 0.503715 0.000000 0.863870 0.968756 0.968756 0.968756
5736.777832 0.000000 4469.251953 0.000000 0.262933 0.000000 0.964814 0.960912 0.960912 0.960912
5738.103516 0.000000 4472.461914 0.000000 0.082467 0.000000 0.996594 0.947984 0.947984 0.947984
5701.237793 0.000000 4445.295410 0.000000 0.721771 0.000000 0.692132 0.969465 0.969465 0.969465
5677.273438 0.000000 4454.894043 0.000000 0.091529 0.000000 0.995802 0.915067 0.915067 0.915067
5740.373535 0.000000 4484.012207 0.000000 0.716721 0.000000 0.697360 0.969174 0.969174 0.969174
5674.213867 0.000000 4456.259277 0.000000 0.435547 0.000000 0.900166 0.944070 0.944070 0.944070
5736.145996 0.000000 4490.326660 0.000000 0.032489 0.000000 0.999472 0.915510 0.915510 0.915510
5683.586914 0.000000 4449.197266 0.000000 0.177114 0.000000 0.984190 0.940890 0.940890 0.940890
5674.402832 0.000000 4448.370605 0.000000 0.638106 0.000000 0.769949 0.953929 0.953929 0.953929
5681.014648 0.000000 4457.341309 0.000000 0.674696 0.000000 0.738096 0.958545 0.958545 0.958545
5674.624512 0.000000 4458.920410 0.000000 0.404241 0.000000 0.914652 0.948113 0.948113 0.948113
5677.482422 0.000000 4459.436523 0.000000 0.578670 0.000000 0.815562 0.954762 0.954762 0.954762
5704.140137 0.000000 4454.126465 0.000000 0.431149 0.000000 0.902281 0.941017 0.941017 0.941017
5731.558105 0.000000 4489.545898 0.000000 0.371764 0.000000 0.928327 0.937617 0.937617 0.937617
5823.756348 0.000000 4301.332520 0.000000 0.374001 0.000000 0.927428 0.994071 0.994071 0.994071
5815.072754 0.000000 4281.230957 0.000000 0.415255 0.000000 0.909705 0.960065 0.960065 0.960065
5823.327637 0.000000 4307.528809 0.000000 0.425698 0.000000 0.904865 0.991529 0.991529 0.991529
5810.233887 0.000000 4284.579590 0.000000 0.685511 0.000000 0.728062 0.983713 0.983713 0.983713
5819.888184 0.000000 4283.158203 0.000000 0.717032 0.000000 0.697040 0.973043 0.973043 0.973043
5827.049316 0.000000 4304.052734 0.000000 0.711751 0.000000 0.702432 0.986390 0.986390 0.986390
5827.987793 0.000000 4280.563477 0.000000 0.383168 0.000000 0.923679 0.958842 0.958842 0.958842
5818.635742 0.000000 4279.494141 0.000000 0.354547 0.000000 0.935038 0.942682 0.942682 0.942682
5822.378418 0.000000 4281.969727 0.000000 0.628695 0.000000 0.777652 0.964412 0.964412 0.964412
5821.276367 0.000000 4279.600586 0.000000 0.060981 0.000000 0.998139 0.928385 0.928385 0.928385
5837.512207 0.000000 4319.469238 0.000000 0.329038 0.000000 0.944317 0.972239 0.972239 0.972239
5828.699707 0.000000 4291.794434 0.000000 0.039396 0.000000 0.999224 0.984707 0.984707 0.984707
5841.096191 0.000000 4309.427246 0.000000 0.366181 0.000000 0.930544 0.934317 0.934317 0.934317
5853.796387 0.000000 4292.291992 0.000000 0.324379 0.000000 0.945927 0.984516 0.984516 0.984516
5845.735352 0.000000 4319.257324 0.000000 0.262203 0.000000 0.965013 0.967408 0.967408 0.967408
5834.865723 0.000000 4296.961426 0.000000 0.620446 0.000000 0.784249 0.972993 0.972993 0.972993
5855.699707 0.000000 4318.862305 0.000000 0.553438 0.000000 0.832890 0.990170 0.990170 0.990170
5847.228027 0.000000 4294.329102 0.000000 0.322682 0.000000 0.946508 0.965886 0.965886 0.965886
5842.965820 0.000000 4304.437988 0.000000 0.226996 0.000000 0.973896 0.922953 0.922953 0.922953
5835.853516 0.000000 4279.379395 0.000000 0.217774 0.000000 0.975999 0.976386 0.976386 0.976386
5835.200684 0.000000 4315.427734 0.000000 0.519304 0.000000 0.854589 0.969300 0.969300 0.969300
5834.187500 0.000000 4301.131348 0.000000 0.327680 0.000000 0.944789 0.953678 0.953678 0.953678
5848.454590 0.000000 4316.136230 0.000000 0.159953 0.000000 0.987125 0.964795 0.964795 0.964795
5833.450195 0.000000 4305.692871 0.000000 0.715771 0.000000 0.698335 0.972980 0.972980 0.972980
5831.484375 0.000000 4295.743652 0.000000 0.672894 0.000000 0.739739 0.985448 0.985448 0.985448
5853.944824 0.000000 4315.811035 0.000000 0.711851 0.000000 0.702331 0.982504 0.982504 0.982504
5832.064453 0.000000 4309.036621 0.000000 0.725228 0.000000 0.688509 0.973457 0.973457 0.973457
5838.558594 0.000000 4307.067383 0.000000 0.597627 0.000000 0.801775 0.948906 0.948906 0.948906
5848.157715 0.000000 4312.252441 0.000000 0.168145 0.000000 0.985762 0.951003 0.951003 0.951003
5840.889160 0.000000 4301.949707 0.000000 0.353269 0.000000 0.935522 0.942617 0.942617 0.942617
5828.831543 0.000000 4281.104492 0.000000 0.255525 0.000000 0.966802 0.960682 0.960682 0.960682
5854.909668 0.000000 4304.001953 0.000000 0.248612 0.000000 0.968603 0.967057 0.967057 0.967057
5851.416016 0.000000 4305.968750 0.000000 0.732166 0.000000 0.681126 0.973811 0.973811 0.973811
5843.101562 0.000000 4307.298340 0.000000 0.312057 0.000000 0.950063 0.924897 0.924897 0.924897
5838.112793 0.000000 4309.705566 0.000000 0.644073 0.000000 0.764964 0.954336 0.954336 0.954336
5839.584961 0.000000 4311.964844 0.000000 0.255863 0.000000 0.966713 0.937763 0.937763 0.937763
5836.616211 0.000000 4301.583008 0.000000 0.262447 0.000000 0.964946 0.944604 0.944604 0.944604
5843.163086 0.000000 4309.306641 0.000000 0.373961 0.000000 0.927444 0.934777 0.934777 0.934777
5742.975098 0.000000 4451.473633 0.000000 0.332229 0.000000 0.943199 0.984620 0.984620 0.984620
5748.293945 0.000000 4463.943848 0.000000 0.379465 0.000000 0.925206 0.941003 0.941003 0.941003
5756.349609 0.000000 4488.541992 0.000000 0.589714 0.000000 0.807612 0.992959 0.992959 0.992959
5805.500977 0.000000 4489.396973 0.000000 0.069031 0.000000 0.997615 0.872531 0.872531 0.872531
5826.298828 0.000000 4486.274902 0.000000 0.662352 0.000000 0.749193 0.997886 0.997886 0.997886
5801.784180 0.000000 4445.359863 0.000000 0.420349 0.000000 0.907363 0.997162 0.997162 0.997162
5782.696289 0.000000 4438.185547 0.000000 0.080743 0.000000 0.996735 0.992560 0.992560 0.992560
5796.124512 0.000000 4489.838867 0.000000 0.560432 0.000000 0.828200 0.914728 0.914728 0.914728
5771.613281 0.000000 4466.056641 0.000000 0.580402 0.000000 0.814330 0.988122 0.988122 0.988122
5789.349121 0.000000 4485.998047 0.000000 0.368081 0.000000 0.929794 0.919526 0.919526 0.919526
5774.523438 0.000000 4490.689453 0.000000 0.700137 0.000000 0.714008 0.974191 0.974191 0.974191
5809.449707 0.000000 4470.443848 0.000000 0.131840 0.000000 0.991271 0.971268 0.971268 0.971268
5777.633789 0.000000 4464.753906 0.000000 0.049753 0.000000 0.998762 0.954432 0.954432 0.954432
5748.063477 0.000000 4470.194336 0.000000 0.634766 0.000000 0.772705 0.953702 0.953702 0.953702
5787.037598 0.000000 4449.996094 0.000000 0.525624 0.000000 0.850717 0.964442 0.964442 0.964442
5792.066895 0.000000 4455.980469 0.000000 0.220271 0.000000 0.975439 0.946126 0.946126 0.946126
5741.926270 0.000000 4491.645508 0.000000 0.523043 0.000000 0.852306 0.956694 0.956694 0.956694
5800.660156 0.000000 4477.973633 0.000000 0.593081 0.000000 0.805142 0.941586 0.941586 0.941586
5791.373535 0.000000 4466.042969 0.000000 0.503690 0.000000 0.863885 0.953133 0.953133 0.953133
5772.253906 0.000000 4454.086914 0.000000 0.568780 0.000000 0.822490 0.975889 0.975889 0.975889
5783.737793 0.000000 4442.932617 0.000000 0.345253 0.000000 0.938510 0.978709 0.978709 0.978709
5759.028809 0.000000 4463.124512 0.000000 0.452526 0.000000 0.891751 0.969759 0.969759 0.969759
5797.612793 0.000000 4448.897461 0.000000 0.480368 0.000000 0.877067 0.978635 0.978635 0.978635
5752.901855 0.000000 4485.354980 0.000000 0.078104 0.000000 0.996945 0.985094 0.985094 0.985094
5773.773438 0.000000 4462.092773 0.000000 0.542481 0.000000 0.840068 0.977589 0.977589 0.977589
5760.315918 0.000000 4490.911621 0.000000 0.332007 0.000000 0.943277 0.978463 0.978463 0.978463
5784.098633 0.000000 4468.399414 0.000000 0.648268 0.000000 0.761413 0.965428 0.965428 0.965428
5810.709473 0.000000 4474.701660 0.000000 0.478096 0.000000 0.878308 0.967875 0.967875 0.967875
5782.076660 0.000000 4464.765625 0.000000 0.010016 0.000000 0.999950 0.937655 0.937655 0.937655
5808.907715 0.000000 4486.703613 0.000000 0.651437 0.000000 0.758703 0.935490 0.935490 0.935490
5755.920410 0.000000 4476.604492 0.000000 0.418055 0.000000 0.908422 0.968707 0.968707 0.968707
5809.471680 0.000000 4478.704102 0.000000 0.069411 0.000000 0.997588 0.921289 0.921289 0.921289
5772.855469 0.000000 4450.110352 0.000000 0.351010 0.000000 0.936372 0.975791 0.975791 0.975791
5794.625488 0.000000 4452.943359 0.000000 0.331989 0.000000 0.943283 0.963080 0.963080 0.963080
5816.916504 0.000000 4481.350586 0.000000 0.093874 0.000000 0.995584 0.963131 0.963131 0.963131
5752.829102 0.000000 4457.154297 0.000000 0.285282 0.000000 0.958444 0.964808 0.964808 0.964808
5802.605469 0.000000 4491.811035 0.000000 0.101713 0.000000 0.994814 0.871648 0.871648 0.871648
5783.342773 0.000000 4490.755371 0.000000 0.606785 0.000000 0.794866 0.956418 0.956418 0.956418
5756.403320 0.000000 4456.559082 0.000000 0.711044 0.000000 0.703148 0.982478 0.982478 0.982478
5744.928711 0.000000 4471.941895 0.000000 0.396909 0.000000 0.917858 0.941948 0.941948 0.941948
5780.570801 0.000000 4444.215332 0.000000 0.548859 0.000000 0.835915 0.977760 0.977760 0.977760
5794.502930 0.000000 4464.932617 0.000000 0.302293 0.000000 0.953215 0.949522 0.949522 0.949522
5813.675293 0.000000 4492.311523 0.000000 0.495836 0.000000 0.868416 0.947473 0.947473 0.947473
5751.159180 0.000000 4470.906738 0.000000 0.531495 0.000000 0.847061 0.949548 0.949548 0.949548
5774.754883 0.000000 4465.848633 0.000000 0.692753 0.000000 0.721175 0.979890 0.979890 0.979890
5797.173828 0.000000 4478.406250 0.000000 0.219227 0.000000 0.975674 0.905646 0.905646 0.905646
5786.470215 0.000000 4481.730469 0.000000 0.483279 0.000000 0.875467 0.954741 0.954741 0.954741
5779.797363 0.000000 4450.914551 0.000000 0.619335 0.000000 0.785127 0.968442 0.968442 0.968442
5792.248047 0.000000 4462.949219 0.000000 0.479827 0.000000 0.877363 0.954573 0.954573 0.954573
5771.767090 0.000000 4491.582520 0.000000 0.359589 0.000000 0.933111 0.966964 0.966964 0.966964
5741.850098 0.000000 4483.064941 0.000000 0.394383 0.000000 0.918946 0.950539 0.950539 0.950539
5779.688965 0.000000 4458.970703 0.000000 0.624122 0.000000 0.781327 0.961939 0.961939 0.961939
5745.480957 0.000000 4458.189453 0.000000 0.700333 0.000000 0.713817 0.970231 0.970231 0.970231
5797.638184 0.000000 4461.537598 0.000000 0.026564 0.000000 0.999647 0.953737 0.953737 0.953737
5756.393555 0.000000 4462.922852 0.000000 0.369313 0.000000 0.929305 0.961296 0.961296 0.961296
5798.656738 0.000000 4476.097656 0.000000 0.441020 0.000000 0.897497 0.930467 0.930467 0.930467
5794.969238 0.000000 4483.644531 0.000000 0.238909 0.000000 0.971042 0.893782 0.893782 0.893782
5811.984863 0.000000 4486.872559 0.000000 0.079598 0.000000 0.996827 0.899489 0.899489 0.899489
5793.323242 0.000000 4491.703125 0.000000 0.064597 0.000000 0.997911 0.868393 0.868393 0.868393
5795.473633 0.000000 4455.463867 0.000000 0.403734 0.000000 0.914876 0.962508 0.962508 0.962508
5782.660156 0.000000 4484.903320 0.000000 0.408619 0.000000 0.912705 0.956940 0.956940 0.956940
5753.500977 0.000000 4475.890137 0.000000 0.007675 0.000000 0.999971 0.945366 0.945366 0.945366
5814.220215 0.000000 4482.964844 0.000000 0.665392 0.000000 0.746494 0.964231 0.964231 0.964231
5810.597656 0.000000 4481.096680 0.000000 0.032894 0.000000 0.999459 0.919372 0.919372 0.919372
5741.581543 0.000000 4472.464355 0.000000 0.502384 0.000000 0.864645 0.958280 0.958280 0.958280
5795.640137 0.000000 4473.882324 0.000000 0.460803 0.000000 0.887502 0.950933 0.950933 0.950933
5807.354980 0.000000 4484.723633 0.000000 0.169650 0.000000 0.985504 0.895121 0.895121 0.895121
5784.392090 0.000000 4465.908203 0.000000 0.348788 0.000000 0.937202 0.948454 0.948454 0.948454
5781.044434 0.000000 4492.381836 0.000000 0.527147 0.000000 0.849774 0.954363 0.954363 0.954363
5806.549805 0.000000 4487.168457 0.000000 0.227534 0.000000 0.973770 0.892848 0.892848 0.892848
5789.140625 0.000000 4491.539551 0.000000 0.378826 0.000000 0.925468 0.908501 0.908501 0.908501
5802.612305 0.000000 4489.586914 0.000000 0.417582 0.000000 0.908639 0.903233 0.903233 0.903233
5743.871582 0.000000 4466.965820 0.000000 0.464278 0.000000 0.885690 0.945676 0.945676 0.945676
5788.265625 0.000000 4455.545410 0.000000 0.304546 0.000000 0.952498 0.937020 0.937020 0.937020
5803.682617 0.000000 4482.162598 0.000000 0.200057 0.000000 0.979784 0.887182 0.887182 0.887182
5749.053711 0.000000 4461.847656 0.000000 0.061970 0.000000 0.998078 0.932198 0.932198 0.932198
5796.936035 0.000000 4482.754395 0.000000 0.286286 0.000000 0.958144 0.891312 0.891312 0.891312
5790.475586 0.000000 4479.096680 0.000000 0.052057 0.000000 0.998644 0.924169 0.924169 0.924169
5791.240723 0.000000 4484.938965 0.000000 0.340800 0.000000 0.940136 0.908399 0.908399 0.908399
5749.860352 0.000000 4469.433594 0.000000 0.263364 0.000000 0.964696 0.925107 0.925107 0.925107
5784.934570 0.000000 4492.065918 0.000000 0.073567 0.000000 0.997290 0.914032 0.914032 0.914032
5795.105957 0.000000 4492.664551 0.000000 0.354342 0.000000 0.935116 0.894395 0.894395 0.894395
5799.039062 0.000000 4489.217285 0.000000 0.556107 0.000000 0.831111 0.914272 0.914272 0.914272
5809.091797 0.000000 4493.129883 0.000000 0.690412 0.000000 0.723416 0.943467 0.943467 0.943467
5794.461914 0.000000 4490.339355 0.000000 0.680485 0.000000 0.732762 0.928142 0.928142 0.928142
5804.335449 0.000000 4483.740723 0.000000 0.709299 0.000000 0.704907 0.941409 0.941409 0.941409
5809.457520 0.000000 4491.000977 0.000000 0.499551 0.000000 0.866285 0.918914 0.918914 0.918914
5797.752930 0.000000 4490.437988 0.000000 0.658321 0.000000 0.752737 0.923407 0.923407 0.923407
5718.483887 0.000000 4495.262695 0.000000 0.201902 0.000000 0.979406 0.976102 0.976102 0.976102
5707.702637 0.000000 4587.963379 0.000000 0.710900 0.000000 0.703293 0.961053 0.961053 0.961053
5734.805176 0.000000 4502.021973 0.000000 0.140425 0.000000 0.990091 0.953592 0.953592 0.953592
5692.980957 0.000000 4577.539551 0.000000 0.050936 0.000000 0.998702 0.992411 0.992411 0.992411
5724.606445 0.000000 4531.079590 0.000000 0.341914 0.000000 0.939731 0.987798 0.987798 0.987798
5734.255371 0.000000 4558.897949 0.000000 0.370301 0.000000 0.928912 0.895891 0.895891 0.895891
5705.819336 0.000000 4556.359375 0.000000 0.573011 0.000000 0.819548 0.961628 0.961628 0.961628
5733.560059 0.000000 4533.715820 0.000000 0.049783 0.000000 0.998760 0.973419 0.973419 0.973419
5737.046387 0.000000 4493.701660 0.000000 0.220665 0.000000 0.975350 0.925946 0.925946 0.925946
5718.091309 0.000000 4501.916016 0.000000 0.492249 0.000000 0.870455 0.986817 0.986817 0.986817
5738.637207 0.000000 4563.164062 0.000000 0.475001 0.000000 0.879985 0.938225 0.938225 0.938225
5709.376465 0.000000 4574.514648 0.000000 0.309044 0.000000 0.951048 0.930982 0.930982 0.930982
5730.124512 0.000000 4528.865234 0.000000 0.354882 0.000000 0.934911 0.990952 0.990952 0.990952
5731.988281 0.000000 4569.269043 0.000000 0.717709 0.000000 0.696343 0.980769 0.980769 0.980769
5709.129395 0.000000 4551.227051 0.000000 0.014000 0.000000 0.999902 0.918381 0.918381 0.918381
5729.350098 0.000000 4500.680176 0.000000 0.503709 0.000000 0.863873 0.963549 0.963549 0.963549
5703.646484 0.000000 4583.802734 0.000000 0.512265 0.000000 0.858828 0.961317 0.961317 0.961317
5734.864258 0.000000 4553.434082 0.000000 0.420349 0.000000 0.907363 0.869429 0.869429 0.869429
5720.915527 0.000000 4534.611328 0.000000 0.100178 0.000000 0.994970 0.963289 0.963289 0.963289
5702.823242 0.000000 4567.623047 0.000000 0.260948 0.000000 0.965353 0.951063 0.951063 0.951063
5732.895996 0.000000 4497.126953 0.000000 0.504951 0.000000 0.863148 0.947998 0.947998 0.947998
5694.671387 0.000000 4589.334473 0.000000 0.732507 0.000000 0.680759 0.988784 0.988784 0.988784
5695.368652 0.000000 4559.443359 0.000000 0.482496 0.000000 0.875898 0.986677 0.986677 0.986677
5713.762207 0.000000 4595.079590 0.000000 0.012127 0.000000 0.999926 0.910500 0.910500 0.910500
5712.483887 0.000000 4570.711914 0.000000 0.311623 0.000000 0.950206 0.931131 0.931131 0.931131
5696.745605 0.000000 4549.916992 0.000000 0.038726 0.000000 0.999250 0.984701 0.984701 0.984701
5727.656250 0.000000 4550.633301 0.000000 0.038215 0.000000 0.999270 0.801041 0.801041 0.801041
5705.895020 0.000000 4539.789062 0.000000 0.630312 0.000000 0.776342 0.991124 0.991124 0.991124
5728.566895 0.000000 4505.900391 0.000000 0.608146 0.000000 0.793825 0.979394 0.979394 0.979394
5704.250977 0.000000 4597.138672 0.000000 0.312594 0.000000 0.949887 0.940571 0.940571 0.940571
5723.717285 0.000000 4581.686035 0.000000 0.307527 0.000000 0.951539 0.965447 0.965447 0.965447
5718.024902 0.000000 4548.975098 0.000000 0.552921 0.000000 0.833234 0.894266 0.894266 0.894266
5730.508789 0.000000 4554.547363 0.000000 0.509263 0.000000 0.860611 0.870620 0.870620 0.870620
5721.121094 0.000000 4573.100098 0.000000 0.290991 0.000000 0.956726 0.949049 0.949049 0.949049
5722.583496 0.000000 4563.676270 0.000000 0.409738 0.000000 0.912203 0.913972 0.913972 0.913972
5706.385742 0.000000 4593.058594 0.000000 0.528305 0.000000 0.849054 0.946828 0.946828 0.946828
5716.982422 0.000000 4540.108398 0.000000 0.466770 0.000000 0.884379 0.937689 0.937689 0.937689
5718.707520 0.000000 4564.580078 0.000000 0.148975 0.000000 0.988841 0.907745 0.907745 0.907745
5702.013184 0.000000 4560.375000 0.000000 0.502754 0.000000 0.864429 0.963510 0.963510 0.963510
5712.747070 0.000000 4543.679199 0.000000 0.188180 0.000000 0.982135 0.934470 0.934470 0.934470
5737.470703 0.000000 4550.633301 0.000000 0.329077 0.000000 0.944303 0.864286 0.864286 0.864286
5715.520508 0.000000 4581.905762 0.000000 0.258809 0.000000 0.965928 0.931372 0.931372 0.931372
5701.391113 0.000000 4581.067383 0.000000 0.324064 0.000000 0.946035 0.962828 0.962828 0.962828
5725.848633 0.000000 4575.982910 0.000000 0.240914 0.000000 0.970547 0.973487 0.973487 0.973487
5702.486816 0.000000 4554.523926 0.000000 0.080119 0.000000 0.996785 0.951623 0.951623 0.951623
5735.543457 0.000000 4543.798340 0.000000 0.311526 0.000000 0.950238 0.893557 0.893557 0.893557
5721.380371 0.000000 4549.144043 0.000000 0.434517 0.000000 0.900664 0.874029 0.874029 0.874029
5706.117188 0.000000 4575.646484 0.000000 0.263857 0.000000 0.964562 0.931646 0.931646 0.931646
5740.188477 0.000000 4566.149902 0.000000 0.337063 0.000000 0.941482 0.960178 0.960178 0.960178
5740.126465 0.000000 4539.292480 0.000000 0.119700 0.000000 0.992810 0.923938 0.923938 0.923938
5710.554199 0.000000 4577.354492 0.000000 0.244922 0.000000 0.969543 0.924012 0.924012 0.924012
5711.836914 0.000000 4552.597656 0.000000 0.204822 0.000000 0.978799 0.911429 0.911429 0.911429
5714.752441 0.000000 4549.362305 0.000000 0.254201 0.000000 0.967151 0.885203 0.885203 0.885203
5705.341309 0.000000 4566.322754 0.000000 0.425048 0.000000 0.905171 0.951966 0.951966 0.951966
5704.657227 0.000000 4559.125977 0.000000 0.296522 0.000000 0.955026 0.949280 0.949280 0.949280
5726.542480 0.000000 4547.806641 0.000000 0.692057 0.000000 0.721843 0.905372 0.905372 0.905372
5701.408691 0.000000 4585.545410 0.000000 0.500579 0.000000 0.865691 0.966035 0.966035 0.966035
5729.365234 0.000000 4537.175293 0.000000 0.229887 0.000000 0.973217 0.943178 0.943178 0.943178
5722.349121 0.000000 4559.808105 0.000000 0.319121 0.000000 0.947714 0.881794 0.881794 0.881794
5707.977051 0.000000 4590.628906 0.000000 0.732475 0.000000 0.680794 0.962609 0.962609 0.962609
5716.079590 0.000000 4575.700195 0.000000 0.089405 0.000000 0.995995 0.926039 0.926039 0.926039
5722.500000 0.000000 4542.543457 0.000000 0.341310 0.000000 0.939951 0.890128 0.890128 0.890128
5706.554199 0.000000 4595.753418 0.000000 0.612712 0.000000 0.790306 0.952222 0.952222 0.952222
5728.479492 0.000000 4567.480957 0.000000 0.704621 0.000000 0.709584 0.966518 0.966518 0.966518
5740.334473 0.000000 4558.458984 0.000000 0.653935 0.000000 0.756550 0.927169 0.927169 0.927169
5706.331055 0.000000 4598.687500 0.000000 0.434891 0.000000 0.900483 0.941235 0.941235 0.941235
5713.986816 0.000000 4572.794922 0.000000 0.588221 0.000000 0.808700 0.945913 0.945913 0.945913
5728.214355 0.000000 4553.302734 0.000000 0.343969 0.000000 0.938981 0.841664 0.841664 0.841664
5721.873535 0.000000 4596.359375 0.000000 0.685804 0.000000 0.727787 0.973546 0.973546 0.973546
5725.418457 0.000000 4562.892090 0.000000 0.539863 0.000000 0.841753 0.927562 0.927562 0.927562
5713.757324 0.000000 4560.152832 0.000000 0.589053 0.000000 0.808094 0.936576 0.936576 0.936576
5725.713379 0.000000 4545.391602 0.000000 0.487925 0.000000 0.872886 0.888740 0.888740 0.888740
5708.620117 0.000000 4594.146484 0.000000 0.176694 0.000000 0.984266 0.920003 0.920003 0.920003
5708.647949 0.000000 4580.866699 0.000000 0.522379 0.000000 0.852714 0.943914 0.943914 0.943914
5719.976074 0.000000 4585.304688 0.000000 0.606623 0.000000 0.794989 0.963291 0.963291 0.963291
5711.557617 0.000000 4573.652344 0.000000 0.515282 0.000000 0.857021 0.940888 0.940888 0.940888
5710.479492 0.000000 4542.799316 0.000000 0.507997 0.000000 0.861359 0.958540 0.958540 0.958540
5709.952148 0.000000 4599.045898 0.000000 0.673615 0.000000 0.739082 0.952243 0.952243 0.952243
5715.960449 0.000000 4554.293945 0.000000 0.313475 0.000000 0.949597 0.884355 0.884355 0.884355
5717.948242 0.000000 4562.258789 0.000000 0.153264 0.000000 0.988185 0.900952 0.900952 0.900952
5737.744141 0.000000 4544.317871 0.000000 0.682042 0.000000 0.731313 0.926280 0.926280 0.926280
5713.566895 0.000000 4580.674316 0.000000 0.284078 0.000000 0.958801 0.929546 0.929546 0.929546
5732.705078 0.000000 4553.885742 0.000000 0.618413 0.000000 0.785853 0.887147 0.887147 0.887147
5716.683594 0.000000 4547.195312 0.000000 0.412829 0.000000 0.910809 0.897071 0.897071 0.897071
5726.716309 0.000000 4541.302734 0.000000 0.651048 0.000000 0.759036 0.931149 0.931149 0.931149
5733.025879 0.000000 4540.597656 0.000000 0.469268 0.000000 0.883056 0.918937 0.918937 0.918937
5708.497070 0.000000 4576.492188 0.000000 0.252312 0.000000 0.967646 0.927735 0.927735 0.927735
5719.004395 0.000000 4539.561523 0.000000 0.312335 0.000000 0.949972 0.937429 0.937429 0.937429
5739.373535 0.000000 4561.218262 0.000000 0.160922 0.000000 0.986967 0.894458 0.894458 0.894458
5716.724609 0.000000 4571.021973 0.000000 0.374270 0.000000 0.927320 0.940723 0.940723 0.940723
5713.223145 0.000000 4550.979004 0.000000 0.337891 0.000000 0.941185 0.908168 0.908168 0.908168
5729.561523 0.000000 4562.273926 0.000000 0.022453 0.000000 0.999748 0.895631 0.895631 0.895631
5709.514648 0.000000 4579.081543 0.000000 0.544100 0.000000 0.839020 0.942839 0.942839 0.942839
5730.677246 0.000000 4556.686035 0.000000 0.561779 0.000000 0.827287 0.892979 0.892979 0.892979
5714.447266 0.000000 4544.509766 0.000000 0.647938 0.000000 0.761693 0.941631 0.941631 0.941631
5728.809082 0.000000 4540.290527 0.000000 0.288434 0.000000 0.957500 0.901076 0.901076 0.901076
5736.603027 0.000000 4548.936035 0.000000 0.690928 0.000000 0.722923 0.913257 0.913257 0.913257
5730.466309 0.000000 4543.012695 0.000000 0.270851 0.000000 0.962621 0.883474 0.883474 0.883474
5723.868652 0.000000 4558.809570 0.000000 0.244045 0.000000 0.969764 0.874369 0.874369 0.874369
5727.603027 0.000000 4559.638672 0.000000 0.494658 0.000000 0.869088 0.894810 0.894810 0.894810
5713.343262 0.000000 4561.896973 0.000000 0.666946 0.000000 0.745107 0.943331 0.943331 0.943331
5735.744629 0.000000 4560.047363 0.000000 0.545272 0.000000 0.838259 0.928029 0.928029 0.928029
5734.688965 0.000000 4557.179199 0.000000 0.468766 0.000000 0.883322 0.886452 0.886452 0.886452
5727.942383 0.000000 4548.798340 0.000000 0.252113 0.000000 0.967698 0.832450 0.832450 0.832450
5722.942871 0.000000 4548.493164 0.000000 0.380010 0.000000 0.924982 0.858477 0.858477 0.858477
5729.949707 0.000000 4546.608398 0.000000 0.636375 0.000000 0.771380 0.892226 0.892226 0.892226
5727.187988 0.000000 4556.478516 0.000000 0.294679 0.000000 0.955596 0.857134 0.857134 0.857134
5731.888672 0.000000 4555.207520 0.000000 0.106863 0.000000 0.994274 0.817286 0.817286 0.817286
5728.670898 0.000000 4551.770508 0.000000 0.283366 0.000000 0.959012 0.830172 0.830172 0.830172
5728.368652 0.000000 4557.771973 0.000000 0.362440 0.000000 0.932007 0.865196 0.865196 0.865196
5724.747070 0.000000 4553.439941 0.000000 0.365860 0.000000 0.930670 0.847690 0.847690 0.847690
5736.149414 0.000000 4554.836426 0.000000 0.491258 0.000000 0.871014 0.886501 0.886501 0.886501
5722.187012 0.000000 4555.147461 0.000000 0.467511 0.000000 0.883987 0.872768 0.872768 0.872768
5721.144043 0.000000 4550.771484 0.000000 0.120368 0.000000 0.992729 0.829844 0.829844 0.829844
5736.060547 0.000000 4550.304688 0.000000 0.293576 0.000000 0.955936 0.860182 0.860182 0.860182
5718.483887 0.000000 4602.247070 0.000000 0.172808 0.000000 0.984956 0.951168 0.951168 0.951168
5723.814453 0.000000 4654.012207 0.000000 0.646710 0.000000 0.762736 0.958849 0.958849 0.958849
5724.606445 0.000000 4638.063965 0.000000 0.323648 0.000000 0.946178 0.959716 0.959716 0.959716
5738.350586 0.000000 4648.948242 0.000000 0.244849 0.000000 0.969561 0.996696 0.996696 0.996696
5724.319824 0.000000 4611.279297 0.000000 0.240291 0.000000 0.970701 0.993369 0.993369 0.993369
5716.787109 0.000000 4680.144531 0.000000 0.242942 0.000000 0.970041 0.973529 0.973529 0.973529
5732.446289 0.000000 4655.708008 0.000000 0.579582 0.000000 0.814914 0.980975 0.980975 0.980975
5701.821289 0.000000 4656.807129 0.000000 0.207480 0.000000 0.978239 0.989801 0.989801 0.989801
5700.402344 0.000000 4624.035645 0.000000 0.099558 0.000000 0.995032 0.974292 0.974292 0.974292
5719.557617 0.000000 4616.261719 0.000000 0.506009 0.000000 0.862528 0.994806 0.994806 0.994806
5734.565430 0.000000 4695.775391 0.000000 0.361088 0.000000 0.932532 0.982004 0.982004 0.982004
5720.982910 0.000000 4647.303223 0.000000 0.681686 0.000000 0.731645 0.956971 0.956971 0.956971
5722.457520 0.000000 4684.412598 0.000000 0.573964 0.000000 0.818880 0.973651 0.973651 0.973651
5707.526855 0.000000 4617.393555 0.000000 0.572775 0.000000 0.819713 0.988005 0.988005 0.988005
5711.301270 0.000000 4629.625977 0.000000 0.294663 0.000000 0.955601 0.946028 0.946028 0.946028
5721.055664 0.000000 4659.475586 0.000000 0.200307 0.000000 0.979733 0.938474 0.938474 0.938474
5723.241699 0.000000 4605.532715 0.000000 0.601795 0.000000 0.798651 0.981525 0.981525 0.981525
5709.129395 0.000000 4658.211426 0.000000 0.562753 0.000000 0.826625 0.975706 0.975706 0.975706
5706.880371 0.000000 4600.329590 0.000000 0.570031 0.000000 0.821623 0.951854 0.951854 0.951854
5716.220703 0.000000 4685.399902 0.000000 0.280710 0.000000 0.959793 0.980733 0.980733 0.980733
5734.864258 0.000000 4660.418457 0.000000 0.146286 0.000000 0.989242 0.964450 0.964450 0.964450
5728.544922 0.000000 4652.635742 0.000000 0.229556 0.000000 0.973296 0.956537 0.956537 0.956537
5703.537598 0.000000 4620.103027 0.000000 0.053491 0.000000 0.998568 0.981060 0.981060 0.981060
5714.437012 0.000000 4605.488281 0.000000 0.147429 0.000000 0.989073 0.943165 0.943165 0.943165
5725.253906 0.000000 4626.282227 0.000000 0.387616 0.000000 0.921821 0.979505 0.979505 0.979505
5729.531250 0.000000 4665.865234 0.000000 0.561853 0.000000 0.827237 0.956223 0.956223 0.956223
5731.900879 0.000000 4692.018066 0.000000 0.657874 0.000000 0.753128 0.982967 0.982967 0.982967
5714.381836 0.000000 4626.374512 0.000000 0.043310 0.000000 0.999062 0.946612 0.946612 0.946612
5726.074219 0.000000 4675.431641 0.000000 0.236953 0.000000 0.971521 0.930189 0.930189 0.930189
5725.189941 0.000000 4649.890137 0.000000 0.590820 0.000000 0.806803 0.957816 0.957816 0.957816
5722.031738 0.000000 4663.691406 0.000000 0.153832 0.000000 0.988097 0.936352 0.936352 0.936352
5715.576172 0.000000 4668.946289 0.000000 0.524359 0.000000 0.851497 0.979651 0.979651 0.979651
5697.120117 0.000000 4633.130371 0.000000 0.268111 0.000000 0.963388 0.977293 0.977293 0.977293
5716.982422 0.000000 4647.092773 0.000000 0.659490 0.000000 0.751714 0.949031 0.949031 0.949031
5704.072754 0.000000 4625.638184 0.000000 0.692924 0.000000 0.721011 0.979896 0.979896 0.979896
5711.624023 0.000000 4623.425781 0.000000 0.571935 0.000000 0.820299 0.975985 0.975985 0.975985
5720.730957 0.000000 4628.703125 0.000000 0.091220 0.000000 0.995831 0.955678 0.955678 0.955678
5737.081543 0.000000 4680.543945 0.000000 0.019293 0.000000 0.999814 0.914785 0.914785 0.914785
5737.988281 0.000000 4666.504883 0.000000 0.143387 0.000000 0.989667 0.957252 0.957252 0.957252
5730.775391 0.000000 4679.748535 0.000000 0.146861 0.000000 0.989157 0.918267 0.918267 0.918267
5737.559082 0.000000 4692.784668 0.000000 0.385331 0.000000 0.922778 0.976528 0.976528 0.976528
5706.850586 0.000000 4607.623047 0.000000 0.650562 0.000000 0.759453 0.969855 0.969855 0.969855
5721.649414 0.000000 4608.941895 0.000000 0.637309 0.000000 0.770609 0.984625 0.984625 0.984625
5706.577637 0.000000 4655.748535 0.000000 0.589376 0.000000 0.807859 0.976520 0.976520 0.976520
5724.471680 0.000000 4658.911133 0.000000 0.706449 0.000000 0.707764 0.966627 0.966627 0.966627
5718.628906 0.000000 4644.122070 0.000000 0.722988 0.000000 0.690861 0.958111 0.958111 0.958111
5708.725098 0.000000 4627.423340 0.000000 0.498278 0.000000 0.867018 0.963329 0.963329 0.963329
5741.429688 0.000000 4668.577637 0.000000 0.178095 0.000000 0.984013 0.961780 0.961780 0.961780
5735.541016 0.000000 4668.817871 0.000000 0.478026 0.000000 0.878346 0.959841 0.959841 0.959841
5728.963379 0.000000 4677.177734 0.000000 0.442045 0.000000 0.896993 0.936095 0.936095 0.936095
5714.030273 0.000000 4646.219727 0.000000 0.686315 0.000000 0.727305 0.955271 0.955271 0.955271
5730.817383 0.000000 4673.310547 0.000000 0.633968 0.000000 0.773359 0.951440 0.951440 0.951440
5719.972656 0.000000 4631.862793 0.000000 0.517449 0.000000 0.855714 0.961543 0.961543 0.961543
5704.816895 0.000000 4635.963379 0.000000 0.586718 0.000000 0.809791 0.959944 0.959944 0.959944
5708.312988 0.000000 4645.026367 0.000000 0.307710 0.000000 0.951480 0.943468 0.943468 0.943468
5714.037598 0.000000 4637.214355 0.000000 0.620745 0.000000 0.784012 0.948258 0.948258 0.948258
5733.184082 0.000000 4663.001465 0.000000 0.528092 0.000000 0.849187 0.967076 0.967076 0.967076
5714.752441 0.000000 4656.346680 0.000000 0.483090 0.000000 0.875570 0.954731 0.954731 0.954731
5707.489746 0.000000 4603.285645 0.000000 0.429379 0.000000 0.903124 0.946542 0.946542 0.946542
5709.074219 0.000000 4640.426270 0.000000 0.468757 0.000000 0.883327 0.948633 0.948633 0.948633
5728.996582 0.000000 4682.090820 0.000000 0.437369 0.000000 0.899282 0.949754 0.949754 0.949754
5726.542480 0.000000 4654.791016 0.000000 0.536100 0.000000 0.844155 0.962365 0.962365 0.962365
5718.264648 0.000000 4649.672363 0.000000 0.403120 0.000000 0.915147 0.930743 0.930743 0.930743
5718.502930 0.000000 4640.114258 0.000000 0.609559 0.000000 0.792740 0.954299 0.954299 0.954299
5729.520996 0.000000 4687.934082 0.000000 0.350931 0.000000 0.936401 0.957631 0.957631 0.957631
5726.833008 0.000000 4664.968262 0.000000 0.583804 0.000000 0.811895 0.957426 0.957426 0.957426
5702.571777 0.000000 4606.674316 0.000000 0.493357 0.000000 0.869827 0.968398 0.968398 0.968398
5723.290039 0.000000 4640.366699 0.000000 0.577840 0.000000 0.816150 0.959481 0.959481 0.959481
5715.769043 0.000000 4607.690430 0.000000 0.440722 0.000000 0.897644 0.961050 0.961050 0.961050
5702.178711 0.000000 4603.836426 0.000000 0.344469 0.000000 0.938798 0.954346 0.954346 0.954346
5725.418457 0.000000 4669.876465 0.000000 0.058100 0.000000 0.998311 0.935801 0.935801 0.935801
5724.471191 0.000000 4664.055176 0.000000 0.081502 0.000000 0.996673 0.933078 0.933078 0.933078
5728.773438 0.000000 4663.323730 0.000000 0.056170 0.000000 0.998421 0.939500 0.939500 0.939500
5712.873535 0.000000 4644.117676 0.000000 0.478392 0.000000 0.878146 0.943799 0.943799 0.943799
5723.169922 0.000000 4651.760254 0.000000 0.234499 0.000000 0.972116 0.930057 0.930057 0.930057
5739.543945 0.000000 4678.634766 0.000000 0.259496 0.000000 0.965744 0.931409 0.931409 0.931409
5719.604004 0.000000 4657.606445 0.000000 0.397341 0.000000 0.917671 0.944873 0.944873 0.944873
5719.308594 0.000000 4635.267090 0.000000 0.581328 0.000000 0.813669 0.957289 0.957289 0.957289
5712.874023 0.000000 4648.384277 0.000000 0.378784 0.000000 0.925485 0.940966 0.940966 0.940966
5738.563477 0.000000 4681.978516 0.000000 0.563787 0.000000 0.825920 0.951476 0.951476 0.951476
5750.520020 0.000000 4533.437988 0.000000 0.714177 0.000000 0.699966 0.980643 0.980643 0.980643
5763.684570 0.000000 4568.405273 0.000000 0.552839 0.000000 0.833288 0.975408 0.975408 0.975408
5775.292480 0.000000 4534.713379 0.000000 0.314539 0.000000 0.949244 0.943791 0.943791 0.943791
5821.797363 0.000000 4502.021973 0.000000 0.662042 0.000000 0.749467 0.991539 0.991539 0.991539
5788.318848 0.000000 4494.344727 0.000000 0.598894 0.000000 0.800829 0.937401 0.937401 0.937401
5800.270508 0.000000 4506.773926 0.000000 0.444574 0.000000 0.895742 0.966743 0.966743 0.966743
5806.082031 0.000000 4582.913574 0.000000 0.325482 0.000000 0.945548 0.990718 0.990718 0.990718
5755.547852 0.000000 4513.174805 0.000000 0.233111 0.000000 0.972450 0.946653 0.946653 0.946653
5772.533203 0.000000 4546.541992 0.000000 0.083591 0.000000 0.996500 0.925747 0.925747 0.925747
5754.298828 0.000000 4560.515137 0.000000 0.171678 0.000000 0.985153 0.891784 0.891784 0.891784
5768.653809 0.000000 4557.556152 0.000000 0.136975 0.000000 0.990574 0.946322 0.946322 0.946322
5741.707520 0.000000 4505.763184 0.000000 0.026129 0.000000 0.999659 0.961437 0.961437 0.961437
5754.104004 0.000000 4523.395996 0.000000 0.120209 0.000000 0.992749 0.978276 0.978276 0.978276
5742.196777 0.000000 4538.086914 0.000000 0.158996 0.000000 0.987279 0.936587 0.936587 0.936587
5772.635254 0.000000 4523.080078 0.000000 0.191717 0.000000 0.981450 0.979360 0.979360 0.979360
5779.636719 0.000000 4513.400879 0.000000 0.350756 0.000000 0.936467 0.975785 0.975785 0.975785
5783.296875 0.000000 4501.338379 0.000000 0.424961 0.000000 0.905212 0.951962 0.951962 0.951962
5756.559082 0.000000 4574.270020 0.000000 0.265223 0.000000 0.964187 0.980492 0.980492 0.980492
5766.027344 0.000000 4496.607910 0.000000 0.614819 0.000000 0.788668 0.961436 0.961436 0.961436
5808.605469 0.000000 4589.603516 0.000000 0.588266 0.000000 0.808667 0.976485 0.976485 0.976485
5768.707520 0.000000 4532.831055 0.000000 0.228624 0.000000 0.973515 0.949814 0.949814 0.949814
5806.549805 0.000000 4509.277344 0.000000 0.248062 0.000000 0.968744 0.973634 0.973634 0.973634
5770.824707 0.000000 4540.336426 0.000000 0.508726 0.000000 0.860929 0.943039 0.943039 0.943039
5781.713867 0.000000 4507.612305 0.000000 0.571289 0.000000 0.820749 0.978369 0.978369 0.978369
5752.772949 0.000000 4528.516113 0.000000 0.094860 0.000000 0.995491 0.977894 0.977894 0.977894
5755.761719 0.000000 4505.565918 0.000000 0.193548 0.000000 0.981091 0.938165 0.938165 0.938165
5755.973633 0.000000 4518.406738 0.000000 0.711235 0.000000 0.702955 0.982485 0.982485 0.982485
5800.754395 0.000000 4595.079590 0.000000 0.042365 0.000000 0.999102 0.977105 0.977105 0.977105
5755.389160 0.000000 4498.380859 0.000000 0.468347 0.000000 0.883545 0.964839 0.964839 0.964839
5783.737793 0.000000 4549.916992 0.000000 0.670746 0.000000 0.741687 0.970795 0.970795 0.970795
5763.994629 0.000000 4533.783203 0.000000 0.099830 0.000000 0.995004 0.955937 0.955937 0.955937
5752.242676 0.000000 4508.984375 0.000000 0.646044 0.000000 0.763300 0.965312 0.965312 0.965312
5825.426758 0.000000 4597.936523 0.000000 0.042599 0.000000 0.999092 0.942772 0.942772 0.942772
5777.034180 0.000000 4521.118652 0.000000 0.581351 0.000000 0.813653 0.988136 0.988136 0.988136
5746.201172 0.000000 4506.382324 0.000000 0.404353 0.000000 0.914603 0.968294 0.968294 0.968294
5791.860840 0.000000 4506.693848 0.000000 0.047873 0.000000 0.998853 0.961980 0.961980 0.961980
5779.933105 0.000000 4526.446777 0.000000 0.521287 0.000000 0.853381 0.974474 0.974474 0.974474
5815.559082 0.000000 4505.900391 0.000000 0.310470 0.000000 0.950583 0.978066 0.978066 0.978066
5758.509277 0.000000 4522.928711 0.000000 0.396954 0.000000 0.917839 0.979683 0.979683 0.979683
5785.766602 0.000000 4505.036133 0.000000 0.498034 0.000000 0.867157 0.968560 0.968560 0.968560
5771.386719 0.000000 4506.134766 0.000000 0.272555 0.000000 0.962140 0.935352 0.935352 0.935352
5766.214355 0.000000 4511.060059 0.000000 0.127948 0.000000 0.991781 0.931576 0.931576 0.931576
5777.210449 0.000000 4509.755371 0.000000 0.473959 0.000000 0.880547 0.965045 0.965045 0.965045
5747.195312 0.000000 4515.100098 0.000000 0.711217 0.000000 0.702972 0.988323 0.988323 0.988323
5799.805664 0.000000 4502.558105 0.000000 0.334731 0.000000 0.942314 0.935542 0.935542 0.935542
5785.717285 0.000000 4532.806152 0.000000 0.376049 0.000000 0.926600 0.943778 0.943778 0.943778
5772.515137 0.000000 4530.828125 0.000000 0.572508 0.000000 0.819899 0.971203 0.971203 0.971203
5762.252441 0.000000 4504.783203 0.000000 0.590783 0.000000 0.806831 0.946095 0.946095 0.946095
5754.648926 0.000000 4532.362793 0.000000 0.199933 0.000000 0.979810 0.958972 0.958972 0.958972
5762.334961 0.000000 4498.543457 0.000000 0.576897 0.000000 0.816817 0.959432 0.959432 0.959432
5761.462402 0.000000 4530.104980 0.000000 0.192291 0.000000 0.981338 0.969054 0.969054 0.969054
5743.756836 0.000000 4547.597168 0.000000 0.584738 0.000000 0.811222 0.907869 0.907869 0.907869
5775.673828 0.000000 4513.386230 0.000000 0.240516 0.000000 0.970645 0.960218 0.960218 0.960218
5774.488281 0.000000 4538.555176 0.000000 0.629773 0.000000 0.776780 0.953364 0.953364 0.953364
5799.739258 0.000000 4543.679199 0.000000 0.525952 0.000000 0.850514 0.979689 0.979689 0.979689
5777.978516 0.000000 4555.313965 0.000000 0.086906 0.000000 0.996217 0.974070 0.974070 0.974070
5754.125977 0.000000 4501.978516 0.000000 0.495290 0.000000 0.868728 0.960581 0.960581 0.960581
5746.613770 0.000000 4559.775879 0.000000 0.180548 0.000000 0.983566 0.889013 0.889013 0.889013
5756.742188 0.000000 4509.496582 0.000000 0.656574 0.000000 0.754261 0.957333 0.957333 0.957333
5776.598633 0.000000 4524.802246 0.000000 0.623699 0.000000 0.781665 0.984318 0.984318 0.984318
5784.719238 0.000000 4494.062988 0.000000 0.518811 0.000000 0.854889 0.941125 0.941125 0.941125
5796.468750 0.000000 4507.368164 0.000000 0.070703 0.000000 0.997497 0.958806 0.958806 0.958806
5744.492188 0.000000 4509.712402 0.000000 0.394857 0.000000 0.918743 0.973826 0.973826 0.973826
5793.842773 0.000000 4500.638672 0.000000 0.117068 0.000000 0.993124 0.916542 0.916542 0.916542
5790.025879 0.000000 4534.670410 0.000000 0.081438 0.000000 0.996678 0.936794 0.936794 0.936794
5806.450195 0.000000 4498.600098 0.000000 0.506960 0.000000 0.861970 0.948115 0.948115 0.948115
5789.435547 0.000000 4539.483398 0.000000 0.214465 0.000000 0.976732 0.928979 0.928979 0.928979
5793.569824 0.000000 4548.764160 0.000000 0.516177 0.000000 0.856482 0.974325 0.974325 0.974325
5777.693359 0.000000 4537.369141 0.000000 0.482440 0.000000 0.875929 0.946706 0.946706 0.946706
5807.925781 0.000000 4598.749512 0.000000 0.299361 0.000000 0.954140 0.955724 0.955724 0.955724
5749.410156 0.000000 4507.344727 0.000000 0.244750 0.000000 0.969586 0.960349 0.960349 0.960349
5747.133789 0.000000 4498.123047 0.000000 0.307760 0.000000 0.951464 0.956032 0.956032 0.956032
5761.028320 0.000000 4553.061035 0.000000 0.240105 0.000000 0.970747 0.897197 0.897197 0.897197
5749.911133 0.000000 4536.661133 0.000000 0.673213 0.000000 0.739449 0.972989 0.972989 0.972989
5787.117188 0.000000 4501.959961 0.000000 0.038618 0.000000 0.999254 0.927322 0.927322 0.927322
5767.234375 0.000000 4554.428223 0.000000 0.243789 0.000000 0.969828 0.933865 0.933865 0.933865
5817.676758 0.000000 4594.645508 0.000000 0.000011 0.000000 1.000000 0.921569 0.921569 0.921569
5788.885254 0.000000 4505.606445 0.000000 0.650805 0.000000 0.759245 0.972019 0.972019 0.972019
5759.116211 0.000000 4505.331055 0.000000 0.110701 0.000000 0.993854 0.919818 0.919818 0.919818
5778.762695 0.000000 4506.470215 0.000000 0.564455 0.000000 0.825464 0.970910 0.970910 0.970910
5808.728027 0.000000 4495.797363 0.000000 0.186502 0.000000 0.982455 0.913670 0.913670 0.913670
5802.350098 0.000000 4495.538086 0.000000 0.656109 0.000000 0.754666 0.929548 0.929548 0.929548
5769.559570 0.000000 4511.995605 0.000000 0.194104 0.000000 0.980981 0.938190 0.938190 0.938190
5767.917480 0.000000 4517.970703 0.000000 0.338794 0.000000 0.940860 0.963296 0.963296 0.963296
5751.638672 0.000000 4494.934570 0.000000 0.431706 0.000000 0.902015 0.966314 0.966314 0.966314
5795.305176 0.000000 4538.041992 0.000000 0.705776 0.000000 0.708435 0.974449 0.974449 0.974449
5774.215820 0.000000 4508.116211 0.000000 0.698980 0.000000 0.715142 0.970160 0.970160 0.970160
5816.801270 0.000000 4497.698242 0.000000 0.588349 0.000000 0.808607 0.971786 0.971786 0.971786
5823.197754 0.000000 4591.247559 0.000000 0.481225 0.000000 0.876597 0.967982 0.967982 0.967982
5794.481934 0.000000 4496.301270 0.000000 0.589621 0.000000 0.807680 0.927235 0.927235 0.927235
5760.787598 0.000000 4567.944336 0.000000 0.490352 0.000000 0.871524 0.963011 0.963011 0.963011
5792.819824 0.000000 4503.621094 0.000000 0.101754 0.000000 0.994810 0.930325 0.930325 0.930325
5821.417969 0.000000 4599.530762 0.000000 0.406958 0.000000 0.913447 0.942496 0.942496 0.942496
5819.072754 0.000000 4589.946289 0.000000 0.078717 0.000000 0.996897 0.955302 0.955302 0.955302
5748.218750 0.000000 4543.412598 0.000000 0.508444 0.000000 0.861095 0.935251 0.935251 0.935251
5769.853516 0.000000 4530.146484 0.000000 0.428231 0.000000 0.903669 0.963382 0.963382 0.963382
5790.980957 0.000000 4494.895508 0.000000 0.725250 0.000000 0.688485 0.943124 0.943124 0.943124
5746.402344 0.000000 4552.615723 0.000000 0.218142 0.000000 0.975917 0.865098 0.865098 0.865098
5764.965332 0.000000 4504.395508 0.000000 0.183959 0.000000 0.982934 0.916968 0.916968 0.916968
5811.984863 0.000000 4593.856934 0.000000 0.477224 0.000000 0.878782 0.959807 0.959807 0.959807
5742.265625 0.000000 4560.986328 0.000000 0.569677 0.000000 0.821869 0.930157 0.930157 0.930157
5803.972168 0.000000 4497.687500 0.000000 0.150870 0.000000 0.988554 0.893696 0.893696 0.893696
5782.112793 0.000000 4540.883789 0.000000 0.211017 0.000000 0.977482 0.922012 0.922012 0.922012
5743.752930 0.000000 4493.344238 0.000000 0.519729 0.000000 0.854331 0.961643 0.961643 0.961643
5792.036133 0.000000 4533.020020 0.000000 0.571165 0.000000 0.820835 0.968750 0.968750 0.968750
5784.008789 0.000000 4547.338379 0.000000 0.189255 0.000000 0.981928 0.944861 0.944861 0.944861
5756.346680 0.000000 4515.581055 0.000000 0.589915 0.000000 0.807465 0.964805 0.964805 0.964805
5770.379883 0.000000 4537.792480 0.000000 0.628691 0.000000 0.777655 0.955515 0.955515 0.955515
5766.493164 0.000000 4508.659180 0.000000 0.614654 0.000000 0.788797 0.952351 0.952351 0.952351
5750.467773 0.000000 4564.845215 0.000000 0.210475 0.000000 0.977599 0.925373 0.925373 0.925373
5754.218262 0.000000 4554.649414 0.000000 0.175564 0.000000 0.984468 0.871204 0.871204 0.871204
5803.460938 0.000000 4493.443848 0.000000 0.640751 0.000000 0.767749 0.925700 0.925700 0.925700
5815.974609 0.000000 4600.232422 0.000000 0.125673 0.000000 0.992072 0.913432 0.913432 0.913432
5784.743164 0.000000 4499.465820 0.000000 0.102986 0.000000 0.994683 0.926720 0.926720 0.926720
5778.771973 0.000000 4493.358398 0.000000 0.014283 0.000000 0.999898 0.933940 0.933940 0.933940
5761.395020 0.000000 4555.354980 0.000000 0.650015 0.000000 0.759922 0.935350 0.935350 0.935350
5773.698242 0.000000 4499.687012 0.000000 0.192362 0.000000 0.981324 0.938110 0.938110 0.938110
5762.082031 0.000000 4537.789062 0.000000 0.260257 0.000000 0.965539 0.937979 0.937979 0.937979
5773.239746 0.000000 4540.458008 0.000000 0.622557 0.000000 0.782574 0.950635 0.950635 0.950635
5780.506836 0.000000 4536.135254 0.000000 0.380215 0.000000 0.924898 0.935147 0.935147 0.935147
5757.822266 0.000000 4513.406250 0.000000 0.437130 0.000000 0.899398 0.952534 0.952534 0.952534
5752.843262 0.000000 4566.445312 0.000000 0.497402 0.000000 0.867520 0.952807 0.952807 0.952807
5762.361328 0.000000 4550.966309 0.000000 0.232600 0.000000 0.972573 0.906606 0.906606 0.906606
5794.129395 0.000000 4498.474609 0.000000 0.587501 0.000000 0.809224 0.934093 0.934093 0.934093
5760.404297 0.000000 4503.613281 0.000000 0.490431 0.000000 0.871480 0.944521 0.944521 0.944521
5743.694336 0.000000 4556.336914 0.000000 0.619167 0.000000 0.785259 0.912068 0.912068 0.912068
5764.189941 0.000000 4511.805664 0.000000 0.621873 0.000000 0.783118 0.955079 0.955079 0.955079
5789.244629 0.000000 4537.326172 0.000000 0.432529 0.000000 0.901620 0.943903 0.943903 0.943903
5768.137207 0.000000 4545.700684 0.000000 0.465819 0.000000 0.884880 0.934916 0.934916 0.934916
5754.380859 0.000000 4562.706543 0.000000 0.702318 0.000000 0.711864 0.946604 0.946604 0.946604
5766.973633 0.000000 4501.363770 0.000000 0.133395 0.000000 0.991063 0.924662 0.924662 0.924662
5750.154297 0.000000 4562.760254 0.000000 0.696206 0.000000 0.717842 0.946028 0.946028 0.946028
5814.137207 0.000000 4597.289551 0.000000 0.370016 0.000000 0.929025 0.934543 0.934543 0.934543
5818.550293 0.000000 4596.530273 0.000000 0.642203 0.000000 0.766534 0.954208 0.954208 0.954208
5746.498047 0.000000 4544.532227 0.000000 0.565657 0.000000 0.824641 0.920121 0.920121 0.920121
5754.236328 0.000000 4558.438477 0.000000 0.464989 0.000000 0.885316 0.905004 0.905004 0.905004
5750.516113 0.000000 4558.229004 0.000000 0.140445 0.000000 0.990089 0.878628 0.878628 0.878628
5763.875977 0.000000 4506.251953 0.000000 0.641195 0.000000 0.767378 0.947588 0.947588 0.947588
5765.670898 0.000000 4542.741699 0.000000 0.361386 0.000000 0.932416 0.922040 0.922040 0.922040
5762.916016 0.000000 4559.252930 0.000000 0.535745 0.000000 0.844380 0.939759 0.939759 0.939759
5806.907227 0.000000 4496.608887 0.000000 0.711567 0.000000 0.702618 0.953320 0.953320 0.953320
5758.929199 0.000000 4545.085449 0.000000 0.081141 0.000000 0.996703 0.880999 0.880999 0.880999
5764.864746 0.000000 4546.661621 0.000000 0.373316 0.000000 0.927704 0.913973 0.913973 0.913973
5758.954102 0.000000 4553.490234 0.000000 0.009044 0.000000 0.999959 0.871333 0.871333 0.871333
5767.706055 0.000000 4549.027344 0.000000 0.151003 0.000000 0.988533 0.907878 0.907878 0.907878
5795.663574 0.000000 4500.014648 0.000000 0.288840 0.000000 0.957377 0.923439 0.923439 0.923439
5792.952148 0.000000 4495.060059 0.000000 0.129394 0.000000 0.991593 0.884876 0.884876 0.884876
5782.732910 0.000000 4539.081543 0.000000 0.012580 0.000000 0.999921 0.906636 0.906636 0.906636
5795.300293 0.000000 4501.848145 0.000000 0.368932 0.000000 0.929456 0.928523 0.928523 0.928523
5749.345215 0.000000 4545.054688 0.000000 0.289877 0.000000 0.957064 0.901193 0.901193 0.901193
5755.720215 0.000000 4543.880859 0.000000 0.224735 0.000000 0.974420 0.902685 0.902685 0.902685
5744.009277 0.000000 4549.790039 0.000000 0.726893 0.000000 0.686751 0.920624 0.920624 0.920624
5801.715820 0.000000 4493.518066 0.000000 0.231277 0.000000 0.972888 0.886477 0.886477 0.886477
5800.826172 0.000000 4496.888184 0.000000 0.726545 0.000000 0.687119 0.939482 0.939482 0.939482
5746.874023 0.000000 4551.014648 0.000000 0.116591 0.000000 0.993180 0.847547 0.847547 0.847547
5791.963379 0.000000 4493.504883 0.000000 0.269321 0.000000 0.963050 0.896295 0.896295 0.896295
5749.125488 0.000000 4546.882324 0.000000 0.464168 0.000000 0.885747 0.902206 0.902206 0.902206
5754.588867 0.000000 4553.081543 0.000000 0.374382 0.000000 0.927275 0.893312 0.893312 0.893312
5757.413086 0.000000 4554.132324 0.000000 0.467950 0.000000 0.883755 0.905296 0.905296 0.905296
5752.396973 0.000000 4551.107910 0.000000 0.114113 0.000000 0.993468 0.865466 0.865466 0.865466
5829.326172 0.000000 4592.735352 0.000000 0.650029 0.000000 0.759910 0.982760 0.982760 0.982760
5828.918457 0.000000 4598.629883 0.000000 0.228542 0.000000 0.973534 0.966541 0.966541 0.966541
5742.975098 0.000000 4665.442383 0.000000 0.659076 0.000000 0.752077 0.987249 0.987249 0.987249
5746.873047 0.000000 4691.133789 0.000000 0.660980 0.000000 0.750404 0.989406 0.989406 0.989406
5796.625000 0.000000 4605.315918 0.000000 0.706520 0.000000 0.707693 0.996074 0.996074 0.996074
5742.013672 0.000000 4684.005859 0.000000 0.553382 0.000000 0.832928 0.968052 0.968052 0.968052
5741.970703 0.000000 4673.493164 0.000000 0.231901 0.000000 0.972739 0.949941 0.949941 0.949941
5827.152344 0.000000 4606.310547 0.000000 0.515167 0.000000 0.857090 0.971725 0.971725 0.971725
5769.008301 0.000000 4704.417480 0.000000 0.500517 0.000000 0.865727 0.966032 0.966032 0.966032
5801.429199 0.000000 4605.488281 0.000000 0.352420 0.000000 0.935842 0.978843 0.978843 0.978843
5742.826172 0.000000 4688.639648 0.000000 0.221768 0.000000 0.975100 0.966367 0.966367 0.966367
5760.315918 0.000000 4704.880371 0.000000 0.613810 0.000000 0.789454 0.956839 0.956839 0.956839
5810.812012 0.000000 4600.416504 0.000000 0.668546 0.000000 0.743670 0.958131 0.958131 0.958131
5750.675781 0.000000 4674.361328 0.000000 0.187048 0.000000 0.982351 0.979289 0.979289 0.979289
5744.115234 0.000000 4669.840820 0.000000 0.392881 0.000000 0.919589 0.976692 0.976692 0.976692
5760.631836 0.000000 4700.854492 0.000000 0.626228 0.000000 0.779640 0.968750 0.968750 0.968750
5802.350098 0.000000 4602.522461 0.000000 0.069961 0.000000 0.997550 0.962532 0.962532 0.962532
5765.893555 0.000000 4704.523926 0.000000 0.077687 0.000000 0.996978 0.936634 0.936634 0.936634
5824.808594 0.000000 4608.531738 0.000000 0.074266 0.000000 0.997239 0.955168 0.955168 0.955168
5816.605469 0.000000 4600.914062 0.000000 0.343004 0.000000 0.939334 0.926860 0.926860 0.926860
6119.486816 0.000000 4286.466797 0.000000 0.027250 0.000000 0.999629 0.360314 0.360314 0.360314
6116.517090 0.000000 4288.919434 0.000000 0.073868 0.000000 0.997268 0.880416 0.880416 0.880416
6118.923828 0.000000 4282.873047 0.000000 0.566915 0.000000 0.823776 0.444146 0.444146 0.444146
6128.206543 0.000000 4305.581543 0.000000 0.710107 0.000000 0.704094 0.602165 0.602165 0.602165
6130.343262 0.000000 4300.500977 0.000000 0.690698 0.000000 0.723143 0.667019 0.667019 0.667019
6120.806641 0.000000 4282.056641 0.000000 0.258326 0.000000 0.966058 0.659998 0.659998 0.659998
6115.716309 0.000000 4281.254883 0.000000 0.061714 0.000000 0.998094 0.856839 0.856839 0.856839
6120.020996 0.000000 4284.603027 0.000000 0.137205 0.000000 0.990543 0.470464 0.470464 0.470464
6117.530273 0.000000 4281.533203 0.000000 0.090669 0.000000 0.995881 0.501189 0.501189 0.501189
6131.263184 0.000000 4301.827637 0.000000 0.644064 0.000000 0.764972 0.641210 0.641210 0.641210
6129.166504 0.000000 4303.083984 0.000000 0.194376 0.000000 0.980927 0.155435 0.155435 0.155435
6116.262207 0.000000 4287.678223 0.000000 0.662648 0.000000 0.748931 0.706266 0.706266 0.706266
6114.571289 0.000000 4285.429688 0.000000 0.637004 0.000000 0.770861 0.687963 0.687963 0.687963
6121.293945 0.000000 4284.578125 0.000000 0.713052 0.000000 0.701112 0.712924 0.712924 0.712924
6117.957031 0.000000 4280.546387 0.000000 0.051122 0.000000 0.998692 0.487825 0.487825 0.487825
6133.993164 0.000000 4304.752930 0.000000 0.456050 0.000000 0.889954 0.758939 0.758939 0.758939
6117.480957 0.000000 4282.563965 0.000000 0.494890 0.000000 0.868955 0.329584 0.329584 0.329584
6129.476074 0.000000 4301.022461 0.000000 0.567324 0.000000 0.823495 0.630425 0.630425 0.630425
6114.658691 0.000000 4283.240234 0.000000 0.177973 0.000000 0.984035 0.499619 0.499619 0.499619
6116.610840 0.000000 4286.498047 0.000000 0.193356 0.000000 0.981129 0.522426 0.522426 0.522426
6115.290527 0.000000 4284.816406 0.000000 0.396912 0.000000 0.917857 0.587830 0.587830 0.587830
6128.811523 0.000000 4303.863281 0.000000 0.023248 0.000000 0.999730 0.049573 0.049573 0.049573
6130.484375 0.000000 4301.328125 0.000000 0.685471 0.000000 0.728100 0.664052 0.664052 0.664052
5744.894531 0.000000 4709.652832 0.000000 0.145085 0.000000 0.989419 0.975093 0.975093 0.975093
5750.687500 0.000000 4717.789062 0.000000 0.289096 0.000000 0.957300 0.961727 0.961727 0.961727
5766.027344 0.000000 4710.576660 0.000000 0.031306 0.000000 0.999510 0.934662 0.934662 0.934662
5771.518066 0.000000 4714.404297 0.000000 0.705613 0.000000 0.708597 0.978373 0.978373 0.978373
5759.710938 0.000000 4709.437012 0.000000 0.245280 0.000000 0.969452 0.924033 0.924033 0.924033
5764.867188 0.000000 4715.716309 0.000000 0.253432 0.000000 0.967353 0.940926 0.940926 0.940926
5755.389160 0.000000 4712.349609 0.000000 0.487306 0.000000 0.873231 0.949634 0.949634 0.949634
5766.214355 0.000000 4725.028809 0.000000 0.379589 0.000000 0.925155 0.982303 0.982303 0.982303
5762.334961 0.000000 4712.512207 0.000000 0.215243 0.000000 0.976561 0.929021 0.929021 0.929021
5770.955078 0.000000 4710.810547 0.000000 0.682745 0.000000 0.730657 0.975455 0.975455 0.975455
5763.138184 0.000000 4708.623535 0.000000 0.733346 0.000000 0.679856 0.958941 0.958941 0.958941
5774.363281 0.000000 4711.486328 0.000000 0.704987 0.000000 0.709220 0.986222 0.986222 0.986222
5759.116211 0.000000 4719.299805 0.000000 0.423334 0.000000 0.905974 0.957546 0.957546 0.957546
5757.426758 0.000000 4707.406738 0.000000 0.328166 0.000000 0.944620 0.938264 0.938264 0.938264
5751.846680 0.000000 4714.394531 0.000000 0.693494 0.000000 0.720462 0.973891 0.973891 0.973891
5756.044434 0.000000 4709.716309 0.000000 0.463340 0.000000 0.886181 0.942905 0.942905 0.942905
5764.965332 0.000000 4718.364258 0.000000 0.306593 0.000000 0.951841 0.955989 0.955989 0.955989
5765.041992 0.000000 4713.008789 0.000000 0.516863 0.000000 0.856068 0.951256 0.951256 0.951256
5757.070312 0.000000 4714.261719 0.000000 0.394110 0.000000 0.919063 0.944706 0.944706 0.944706
5768.485840 0.000000 4711.013184 0.000000 0.088066 0.000000 0.996115 0.944479 0.944479 0.944479
"}
object={
	name="reeds_01_generator_1_1"
	render_pass=Map
	clamp_to_water_level=no
	generated_content=yes
	layer="grass_layer"
	pdxmesh="reeds_07_grass_mesh"
	count=1281
	transform="5520.765625 0.000000 3805.463867 0.000000 0.954461 0.000000 0.298335 0.999244 0.999244 0.999244
5533.718262 0.000000 3839.072754 0.000000 0.852916 0.000000 0.522048 0.994515 0.994515 0.994515
5521.161133 0.000000 3845.591064 0.000000 0.996253 0.000000 0.086491 0.999351 0.999351 0.999351
5525.250488 0.000000 3814.447021 0.000000 0.838881 0.000000 0.544315 0.995689 0.995689 0.995689
5503.411133 0.000000 3851.352783 0.000000 0.988278 0.000000 0.152663 0.998852 0.998852 0.998852
5531.090332 0.000000 3814.074219 0.000000 0.847888 0.000000 0.530175 0.995815 0.995815 0.995815
5524.007812 0.000000 3831.218994 0.000000 0.964185 0.000000 0.265229 0.997319 0.997319 0.997319
5530.396973 0.000000 3824.136475 0.000000 0.980207 0.000000 0.197973 0.997512 0.997512 0.997512
5388.090820 0.000000 4047.487549 0.000000 0.862283 0.000000 0.506427 0.998674 0.998674 0.998674
5471.469727 0.000000 3906.817383 0.000000 0.844163 0.000000 0.536087 0.997175 0.997175 0.997175
5495.373047 0.000000 3953.619873 0.000000 0.991054 0.000000 0.133465 0.999332 0.999332 0.999332
5503.363770 0.000000 3885.460938 0.000000 0.926054 0.000000 0.377392 0.998068 0.998068 0.998068
5514.804688 0.000000 3863.666260 0.000000 0.894055 0.000000 0.447957 0.997681 0.997681 0.997681
5565.322266 0.000000 3951.352783 0.000000 0.919572 0.000000 0.392921 0.997984 0.997984 0.997984
5493.127441 0.000000 3881.489258 0.000000 0.885040 0.000000 0.465516 0.996373 0.996373 0.996373
5481.220215 0.000000 3896.180664 0.000000 0.881782 0.000000 0.471656 0.995095 0.995095 0.995095
5535.147949 0.000000 3954.916992 0.000000 0.904053 0.000000 0.427421 0.996692 0.996692 0.996692
5483.506348 0.000000 3884.769043 0.000000 0.918378 0.000000 0.395703 0.996953 0.996953 0.996953
5486.896973 0.000000 3869.023438 0.000000 0.909869 0.000000 0.414895 0.997864 0.997864 0.997864
5540.697754 0.000000 3948.163818 0.000000 0.957611 0.000000 0.288066 0.998541 0.998541 0.998541
5489.419922 0.000000 3875.937256 0.000000 0.995995 0.000000 0.089404 0.999330 0.999330 0.999330
5482.583496 0.000000 3909.636230 0.000000 0.820564 0.000000 0.571555 0.995443 0.995443 0.995443
5487.322266 0.000000 3897.635986 0.000000 0.969183 0.000000 0.246342 0.996893 0.996893 0.996893
5501.591309 0.000000 3871.821289 0.000000 0.871107 0.000000 0.491093 0.994874 0.994874 0.994874
5493.809082 0.000000 3894.764160 0.000000 0.868447 0.000000 0.495782 0.994820 0.994820 0.994820
5544.499512 0.000000 3960.340576 0.000000 0.967620 0.000000 0.252412 0.997452 0.997452 0.997452
5549.830078 0.000000 4012.105957 0.000000 0.856865 0.000000 0.515541 0.989182 0.989182 0.989182
5526.778809 0.000000 3974.117920 0.000000 0.947576 0.000000 0.319530 0.996752 0.996752 0.996752
5560.820801 0.000000 3967.100098 0.000000 0.994995 0.000000 0.099924 0.998751 0.998751 0.998751
5520.777344 0.000000 3987.268311 0.000000 0.751310 0.000000 0.659949 0.996401 0.996401 0.996401
5514.804688 0.000000 3970.650635 0.000000 0.995595 0.000000 0.093758 0.999062 0.999062 0.999062
5531.834961 0.000000 4021.437012 0.000000 0.856922 0.000000 0.515446 0.995944 0.995944 0.995944
5525.250488 0.000000 4028.415771 0.000000 0.762005 0.000000 0.647571 0.996483 0.996483 0.996483
5559.575684 0.000000 3998.793457 0.000000 0.981916 0.000000 0.189318 0.999524 0.999524 0.999524
5567.350098 0.000000 4015.219727 0.000000 0.975980 0.000000 0.217858 0.997259 0.997259 0.997259
5515.784668 0.000000 4052.337158 0.000000 0.843701 0.000000 0.536814 0.971706 0.971706 0.971706
5541.095703 0.000000 3979.919922 0.000000 0.940235 0.000000 0.340525 0.995663 0.995663 0.995663
5526.417969 0.000000 3982.129150 0.000000 0.736771 0.000000 0.676143 0.994439 0.994439 0.994439
5520.160645 0.000000 3959.416748 0.000000 0.968233 0.000000 0.250050 0.998107 0.998107 0.998107
5547.671875 0.000000 4032.724365 0.000000 0.784033 0.000000 0.620720 0.959876 0.959876 0.959876
5559.657715 0.000000 4040.392334 0.000000 0.869921 0.000000 0.493191 0.988412 0.988412 0.988412
5499.259277 0.000000 3973.375732 0.000000 0.933675 0.000000 0.358122 0.996342 0.996342 0.996342
5549.879395 0.000000 3989.055420 0.000000 0.851618 0.000000 0.524164 0.997245 0.997245 0.997245
5535.392090 0.000000 4039.592529 0.000000 0.772957 0.000000 0.634459 0.974262 0.974262 0.974262
5504.325684 0.000000 4049.903809 0.000000 0.849421 0.000000 0.527715 0.988897 0.988897 0.988897
5555.749512 0.000000 3982.204834 0.000000 0.976889 0.000000 0.213746 0.997849 0.997849 0.997849
5549.257324 0.000000 3963.626465 0.000000 0.959330 0.000000 0.282287 0.996428 0.996428 0.996428
5550.996094 0.000000 4025.421143 0.000000 0.800005 0.000000 0.599993 0.966263 0.966263 0.966263
5539.683594 0.000000 4050.036133 0.000000 0.855167 0.000000 0.518353 0.993198 0.993198 0.993198
5530.396973 0.000000 4038.105225 0.000000 0.898211 0.000000 0.439565 0.988638 0.988638 0.988638
5538.499512 0.000000 4035.789795 0.000000 0.879807 0.000000 0.475331 0.974031 0.974031 0.974031
5550.317383 0.000000 3975.342041 0.000000 0.796511 0.000000 0.604624 0.990274 0.990274 0.990274
5540.452637 0.000000 3963.581787 0.000000 0.816869 0.000000 0.576824 0.992325 0.992325 0.992325
5530.827637 0.000000 3962.665039 0.000000 0.903346 0.000000 0.428913 0.995573 0.995573 0.995573
5505.237793 0.000000 3976.138184 0.000000 0.995319 0.000000 0.096649 0.998792 0.998792 0.998792
5552.089844 0.000000 4033.525146 0.000000 0.977166 0.000000 0.212478 0.988775 0.988775 0.988775
5547.136719 0.000000 4038.177734 0.000000 0.983620 0.000000 0.180257 0.991403 0.991403 0.991403
5524.350586 0.000000 4056.646973 0.000000 0.825581 0.000000 0.564284 0.974554 0.974554 0.974554
5546.423340 0.000000 3970.372070 0.000000 0.947158 0.000000 0.320769 0.995109 0.995109 0.995109
5512.758789 0.000000 4049.866455 0.000000 0.747678 0.000000 0.664062 0.972804 0.972804 0.972804
5552.022949 0.000000 4044.429443 0.000000 0.808034 0.000000 0.589135 0.985845 0.985845 0.985845
5517.001465 0.000000 4049.248535 0.000000 0.981259 0.000000 0.192695 0.991770 0.991770 0.991770
5531.335938 0.000000 4055.107422 0.000000 0.944557 0.000000 0.328347 0.992483 0.992483 0.992483
5518.066406 0.000000 4045.614014 0.000000 0.979572 0.000000 0.201093 0.993934 0.993934 0.993934
5519.389160 0.000000 4051.428955 0.000000 0.988595 0.000000 0.150596 0.992829 0.992829 0.992829
5558.148438 0.000000 4016.858643 0.000000 0.753271 0.000000 0.657711 0.978496 0.978496 0.978496
5556.833008 0.000000 4031.404053 0.000000 0.754991 0.000000 0.655736 0.964292 0.964292 0.964292
5525.493652 0.000000 4053.792725 0.000000 0.969287 0.000000 0.245934 0.990074 0.990074 0.990074
5531.271484 0.000000 4035.011475 0.000000 0.826735 0.000000 0.562592 0.983591 0.983591 0.983591
5526.186035 0.000000 4043.189453 0.000000 0.992808 0.000000 0.119720 0.997004 0.997004 0.997004
5525.093750 0.000000 4047.983398 0.000000 0.944534 0.000000 0.328415 0.990811 0.990811 0.990811
5544.027344 0.000000 4023.196289 0.000000 0.883113 0.000000 0.469160 0.982932 0.982932 0.982932
5540.002441 0.000000 4037.873047 0.000000 0.979583 0.000000 0.201042 0.988882 0.988882 0.988882
5522.570801 0.000000 4047.437012 0.000000 0.931425 0.000000 0.363934 0.987911 0.987911 0.987911
5544.766602 0.000000 4032.330322 0.000000 0.791506 0.000000 0.611162 0.960603 0.960603 0.960603
5550.486816 0.000000 4022.148682 0.000000 0.949803 0.000000 0.312850 0.984907 0.984907 0.984907
5554.789062 0.000000 4021.416992 0.000000 0.991642 0.000000 0.129022 0.994186 0.994186 0.994186
5546.346191 0.000000 4027.811279 0.000000 0.788823 0.000000 0.614621 0.966950 0.966950 0.966950
5514.670898 0.000000 4054.317627 0.000000 0.927042 0.000000 0.374956 0.979850 0.979850 0.979850
5559.513184 0.000000 4025.956543 0.000000 0.995619 0.000000 0.093508 0.995324 0.995324 0.995324
5548.952148 0.000000 4034.353516 0.000000 0.989477 0.000000 0.144693 0.992025 0.992025 0.992025
5542.740234 0.000000 4036.099854 0.000000 0.921277 0.000000 0.388908 0.977064 0.977064 0.977064
5548.842285 0.000000 4030.813232 0.000000 0.964104 0.000000 0.265526 0.983897 0.983897 0.983897
5518.954102 0.000000 4055.275635 0.000000 0.835175 0.000000 0.549984 0.966561 0.966561 0.966561
5390.381836 0.000000 4114.025879 0.000000 0.961436 0.000000 0.275029 0.999304 0.999304 0.999304
5388.090820 0.000000 4154.472168 0.000000 0.937117 0.000000 0.349014 0.996440 0.996440 0.996440
5391.351562 0.000000 4148.994141 0.000000 0.957451 0.000000 0.288595 0.997076 0.997076 0.997076
5396.925781 0.000000 4067.746094 0.000000 0.780907 0.000000 0.624648 0.996631 0.996631 0.996631
5446.977051 0.000000 4140.654297 0.000000 0.922248 0.000000 0.386599 0.999009 0.999009 0.999009
5467.619141 0.000000 4164.175293 0.000000 0.771356 0.000000 0.636405 0.998278 0.998278 0.998278
5407.579102 0.000000 4085.237061 0.000000 0.905243 0.000000 0.424895 0.998904 0.998904 0.998904
5424.564453 0.000000 4118.604004 0.000000 0.833768 0.000000 0.552114 0.998540 0.998540 0.998540
5427.812500 0.000000 4077.635010 0.000000 0.994792 0.000000 0.101928 0.999745 0.999745 0.999745
5416.252930 0.000000 4111.028809 0.000000 0.861351 0.000000 0.508011 0.998670 0.998670 0.998670
5457.532227 0.000000 4168.443359 0.000000 0.918763 0.000000 0.394810 0.998987 0.998987 0.998987
5453.705566 0.000000 4162.132812 0.000000 0.953997 0.000000 0.299817 0.998480 0.998480 0.998480
5405.188477 0.000000 4152.449707 0.000000 0.988552 0.000000 0.150880 0.999244 0.999244 0.999244
5400.168945 0.000000 4136.092285 0.000000 0.992271 0.000000 0.124089 0.999068 0.999068 0.999068
5400.094727 0.000000 4149.240723 0.000000 0.932577 0.000000 0.360971 0.997234 0.997234 0.997234
5518.996582 0.000000 4149.602051 0.000000 0.988877 0.000000 0.148734 0.998136 0.998136 0.998136
5521.161133 0.000000 4166.544434 0.000000 0.955214 0.000000 0.295916 0.998500 0.998500 0.998500
5509.516113 0.000000 4153.657715 0.000000 0.798478 0.000000 0.602024 0.970969 0.970969 0.970969
5504.325684 0.000000 4156.888184 0.000000 0.772326 0.000000 0.635226 0.958759 0.958759 0.958759
5506.088867 0.000000 4143.918945 0.000000 0.843250 0.000000 0.537522 0.988666 0.988666 0.988666
5490.592285 0.000000 4146.212402 0.000000 0.975867 0.000000 0.218364 0.996702 0.996702 0.996702
5498.995605 0.000000 4149.308594 0.000000 0.882206 0.000000 0.470864 0.982864 0.982864 0.982864
5505.497070 0.000000 4161.489258 0.000000 0.988950 0.000000 0.148250 0.992199 0.992199 0.992199
5512.471191 0.000000 4161.875488 0.000000 0.970127 0.000000 0.242598 0.991435 0.991435 0.991435
5566.385254 0.000000 4118.991211 0.000000 0.991111 0.000000 0.133041 0.994670 0.994670 0.994670
5507.554199 0.000000 4156.207031 0.000000 0.985123 0.000000 0.171853 0.990514 0.990514 0.990514
5566.142090 0.000000 4111.354980 0.000000 0.941225 0.000000 0.337780 0.988817 0.988817 0.988817
5515.989746 0.000000 4150.453125 0.000000 0.758474 0.000000 0.651704 0.982279 0.982279 0.982279
5503.450195 0.000000 4163.808105 0.000000 0.993257 0.000000 0.115937 0.994778 0.994778 0.994778
5507.234375 0.000000 4151.882324 0.000000 0.993191 0.000000 0.116494 0.995045 0.995045 0.995045
5565.986328 0.000000 4116.280762 0.000000 0.987314 0.000000 0.158780 0.994427 0.994427 0.994427
5500.806641 0.000000 4146.991699 0.000000 0.995112 0.000000 0.098757 0.997037 0.997037 0.997037
5506.448242 0.000000 4158.783691 0.000000 0.962383 0.000000 0.271696 0.985574 0.985574 0.985574
5508.309570 0.000000 4161.497559 0.000000 0.911925 0.000000 0.410356 0.980998 0.980998 0.980998
5503.982422 0.000000 4159.329102 0.000000 0.902965 0.000000 0.429714 0.975604 0.975604 0.975604
5503.133301 0.000000 4161.451172 0.000000 0.917020 0.000000 0.398842 0.978491 0.978491 0.978491
5502.186035 0.000000 4156.935547 0.000000 0.791974 0.000000 0.610555 0.960649 0.960649 0.960649
5440.350098 0.000000 4173.391602 0.000000 0.988089 0.000000 0.153885 0.999229 0.999229 0.999229
5452.301758 0.000000 4185.820801 0.000000 0.895522 0.000000 0.445017 0.995394 0.995394 0.995394
5448.656250 0.000000 4177.378418 0.000000 0.873948 0.000000 0.486020 0.997466 0.997466 0.997466
5431.667969 0.000000 4192.447754 0.000000 0.975148 0.000000 0.221556 0.998884 0.998884 0.998884
5468.695801 0.000000 4189.516602 0.000000 0.773998 0.000000 0.633188 0.962341 0.962341 0.962341
5468.757324 0.000000 4196.173828 0.000000 0.988324 0.000000 0.152366 0.996181 0.996181 0.996181
5471.919434 0.000000 4176.173828 0.000000 0.966384 0.000000 0.257104 0.991561 0.991561 0.991561
5467.590332 0.000000 4184.947266 0.000000 0.969901 0.000000 0.243499 0.988332 0.988332 0.988332
5466.072266 0.000000 4193.102051 0.000000 0.994878 0.000000 0.101079 0.995703 0.995703 0.995703
5458.481445 0.000000 4177.646973 0.000000 0.739773 0.000000 0.672856 0.987102 0.987102 0.987102
5466.329590 0.000000 4182.411621 0.000000 0.940640 0.000000 0.339405 0.984439 0.984439 0.984439
5466.047363 0.000000 4188.803711 0.000000 0.835502 0.000000 0.549488 0.970953 0.970953 0.970953
5489.543457 0.000000 4212.484863 0.000000 0.873077 0.000000 0.487583 0.987285 0.987285 0.987285
5499.663574 0.000000 4228.643555 0.000000 0.990918 0.000000 0.134465 0.996970 0.996970 0.996970
5545.105469 0.000000 4261.960449 0.000000 0.747516 0.000000 0.664244 0.989118 0.989118 0.989118
5542.802734 0.000000 4252.207031 0.000000 0.995403 0.000000 0.095779 0.997126 0.997126 0.997126
5537.342773 0.000000 4259.357910 0.000000 0.802832 0.000000 0.596206 0.977674 0.977674 0.977674
5505.050781 0.000000 4175.654785 0.000000 0.945309 0.000000 0.326176 0.996682 0.996682 0.996682
5567.402344 0.000000 4265.299316 0.000000 0.977376 0.000000 0.211508 0.997872 0.997872 0.997872
5515.585449 0.000000 4221.045898 0.000000 0.742357 0.000000 0.670004 0.972505 0.972505 0.972505
5501.591309 0.000000 4192.774902 0.000000 0.953633 0.000000 0.300973 0.996947 0.996947 0.996947
5540.982910 0.000000 4236.883301 0.000000 0.995472 0.000000 0.095053 0.998574 0.998574 0.998574
5521.384277 0.000000 4238.490234 0.000000 0.858391 0.000000 0.512997 0.994621 0.994621 0.994621
5538.499512 0.000000 4249.758789 0.000000 0.785997 0.000000 0.618231 0.973377 0.973377 0.973377
5484.927246 0.000000 4214.059082 0.000000 0.867422 0.000000 0.497572 0.993499 0.993499 0.993499
5523.122070 0.000000 4254.430664 0.000000 0.868740 0.000000 0.495268 0.981890 0.981890 0.981890
5528.712402 0.000000 4267.167969 0.000000 0.825985 0.000000 0.563691 0.991030 0.991030 0.991030
5541.591797 0.000000 4241.008789 0.000000 0.859084 0.000000 0.511835 0.987927 0.987927 0.987927
5508.115723 0.000000 4172.800781 0.000000 0.805044 0.000000 0.593215 0.992073 0.992073 0.992073
5495.430176 0.000000 4228.624512 0.000000 0.918118 0.000000 0.396307 0.991861 0.991861 0.991861
5502.083496 0.000000 4202.372070 0.000000 0.986773 0.000000 0.162107 0.993903 0.993903 0.993903
5493.672363 0.000000 4211.409668 0.000000 0.947914 0.000000 0.318525 0.987860 0.987860 0.987860
5527.406738 0.000000 4260.114258 0.000000 0.968992 0.000000 0.247092 0.992520 0.992520 0.992520
5522.391113 0.000000 4243.620605 0.000000 0.986608 0.000000 0.163112 0.995091 0.995091 0.995091
5497.897949 0.000000 4220.544922 0.000000 0.787849 0.000000 0.615868 0.976810 0.976810 0.976810
5519.585938 0.000000 4253.518066 0.000000 0.935649 0.000000 0.352931 0.990094 0.990094 0.990094
5494.168945 0.000000 4205.333984 0.000000 0.961739 0.000000 0.273967 0.989608 0.989608 0.989608
5536.569824 0.000000 4256.401367 0.000000 0.762033 0.000000 0.647538 0.971865 0.971865 0.971865
5522.955078 0.000000 4248.671387 0.000000 0.785287 0.000000 0.619131 0.974998 0.974998 0.974998
5495.132812 0.000000 4200.313965 0.000000 0.921313 0.000000 0.388821 0.989033 0.989033 0.989033
5534.497070 0.000000 4241.495117 0.000000 0.960282 0.000000 0.279030 0.990822 0.990822 0.990822
5496.296387 0.000000 4204.163574 0.000000 0.813163 0.000000 0.582035 0.973634 0.973634 0.973634
5494.534668 0.000000 4213.515625 0.000000 0.927868 0.000000 0.372909 0.983781 0.983781 0.983781
5508.217285 0.000000 4220.864258 0.000000 0.924531 0.000000 0.381108 0.978525 0.978525 0.978525
5509.875000 0.000000 4211.301270 0.000000 0.816925 0.000000 0.576743 0.972375 0.972375 0.972375
5502.375488 0.000000 4214.789551 0.000000 0.994297 0.000000 0.106645 0.993598 0.993598 0.993598
5567.011230 0.000000 4280.563477 0.000000 0.983449 0.000000 0.181188 0.996361 0.996361 0.996361
5641.603516 0.000000 3843.222168 0.000000 0.744258 0.000000 0.667893 0.998174 0.998174 0.998174
5631.516602 0.000000 3847.490479 0.000000 0.922384 0.000000 0.386274 0.998020 0.998020 0.998020
5596.508301 0.000000 3832.704346 0.000000 0.903264 0.000000 0.429085 0.997786 0.997786 0.997786
5608.324707 0.000000 3781.516357 0.000000 0.755570 0.000000 0.655068 0.996434 0.996434 0.996434
5634.621094 0.000000 3840.712646 0.000000 0.780982 0.000000 0.624554 0.996632 0.996632 0.996632
5581.038086 0.000000 3818.497559 0.000000 0.942090 0.000000 0.335361 0.995731 0.995731 0.995731
5593.325684 0.000000 3802.000488 0.000000 0.857937 0.000000 0.513756 0.995959 0.995959 0.995959
5569.575684 0.000000 3802.651855 0.000000 0.942765 0.000000 0.333459 0.998303 0.998303 0.998303
5596.097656 0.000000 3817.025146 0.000000 0.827647 0.000000 0.561249 0.997025 0.997025 0.997025
5574.079102 0.000000 3828.287598 0.000000 0.838386 0.000000 0.545077 0.995682 0.995682 0.995682
5623.953613 0.000000 3791.362793 0.000000 0.882861 0.000000 0.469634 0.996338 0.996338 0.996338
5585.044434 0.000000 3821.218262 0.000000 0.902305 0.000000 0.431098 0.994436 0.994436 0.994436
5618.902832 0.000000 3790.897949 0.000000 0.978295 0.000000 0.207219 0.997916 0.997916 0.997916
5641.603516 0.000000 3950.206543 0.000000 0.933509 0.000000 0.358553 0.998169 0.998169 0.998169
5614.334473 0.000000 3852.438232 0.000000 0.850716 0.000000 0.525626 0.998618 0.998618 0.998618
5582.365234 0.000000 3953.619873 0.000000 0.791752 0.000000 0.610843 0.991797 0.991797 0.991797
5629.794922 0.000000 3931.253906 0.000000 0.992067 0.000000 0.125714 0.999685 0.999685 0.999685
5612.249023 0.000000 3929.413574 0.000000 0.977071 0.000000 0.212914 0.998929 0.998929 0.998929
5574.866211 0.000000 3954.425293 0.000000 0.807039 0.000000 0.590499 0.993692 0.993692 0.993692
5627.689941 0.000000 3948.163818 0.000000 0.819137 0.000000 0.573598 0.992374 0.992374 0.992374
5646.808105 0.000000 3954.792480 0.000000 0.929973 0.000000 0.367628 0.998120 0.998120 0.998120
5651.645020 0.000000 3921.257324 0.000000 0.993067 0.000000 0.117547 0.999118 0.999118 0.999118
5626.675781 0.000000 3943.051758 0.000000 0.979619 0.000000 0.200864 0.997980 0.997980 0.997980
5590.173828 0.000000 3952.971436 0.000000 0.801001 0.000000 0.598663 0.993591 0.993591 0.993591
5605.098145 0.000000 3955.983398 0.000000 0.968754 0.000000 0.248025 0.996246 0.996246 0.996246
5599.463379 0.000000 3947.906738 0.000000 0.738047 0.000000 0.674749 0.990755 0.990755 0.990755
5619.393555 0.000000 3951.151855 0.000000 0.818436 0.000000 0.574598 0.989303 0.989303 0.989303
5688.300293 0.000000 3892.806641 0.000000 0.737329 0.000000 0.675534 0.998148 0.998148 0.998148
5700.763184 0.000000 3867.133545 0.000000 0.892335 0.000000 0.451375 0.994154 0.994154 0.994154
5723.089355 0.000000 3873.127441 0.000000 0.762949 0.000000 0.646459 0.996490 0.996490 0.996490
5715.217773 0.000000 3894.432617 0.000000 0.941056 0.000000 0.338249 0.999139 0.999139 0.999139
5717.244629 0.000000 3881.498779 0.000000 0.985223 0.000000 0.171275 0.998711 0.998711 0.998711
5679.812012 0.000000 3864.354248 0.000000 0.970483 0.000000 0.241169 0.998176 0.998176 0.998176
5674.538574 0.000000 3877.450928 0.000000 0.824734 0.000000 0.565521 0.995498 0.995498 0.995498
5711.327148 0.000000 3938.404541 0.000000 0.787307 0.000000 0.616561 0.996683 0.996683 0.996683
5666.091797 0.000000 3910.582031 0.000000 0.815356 0.000000 0.578959 0.995376 0.995376 0.995376
5654.978516 0.000000 3924.602295 0.000000 0.837115 0.000000 0.547027 0.995665 0.995665 0.995665
5677.455566 0.000000 3933.839355 0.000000 0.955160 0.000000 0.296090 0.998499 0.998499 0.998499
5666.165039 0.000000 3938.480713 0.000000 0.918177 0.000000 0.396171 0.997966 0.997966 0.997966
5723.863770 0.000000 3882.071045 0.000000 0.930967 0.000000 0.365103 0.998134 0.998134 0.998134
5718.091309 0.000000 3860.009521 0.000000 0.981481 0.000000 0.191559 0.999038 0.999038 0.999038
5694.721680 0.000000 3865.706055 0.000000 0.940992 0.000000 0.338430 0.995690 0.995690 0.995690
5738.637207 0.000000 3921.257324 0.000000 0.996341 0.000000 0.085466 0.998932 0.998932 0.998932
5675.575684 0.000000 3871.821289 0.000000 0.743516 0.000000 0.668719 0.994514 0.994514 0.994514
5718.943848 0.000000 3876.486816 0.000000 0.990728 0.000000 0.135860 0.998979 0.998979 0.998979
5690.041992 0.000000 3879.212402 0.000000 0.953373 0.000000 0.301795 0.996173 0.996173 0.996173
5683.682617 0.000000 3877.338867 0.000000 0.931973 0.000000 0.362527 0.995369 0.995369 0.995369
5688.681641 0.000000 3871.479736 0.000000 0.743080 0.000000 0.669203 0.987188 0.987188 0.987188
5653.335449 0.000000 3991.339355 0.000000 0.850536 0.000000 0.525917 0.993087 0.993087 0.993087
5601.308105 0.000000 3999.791016 0.000000 0.864082 0.000000 0.503352 0.997366 0.997366 0.997366
5651.358398 0.000000 4007.041504 0.000000 0.831519 0.000000 0.555496 0.998530 0.998530 0.998530
5613.198242 0.000000 4001.741699 0.000000 0.920247 0.000000 0.391338 0.997992 0.997992 0.997992
5646.567871 0.000000 3998.793457 0.000000 0.810835 0.000000 0.585274 0.996878 0.996878 0.996878
5597.628906 0.000000 4038.118896 0.000000 0.945338 0.000000 0.326091 0.997512 0.997512 0.997512
5605.652344 0.000000 3978.478760 0.000000 0.990111 0.000000 0.140287 0.998594 0.998594 0.998594
5612.249023 0.000000 4036.397949 0.000000 0.775687 0.000000 0.631118 0.994885 0.994885 0.994885
5613.410156 0.000000 3982.129150 0.000000 0.810438 0.000000 0.585824 0.992187 0.992187 0.992187
5590.463379 0.000000 4040.823730 0.000000 0.963188 0.000000 0.268827 0.998641 0.998641 0.998641
5627.689941 0.000000 4055.148193 0.000000 0.974308 0.000000 0.225221 0.998299 0.998299 0.998299
5600.539062 0.000000 4062.751709 0.000000 0.977675 0.000000 0.210123 0.998943 0.998943 0.998943
5586.251465 0.000000 3973.375732 0.000000 0.919982 0.000000 0.391960 0.997989 0.997989 0.997989
5624.309082 0.000000 3987.719727 0.000000 0.968219 0.000000 0.250103 0.998107 0.998107 0.998107
5600.412109 0.000000 3982.277832 0.000000 0.978613 0.000000 0.205712 0.997931 0.997931 0.997931
5643.132324 0.000000 3993.943359 0.000000 0.981203 0.000000 0.192981 0.998546 0.998546 0.998546
5603.649414 0.000000 4036.816162 0.000000 0.980938 0.000000 0.194322 0.998535 0.998535 0.998535
5625.962891 0.000000 3958.526123 0.000000 0.869429 0.000000 0.494058 0.992259 0.992259 0.992259
5585.726562 0.000000 3960.546387 0.000000 0.777719 0.000000 0.628612 0.991515 0.991515 0.991515
5602.041016 0.000000 4046.672607 0.000000 0.984588 0.000000 0.174892 0.998244 0.998244 0.998244
5631.951660 0.000000 3983.471191 0.000000 0.813918 0.000000 0.580980 0.993809 0.993809 0.993809
5569.046875 0.000000 4037.006348 0.000000 0.740237 0.000000 0.672346 0.990796 0.990796 0.990796
5607.147949 0.000000 4048.372559 0.000000 0.885395 0.000000 0.464840 0.995172 0.995172 0.995172
5574.876953 0.000000 3958.426270 0.000000 0.842829 0.000000 0.538181 0.994325 0.994325 0.994325
5613.033203 0.000000 3963.811035 0.000000 0.952411 0.000000 0.304816 0.994587 0.994587 0.994587
5632.228516 0.000000 3978.742676 0.000000 0.917948 0.000000 0.396701 0.993890 0.993890 0.993890
5619.858398 0.000000 3965.716309 0.000000 0.897425 0.000000 0.441167 0.990875 0.990875 0.990875
5718.483887 0.000000 3960.340576 0.000000 0.981272 0.000000 0.192626 0.998548 0.998548 0.998548
5672.562500 0.000000 3966.528809 0.000000 0.983060 0.000000 0.183287 0.999540 0.999540 0.999540
5660.618652 0.000000 4011.285645 0.000000 0.905924 0.000000 0.423441 0.998908 0.998908 0.998908
5668.555664 0.000000 3978.252686 0.000000 0.744712 0.000000 0.667386 0.990879 0.990879 0.990879
5694.145020 0.000000 3959.416748 0.000000 0.762272 0.000000 0.647257 0.996485 0.996485 0.996485
5703.386719 0.000000 3967.319336 0.000000 0.901870 0.000000 0.432008 0.996654 0.996654 0.996654
5675.575684 0.000000 3978.805664 0.000000 0.781437 0.000000 0.623985 0.994953 0.994953 0.994953
5671.040527 0.000000 3992.539062 0.000000 0.871997 0.000000 0.489511 0.994892 0.994892 0.994892
5706.880371 0.000000 3958.423096 0.000000 0.984167 0.000000 0.177243 0.998221 0.998221 0.998221
5661.216309 0.000000 3994.474121 0.000000 0.994981 0.000000 0.100065 0.998749 0.998749 0.998749
5664.337402 0.000000 3978.723877 0.000000 0.968098 0.000000 0.250571 0.996839 0.996839 0.996839
5662.858887 0.000000 3991.387695 0.000000 0.965127 0.000000 0.261783 0.995371 0.995371 0.995371
5746.873047 0.000000 3942.242676 0.000000 0.954013 0.000000 0.299764 0.998480 0.998480 0.998480
5748.293945 0.000000 3929.021729 0.000000 0.812807 0.000000 0.582533 0.993790 0.993790 0.993790
5748.063477 0.000000 3935.271973 0.000000 0.838974 0.000000 0.544172 0.995690 0.995690 0.995690
5579.099609 0.000000 4124.550781 0.000000 0.799410 0.000000 0.600786 0.975865 0.975865 0.975865
5607.152832 0.000000 4066.401123 0.000000 0.993390 0.000000 0.114787 0.999426 0.999426 0.999426
5593.325684 0.000000 4122.953613 0.000000 0.956974 0.000000 0.290172 0.998530 0.998530 0.998530
5567.963379 0.000000 4104.277832 0.000000 0.831314 0.000000 0.555803 0.988230 0.988230 0.988230
5577.027344 0.000000 4115.041504 0.000000 0.855675 0.000000 0.517514 0.972840 0.972840 0.972840
5579.052734 0.000000 4128.822754 0.000000 0.907534 0.000000 0.419978 0.989179 0.989179 0.989179
5599.225586 0.000000 4166.144531 0.000000 0.840786 0.000000 0.541367 0.991431 0.991431 0.991431
5593.360352 0.000000 4166.213379 0.000000 0.977966 0.000000 0.208766 0.995274 0.995274 0.995274
5583.234863 0.000000 4170.861328 0.000000 0.795449 0.000000 0.606020 0.982121 0.982121 0.982121
5576.219238 0.000000 4120.151855 0.000000 0.858984 0.000000 0.512003 0.973161 0.973161 0.973161
5582.195312 0.000000 4125.234375 0.000000 0.761419 0.000000 0.648260 0.978870 0.978870 0.978870
5584.890137 0.000000 4113.560547 0.000000 0.995568 0.000000 0.094043 0.997414 0.997414 0.997414
5582.453125 0.000000 4111.130371 0.000000 0.748558 0.000000 0.663069 0.978283 0.978283 0.978283
5567.562012 0.000000 4118.287598 0.000000 0.807355 0.000000 0.590066 0.974789 0.974789 0.974789
5581.494141 0.000000 4119.656738 0.000000 0.737115 0.000000 0.675768 0.968508 0.968508 0.968508
5570.910156 0.000000 4174.730957 0.000000 0.947608 0.000000 0.319435 0.998377 0.998377 0.998377
5572.888672 0.000000 4263.196289 0.000000 0.765709 0.000000 0.643187 0.982558 0.982558 0.982558
5582.365234 0.000000 4274.573242 0.000000 0.959976 0.000000 0.280081 0.977321 0.977321 0.977321
5590.355957 0.000000 4206.414551 0.000000 0.941601 0.000000 0.336731 0.984566 0.984566 0.984566
5590.403320 0.000000 4279.290527 0.000000 0.987821 0.000000 0.155593 0.990639 0.990639 0.990639
5587.546387 0.000000 4198.404297 0.000000 0.896474 0.000000 0.443097 0.972495 0.972495 0.972495
5602.776855 0.000000 4266.306152 0.000000 0.985308 0.000000 0.170789 0.997858 0.997858 0.997858
5594.723145 0.000000 4211.877930 0.000000 0.994871 0.000000 0.101154 0.997217 0.997217 0.997217
5600.412109 0.000000 4196.246582 0.000000 0.936963 0.000000 0.349428 0.993762 0.993762 0.993762
5574.521484 0.000000 4202.101074 0.000000 0.801195 0.000000 0.598403 0.980781 0.980781 0.980781
5602.041016 0.000000 4260.641602 0.000000 0.963540 0.000000 0.267564 0.994590 0.994590 0.994590
5590.173828 0.000000 4273.924805 0.000000 0.812886 0.000000 0.582422 0.967406 0.967406 0.967406
5581.989258 0.000000 4197.453613 0.000000 0.934220 0.000000 0.356697 0.982699 0.982699 0.982699
5595.615723 0.000000 4206.318848 0.000000 0.968874 0.000000 0.247556 0.991881 0.991881 0.991881
5569.633789 0.000000 4266.975586 0.000000 0.792450 0.000000 0.609937 0.988536 0.988536 0.988536
5568.841797 0.000000 4260.702148 0.000000 0.989343 0.000000 0.145607 0.998541 0.998541 0.998541
5603.049805 0.000000 4200.165527 0.000000 0.933932 0.000000 0.357450 0.995437 0.995437 0.995437
5574.876953 0.000000 4172.395020 0.000000 0.926278 0.000000 0.376841 0.994212 0.994212 0.994212
5576.691406 0.000000 4246.423828 0.000000 0.952306 0.000000 0.305145 0.993807 0.993807 0.993807
5579.234375 0.000000 4277.346191 0.000000 0.971761 0.000000 0.235969 0.983348 0.983348 0.983348
5584.863281 0.000000 4194.488281 0.000000 0.873107 0.000000 0.487529 0.970758 0.970758 0.970758
5580.664551 0.000000 4211.409668 0.000000 0.759820 0.000000 0.650134 0.977030 0.977030 0.977030
5597.664551 0.000000 4214.716309 0.000000 0.959194 0.000000 0.282747 0.995706 0.995706 0.995706
5599.225586 0.000000 4273.129395 0.000000 0.864966 0.000000 0.501830 0.990813 0.990813 0.990813
5589.369629 0.000000 4243.561035 0.000000 0.932795 0.000000 0.360409 0.986193 0.986193 0.986193
5582.418945 0.000000 4242.590332 0.000000 0.989850 0.000000 0.142115 0.995372 0.995372 0.995372
5571.087891 0.000000 4202.052246 0.000000 0.982765 0.000000 0.184859 0.996751 0.996751 0.996751
5588.461914 0.000000 4265.784668 0.000000 0.797703 0.000000 0.603051 0.964447 0.964447 0.964447
5575.425781 0.000000 4186.391602 0.000000 0.936006 0.000000 0.351985 0.992816 0.992816 0.992816
5587.872070 0.000000 4236.655762 0.000000 0.951952 0.000000 0.306248 0.991452 0.991452 0.991452
5569.686523 0.000000 4274.995605 0.000000 0.793729 0.000000 0.608271 0.985308 0.985308 0.985308
5577.716309 0.000000 4268.378418 0.000000 0.809563 0.000000 0.587033 0.973373 0.973373 0.973373
5571.514648 0.000000 4269.625488 0.000000 0.789614 0.000000 0.613604 0.983507 0.983507 0.983507
5584.643066 0.000000 4198.976562 0.000000 0.750470 0.000000 0.660904 0.958541 0.958541 0.958541
5590.442383 0.000000 4270.792969 0.000000 0.956997 0.000000 0.290098 0.986039 0.986039 0.986039
5576.875977 0.000000 4209.664062 0.000000 0.880422 0.000000 0.474191 0.985199 0.985199 0.985199
5579.292969 0.000000 4190.616211 0.000000 0.805065 0.000000 0.593186 0.974635 0.974635 0.974635
5582.125000 0.000000 4200.313965 0.000000 0.906224 0.000000 0.422797 0.977114 0.977114 0.977114
5583.772949 0.000000 4246.721680 0.000000 0.936273 0.000000 0.351274 0.986559 0.986559 0.986559
5587.798828 0.000000 4253.976562 0.000000 0.922021 0.000000 0.387139 0.979159 0.979159 0.979159
5587.527344 0.000000 4211.937988 0.000000 0.865720 0.000000 0.500529 0.980369 0.980369 0.980369
5576.700195 0.000000 4190.140625 0.000000 0.898612 0.000000 0.438744 0.984125 0.984125 0.984125
5579.929199 0.000000 4264.446289 0.000000 0.823240 0.000000 0.567694 0.974378 0.974378 0.974378
5584.470703 0.000000 4263.022461 0.000000 0.896024 0.000000 0.444005 0.973583 0.973583 0.973583
5587.114746 0.000000 4279.334961 0.000000 0.863596 0.000000 0.504184 0.960422 0.960422 0.960422
5586.181641 0.000000 4267.625000 0.000000 0.937376 0.000000 0.348318 0.979571 0.979571 0.979571
5593.670410 0.000000 4270.692871 0.000000 0.984848 0.000000 0.173419 0.993038 0.993038 0.993038
5586.520508 0.000000 4203.051758 0.000000 0.957758 0.000000 0.287574 0.982523 0.982523 0.982523
5588.708984 0.000000 4272.200195 0.000000 0.995865 0.000000 0.090849 0.994549 0.994549 0.994549
5576.694824 0.000000 4270.452148 0.000000 0.898268 0.000000 0.439447 0.977282 0.977282 0.977282
5592.579102 0.000000 4194.771484 0.000000 0.744219 0.000000 0.667936 0.963479 0.963479 0.963479
5589.963867 0.000000 4257.676758 0.000000 0.994498 0.000000 0.104757 0.993450 0.993450 0.993450
5585.199219 0.000000 4204.743652 0.000000 0.837662 0.000000 0.546189 0.968264 0.968264 0.968264
5580.836914 0.000000 4278.554688 0.000000 0.992721 0.000000 0.120434 0.990958 0.990958 0.990958
5584.471191 0.000000 4276.301758 0.000000 0.866921 0.000000 0.498445 0.959616 0.959616 0.959616
5585.063965 0.000000 4278.400391 0.000000 0.797236 0.000000 0.603668 0.951460 0.951460 0.951460
5586.418457 0.000000 4275.228027 0.000000 0.910575 0.000000 0.413344 0.970213 0.970213 0.970213
5770.492676 0.000000 4153.657715 0.000000 0.989550 0.000000 0.144189 0.995665 0.995665 0.995665
5748.850586 0.000000 4168.394043 0.000000 0.935792 0.000000 0.352553 0.995502 0.995502 0.995502
5769.008301 0.000000 4169.495117 0.000000 0.990774 0.000000 0.135525 0.997285 0.997285 0.997285
5767.065430 0.000000 4143.918945 0.000000 0.801504 0.000000 0.597990 0.988798 0.988798 0.988798
5746.088379 0.000000 4165.607910 0.000000 0.912961 0.000000 0.408048 0.993704 0.993704 0.993704
5754.180664 0.000000 4149.013672 0.000000 0.925230 0.000000 0.379408 0.986398 0.986398 0.986398
5760.978516 0.000000 4156.446777 0.000000 0.778710 0.000000 0.627384 0.957672 0.957672 0.957672
5758.455078 0.000000 4156.038086 0.000000 0.901129 0.000000 0.433552 0.974251 0.974251 0.974251
5756.518555 0.000000 4158.466797 0.000000 0.917388 0.000000 0.397995 0.979562 0.979562 0.979562
5760.225586 0.000000 4163.639648 0.000000 0.770703 0.000000 0.637194 0.968955 0.968955 0.968955
5908.239746 0.000000 4130.959961 0.000000 0.970439 0.000000 0.241346 0.990263 0.990263 0.990263
5915.318848 0.000000 4122.204102 0.000000 0.825248 0.000000 0.564770 0.992508 0.992508 0.992508
5900.215820 0.000000 4127.320801 0.000000 0.808033 0.000000 0.589138 0.987418 0.987418 0.987418
5902.224121 0.000000 4136.503906 0.000000 0.992764 0.000000 0.120085 0.994891 0.994891 0.994891
5907.626465 0.000000 4147.376953 0.000000 0.757733 0.000000 0.652564 0.973376 0.973376 0.973376
5908.549805 0.000000 4160.853027 0.000000 0.940034 0.000000 0.341082 0.996524 0.996524 0.996524
5912.418945 0.000000 4169.999023 0.000000 0.807361 0.000000 0.590057 0.977941 0.977941 0.977941
5904.493164 0.000000 4126.609375 0.000000 0.977682 0.000000 0.210091 0.994716 0.994716 0.994716
5903.530762 0.000000 4169.810547 0.000000 0.930862 0.000000 0.365372 0.991596 0.991596 0.991596
5896.016113 0.000000 4128.769043 0.000000 0.925768 0.000000 0.378092 0.994192 0.994192 0.994192
5907.137695 0.000000 4164.680176 0.000000 0.767165 0.000000 0.641450 0.986091 0.986091 0.986091
5896.567871 0.000000 4135.738770 0.000000 0.976797 0.000000 0.214166 0.994612 0.994612 0.994612
5910.578125 0.000000 4138.515625 0.000000 0.934316 0.000000 0.356447 0.978162 0.978162 0.978162
5899.833008 0.000000 4148.044922 0.000000 0.957161 0.000000 0.289556 0.994133 0.994133 0.994133
5905.543945 0.000000 4133.649902 0.000000 0.925253 0.000000 0.379350 0.984458 0.984458 0.984458
5910.136230 0.000000 4166.271484 0.000000 0.810371 0.000000 0.585918 0.982808 0.982808 0.982808
5914.369141 0.000000 4145.889648 0.000000 0.909707 0.000000 0.415250 0.982895 0.982895 0.982895
5904.668945 0.000000 4166.707520 0.000000 0.863748 0.000000 0.503924 0.988133 0.988133 0.988133
5914.980957 0.000000 4141.524414 0.000000 0.864011 0.000000 0.503473 0.974973 0.974973 0.974973
5908.410156 0.000000 4171.593262 0.000000 0.994873 0.000000 0.101132 0.995953 0.995953 0.995953
5904.690918 0.000000 4135.951660 0.000000 0.965669 0.000000 0.259775 0.988191 0.988191 0.988191
5910.405273 0.000000 4136.151367 0.000000 0.992054 0.000000 0.125815 0.993071 0.993071 0.993071
5794.945801 0.000000 4247.639160 0.000000 0.786481 0.000000 0.617614 0.995014 0.995014 0.995014
5743.453125 0.000000 4196.089844 0.000000 0.923686 0.000000 0.383149 0.997055 0.997055 0.997055
5764.340332 0.000000 4206.414551 0.000000 0.845346 0.000000 0.534220 0.998593 0.998593 0.998593
5823.051758 0.000000 4261.456543 0.000000 0.965474 0.000000 0.260501 0.993421 0.993421 0.993421
5775.781250 0.000000 4184.619629 0.000000 0.958940 0.000000 0.283610 0.995693 0.995693 0.995693
5754.369629 0.000000 4172.479004 0.000000 0.848421 0.000000 0.529321 0.984682 0.984682 0.984682
5766.804199 0.000000 4185.307617 0.000000 0.962399 0.000000 0.271639 0.989698 0.989698 0.989698
5819.438477 0.000000 4227.770508 0.000000 0.841280 0.000000 0.540599 0.988593 0.988593 0.988593
5798.341797 0.000000 4240.678711 0.000000 0.994914 0.000000 0.100732 0.997733 0.997733 0.997733
5787.394531 0.000000 4196.098145 0.000000 0.920093 0.000000 0.391700 0.982918 0.982918 0.982918
5801.674316 0.000000 4269.117188 0.000000 0.953669 0.000000 0.300856 0.997711 0.997711 0.997711
5767.019531 0.000000 4200.456543 0.000000 0.965705 0.000000 0.259642 0.994754 0.994754 0.994754
5797.937988 0.000000 4219.300781 0.000000 0.949336 0.000000 0.314263 0.996010 0.996010 0.996010
5798.723145 0.000000 4211.241211 0.000000 0.774007 0.000000 0.633177 0.984594 0.984594 0.984594
5792.706543 0.000000 4201.254395 0.000000 0.938233 0.000000 0.346004 0.984123 0.984123 0.984123
5824.023926 0.000000 4226.060547 0.000000 0.989684 0.000000 0.143266 0.998564 0.998564 0.998564
5799.476074 0.000000 4249.758789 0.000000 0.788378 0.000000 0.615191 0.990074 0.990074 0.990074
5790.529785 0.000000 4192.165527 0.000000 0.985291 0.000000 0.170882 0.995284 0.995284 0.995284
5801.374023 0.000000 4198.437012 0.000000 0.965579 0.000000 0.260111 0.994745 0.994745 0.994745
5804.964355 0.000000 4266.145020 0.000000 0.900623 0.000000 0.434601 0.992143 0.992143 0.992143
5751.329590 0.000000 4192.692871 0.000000 0.972039 0.000000 0.234821 0.991715 0.991715 0.991715
5809.575684 0.000000 4242.723145 0.000000 0.936862 0.000000 0.349700 0.982162 0.982162 0.982162
5769.092285 0.000000 4172.800781 0.000000 0.847709 0.000000 0.530462 0.988833 0.988833 0.988833
5764.924805 0.000000 4196.107422 0.000000 0.985277 0.000000 0.170965 0.994424 0.994424 0.994424
5758.847656 0.000000 4194.488281 0.000000 0.987154 0.000000 0.159772 0.993190 0.993190 0.993190
5809.471680 0.000000 4264.735352 0.000000 0.887923 0.000000 0.459992 0.988067 0.988067 0.988067
5762.334961 0.000000 4177.590332 0.000000 0.907193 0.000000 0.420714 0.986991 0.986991 0.986991
5797.641602 0.000000 4215.244629 0.000000 0.995990 0.000000 0.089463 0.998211 0.998211 0.998211
5746.458008 0.000000 4198.708496 0.000000 0.990643 0.000000 0.136476 0.997949 0.997949 0.997949
5791.995605 0.000000 4204.984375 0.000000 0.914735 0.000000 0.404054 0.978193 0.978193 0.978193
5817.767578 0.000000 4251.811035 0.000000 0.903524 0.000000 0.428538 0.987838 0.987838 0.987838
5778.766113 0.000000 4209.569336 0.000000 0.993504 0.000000 0.113796 0.996299 0.996299 0.996299
5790.025879 0.000000 4213.717285 0.000000 0.738295 0.000000 0.674477 0.974127 0.974127 0.974127
5751.566406 0.000000 4200.083008 0.000000 0.918995 0.000000 0.394268 0.992918 0.992918 0.992918
5810.921387 0.000000 4250.163574 0.000000 0.742923 0.000000 0.669377 0.978029 0.978029 0.978029
5748.983398 0.000000 4179.916504 0.000000 0.750366 0.000000 0.661022 0.983773 0.983773 0.983773
5795.576172 0.000000 4203.673828 0.000000 0.836327 0.000000 0.548231 0.975374 0.975374 0.975374
5789.502930 0.000000 4200.843750 0.000000 0.855510 0.000000 0.517786 0.971466 0.971466 0.971466
5814.496582 0.000000 4274.294922 0.000000 0.901270 0.000000 0.433257 0.978744 0.978744 0.978744
5817.676758 0.000000 4273.692383 0.000000 0.888335 0.000000 0.459196 0.973796 0.973796 0.973796
5819.125000 0.000000 4230.827637 0.000000 0.894944 0.000000 0.446178 0.986144 0.986144 0.986144
5798.120117 0.000000 4208.067871 0.000000 0.990484 0.000000 0.137628 0.996553 0.996553 0.996553
5757.426758 0.000000 4172.484863 0.000000 0.825648 0.000000 0.564185 0.982041 0.982041 0.982041
5791.809082 0.000000 4208.025879 0.000000 0.970787 0.000000 0.239942 0.988506 0.988506 0.988506
5762.221191 0.000000 4189.780762 0.000000 0.874492 0.000000 0.485041 0.973450 0.973450 0.973450
5800.776367 0.000000 4234.163574 0.000000 0.967153 0.000000 0.254194 0.992942 0.992942 0.992942
5828.410156 0.000000 4274.702148 0.000000 0.817571 0.000000 0.575828 0.977021 0.977021 0.977021
5764.423828 0.000000 4198.984375 0.000000 0.955092 0.000000 0.296308 0.992490 0.992490 0.992490
5804.603027 0.000000 4230.846191 0.000000 0.803314 0.000000 0.595556 0.980888 0.980888 0.980888
5800.350586 0.000000 4242.762695 0.000000 0.807752 0.000000 0.589522 0.982686 0.982686 0.982686
5753.277344 0.000000 4190.616211 0.000000 0.991594 0.000000 0.129389 0.994493 0.994493 0.994493
5809.341309 0.000000 4238.854980 0.000000 0.841408 0.000000 0.540401 0.968643 0.968643 0.968643
5787.987305 0.000000 4198.646973 0.000000 0.741650 0.000000 0.670787 0.965123 0.965123 0.965123
5784.111328 0.000000 4202.523438 0.000000 0.936107 0.000000 0.351716 0.980260 0.980260 0.980260
5764.965332 0.000000 4183.442383 0.000000 0.963110 0.000000 0.269109 0.989116 0.989116 0.989116
5761.975098 0.000000 4181.172363 0.000000 0.771283 0.000000 0.636492 0.972440 0.972440 0.972440
5812.410645 0.000000 4241.938965 0.000000 0.919823 0.000000 0.392333 0.976850 0.976850 0.976850
5756.346680 0.000000 4194.627930 0.000000 0.869753 0.000000 0.493487 0.978096 0.978096 0.978096
5807.322754 0.000000 4241.780273 0.000000 0.757858 0.000000 0.652420 0.966285 0.966285 0.966285
5819.282715 0.000000 4266.496094 0.000000 0.900138 0.000000 0.435605 0.979746 0.979746 0.979746
5827.365723 0.000000 4270.043457 0.000000 0.945870 0.000000 0.324547 0.985147 0.985147 0.985147
5827.494629 0.000000 4278.133789 0.000000 0.773259 0.000000 0.634090 0.972565 0.972565 0.972565
5757.829102 0.000000 4186.380859 0.000000 0.972825 0.000000 0.231542 0.987166 0.987166 0.987166
5793.399902 0.000000 4203.358887 0.000000 0.882436 0.000000 0.470432 0.976768 0.976768 0.976768
5892.468262 0.000000 4174.309570 0.000000 0.996522 0.000000 0.083330 0.999792 0.999792 0.999792
5912.334961 0.000000 4221.010742 0.000000 0.972414 0.000000 0.233261 0.996473 0.996473 0.996473
5829.005859 0.000000 4256.068359 0.000000 0.851268 0.000000 0.524731 0.995863 0.995863 0.995863
5828.962891 0.000000 4245.555664 0.000000 0.919285 0.000000 0.393591 0.995960 0.995960 0.995960
5835.842773 0.000000 4275.378418 0.000000 0.992646 0.000000 0.121052 0.997576 0.997576 0.997576
5914.144531 0.000000 4178.373047 0.000000 0.942202 0.000000 0.335044 0.981235 0.981235 0.981235
5839.894043 0.000000 4271.386230 0.000000 0.825557 0.000000 0.564319 0.994012 0.994012 0.994012
5897.804199 0.000000 4172.479004 0.000000 0.984878 0.000000 0.173250 0.997826 0.997826 0.997826
5913.964844 0.000000 4191.277832 0.000000 0.952752 0.000000 0.303749 0.992295 0.992295 0.992295
5914.979980 0.000000 4173.579102 0.000000 0.891717 0.000000 0.452593 0.978894 0.978894 0.978894
5906.227051 0.000000 4193.312500 0.000000 0.789869 0.000000 0.613275 0.988462 0.988462 0.988462
5832.491211 0.000000 4269.625488 0.000000 0.996425 0.000000 0.084479 0.997888 0.997888 0.997888
5906.265137 0.000000 4179.078125 0.000000 0.994912 0.000000 0.100746 0.995213 0.995213 0.995213
5903.793457 0.000000 4176.745117 0.000000 0.826592 0.000000 0.562801 0.980599 0.980599 0.980599
5828.842285 0.000000 4269.096191 0.000000 0.977238 0.000000 0.212147 0.992528 0.992528 0.992528
5904.492188 0.000000 4186.748047 0.000000 0.996580 0.000000 0.082636 0.997522 0.997522 0.997522
5913.130371 0.000000 4172.557617 0.000000 0.812476 0.000000 0.582995 0.970476 0.970476 0.970476
5989.572266 0.000000 4164.175293 0.000000 0.912760 0.000000 0.408497 0.995798 0.995798 0.995798
5969.062500 0.000000 4117.441406 0.000000 0.873248 0.000000 0.487276 0.980940 0.980940 0.980940
5961.166992 0.000000 4108.726074 0.000000 0.969451 0.000000 0.245284 0.995051 0.995051 0.995051
5979.485352 0.000000 4168.443359 0.000000 0.867545 0.000000 0.497358 0.998700 0.998700 0.998700
5975.768555 0.000000 4124.406250 0.000000 0.943214 0.000000 0.332186 0.991546 0.991546 0.991546
5928.533691 0.000000 4159.944336 0.000000 0.790989 0.000000 0.611830 0.986851 0.986851 0.986851
5972.326172 0.000000 4133.693848 0.000000 0.986019 0.000000 0.166632 0.996656 0.996656 0.996656
5929.006836 0.000000 4139.450684 0.000000 0.842146 0.000000 0.539250 0.982937 0.982937 0.982937
5917.544434 0.000000 4123.604980 0.000000 0.930158 0.000000 0.367161 0.996246 0.996246 0.996246
5944.066406 0.000000 4137.978027 0.000000 0.864637 0.000000 0.502397 0.986859 0.986859 0.986859
5951.618164 0.000000 4143.800781 0.000000 0.833432 0.000000 0.552622 0.986844 0.986844 0.986844
5922.047852 0.000000 4149.240723 0.000000 0.965670 0.000000 0.259773 0.992127 0.992127 0.992127
5915.910645 0.000000 4170.692383 0.000000 0.811217 0.000000 0.584745 0.975052 0.975052 0.975052
5950.009766 0.000000 4153.656738 0.000000 0.844860 0.000000 0.534987 0.987316 0.987316 0.987316
5957.722168 0.000000 4121.979004 0.000000 0.800520 0.000000 0.599306 0.971121 0.971121 0.971121
5948.125488 0.000000 4149.241211 0.000000 0.993216 0.000000 0.116285 0.996217 0.996217 0.996217
5999.411133 0.000000 4169.999023 0.000000 0.982196 0.000000 0.187858 0.991979 0.991979 0.991979
5932.962891 0.000000 4158.512207 0.000000 0.784164 0.000000 0.620554 0.983287 0.983287 0.983287
5925.553223 0.000000 4146.212402 0.000000 0.973023 0.000000 0.230709 0.992444 0.992444 0.992444
5925.392578 0.000000 4156.551270 0.000000 0.949144 0.000000 0.314843 0.995202 0.995202 0.995202
5954.536621 0.000000 4135.393555 0.000000 0.924357 0.000000 0.381529 0.991205 0.991205 0.991205
5918.099609 0.000000 4134.918945 0.000000 0.854342 0.000000 0.519711 0.982263 0.982263 0.982263
5971.625977 0.000000 4108.260254 0.000000 0.963636 0.000000 0.267218 0.995948 0.995948 0.995948
5924.211914 0.000000 4132.725098 0.000000 0.859747 0.000000 0.510719 0.991971 0.991971 0.991971
5930.868164 0.000000 4151.476562 0.000000 0.827494 0.000000 0.561474 0.977675 0.977675 0.977675
5915.747559 0.000000 4127.014160 0.000000 0.962108 0.000000 0.272668 0.993795 0.993795 0.993795
5954.086426 0.000000 4114.756348 0.000000 0.941314 0.000000 0.337533 0.989685 0.989685 0.989685
5936.430664 0.000000 4158.800293 0.000000 0.801246 0.000000 0.598335 0.980784 0.980784 0.980784
5968.872559 0.000000 4137.032715 0.000000 0.865609 0.000000 0.500721 0.990835 0.990835 0.990835
5928.165039 0.000000 4149.013672 0.000000 0.929053 0.000000 0.369946 0.987701 0.987701 0.987701
5967.554199 0.000000 4120.826660 0.000000 0.990542 0.000000 0.137212 0.993127 0.993127 0.993127
5951.403809 0.000000 4147.262695 0.000000 0.897369 0.000000 0.441281 0.987449 0.987449 0.987449
5954.555176 0.000000 4123.261719 0.000000 0.751431 0.000000 0.659812 0.971217 0.971217 0.971217
5969.174805 0.000000 4114.308594 0.000000 0.840087 0.000000 0.542451 0.981392 0.981392 0.981392
5933.559570 0.000000 4145.401855 0.000000 0.746762 0.000000 0.665091 0.967303 0.967303 0.967303
5953.590332 0.000000 4118.118164 0.000000 0.760026 0.000000 0.649893 0.977040 0.977040 0.977040
5950.950684 0.000000 4150.453125 0.000000 0.782771 0.000000 0.622309 0.983231 0.983231 0.983231
5972.813477 0.000000 4124.660156 0.000000 0.806163 0.000000 0.591694 0.979451 0.979451 0.979451
5975.729004 0.000000 4121.424805 0.000000 0.956317 0.000000 0.292330 0.991853 0.991853 0.991853
5970.432617 0.000000 4120.416504 0.000000 0.963675 0.000000 0.267076 0.989876 0.989876 0.989876
5925.238281 0.000000 4142.732422 0.000000 0.990256 0.000000 0.139259 0.995117 0.995117 0.995117
5995.402344 0.000000 4171.593262 0.000000 0.965759 0.000000 0.259441 0.992138 0.992138 0.992138
5942.947754 0.000000 4145.951660 0.000000 0.995205 0.000000 0.097808 0.995353 0.995353 0.995353
5940.545898 0.000000 4141.188477 0.000000 0.837202 0.000000 0.546894 0.975441 0.975441 0.975441
5917.483887 0.000000 4141.283203 0.000000 0.939313 0.000000 0.343061 0.986012 0.986012 0.986012
5934.962891 0.000000 4156.446777 0.000000 0.798938 0.000000 0.601414 0.979058 0.979058 0.979058
5971.711914 0.000000 4117.507812 0.000000 0.923056 0.000000 0.384666 0.987185 0.987185 0.987185
5922.895020 0.000000 4146.746094 0.000000 0.803041 0.000000 0.595923 0.979280 0.979280 0.979280
5931.521484 0.000000 4144.157227 0.000000 0.745207 0.000000 0.666833 0.972665 0.972665 0.972665
5962.816406 0.000000 4119.131348 0.000000 0.842097 0.000000 0.539326 0.970135 0.970135 0.970135
5935.831543 0.000000 4142.088379 0.000000 0.765194 0.000000 0.643800 0.968568 0.968568 0.968568
6056.136719 0.000000 4100.003906 0.000000 0.783486 0.000000 0.621409 0.976564 0.976564 0.976564
6067.695801 0.000000 4132.459473 0.000000 0.821894 0.000000 0.569640 0.965199 0.965199 0.965199
6020.895996 0.000000 4153.947754 0.000000 0.848246 0.000000 0.529602 0.993033 0.993033 0.993033
6061.247070 0.000000 4078.835938 0.000000 0.837388 0.000000 0.546609 0.995669 0.995669 0.995669
6015.275391 0.000000 4132.577637 0.000000 0.762883 0.000000 0.646536 0.973673 0.973673 0.973673
6029.630371 0.000000 4129.618164 0.000000 0.993392 0.000000 0.114774 0.995980 0.995980 0.995980
6003.310547 0.000000 4164.797363 0.000000 0.957778 0.000000 0.287507 0.986167 0.986167 0.986167
6062.760742 0.000000 4124.406250 0.000000 0.937971 0.000000 0.346714 0.989393 0.989393 0.989393
6074.200195 0.000000 4127.320801 0.000000 0.927790 0.000000 0.373102 0.987591 0.987591 0.987591
6014.060547 0.000000 4124.550781 0.000000 0.981228 0.000000 0.192851 0.995155 0.995155 0.995155
6025.424316 0.000000 4147.808105 0.000000 0.917875 0.000000 0.396869 0.988793 0.988793 0.988793
6009.827148 0.000000 4168.394043 0.000000 0.944633 0.000000 0.328128 0.981638 0.981638 0.981638
6035.576172 0.000000 4125.538574 0.000000 0.888711 0.000000 0.458467 0.992866 0.992866 0.992866
6041.882812 0.000000 4110.433594 0.000000 0.842685 0.000000 0.538406 0.995742 0.995742 0.995742
6038.122070 0.000000 4131.388672 0.000000 0.992899 0.000000 0.118960 0.998512 0.998512 0.998512
6053.043457 0.000000 4135.027344 0.000000 0.988829 0.000000 0.149054 0.997385 0.997385 0.997385
6064.189453 0.000000 4150.477539 0.000000 0.989614 0.000000 0.143748 0.998199 0.998199 0.998199
6027.678223 0.000000 4134.311523 0.000000 0.796098 0.000000 0.605168 0.965923 0.965923 0.965923
6020.005371 0.000000 4142.171387 0.000000 0.989058 0.000000 0.147528 0.994085 0.994085 0.994085
6053.863770 0.000000 4111.851074 0.000000 0.736387 0.000000 0.676560 0.990724 0.990724 0.990724
6013.878418 0.000000 4164.401367 0.000000 0.741130 0.000000 0.671362 0.972436 0.972436 0.972436
6062.350586 0.000000 4091.452637 0.000000 0.886665 0.000000 0.462413 0.989199 0.989199 0.989199
6078.477539 0.000000 4126.609375 0.000000 0.942770 0.000000 0.333445 0.992362 0.992362 0.992362
6038.187012 0.000000 4081.817871 0.000000 0.827591 0.000000 0.561332 0.992560 0.992560 0.992560
6011.652344 0.000000 4139.438965 0.000000 0.994393 0.000000 0.105750 0.997355 0.997355 0.997355
6014.195312 0.000000 4170.361328 0.000000 0.978466 0.000000 0.206406 0.992734 0.992734 0.992734
6017.383301 0.000000 4121.640137 0.000000 0.742175 0.000000 0.670206 0.987164 0.987164 0.987164
6036.650391 0.000000 4085.448486 0.000000 0.990218 0.000000 0.139531 0.997554 0.997554 0.997554
6019.292969 0.000000 4131.332520 0.000000 0.908007 0.000000 0.418955 0.979494 0.979494 0.979494
6052.041504 0.000000 4090.715820 0.000000 0.741028 0.000000 0.671475 0.963241 0.963241 0.963241
6033.352051 0.000000 4122.488770 0.000000 0.781207 0.000000 0.624272 0.989901 0.989901 0.989901
6015.081055 0.000000 4143.400391 0.000000 0.992766 0.000000 0.120064 0.996394 0.996394 0.996394
6025.295898 0.000000 4120.590820 0.000000 0.925350 0.000000 0.379113 0.993205 0.993205 0.993205
6025.966309 0.000000 4130.773438 0.000000 0.868015 0.000000 0.496538 0.975353 0.975353 0.975353
6024.330566 0.000000 4136.576660 0.000000 0.830593 0.000000 0.556880 0.967561 0.967561 0.967561
6037.575195 0.000000 4096.864746 0.000000 0.893478 0.000000 0.449108 0.989535 0.989535 0.989535
6052.972168 0.000000 4098.000000 0.000000 0.761536 0.000000 0.648123 0.966553 0.966553 0.966553
6067.128418 0.000000 4148.204102 0.000000 0.898562 0.000000 0.438847 0.992060 0.992060 0.992060
6065.469727 0.000000 4098.932617 0.000000 0.864294 0.000000 0.502986 0.990789 0.990789 0.990789
6056.693848 0.000000 4092.501221 0.000000 0.740644 0.000000 0.671898 0.968731 0.968731 0.968731
6004.647461 0.000000 4168.010742 0.000000 0.740756 0.000000 0.671774 0.954026 0.954026 0.954026
6037.287109 0.000000 4134.464355 0.000000 0.992137 0.000000 0.125156 0.997494 0.997494 0.997494
6028.210938 0.000000 4126.490234 0.000000 0.872420 0.000000 0.488756 0.984701 0.984701 0.984701
6045.543945 0.000000 4081.016113 0.000000 0.847615 0.000000 0.530612 0.987433 0.987433 0.987433
6010.354492 0.000000 4165.331543 0.000000 0.863179 0.000000 0.504899 0.977537 0.977537 0.977537
6006.475586 0.000000 4162.640625 0.000000 0.985904 0.000000 0.167312 0.992446 0.992446 0.992446
6059.805664 0.000000 4124.660156 0.000000 0.994905 0.000000 0.100820 0.997479 0.997479 0.997479
6061.752930 0.000000 4127.179199 0.000000 0.968810 0.000000 0.247804 0.991873 0.991873 0.991873
6019.537598 0.000000 4123.597656 0.000000 0.941566 0.000000 0.336830 0.991423 0.991423 0.991423
6021.764160 0.000000 4140.006836 0.000000 0.852163 0.000000 0.523276 0.973878 0.973878 0.973878
6029.939941 0.000000 4145.951660 0.000000 0.809009 0.000000 0.587796 0.982745 0.982745 0.982745
6007.288574 0.000000 4159.529785 0.000000 0.986881 0.000000 0.161447 0.994737 0.994737 0.994737
6002.826660 0.000000 4162.111328 0.000000 0.757617 0.000000 0.652700 0.969818 0.969818 0.969818
6018.733887 0.000000 4139.737305 0.000000 0.795818 0.000000 0.605536 0.969147 0.969147 0.969147
6071.507812 0.000000 4126.518555 0.000000 0.933173 0.000000 0.359426 0.985314 0.985314 0.985314
6029.717773 0.000000 4132.344238 0.000000 0.961616 0.000000 0.274398 0.987509 0.987509 0.987509
6011.393066 0.000000 4170.489746 0.000000 0.945768 0.000000 0.324841 0.984307 0.984307 0.984307
6051.495117 0.000000 4096.057129 0.000000 0.839862 0.000000 0.542801 0.968486 0.968486 0.968486
6009.129883 0.000000 4171.413574 0.000000 0.775396 0.000000 0.631475 0.964168 0.964168 0.964168
6064.271973 0.000000 4136.376465 0.000000 0.906037 0.000000 0.423198 0.978182 0.978182 0.978182
6053.552734 0.000000 4088.764648 0.000000 0.986394 0.000000 0.164396 0.992166 0.992166 0.992166
6022.593262 0.000000 4137.966797 0.000000 0.956042 0.000000 0.293230 0.982168 0.982168 0.982168
5979.460449 0.000000 4174.309570 0.000000 0.858999 0.000000 0.511978 0.990607 0.990607 0.990607
5924.504395 0.000000 4212.484863 0.000000 0.864527 0.000000 0.502586 0.972392 0.972392 0.972392
5984.791016 0.000000 4226.074707 0.000000 0.962299 0.000000 0.271993 0.995186 0.995186 0.995186
5961.739746 0.000000 4188.086914 0.000000 0.974011 0.000000 0.226500 0.992014 0.992014 0.992014
5921.595215 0.000000 4225.254883 0.000000 0.854795 0.000000 0.518966 0.985016 0.985016 0.985016
5974.254883 0.000000 4185.820801 0.000000 0.796611 0.000000 0.604493 0.969209 0.969209 0.969209
5938.206055 0.000000 4218.013184 0.000000 0.960117 0.000000 0.279600 0.992218 0.992218 0.992218
5976.194336 0.000000 4215.386230 0.000000 0.853114 0.000000 0.521724 0.986297 0.986297 0.986297
5968.869629 0.000000 4196.210449 0.000000 0.877482 0.000000 0.479609 0.982517 0.982517 0.982517
5915.691895 0.000000 4184.810059 0.000000 0.803248 0.000000 0.595645 0.972920 0.972920 0.972920
5928.088379 0.000000 4202.442871 0.000000 0.864156 0.000000 0.503224 0.985519 0.985519 0.985519
5989.057129 0.000000 4174.246582 0.000000 0.990731 0.000000 0.135837 0.998639 0.998639 0.998639
5929.717773 0.000000 4221.040039 0.000000 0.907574 0.000000 0.419891 0.980527 0.980527 0.980527
5993.422852 0.000000 4227.770508 0.000000 0.982950 0.000000 0.183872 0.996768 0.996768 0.996768
5957.281250 0.000000 4180.385254 0.000000 0.795440 0.000000 0.606032 0.988622 0.988622 0.988622
5932.727539 0.000000 4212.272949 0.000000 0.815923 0.000000 0.578161 0.970758 0.970758 0.970758
5977.460938 0.000000 4223.893066 0.000000 0.751263 0.000000 0.660003 0.989203 0.989203 0.989203
5961.378906 0.000000 4196.098145 0.000000 0.917297 0.000000 0.398204 0.989775 0.989775 0.989775
5917.544434 0.000000 4230.589355 0.000000 0.996519 0.000000 0.083369 0.999375 0.999375 0.999375
5972.277832 0.000000 4201.688477 0.000000 0.942467 0.000000 0.334298 0.990639 0.990639 0.990639
5941.003906 0.000000 4200.456543 0.000000 0.863952 0.000000 0.503575 0.996047 0.996047 0.996047
5919.433105 0.000000 4180.232422 0.000000 0.952565 0.000000 0.304336 0.986875 0.986875 0.986875
5990.326660 0.000000 4179.727051 0.000000 0.839063 0.000000 0.544034 0.992819 0.992819 0.992819
5972.707520 0.000000 4211.241211 0.000000 0.869443 0.000000 0.494034 0.992260 0.992260 0.992260
5934.638672 0.000000 4223.200195 0.000000 0.826803 0.000000 0.562492 0.980611 0.980611 0.980611
5926.757324 0.000000 4207.562988 0.000000 0.776021 0.000000 0.630707 0.972739 0.972739 0.972739
5996.096191 0.000000 4205.625488 0.000000 0.912115 0.000000 0.409935 0.987346 0.987346 0.987346
5929.958008 0.000000 4197.453613 0.000000 0.961217 0.000000 0.275794 0.997210 0.997210 0.997210
5993.872559 0.000000 4176.173828 0.000000 0.928087 0.000000 0.372365 0.992379 0.992379 0.992379
5998.008301 0.000000 4226.060547 0.000000 0.970164 0.000000 0.242448 0.996943 0.996943 0.996943
5929.373535 0.000000 4177.427734 0.000000 0.945933 0.000000 0.324362 0.995052 0.995052 0.995052
5961.001953 0.000000 4177.780273 0.000000 0.990798 0.000000 0.135352 0.997288 0.997288 0.997288
5960.028320 0.000000 4200.504883 0.000000 0.968997 0.000000 0.247074 0.996260 0.996260 0.996260
5924.996094 0.000000 4222.026367 0.000000 0.865106 0.000000 0.501590 0.980323 0.980323 0.980323
5915.917480 0.000000 4177.804688 0.000000 0.953644 0.000000 0.300937 0.983211 0.983211 0.983211
6000.205078 0.000000 4183.210938 0.000000 0.915408 0.000000 0.402528 0.991726 0.991726 0.991726
5917.741211 0.000000 4226.644043 0.000000 0.791244 0.000000 0.611500 0.990144 0.990144 0.990144
5941.043457 0.000000 4220.373535 0.000000 0.827522 0.000000 0.561434 0.988094 0.988094 0.988094
5926.083496 0.000000 4218.186523 0.000000 0.971648 0.000000 0.236432 0.987486 0.987486 0.987486
5970.453125 0.000000 4186.415039 0.000000 0.781262 0.000000 0.624204 0.959609 0.959609 0.959609
5922.967773 0.000000 4179.916504 0.000000 0.966589 0.000000 0.256333 0.991587 0.991587 0.991587
5935.149902 0.000000 4205.268066 0.000000 0.817773 0.000000 0.575540 0.983159 0.983159 0.983159
5969.701660 0.000000 4199.485840 0.000000 0.814090 0.000000 0.580739 0.981437 0.981437 0.981437
5921.118164 0.000000 4177.169922 0.000000 0.790110 0.000000 0.612965 0.975291 0.975291 0.975291
6000.004883 0.000000 4208.221680 0.000000 0.884900 0.000000 0.465780 0.986694 0.986694 0.986694
5999.581055 0.000000 4175.488281 0.000000 0.829962 0.000000 0.557819 0.977840 0.977840 0.977840
5916.454102 0.000000 4214.150391 0.000000 0.825184 0.000000 0.564865 0.982017 0.982017 0.982017
5915.714844 0.000000 4187.904297 0.000000 0.878070 0.000000 0.478532 0.982560 0.982560 0.982560
5971.217773 0.000000 4180.212891 0.000000 0.992392 0.000000 0.123121 0.994761 0.994761 0.994761
5924.844727 0.000000 4209.664062 0.000000 0.833893 0.000000 0.551926 0.973726 0.973726 0.973726
5921.966797 0.000000 4211.328613 0.000000 0.833122 0.000000 0.553090 0.976590 0.976590 0.976590
5963.906250 0.000000 4194.942871 0.000000 0.862979 0.000000 0.505240 0.982810 0.982810 0.982810
5996.362793 0.000000 4174.985352 0.000000 0.975110 0.000000 0.221722 0.992744 0.992744 0.992744
5977.338379 0.000000 4196.397461 0.000000 0.869405 0.000000 0.494099 0.983227 0.983227 0.983227
5990.341797 0.000000 4216.222168 0.000000 0.963309 0.000000 0.268395 0.986432 0.986432 0.986432
5926.983398 0.000000 4213.623047 0.000000 0.996483 0.000000 0.083796 0.995183 0.995183 0.995183
5917.737305 0.000000 4172.391113 0.000000 0.842201 0.000000 0.539164 0.975832 0.975832 0.975832
5985.018066 0.000000 4207.627930 0.000000 0.812919 0.000000 0.582377 0.973616 0.973616 0.973616
5927.256836 0.000000 4220.410645 0.000000 0.773599 0.000000 0.633675 0.969159 0.969159 0.969159
5972.997559 0.000000 4178.139160 0.000000 0.879089 0.000000 0.476658 0.982634 0.982634 0.982634
5978.240723 0.000000 4187.463379 0.000000 0.976999 0.000000 0.213246 0.991953 0.991953 0.991953
5929.416992 0.000000 4207.760254 0.000000 0.949806 0.000000 0.312839 0.987290 0.987290 0.987290
5966.834961 0.000000 4191.127930 0.000000 0.740151 0.000000 0.672441 0.963176 0.963176 0.963176
5987.279785 0.000000 4208.662598 0.000000 0.984169 0.000000 0.177233 0.991104 0.991104 0.991104
5995.270996 0.000000 4210.659180 0.000000 0.966109 0.000000 0.258135 0.988267 0.988267 0.988267
6000.122559 0.000000 4172.557617 0.000000 0.897993 0.000000 0.440009 0.978388 0.978388 0.978388
5972.782715 0.000000 4187.347168 0.000000 0.814742 0.000000 0.579824 0.966029 0.966029 0.966029
6002.924316 0.000000 4211.262207 0.000000 0.916312 0.000000 0.400466 0.990742 0.990742 0.990742
6011.535156 0.000000 4176.900391 0.000000 0.992457 0.000000 0.122597 0.995704 0.995704 0.995704
6002.891113 0.000000 4222.928223 0.000000 0.815363 0.000000 0.578950 0.992293 0.992293 0.992293
6016.365723 0.000000 4177.427734 0.000000 0.911258 0.000000 0.411836 0.990463 0.990463 0.990463
6007.177734 0.000000 4185.429199 0.000000 0.807666 0.000000 0.589640 0.990554 0.990554 0.990554
6003.129883 0.000000 4181.358887 0.000000 0.991987 0.000000 0.126342 0.996521 0.996521 0.996521
6018.403320 0.000000 4172.484863 0.000000 0.985885 0.000000 0.167426 0.996220 0.996220 0.996220
6004.729492 0.000000 4172.391113 0.000000 0.898507 0.000000 0.438959 0.976175 0.976175 0.976175
6005.663574 0.000000 4177.787109 0.000000 0.758150 0.000000 0.652081 0.971626 0.971626 0.971626
6128.875000 0.000000 4217.417969 0.000000 0.937896 0.000000 0.346917 0.923934 0.923934 0.923934
6135.006348 0.000000 4236.027344 0.000000 0.961754 0.000000 0.273913 0.866311 0.866311 0.866311
6130.095215 0.000000 4246.515137 0.000000 0.885475 0.000000 0.464687 0.992761 0.992761 0.992761
6118.303223 0.000000 4265.954590 0.000000 0.856280 0.000000 0.516511 0.791322 0.791322 0.791322
6171.992676 0.000000 4226.060547 0.000000 0.811595 0.000000 0.584220 0.788160 0.788160 0.788160
6160.214844 0.000000 4198.344727 0.000000 0.950975 0.000000 0.309267 0.960752 0.960752 0.960752
6132.081055 0.000000 4205.192871 0.000000 0.812617 0.000000 0.582798 0.976701 0.976701 0.976701
6130.045410 0.000000 4250.796875 0.000000 0.984483 0.000000 0.175481 0.929540 0.929540 0.929540
6128.070801 0.000000 4221.740723 0.000000 0.886374 0.000000 0.462969 0.881032 0.881032 0.881032
6125.946777 0.000000 4263.217285 0.000000 0.779689 0.000000 0.626167 0.895267 0.895267 0.895267
6138.942383 0.000000 4188.843262 0.000000 0.833419 0.000000 0.552642 0.941528 0.941528 0.941528
6128.531250 0.000000 4253.518066 0.000000 0.995581 0.000000 0.093909 0.940127 0.940127 0.940127
6166.228027 0.000000 4198.872559 0.000000 0.985296 0.000000 0.170856 0.980282 0.980282 0.980282
6130.081543 0.000000 4219.930664 0.000000 0.939465 0.000000 0.342644 0.916181 0.916181 0.916181
6130.068848 0.000000 4212.305664 0.000000 0.773378 0.000000 0.633945 0.773721 0.773721 0.773721
6129.974609 0.000000 4255.436523 0.000000 0.980550 0.000000 0.196267 0.938844 0.938844 0.938844
6123.616211 0.000000 4268.286621 0.000000 0.948395 0.000000 0.317091 0.942807 0.942807 0.942807
6119.666992 0.000000 4267.608398 0.000000 0.903112 0.000000 0.429405 0.850413 0.850413 0.850413
6146.767090 0.000000 4187.347168 0.000000 0.825018 0.000000 0.565107 0.934029 0.934029 0.934029
6132.125977 0.000000 4207.207520 0.000000 0.970082 0.000000 0.242777 0.914901 0.914901 0.914901
6122.976562 0.000000 4262.329102 0.000000 0.900093 0.000000 0.435698 0.794037 0.794037 0.794037
6130.701660 0.000000 4218.128418 0.000000 0.973859 0.000000 0.227152 0.945079 0.945079 0.945079
6171.563965 0.000000 4227.982910 0.000000 0.979282 0.000000 0.202503 0.930765 0.930765 0.930765
6144.333984 0.000000 4184.529297 0.000000 0.939541 0.000000 0.342436 0.883949 0.883949 0.883949
6135.220215 0.000000 4240.083008 0.000000 0.894311 0.000000 0.447446 0.793846 0.793846 0.793846
6133.102051 0.000000 4240.996094 0.000000 0.864778 0.000000 0.502155 0.830571 0.830571 0.830571
6129.784668 0.000000 4222.112793 0.000000 0.794506 0.000000 0.607256 0.934830 0.934830 0.934830
6146.068359 0.000000 4191.901367 0.000000 0.878110 0.000000 0.478459 0.798225 0.798225 0.798225
6135.595215 0.000000 4223.678711 0.000000 0.844090 0.000000 0.536201 0.831868 0.831868 0.831868
6135.801270 0.000000 4227.529297 0.000000 0.952149 0.000000 0.305634 0.966656 0.966656 0.966656
6129.151855 0.000000 4252.057129 0.000000 0.992325 0.000000 0.123655 0.921077 0.921077 0.921077
6131.408691 0.000000 4197.536621 0.000000 0.837956 0.000000 0.545738 0.925059 0.925059 0.925059
6131.528320 0.000000 4208.663574 0.000000 0.992910 0.000000 0.118872 0.956866 0.956866 0.956866
6130.807129 0.000000 4249.569336 0.000000 0.856370 0.000000 0.516363 0.924141 0.924141 0.924141
6121.036621 0.000000 4267.506836 0.000000 0.972815 0.000000 0.231585 0.864054 0.864054 0.864054
6133.118652 0.000000 4208.179199 0.000000 0.990775 0.000000 0.135514 0.957919 0.957919 0.957919
6118.288086 0.000000 4267.623535 0.000000 0.922606 0.000000 0.385745 0.866530 0.866530 0.866530
6131.224121 0.000000 4220.712891 0.000000 0.900836 0.000000 0.434159 0.818364 0.818364 0.818364
6125.732910 0.000000 4217.779785 0.000000 0.845649 0.000000 0.533739 0.888958 0.888958 0.888958
6130.051758 0.000000 4210.767578 0.000000 0.982190 0.000000 0.187888 0.923556 0.923556 0.923556
6128.969727 0.000000 4209.305664 0.000000 0.988421 0.000000 0.151737 0.973380 0.973380 0.973380
6127.661621 0.000000 4252.542480 0.000000 0.869218 0.000000 0.494430 0.706906 0.706906 0.706906
6131.186523 0.000000 4251.370605 0.000000 0.789661 0.000000 0.613544 0.736149 0.736149 0.736149
6134.838867 0.000000 4241.288574 0.000000 0.911603 0.000000 0.411071 0.811746 0.811746 0.811746
6164.883301 0.000000 4199.127930 0.000000 0.978594 0.000000 0.205800 0.944111 0.944111 0.944111
6132.229492 0.000000 4236.981445 0.000000 0.771387 0.000000 0.636366 0.755467 0.755467 0.755467
6127.625000 0.000000 4214.316406 0.000000 0.917227 0.000000 0.398364 0.874181 0.874181 0.874181
6141.883789 0.000000 4190.530273 0.000000 0.881041 0.000000 0.473040 0.800717 0.800717 0.800717
6125.233398 0.000000 4251.967285 0.000000 0.808137 0.000000 0.588994 0.863205 0.863205 0.863205
6143.900879 0.000000 4193.915039 0.000000 0.840750 0.000000 0.541424 0.862878 0.862878 0.862878
6134.549805 0.000000 4237.048340 0.000000 0.828267 0.000000 0.560333 0.713411 0.713411 0.713411
6124.754395 0.000000 4208.108887 0.000000 0.926070 0.000000 0.377352 0.914026 0.914026 0.914026
6130.189453 0.000000 4221.093750 0.000000 0.781880 0.000000 0.623429 0.727762 0.727762 0.727762
6125.854980 0.000000 4266.116699 0.000000 0.769554 0.000000 0.638582 0.877224 0.877224 0.877224
6131.042480 0.000000 4207.641113 0.000000 0.782085 0.000000 0.623172 0.727896 0.727896 0.727896
6129.696289 0.000000 4249.506348 0.000000 0.878483 0.000000 0.477774 0.828386 0.828386 0.828386
6129.177734 0.000000 4216.142578 0.000000 0.889412 0.000000 0.457107 0.898072 0.898072 0.898072
6134.631836 0.000000 4239.119141 0.000000 0.822716 0.000000 0.568453 0.615084 0.615084 0.615084
6144.997559 0.000000 4191.997070 0.000000 0.777147 0.000000 0.629320 0.724706 0.724706 0.724706
6120.353027 0.000000 4268.478027 0.000000 0.771368 0.000000 0.636390 0.831230 0.831230 0.831230
6126.113281 0.000000 4255.073242 0.000000 0.862625 0.000000 0.505844 0.867593 0.867593 0.867593
6146.948730 0.000000 4191.313477 0.000000 0.836378 0.000000 0.548153 0.765362 0.765362 0.765362
6135.732910 0.000000 4239.103027 0.000000 0.996249 0.000000 0.086537 0.944840 0.944840 0.944840
6132.425293 0.000000 4206.159668 0.000000 0.958517 0.000000 0.285036 0.899696 0.899696 0.899696
6132.140625 0.000000 4241.541992 0.000000 0.978528 0.000000 0.206115 0.933141 0.933141 0.933141
6145.330566 0.000000 4184.534180 0.000000 0.765187 0.000000 0.643808 0.767749 0.767749 0.767749
6138.132324 0.000000 4184.468750 0.000000 0.931745 0.000000 0.363114 0.849707 0.849707 0.849707
6143.369141 0.000000 4192.333496 0.000000 0.908951 0.000000 0.416904 0.896934 0.896934 0.896934
6127.761719 0.000000 4250.225586 0.000000 0.879646 0.000000 0.475629 0.728990 0.728990 0.728990
6133.101562 0.000000 4200.272949 0.000000 0.866907 0.000000 0.498470 0.865813 0.865813 0.865813
6142.723145 0.000000 4188.529785 0.000000 0.789955 0.000000 0.613165 0.838508 0.838508 0.838508
6132.156738 0.000000 4240.589844 0.000000 0.840172 0.000000 0.542320 0.815399 0.815399 0.815399
6118.655273 0.000000 4266.780273 0.000000 0.961512 0.000000 0.274762 0.906189 0.906189 0.906189
6133.448242 0.000000 4198.452637 0.000000 0.809361 0.000000 0.587312 0.746119 0.746119 0.746119
6142.740723 0.000000 4190.312500 0.000000 0.995544 0.000000 0.094301 0.961804 0.961804 0.961804
6133.945801 0.000000 4199.620117 0.000000 0.973556 0.000000 0.228447 0.906783 0.906783 0.906783
6132.686035 0.000000 4239.112305 0.000000 0.954219 0.000000 0.299110 0.847571 0.847571 0.847571
6122.589355 0.000000 4267.086914 0.000000 0.992822 0.000000 0.119600 0.941336 0.941336 0.941336
6138.557617 0.000000 4193.511719 0.000000 0.748049 0.000000 0.663643 0.739116 0.739116 0.739116
6126.074219 0.000000 4214.888184 0.000000 0.929824 0.000000 0.368005 0.884275 0.884275 0.884275
6138.300293 0.000000 4190.429688 0.000000 0.841079 0.000000 0.540912 0.736037 0.736037 0.736037
6193.989746 0.000000 4249.155762 0.000000 0.988387 0.000000 0.151958 0.959630 0.959630 0.959630
6188.857910 0.000000 4194.965332 0.000000 0.750116 0.000000 0.661306 0.850276 0.850276 0.850276
6194.038086 0.000000 4241.252930 0.000000 0.862035 0.000000 0.506849 0.854032 0.854032 0.854032
6193.521973 0.000000 4230.582520 0.000000 0.825209 0.000000 0.564828 0.944556 0.944556 0.944556
6181.363281 0.000000 4231.662598 0.000000 0.899571 0.000000 0.436774 0.817189 0.817189 0.817189
6196.808105 0.000000 4249.072754 0.000000 0.757954 0.000000 0.652308 0.900650 0.900650 0.900650
6182.853516 0.000000 4233.920410 0.000000 0.790039 0.000000 0.613057 0.823714 0.823714 0.823714
6200.549805 0.000000 4243.297363 0.000000 0.996470 0.000000 0.083946 0.992866 0.992866 0.992866
6197.322266 0.000000 4230.013184 0.000000 0.806475 0.000000 0.591269 0.783623 0.783623 0.783623
6185.268066 0.000000 4207.539551 0.000000 0.900508 0.000000 0.434840 0.973046 0.973046 0.973046
6186.726562 0.000000 4195.225586 0.000000 0.950482 0.000000 0.310780 0.906905 0.906905 0.906905
6193.915039 0.000000 4232.537109 0.000000 0.969752 0.000000 0.244094 0.981532 0.981532 0.981532
6186.208984 0.000000 4198.385742 0.000000 0.785377 0.000000 0.619017 0.926677 0.926677 0.926677
6197.756836 0.000000 4228.321777 0.000000 0.901649 0.000000 0.432469 0.920726 0.920726 0.920726
6180.216797 0.000000 4230.352051 0.000000 0.993198 0.000000 0.116441 0.952800 0.952800 0.952800
6210.925781 0.000000 4250.762207 0.000000 0.816805 0.000000 0.576913 0.941661 0.941661 0.941661
6194.100098 0.000000 4229.201660 0.000000 0.973503 0.000000 0.228675 0.952192 0.952192 0.952192
6198.320312 0.000000 4239.757812 0.000000 0.993856 0.000000 0.110679 0.986710 0.986710 0.986710
6210.092285 0.000000 4253.491699 0.000000 0.749560 0.000000 0.661936 0.918730 0.918730 0.918730
6187.657227 0.000000 4199.145508 0.000000 0.791791 0.000000 0.610791 0.927823 0.927823 0.927823
6192.597656 0.000000 4249.706055 0.000000 0.745087 0.000000 0.666967 0.806782 0.806782 0.806782
6184.570312 0.000000 4208.736816 0.000000 0.876758 0.000000 0.480933 0.934867 0.934867 0.934867
6197.404785 0.000000 4233.511719 0.000000 0.984778 0.000000 0.173817 0.954639 0.954639 0.954639
6201.695312 0.000000 4244.002441 0.000000 0.757645 0.000000 0.652667 0.886381 0.886381 0.886381
6197.926758 0.000000 4248.540039 0.000000 0.778489 0.000000 0.627658 0.905135 0.905135 0.905135
6192.190430 0.000000 4238.856445 0.000000 0.749771 0.000000 0.661697 0.707557 0.707557 0.707557
6196.776855 0.000000 4241.142578 0.000000 0.746906 0.000000 0.664930 0.763921 0.763921 0.763921
6207.289062 0.000000 4243.354492 0.000000 0.782724 0.000000 0.622369 0.771915 0.771915 0.771915
6207.562500 0.000000 4244.469727 0.000000 0.953872 0.000000 0.300214 0.894188 0.894188 0.894188
6194.329102 0.000000 4238.532715 0.000000 0.872289 0.000000 0.488990 0.859688 0.859688 0.859688
6196.928711 0.000000 4232.513672 0.000000 0.890809 0.000000 0.454378 0.877534 0.877534 0.877534
6203.798828 0.000000 4248.613281 0.000000 0.750322 0.000000 0.661072 0.823294 0.823294 0.823294
6186.287109 0.000000 4196.157715 0.000000 0.975985 0.000000 0.217837 0.911186 0.911186 0.911186
6194.425781 0.000000 4228.256836 0.000000 0.915741 0.000000 0.401769 0.914328 0.914328 0.914328
6180.771484 0.000000 4211.159180 0.000000 0.770780 0.000000 0.637101 0.808587 0.808587 0.808587
6200.743652 0.000000 4247.677734 0.000000 0.988667 0.000000 0.150126 0.944696 0.944696 0.944696
6181.166016 0.000000 4210.303223 0.000000 0.940855 0.000000 0.338809 0.904214 0.904214 0.904214
6192.019043 0.000000 4236.395996 0.000000 0.995074 0.000000 0.099138 0.969011 0.969011 0.969011
6193.718750 0.000000 4236.423828 0.000000 0.843024 0.000000 0.537877 0.822771 0.822771 0.822771
6198.685547 0.000000 4241.736816 0.000000 0.787283 0.000000 0.616592 0.731287 0.731287 0.731287
6203.780762 0.000000 4238.451172 0.000000 0.769680 0.000000 0.638430 0.719942 0.719942 0.719942
6183.800781 0.000000 4209.166992 0.000000 0.819948 0.000000 0.572438 0.753503 0.753503 0.753503
6187.125977 0.000000 4196.001953 0.000000 0.942569 0.000000 0.334012 0.862265 0.862265 0.862265
6192.452637 0.000000 4238.036621 0.000000 0.857143 0.000000 0.515078 0.781157 0.781157 0.781157
6181.950684 0.000000 4231.083008 0.000000 0.981451 0.000000 0.191712 0.921981 0.921981 0.921981
6195.405762 0.000000 4231.542480 0.000000 0.819754 0.000000 0.572716 0.753366 0.753366 0.753366
6196.008789 0.000000 4240.196289 0.000000 0.923686 0.000000 0.383150 0.872385 0.872385 0.872385
5607.757812 0.000000 4340.386230 0.000000 0.926548 0.000000 0.376177 0.984595 0.984595 0.984595
5570.910156 0.000000 4281.715332 0.000000 0.797699 0.000000 0.603056 0.974143 0.974143 0.974143
5586.655762 0.000000 4335.627930 0.000000 0.813959 0.000000 0.580923 0.989167 0.989167 0.989167
5590.237305 0.000000 4324.997559 0.000000 0.963651 0.000000 0.267165 0.994598 0.994598 0.994598
5622.140137 0.000000 4382.854492 0.000000 0.939874 0.000000 0.341520 0.989558 0.989558 0.989558
5580.385254 0.000000 4279.463379 0.000000 0.995724 0.000000 0.092374 0.993072 0.993072 0.993072
5592.042969 0.000000 4282.639160 0.000000 0.980207 0.000000 0.197974 0.990049 0.990049 0.990049
5600.615234 0.000000 4339.507812 0.000000 0.991542 0.000000 0.129788 0.993826 0.993826 0.993826
5593.325684 0.000000 4336.922852 0.000000 0.758270 0.000000 0.651940 0.976952 0.976952 0.976952
5586.251465 0.000000 4294.329102 0.000000 0.953861 0.000000 0.300250 0.985535 0.985535 0.985535
5597.533691 0.000000 4286.466797 0.000000 0.834993 0.000000 0.550261 0.985453 0.985453 0.985453
5606.921875 0.000000 4324.402344 0.000000 0.814432 0.000000 0.580259 0.978363 0.978363 0.978363
5603.161133 0.000000 4345.357910 0.000000 0.943716 0.000000 0.330756 0.989901 0.989901 0.989901
5611.000000 0.000000 4366.141113 0.000000 0.762145 0.000000 0.647407 0.973630 0.973630 0.973630
5617.389160 0.000000 4359.058594 0.000000 0.746008 0.000000 0.665937 0.981806 0.981806 0.981806
5581.989258 0.000000 4304.437988 0.000000 0.904066 0.000000 0.427392 0.991180 0.991180 0.991180
5592.717285 0.000000 4348.280273 0.000000 0.870656 0.000000 0.491892 0.993581 0.993581 0.993581
5610.845215 0.000000 4327.083008 0.000000 0.980213 0.000000 0.197947 0.993533 0.993533 0.993533
5597.402344 0.000000 4292.166016 0.000000 0.752235 0.000000 0.658895 0.985633 0.985633 0.985633
5617.258789 0.000000 4383.169922 0.000000 0.842751 0.000000 0.538304 0.981552 0.981552 0.981552
5567.948730 0.000000 4284.789062 0.000000 0.936450 0.000000 0.350801 0.994631 0.994631 0.994631
5606.567871 0.000000 4349.362793 0.000000 0.820956 0.000000 0.570991 0.989380 0.989380 0.989380
5634.923340 0.000000 4379.719238 0.000000 0.846201 0.000000 0.532863 0.992985 0.992985 0.992985
5626.305664 0.000000 4361.346680 0.000000 0.817634 0.000000 0.575738 0.986215 0.986215 0.986215
5603.994141 0.000000 4341.345215 0.000000 0.781584 0.000000 0.623800 0.971412 0.971412 0.971412
5580.141602 0.000000 4288.009766 0.000000 0.742207 0.000000 0.670170 0.946827 0.946827 0.946827
5606.117676 0.000000 4328.725098 0.000000 0.839720 0.000000 0.543019 0.974204 0.974204 0.974204
5589.153809 0.000000 4280.686035 0.000000 0.865352 0.000000 0.501164 0.964615 0.964615 0.964615
5589.841797 0.000000 4294.256836 0.000000 0.947151 0.000000 0.320787 0.986140 0.986140 0.986140
5585.464844 0.000000 4297.851562 0.000000 0.996565 0.000000 0.082820 0.996274 0.996274 0.996274
5611.513184 0.000000 4381.132812 0.000000 0.873795 0.000000 0.486294 0.984786 0.984786 0.984786
5599.339844 0.000000 4328.880371 0.000000 0.966417 0.000000 0.256978 0.988321 0.988321 0.988321
5568.168945 0.000000 4288.343262 0.000000 0.901694 0.000000 0.432374 0.991070 0.991070 0.991070
5575.425781 0.000000 4293.375977 0.000000 0.967919 0.000000 0.251262 0.990489 0.990489 0.990489
5603.453125 0.000000 4338.012695 0.000000 0.870540 0.000000 0.492098 0.974311 0.974311 0.974311
5619.125000 0.000000 4361.677734 0.000000 0.858645 0.000000 0.512572 0.983877 0.983877 0.983877
5612.485840 0.000000 4374.746094 0.000000 0.993642 0.000000 0.112588 0.994930 0.994930 0.994930
5584.654297 0.000000 4284.314453 0.000000 0.977090 0.000000 0.212829 0.983402 0.983402 0.983402
5623.562012 0.000000 4363.385742 0.000000 0.968374 0.000000 0.249504 0.991186 0.991186 0.991186
5573.571289 0.000000 4289.561035 0.000000 0.969382 0.000000 0.245557 0.990709 0.990709 0.990709
5605.812988 0.000000 4343.930176 0.000000 0.924337 0.000000 0.381578 0.986316 0.986316 0.986316
5613.178223 0.000000 4364.142578 0.000000 0.995263 0.000000 0.097219 0.996354 0.996354 0.996354
5608.028809 0.000000 4365.721191 0.000000 0.921738 0.000000 0.387813 0.989063 0.989063 0.989063
5612.085938 0.000000 4368.936523 0.000000 0.909455 0.000000 0.415802 0.980730 0.980730 0.980730
5604.594238 0.000000 4326.041016 0.000000 0.817945 0.000000 0.575297 0.973985 0.973985 0.973985
5612.524414 0.000000 4329.406250 0.000000 0.812073 0.000000 0.583555 0.981333 0.981333 0.981333
5577.862305 0.000000 4286.457031 0.000000 0.931345 0.000000 0.364139 0.976738 0.976738 0.976738
5624.672363 0.000000 4369.113281 0.000000 0.767283 0.000000 0.641309 0.970452 0.970452 0.970452
5620.984863 0.000000 4376.660156 0.000000 0.749816 0.000000 0.661646 0.963899 0.963899 0.963899
5600.543945 0.000000 4345.282715 0.000000 0.874311 0.000000 0.485366 0.984818 0.984818 0.984818
5608.128418 0.000000 4326.915039 0.000000 0.913343 0.000000 0.407191 0.984295 0.984295 0.984295
5587.990723 0.000000 4288.156738 0.000000 0.990197 0.000000 0.139676 0.990904 0.990904 0.990904
5610.024414 0.000000 4333.369629 0.000000 0.867711 0.000000 0.497069 0.979220 0.979220 0.979220
5591.931152 0.000000 4280.143066 0.000000 0.990219 0.000000 0.139521 0.991613 0.991613 0.991613
5601.187012 0.000000 4337.166504 0.000000 0.839104 0.000000 0.543971 0.968410 0.968410 0.968410
5580.133301 0.000000 4290.126953 0.000000 0.980809 0.000000 0.194970 0.987263 0.987263 0.987263
5596.476562 0.000000 4332.002930 0.000000 0.882735 0.000000 0.469872 0.976798 0.976798 0.976798
5587.240723 0.000000 4280.060059 0.000000 0.988613 0.000000 0.150477 0.989064 0.989064 0.989064
5603.804688 0.000000 4332.934570 0.000000 0.972598 0.000000 0.232493 0.985941 0.985941 0.985941
5583.013672 0.000000 4283.996094 0.000000 0.918137 0.000000 0.396264 0.968467 0.968467 0.968467
5645.454102 0.000000 4441.739258 0.000000 0.807746 0.000000 0.589531 0.990556 0.990556 0.990556
5640.334961 0.000000 4432.155273 0.000000 0.878839 0.000000 0.477119 0.978891 0.978891 0.978891
5649.343262 0.000000 4414.513184 0.000000 0.991733 0.000000 0.128316 0.997430 0.997430 0.997430
5631.951660 0.000000 4411.408691 0.000000 0.990247 0.000000 0.139324 0.997906 0.997906 0.997906
5640.664062 0.000000 4443.648926 0.000000 0.968384 0.000000 0.249464 0.996853 0.996853 0.996853
5638.197754 0.000000 4435.921387 0.000000 0.853216 0.000000 0.521557 0.979453 0.979453 0.979453
5623.657227 0.000000 4429.213379 0.000000 0.974532 0.000000 0.224247 0.996612 0.996612 0.996612
5649.226074 0.000000 4423.603516 0.000000 0.996352 0.000000 0.085343 0.997227 0.997227 0.997227
5630.508789 0.000000 4419.886230 0.000000 0.909370 0.000000 0.415989 0.986076 0.986076 0.986076
5648.551270 0.000000 4436.813965 0.000000 0.996119 0.000000 0.088011 0.998240 0.998240 0.998240
5637.117188 0.000000 4432.469727 0.000000 0.996028 0.000000 0.089040 0.996216 0.996216 0.996216
5627.038086 0.000000 4432.250977 0.000000 0.850730 0.000000 0.525603 0.987565 0.987565 0.987565
5632.980469 0.000000 4417.894043 0.000000 0.907363 0.000000 0.420349 0.985920 0.985920 0.985920
5647.823730 0.000000 4429.559082 0.000000 0.802394 0.000000 0.596794 0.976052 0.976052 0.976052
5639.311035 0.000000 4422.631348 0.000000 0.978068 0.000000 0.208288 0.987952 0.987952 0.987952
5641.539062 0.000000 4420.349609 0.000000 0.824137 0.000000 0.566391 0.969936 0.969936 0.969936
5638.728516 0.000000 4430.794434 0.000000 0.835833 0.000000 0.548983 0.970983 0.970983 0.970983
5723.814453 0.000000 4440.043457 0.000000 0.774275 0.000000 0.632849 0.998289 0.998289 0.998289
5676.692383 0.000000 4461.420898 0.000000 0.921746 0.000000 0.387793 0.983098 0.983098 0.983098
5716.787109 0.000000 4466.175781 0.000000 0.857569 0.000000 0.514369 0.997302 0.997302 0.997302
5714.791992 0.000000 4445.359863 0.000000 0.993519 0.000000 0.113662 0.996872 0.996872 0.996872
5657.490723 0.000000 4419.690918 0.000000 0.996228 0.000000 0.086773 0.999566 0.999566 0.999566
5668.741211 0.000000 4435.008789 0.000000 0.821481 0.000000 0.570236 0.995455 0.995455 0.995455
5684.621094 0.000000 4466.056641 0.000000 0.844534 0.000000 0.535502 0.990124 0.990124 0.990124
5669.566895 0.000000 4467.285645 0.000000 0.943328 0.000000 0.331861 0.994933 0.994933 0.994933
5727.809570 0.000000 4476.171387 0.000000 0.836920 0.000000 0.547326 0.989879 0.989879 0.989879
5666.091797 0.000000 4445.504395 0.000000 0.979112 0.000000 0.203320 0.994377 0.994377 0.994377
5711.349609 0.000000 4454.647461 0.000000 0.908598 0.000000 0.417671 0.980637 0.980637 0.980637
5721.656250 0.000000 4460.662109 0.000000 0.754055 0.000000 0.656811 0.992844 0.992844 0.992844
5661.145508 0.000000 4457.045898 0.000000 0.990033 0.000000 0.140839 0.997883 0.997883 0.997883
5741.386719 0.000000 4479.268066 0.000000 0.926271 0.000000 0.376859 0.983601 0.983601 0.983601
5671.525391 0.000000 4448.353027 0.000000 0.920669 0.000000 0.390345 0.981980 0.981980 0.981980
5710.620605 0.000000 4448.897461 0.000000 0.790224 0.000000 0.612818 0.970358 0.970358 0.970358
5729.546387 0.000000 4490.764160 0.000000 0.992401 0.000000 0.123042 0.993841 0.993841 0.993841
5740.125977 0.000000 4474.163086 0.000000 0.749982 0.000000 0.661458 0.969325 0.969325 0.969325
5718.120605 0.000000 4448.237305 0.000000 0.927756 0.000000 0.373188 0.991407 0.991407 0.991407
5722.479492 0.000000 4478.704102 0.000000 0.993064 0.000000 0.117575 0.998235 0.998235 0.998235
5663.235352 0.000000 4453.678711 0.000000 0.911542 0.000000 0.411208 0.990478 0.990478 0.990478
5718.707520 0.000000 4457.595703 0.000000 0.764157 0.000000 0.645030 0.985998 0.985998 0.985998
5729.924316 0.000000 4481.350586 0.000000 0.982455 0.000000 0.186499 0.994380 0.994380 0.994380
5670.114258 0.000000 4438.637695 0.000000 0.957636 0.000000 0.287981 0.994166 0.994166 0.994166
5682.865723 0.000000 4462.539551 0.000000 0.817250 0.000000 0.576283 0.981600 0.981600 0.981600
5698.994629 0.000000 4460.725586 0.000000 0.818581 0.000000 0.574392 0.983197 0.983197 0.983197
5706.577637 0.000000 4441.779785 0.000000 0.974745 0.000000 0.223320 0.992691 0.992691 0.992691
5686.401367 0.000000 4457.561523 0.000000 0.815778 0.000000 0.578366 0.976905 0.976905 0.976905
5720.933594 0.000000 4491.765137 0.000000 0.790914 0.000000 0.611927 0.983560 0.983560 0.983560
5674.864258 0.000000 4450.624512 0.000000 0.927312 0.000000 0.374289 0.977972 0.977972 0.977972
5691.748047 0.000000 4461.643555 0.000000 0.947243 0.000000 0.320516 0.990225 0.990225 0.990225
5693.578613 0.000000 4444.215332 0.000000 0.961652 0.000000 0.274272 0.990983 0.990983 0.990983
5727.504395 0.000000 4488.263672 0.000000 0.845033 0.000000 0.534714 0.976056 0.976056 0.976056
5690.445312 0.000000 4444.997070 0.000000 0.974934 0.000000 0.222496 0.992718 0.992718 0.992718
5707.510742 0.000000 4464.932617 0.000000 0.855153 0.000000 0.518376 0.987756 0.987756 0.987756
5689.318359 0.000000 4455.417480 0.000000 0.914095 0.000000 0.405500 0.983322 0.983322 0.983322
5702.253418 0.000000 4457.521484 0.000000 0.746841 0.000000 0.665003 0.967308 0.967308 0.967308
5708.043945 0.000000 4447.164551 0.000000 0.786883 0.000000 0.617103 0.968453 0.968453 0.968453
5705.255859 0.000000 4462.949219 0.000000 0.769955 0.000000 0.638099 0.979268 0.979268 0.979268
5671.568848 0.000000 4444.551270 0.000000 0.959661 0.000000 0.281159 0.990039 0.990039 0.990039
5673.795410 0.000000 4460.959961 0.000000 0.925319 0.000000 0.379189 0.985436 0.985436 0.985436
5713.358398 0.000000 4456.731445 0.000000 0.972191 0.000000 0.234190 0.991738 0.991738 0.991738
5704.657227 0.000000 4452.141602 0.000000 0.992786 0.000000 0.119902 0.993099 0.993099 0.993099
5692.511230 0.000000 4453.759766 0.000000 0.792787 0.000000 0.609499 0.972183 0.972183 0.972183
5687.536133 0.000000 4452.267090 0.000000 0.979383 0.000000 0.202015 0.990859 0.990859 0.990859
5724.992676 0.000000 4486.872559 0.000000 0.991301 0.000000 0.131614 0.995386 0.995386 0.995386
5704.370117 0.000000 4442.985352 0.000000 0.948113 0.000000 0.317932 0.987884 0.987884 0.987884
5678.744141 0.000000 4449.409180 0.000000 0.956203 0.000000 0.292706 0.985168 0.985168 0.985168
5730.854980 0.000000 4484.911621 0.000000 0.980193 0.000000 0.198044 0.991041 0.991041 0.991041
5672.722656 0.000000 4450.207520 0.000000 0.899439 0.000000 0.437045 0.976286 0.976286 0.976286
5678.596680 0.000000 4457.266113 0.000000 0.791127 0.000000 0.611652 0.965495 0.965495 0.965495
5701.273438 0.000000 4455.545410 0.000000 0.810014 0.000000 0.586411 0.970277 0.970277 0.970277
5706.459473 0.000000 4451.288574 0.000000 0.874194 0.000000 0.485577 0.970886 0.970886 0.970886
5827.319824 0.000000 4312.292969 0.000000 0.995523 0.000000 0.094523 0.998582 0.998582 0.998582
5811.312012 0.000000 4290.326172 0.000000 0.931670 0.000000 0.363305 0.998143 0.998143 0.998143
5824.038574 0.000000 4279.732910 0.000000 0.901178 0.000000 0.433450 0.979854 0.979854 0.979854
5827.152344 0.000000 4285.357422 0.000000 0.984181 0.000000 0.177168 0.995553 0.995553 0.995553
5810.812012 0.000000 4279.463379 0.000000 0.907427 0.000000 0.420210 0.987008 0.987008 0.987008
5826.972656 0.000000 4298.262207 0.000000 0.988807 0.000000 0.149202 0.997757 0.997757 0.997757
5818.376953 0.000000 4289.627441 0.000000 0.760117 0.000000 0.649786 0.987639 0.987639 0.987639
5813.491211 0.000000 4283.981445 0.000000 0.898387 0.000000 0.439205 0.987513 0.987513 0.987513
5816.801270 0.000000 4283.729492 0.000000 0.891602 0.000000 0.452821 0.984748 0.984748 0.984748
5817.717773 0.000000 4281.568848 0.000000 0.750818 0.000000 0.660509 0.971180 0.971180 0.971180
5851.213867 0.000000 4324.997559 0.000000 0.880758 0.000000 0.473566 0.998768 0.998768 0.998768
5849.560059 0.000000 4299.759277 0.000000 0.973113 0.000000 0.230329 0.992457 0.992457 0.992457
5832.895996 0.000000 4321.043457 0.000000 0.907053 0.000000 0.421016 0.994575 0.994575 0.994575
5839.234863 0.000000 4295.015625 0.000000 0.938892 0.000000 0.344212 0.989473 0.989473 0.989473
5845.501465 0.000000 4308.959961 0.000000 0.968328 0.000000 0.249682 0.986770 0.986770 0.986770
5845.839844 0.000000 4301.472656 0.000000 0.961874 0.000000 0.273492 0.986860 0.986860 0.986860
5831.085938 0.000000 4299.916992 0.000000 0.976246 0.000000 0.216667 0.994548 0.994548 0.994548
5848.754883 0.000000 4302.542480 0.000000 0.785949 0.000000 0.618292 0.973374 0.973374 0.973374
5837.676758 0.000000 4297.125000 0.000000 0.858479 0.000000 0.512848 0.982523 0.982523 0.982523
5846.659668 0.000000 4303.786133 0.000000 0.901321 0.000000 0.433153 0.979868 0.979868 0.979868
5840.854492 0.000000 4306.931152 0.000000 0.974207 0.000000 0.225657 0.986362 0.986362 0.986362
5838.757812 0.000000 4302.209961 0.000000 0.807150 0.000000 0.590346 0.968469 0.968469 0.968469
5794.945801 0.000000 4461.607910 0.000000 0.906081 0.000000 0.423105 0.984731 0.984731 0.984731
5815.587891 0.000000 4485.128906 0.000000 0.972325 0.000000 0.233632 0.989992 0.989992 0.989992
5759.919434 0.000000 4474.901367 0.000000 0.934205 0.000000 0.356737 0.991804 0.991804 0.991804
5782.137695 0.000000 4487.497559 0.000000 0.936049 0.000000 0.351870 0.984739 0.984739 0.984739
5754.298828 0.000000 4453.530762 0.000000 0.973971 0.000000 0.226674 0.996575 0.996575 0.996575
5792.811523 0.000000 4449.375000 0.000000 0.962967 0.000000 0.269618 0.992503 0.992503 0.992503
5798.319336 0.000000 4473.326660 0.000000 0.953189 0.000000 0.302375 0.986963 0.986963 0.986963
5754.549316 0.000000 4480.897461 0.000000 0.918339 0.000000 0.395795 0.992889 0.992889 0.992889
5798.341797 0.000000 4454.647461 0.000000 0.918144 0.000000 0.396246 0.990846 0.990846 0.990846
5774.599609 0.000000 4446.492188 0.000000 0.908603 0.000000 0.417661 0.992470 0.992470 0.992470
5748.750488 0.000000 4483.239746 0.000000 0.992246 0.000000 0.124290 0.996578 0.996578 0.996578
5778.117188 0.000000 4441.843262 0.000000 0.835233 0.000000 0.549897 0.995639 0.995639 0.995639
5769.008301 0.000000 4490.448730 0.000000 0.738450 0.000000 0.674308 0.983372 0.983372 0.983372
5781.663574 0.000000 4482.350098 0.000000 0.790286 0.000000 0.612738 0.980242 0.980242 0.980242
5782.360840 0.000000 4452.458984 0.000000 0.960233 0.000000 0.279198 0.986578 0.986578 0.986578
5743.618164 0.000000 4480.944336 0.000000 0.995257 0.000000 0.097278 0.995865 0.995865 0.995865
5800.754395 0.000000 4488.095215 0.000000 0.830348 0.000000 0.557245 0.948353 0.948353 0.948353
5799.476074 0.000000 4463.727539 0.000000 0.887994 0.000000 0.459856 0.986878 0.986878 0.986878
5774.141113 0.000000 4470.194336 0.000000 0.980132 0.000000 0.198349 0.997508 0.997508 0.997508
5779.082520 0.000000 4490.905273 0.000000 0.853686 0.000000 0.520788 0.978119 0.978119 0.978119
5794.566895 0.000000 4471.505859 0.000000 0.994065 0.000000 0.108787 0.995102 0.995102 0.995102
5753.218750 0.000000 4491.314941 0.000000 0.949275 0.000000 0.314448 0.994410 0.994410 0.994410
5805.015625 0.000000 4485.320801 0.000000 0.991294 0.000000 0.131667 0.989121 0.989121 0.989121
5754.104492 0.000000 4464.354004 0.000000 0.763344 0.000000 0.645992 0.971946 0.971946 0.971946
5773.209961 0.000000 4487.098145 0.000000 0.961873 0.000000 0.273497 0.994467 0.994467 0.994467
5806.151855 0.000000 4469.157227 0.000000 0.994027 0.000000 0.109132 0.998089 0.998089 0.998089
5789.479004 0.000000 4447.539551 0.000000 0.973381 0.000000 0.229193 0.993649 0.993649 0.993649
5773.393555 0.000000 4457.561523 0.000000 0.971427 0.000000 0.237339 0.994018 0.994018 0.994018
5799.365723 0.000000 4491.127930 0.000000 0.765141 0.000000 0.643863 0.938875 0.938875 0.938875
5743.670898 0.000000 4488.964355 0.000000 0.784018 0.000000 0.620738 0.976593 0.976593 0.976593
5776.310547 0.000000 4455.417480 0.000000 0.749403 0.000000 0.662114 0.974708 0.974708 0.974708
5785.566895 0.000000 4453.227051 0.000000 0.882305 0.000000 0.470678 0.976754 0.976754 0.976754
5779.863770 0.000000 4485.222656 0.000000 0.950906 0.000000 0.309481 0.991359 0.991359 0.991359
5789.361816 0.000000 4463.700195 0.000000 0.986876 0.000000 0.161481 0.992307 0.992307 0.992307
5742.664551 0.000000 4477.956543 0.000000 0.952399 0.000000 0.304854 0.986852 0.986852 0.986852
5783.880371 0.000000 4449.765625 0.000000 0.990014 0.000000 0.140966 0.995057 0.995057 0.995057
5797.546387 0.000000 4470.370117 0.000000 0.795260 0.000000 0.606269 0.972355 0.972355 0.972355
5790.992676 0.000000 4493.063965 0.000000 0.994230 0.000000 0.107267 0.991414 0.991414 0.991414
5803.486816 0.000000 4477.618164 0.000000 0.760469 0.000000 0.649374 0.957653 0.957653 0.957653
5815.314453 0.000000 4478.972656 0.000000 0.884951 0.000000 0.465683 0.985488 0.985488 0.985488
5783.931641 0.000000 4462.640137 0.000000 0.960769 0.000000 0.277349 0.986669 0.986669 0.986669
5743.499512 0.000000 4462.236816 0.000000 0.807411 0.000000 0.589990 0.971642 0.971642 0.971642
5798.053223 0.000000 4487.577148 0.000000 0.994388 0.000000 0.105795 0.990738 0.990738 0.990738
5803.516602 0.000000 4487.568359 0.000000 0.879200 0.000000 0.476452 0.957846 0.957846 0.957846
5805.864258 0.000000 4482.662598 0.000000 0.753798 0.000000 0.657106 0.946301 0.946301 0.946301
5788.369629 0.000000 4483.551270 0.000000 0.958947 0.000000 0.283584 0.982772 0.982772 0.982772
5783.323730 0.000000 4454.944336 0.000000 0.934863 0.000000 0.355008 0.980973 0.980973 0.980973
5748.910645 0.000000 4467.699219 0.000000 0.981254 0.000000 0.192717 0.988380 0.988380 0.988380
5783.547363 0.000000 4475.374512 0.000000 0.744396 0.000000 0.667738 0.976270 0.976270 0.976270
5797.132812 0.000000 4464.817871 0.000000 0.787338 0.000000 0.616521 0.976781 0.976781 0.976781
5752.835449 0.000000 4461.790527 0.000000 0.967411 0.000000 0.253213 0.989774 0.989774 0.989774
5795.612305 0.000000 4487.162109 0.000000 0.900011 0.000000 0.435868 0.961718 0.961718 0.961718
5748.282227 0.000000 4459.754883 0.000000 0.792002 0.000000 0.610518 0.975407 0.975407 0.975407
5806.968262 0.000000 4478.320312 0.000000 0.973016 0.000000 0.230738 0.986049 0.986049 0.986049
5810.803223 0.000000 4492.085449 0.000000 0.842263 0.000000 0.539067 0.964466 0.964466 0.964466
5781.192383 0.000000 4489.686523 0.000000 0.856713 0.000000 0.515793 0.979706 0.979706 0.979706
5789.018555 0.000000 4466.022949 0.000000 0.785472 0.000000 0.618898 0.968345 0.968345 0.968345
5787.199707 0.000000 4458.577148 0.000000 0.961646 0.000000 0.274293 0.984045 0.984045 0.984045
5747.207520 0.000000 4472.547363 0.000000 0.972728 0.000000 0.231948 0.989481 0.989481 0.989481
5778.234863 0.000000 4456.573730 0.000000 0.977102 0.000000 0.212773 0.990900 0.990900 0.990900
5787.535156 0.000000 4462.378418 0.000000 0.805988 0.000000 0.591931 0.969953 0.969953 0.969953
5794.776367 0.000000 4478.458496 0.000000 0.971578 0.000000 0.236718 0.984487 0.984487 0.984487
5791.854004 0.000000 4480.918945 0.000000 0.969133 0.000000 0.246539 0.985696 0.985696 0.985696
5796.608887 0.000000 4480.599121 0.000000 0.994174 0.000000 0.107788 0.991372 0.991372 0.991372
5746.513184 0.000000 4468.881836 0.000000 0.957586 0.000000 0.288149 0.983216 0.983216 0.983216
5785.271484 0.000000 4458.098633 0.000000 0.987874 0.000000 0.155259 0.991049 0.991049 0.991049
5800.740234 0.000000 4492.620117 0.000000 0.971868 0.000000 0.235525 0.979818 0.979818 0.979818
5807.193359 0.000000 4490.095215 0.000000 0.937952 0.000000 0.346764 0.970826 0.970826 0.970826
5793.407227 0.000000 4484.281738 0.000000 0.953749 0.000000 0.300604 0.974845 0.974845 0.974845
5807.915039 0.000000 4488.020020 0.000000 0.976123 0.000000 0.217218 0.981960 0.981960 0.981960
5695.145508 0.000000 4594.481934 0.000000 0.866632 0.000000 0.498947 0.992175 0.992175 0.992175
5719.089844 0.000000 4582.913574 0.000000 0.856305 0.000000 0.516471 0.978321 0.978321 0.978321
5718.508789 0.000000 4596.381348 0.000000 0.871054 0.000000 0.491188 0.980772 0.980772 0.980772
5715.217773 0.000000 4536.339355 0.000000 0.974919 0.000000 0.222560 0.993276 0.993276 0.993276
5699.241211 0.000000 4571.319824 0.000000 0.939359 0.000000 0.342936 0.991261 0.991261 0.991261
5711.349609 0.000000 4561.631836 0.000000 0.939148 0.000000 0.343514 0.978990 0.978990 0.978990
5724.709473 0.000000 4596.868652 0.000000 0.958481 0.000000 0.285156 0.994225 0.994225 0.994225
5705.074707 0.000000 4562.964844 0.000000 0.830629 0.000000 0.556827 0.976410 0.976410 0.976410
5732.405762 0.000000 4542.649414 0.000000 0.902206 0.000000 0.431304 0.959921 0.959921 0.959921
5716.220703 0.000000 4578.415527 0.000000 0.946289 0.000000 0.323323 0.984383 0.984383 0.984383
5724.980469 0.000000 4560.343262 0.000000 0.807478 0.000000 0.589897 0.944870 0.944870 0.944870
5728.544922 0.000000 4545.651367 0.000000 0.756488 0.000000 0.654007 0.923472 0.923472 0.923472
5737.031738 0.000000 4547.013672 0.000000 0.833924 0.000000 0.551880 0.941619 0.941619 0.941619
5723.819824 0.000000 4493.432129 0.000000 0.829463 0.000000 0.558561 0.982245 0.982245 0.982245
5715.576172 0.000000 4561.961914 0.000000 0.770480 0.000000 0.637465 0.949957 0.949957 0.949957
5711.288574 0.000000 4565.765137 0.000000 0.963859 0.000000 0.266414 0.984515 0.984515 0.984515
5724.898438 0.000000 4535.832520 0.000000 0.860092 0.000000 0.510140 0.985298 0.985298 0.985298
5718.023438 0.000000 4592.305176 0.000000 0.906921 0.000000 0.421300 0.982629 0.982629 0.982629
5740.995605 0.000000 4494.532227 0.000000 0.846904 0.000000 0.531746 0.976205 0.976205 0.976205
5710.649414 0.000000 4536.197754 0.000000 0.924966 0.000000 0.380051 0.993187 0.993187 0.993187
5698.733887 0.000000 4553.271973 0.000000 0.968827 0.000000 0.247739 0.995000 0.995000 0.995000
5724.984375 0.000000 4591.214844 0.000000 0.995310 0.000000 0.096739 0.997823 0.997823 0.997823
5698.994629 0.000000 4567.709961 0.000000 0.882599 0.000000 0.470128 0.990225 0.990225 0.990225
5696.350586 0.000000 4597.739746 0.000000 0.863844 0.000000 0.503759 0.988138 0.988138 0.988138
5718.628906 0.000000 4537.137695 0.000000 0.842044 0.000000 0.539409 0.980087 0.980087 0.980087
5720.933594 0.000000 4598.749512 0.000000 0.996367 0.000000 0.085167 0.997233 0.997233 0.997233
5705.580566 0.000000 4580.943848 0.000000 0.861873 0.000000 0.507125 0.977428 0.977428 0.977428
5702.253418 0.000000 4564.505859 0.000000 0.871684 0.000000 0.490068 0.982099 0.982099 0.982099
5726.499023 0.000000 4497.950195 0.000000 0.981604 0.000000 0.190929 0.992326 0.992326 0.992326
5740.536133 0.000000 4535.304199 0.000000 0.741228 0.000000 0.671253 0.981628 0.981628 0.981628
5738.604492 0.000000 4496.441406 0.000000 0.980761 0.000000 0.195210 0.991171 0.991171 0.991171
5705.255859 0.000000 4569.933594 0.000000 0.769440 0.000000 0.638720 0.967136 0.967136 0.967136
5729.809082 0.000000 4497.698242 0.000000 0.841959 0.000000 0.539542 0.974390 0.974390 0.974390
5705.721680 0.000000 4585.814941 0.000000 0.914230 0.000000 0.405195 0.981252 0.981252 0.981252
5721.993652 0.000000 4537.460938 0.000000 0.955023 0.000000 0.296533 0.988726 0.988726 0.988726
5718.011719 0.000000 4558.118164 0.000000 0.920828 0.000000 0.389968 0.963996 0.963996 0.963996
5713.302246 0.000000 4578.300293 0.000000 0.901862 0.000000 0.432024 0.974348 0.974348 0.974348
5713.358398 0.000000 4563.715820 0.000000 0.942707 0.000000 0.333622 0.979620 0.979620 0.979620
5715.157227 0.000000 4587.255371 0.000000 0.754303 0.000000 0.656527 0.962451 0.962451 0.962451
5711.061035 0.000000 4594.561523 0.000000 0.942111 0.000000 0.335300 0.979513 0.979513 0.979513
5723.539062 0.000000 4554.456543 0.000000 0.967014 0.000000 0.254724 0.969778 0.969778 0.969778
5724.595703 0.000000 4495.986328 0.000000 0.976234 0.000000 0.216721 0.992365 0.992365 0.992365
5710.735352 0.000000 4545.445801 0.000000 0.991319 0.000000 0.131480 0.993745 0.993745 0.993745
5718.750977 0.000000 4567.252441 0.000000 0.887149 0.000000 0.461483 0.973655 0.973655 0.973655
5724.471191 0.000000 4557.070801 0.000000 0.969145 0.000000 0.246491 0.973263 0.973263 0.973263
5720.330566 0.000000 4562.733398 0.000000 0.926798 0.000000 0.375560 0.972126 0.972126 0.972126
5731.891602 0.000000 4558.204102 0.000000 0.886561 0.000000 0.462612 0.954374 0.954374 0.954374
5737.254883 0.000000 4553.870605 0.000000 0.842042 0.000000 0.539412 0.937415 0.937415 0.937415
5718.920410 0.000000 4572.075684 0.000000 0.855920 0.000000 0.517109 0.975578 0.975578 0.975578
5734.856445 0.000000 4548.053223 0.000000 0.764863 0.000000 0.644193 0.921362 0.921362 0.921362
5723.169922 0.000000 4544.775879 0.000000 0.859137 0.000000 0.511746 0.945011 0.945011 0.945011
5730.725586 0.000000 4495.537598 0.000000 0.763013 0.000000 0.646383 0.963152 0.963152 0.963152
5716.563477 0.000000 4559.876953 0.000000 0.990633 0.000000 0.136552 0.988715 0.988715 0.988715
5719.604004 0.000000 4550.622070 0.000000 0.894472 0.000000 0.447125 0.949080 0.949080 0.949080
5710.413574 0.000000 4563.697266 0.000000 0.996402 0.000000 0.084748 0.995128 0.995128 0.995128
5715.620117 0.000000 4596.571289 0.000000 0.830038 0.000000 0.557707 0.970460 0.970460 0.970460
5727.177246 0.000000 4543.729004 0.000000 0.991820 0.000000 0.127645 0.988177 0.988177 0.988177
5709.121582 0.000000 4566.770996 0.000000 0.971139 0.000000 0.238516 0.986171 0.986171 0.986171
5722.560059 0.000000 4550.951660 0.000000 0.888820 0.000000 0.458256 0.940578 0.940578 0.940578
5739.145996 0.000000 4493.510742 0.000000 0.767913 0.000000 0.640554 0.965287 0.965287 0.965287
5738.087402 0.000000 4557.294434 0.000000 0.747570 0.000000 0.664183 0.929274 0.929274 0.929274
5723.457031 0.000000 4561.778809 0.000000 0.985301 0.000000 0.170827 0.985857 0.985857 0.985857
5720.261230 0.000000 4542.293457 0.000000 0.972934 0.000000 0.231082 0.980788 0.980788 0.980788
5735.982422 0.000000 4541.812012 0.000000 0.988594 0.000000 0.150603 0.989055 0.989055 0.989055
5712.047363 0.000000 4586.222656 0.000000 0.922386 0.000000 0.386269 0.977228 0.977228 0.977228
5736.237305 0.000000 4558.361328 0.000000 0.788783 0.000000 0.614671 0.940505 0.940505 0.940505
5708.113770 0.000000 4599.648926 0.000000 0.770483 0.000000 0.637460 0.960311 0.960311 0.960311
5713.484375 0.000000 4565.817871 0.000000 0.947150 0.000000 0.320790 0.981248 0.981248 0.981248
5738.705078 0.000000 4545.973145 0.000000 0.926944 0.000000 0.375199 0.966393 0.966393 0.966393
5735.417480 0.000000 4545.861816 0.000000 0.981205 0.000000 0.192967 0.981093 0.981093 0.981093
5734.163086 0.000000 4542.152832 0.000000 0.807659 0.000000 0.589650 0.946471 0.946471 0.946471
5733.697266 0.000000 4543.958008 0.000000 0.765712 0.000000 0.643183 0.937208 0.937208 0.937208
5721.459961 0.000000 4561.362793 0.000000 0.806516 0.000000 0.591212 0.947886 0.947886 0.947886
5737.835938 0.000000 4555.567383 0.000000 0.765431 0.000000 0.643518 0.924952 0.924952 0.924952
5722.845703 0.000000 4552.799316 0.000000 0.943684 0.000000 0.330848 0.958750 0.958750 0.958750
5730.809570 0.000000 4549.437988 0.000000 0.752587 0.000000 0.658492 0.906683 0.906683 0.906683
5722.199219 0.000000 4558.214355 0.000000 0.755025 0.000000 0.655696 0.932159 0.932159 0.932159
5733.470703 0.000000 4547.478516 0.000000 0.766783 0.000000 0.641907 0.919958 0.919958 0.919958
5725.069824 0.000000 4548.060547 0.000000 0.930487 0.000000 0.366324 0.953183 0.953183 0.953183
5716.280273 0.000000 4552.463379 0.000000 0.980307 0.000000 0.197477 0.979156 0.979156 0.979156
5729.066895 0.000000 4549.741211 0.000000 0.995282 0.000000 0.097028 0.987384 0.987384 0.987384
5724.339355 0.000000 4545.716797 0.000000 0.996222 0.000000 0.086842 0.990883 0.990883 0.990883
5740.813965 0.000000 4551.818359 0.000000 0.910292 0.000000 0.413967 0.953116 0.953116 0.953116
5708.085938 0.000000 4652.363770 0.000000 0.806112 0.000000 0.591763 0.979448 0.979448 0.979448
5694.761719 0.000000 4629.174805 0.000000 0.817128 0.000000 0.576457 0.993865 0.993865 0.993865
5700.190430 0.000000 4643.648438 0.000000 0.779337 0.000000 0.626605 0.984784 0.984784 0.984784
5728.080566 0.000000 4602.184082 0.000000 0.985774 0.000000 0.168076 0.999157 0.999157 0.999157
5733.560059 0.000000 4640.700195 0.000000 0.858531 0.000000 0.512762 0.993279 0.993279 0.993279
5709.632812 0.000000 4605.315918 0.000000 0.871589 0.000000 0.490237 0.978255 0.978255 0.978255
5726.231445 0.000000 4662.242676 0.000000 0.965138 0.000000 0.261740 0.988099 0.988099 0.988099
5711.349609 0.000000 4668.616211 0.000000 0.885247 0.000000 0.465122 0.996377 0.996377 0.996377
5715.080078 0.000000 4621.826172 0.000000 0.860366 0.000000 0.509677 0.990654 0.990654 0.990654
5703.386719 0.000000 4609.226074 0.000000 0.806502 0.000000 0.591232 0.984207 0.984207 0.984207
5721.656250 0.000000 4674.630859 0.000000 0.756177 0.000000 0.654367 0.975067 0.975067 0.975067
5733.642090 0.000000 4682.298828 0.000000 0.989399 0.000000 0.145221 0.992723 0.992723 0.992723
5741.386719 0.000000 4693.236816 0.000000 0.971694 0.000000 0.236242 0.995832 0.995832 0.995832
5739.320312 0.000000 4683.916504 0.000000 0.798548 0.000000 0.601931 0.969361 0.969361 0.969361
5739.666992 0.000000 4662.942871 0.000000 0.945709 0.000000 0.325015 0.994215 0.994215 0.994215
5726.113281 0.000000 4694.650391 0.000000 0.823275 0.000000 0.567643 0.993972 0.993972 0.993972
5704.812012 0.000000 4604.571289 0.000000 0.782753 0.000000 0.622333 0.974845 0.974845 0.974845
5704.868652 0.000000 4613.678223 0.000000 0.993510 0.000000 0.113748 0.998008 0.998008 0.998008
5712.028320 0.000000 4618.173340 0.000000 0.765193 0.000000 0.643801 0.989523 0.989523 0.989523
5723.819824 0.000000 4600.416504 0.000000 0.980111 0.000000 0.198450 0.995012 0.995012 0.995012
5722.583496 0.000000 4670.660645 0.000000 0.975983 0.000000 0.217848 0.991228 0.991228 0.991228
5712.813477 0.000000 4609.542480 0.000000 0.884018 0.000000 0.467452 0.985428 0.985428 0.985428
5726.339844 0.000000 4634.315918 0.000000 0.826440 0.000000 0.563025 0.988056 0.988056 0.988056
5724.898438 0.000000 4642.816895 0.000000 0.993700 0.000000 0.112071 0.995794 0.995794 0.995794
5732.240234 0.000000 4687.844238 0.000000 0.910766 0.000000 0.412924 0.984060 0.984060 0.984060
5718.292969 0.000000 4676.653809 0.000000 0.960267 0.000000 0.279084 0.991526 0.991526 0.991526
5735.661621 0.000000 4685.710938 0.000000 0.953989 0.000000 0.299841 0.986315 0.986315 0.986315
5705.003418 0.000000 4632.921875 0.000000 0.836623 0.000000 0.547779 0.975396 0.975396 0.975396
5709.476562 0.000000 4614.352539 0.000000 0.760623 0.000000 0.649194 0.987653 0.987653 0.987653
5725.848633 0.000000 4682.967285 0.000000 0.847988 0.000000 0.530016 0.979081 0.979081 0.979081
5717.500977 0.000000 4633.854980 0.000000 0.972910 0.000000 0.231182 0.988934 0.988934 0.988934
5702.443359 0.000000 4646.467773 0.000000 0.984943 0.000000 0.172879 0.995662 0.995662 0.995662
5731.559570 0.000000 4668.571777 0.000000 0.952207 0.000000 0.305454 0.986826 0.986826 0.986826
5726.007324 0.000000 4686.335938 0.000000 0.992254 0.000000 0.124224 0.996269 0.996269 0.996269
5724.109375 0.000000 4646.438477 0.000000 0.855946 0.000000 0.517065 0.976937 0.976937 0.976937
5708.198242 0.000000 4649.230957 0.000000 0.889826 0.000000 0.456301 0.982256 0.982256 0.982256
5712.156738 0.000000 4603.519043 0.000000 0.986151 0.000000 0.165848 0.992097 0.992097 0.992097
5734.943848 0.000000 4675.963379 0.000000 0.882494 0.000000 0.470324 0.974328 0.974328 0.974328
5732.160645 0.000000 4684.795898 0.000000 0.805831 0.000000 0.592146 0.971522 0.971522 0.971522
5723.802246 0.000000 4680.996582 0.000000 0.994095 0.000000 0.108511 0.995928 0.995928 0.995928
5720.904785 0.000000 4677.285156 0.000000 0.919871 0.000000 0.392221 0.985913 0.985913 0.985913
5710.735352 0.000000 4652.430176 0.000000 0.826789 0.000000 0.562512 0.977628 0.977628 0.977628
5716.979980 0.000000 4604.671875 0.000000 0.915421 0.000000 0.402497 0.985521 0.985521 0.985521
5733.398438 0.000000 4674.000488 0.000000 0.960671 0.000000 0.277689 0.984545 0.984545 0.984545
5724.495117 0.000000 4656.436035 0.000000 0.941270 0.000000 0.337656 0.985382 0.985382 0.985382
5709.417969 0.000000 4637.878418 0.000000 0.791240 0.000000 0.611506 0.965505 0.965505 0.965505
5720.806152 0.000000 4661.742676 0.000000 0.996168 0.000000 0.087459 0.996065 0.996065 0.996065
5717.209473 0.000000 4642.030273 0.000000 0.757681 0.000000 0.652625 0.959171 0.959171 0.959171
5720.347656 0.000000 4665.206055 0.000000 0.786201 0.000000 0.617971 0.971727 0.971727 0.971727
5722.560059 0.000000 4657.936035 0.000000 0.893842 0.000000 0.448383 0.977945 0.977945 0.977945
5710.590820 0.000000 4645.231934 0.000000 0.748917 0.000000 0.662664 0.963831 0.963831 0.963831
5712.166992 0.000000 4631.535156 0.000000 0.800670 0.000000 0.599106 0.967925 0.967925 0.967925
5715.971680 0.000000 4637.859375 0.000000 0.977960 0.000000 0.208791 0.987922 0.987922 0.987922
5713.806152 0.000000 4639.316406 0.000000 0.839021 0.000000 0.544099 0.965529 0.965529 0.965529
5742.975098 0.000000 4558.458008 0.000000 0.980695 0.000000 0.195543 0.983294 0.983294 0.983294
5781.753906 0.000000 4522.190430 0.000000 0.967531 0.000000 0.252754 0.996172 0.996172 0.996172
5747.610840 0.000000 4546.208008 0.000000 0.869112 0.000000 0.494616 0.950916 0.950916 0.950916
5782.696289 0.000000 4545.169922 0.000000 0.753437 0.000000 0.657520 0.965965 0.965965 0.965965
5755.733398 0.000000 4541.993164 0.000000 0.852906 0.000000 0.522064 0.965718 0.965718 0.965718
5814.801758 0.000000 4583.155762 0.000000 0.854677 0.000000 0.519161 0.991823 0.991823 0.991823
5761.893066 0.000000 4560.903320 0.000000 0.929435 0.000000 0.368986 0.976413 0.976413 0.976413
5802.072266 0.000000 4514.841797 0.000000 0.835714 0.000000 0.549165 0.997097 0.997097 0.997097
5790.378906 0.000000 4502.241699 0.000000 0.839441 0.000000 0.543450 0.975616 0.975616 0.975616
5770.082031 0.000000 4565.916016 0.000000 0.854012 0.000000 0.520254 0.991804 0.991804 0.991804
5789.291992 0.000000 4542.909180 0.000000 0.946490 0.000000 0.322735 0.984412 0.984412 0.984412
5787.037598 0.000000 4556.980469 0.000000 0.781400 0.000000 0.624030 0.993270 0.993270 0.993270
5769.600098 0.000000 4527.271973 0.000000 0.971543 0.000000 0.236864 0.997612 0.997612 0.997612
5819.888184 0.000000 4497.126953 0.000000 0.955727 0.000000 0.294256 0.992543 0.992543 0.992543
5745.903809 0.000000 4535.012207 0.000000 0.849316 0.000000 0.527886 0.988893 0.988893 0.988893
5811.293945 0.000000 4510.264160 0.000000 0.818165 0.000000 0.574984 0.993883 0.993883 0.993883
5792.887207 0.000000 4539.789062 0.000000 0.985948 0.000000 0.167054 0.993296 0.993296 0.993296
5791.804199 0.000000 4497.586914 0.000000 0.948844 0.000000 0.315746 0.977544 0.977544 0.977544
5748.208496 0.000000 4529.396484 0.000000 0.985963 0.000000 0.166962 0.997906 0.997906 0.997906
5751.568848 0.000000 4574.150391 0.000000 0.991006 0.000000 0.133820 0.998325 0.998325 0.998325
5799.020508 0.000000 4511.188965 0.000000 0.959371 0.000000 0.282147 0.995001 0.995001 0.995001
5751.011719 0.000000 4542.979492 0.000000 0.946895 0.000000 0.321544 0.979568 0.979568 0.979568
5741.933105 0.000000 4498.757812 0.000000 0.889546 0.000000 0.456847 0.982233 0.982233 0.982233
5770.674805 0.000000 4519.245605 0.000000 0.853289 0.000000 0.521438 0.989044 0.989044 0.989044
5820.145508 0.000000 4592.617676 0.000000 0.951360 0.000000 0.308081 0.987490 0.987490 0.987490
5764.924805 0.000000 4517.060547 0.000000 0.954848 0.000000 0.297095 0.990210 0.990210 0.990210
5809.471680 0.000000 4585.688477 0.000000 0.894934 0.000000 0.446198 0.993072 0.993072 0.993072
5792.163086 0.000000 4552.332520 0.000000 0.957019 0.000000 0.290026 0.995592 0.995592 0.995592
5807.399902 0.000000 4505.294434 0.000000 0.976556 0.000000 0.215265 0.993500 0.993500 0.993500
5772.855469 0.000000 4557.094727 0.000000 0.963746 0.000000 0.266821 0.993931 0.993931 0.993931
5753.037109 0.000000 4556.760742 0.000000 0.994422 0.000000 0.105477 0.990503 0.990503 0.990503
5816.916504 0.000000 4588.334961 0.000000 0.877706 0.000000 0.479200 0.983781 0.983781 0.983781
5777.280273 0.000000 4495.190430 0.000000 0.798968 0.000000 0.601373 0.972616 0.972616 0.972616
5818.635742 0.000000 4493.462891 0.000000 0.969450 0.000000 0.245288 0.993194 0.993194 0.993194
5764.989746 0.000000 4558.710938 0.000000 0.951753 0.000000 0.306866 0.983648 0.983648 0.983648
5763.354004 0.000000 4564.514160 0.000000 0.847629 0.000000 0.530590 0.979055 0.979055 0.979055
5811.976562 0.000000 4591.214844 0.000000 0.768440 0.000000 0.639922 0.977463 0.977463 0.977463
5769.648926 0.000000 4543.987793 0.000000 0.957041 0.000000 0.289951 0.983108 0.983108 0.983108
5752.099121 0.000000 4539.139648 0.000000 0.790584 0.000000 0.612354 0.968739 0.968739 0.968739
5769.049805 0.000000 4547.642578 0.000000 0.912240 0.000000 0.409657 0.973657 0.973657 0.973657
5763.826172 0.000000 4508.225586 0.000000 0.959284 0.000000 0.282443 0.983558 0.983558 0.983558
5768.980469 0.000000 4508.963867 0.000000 0.809631 0.000000 0.586939 0.968680 0.968680 0.968680
5766.643555 0.000000 4566.250000 0.000000 0.975745 0.000000 0.218912 0.995041 0.995041 0.995041
5773.324219 0.000000 4542.849121 0.000000 0.978390 0.000000 0.206766 0.989081 0.989081 0.989081
5763.756836 0.000000 4542.322266 0.000000 0.887164 0.000000 0.461455 0.966472 0.966472 0.966472
5761.856445 0.000000 4557.608887 0.000000 0.766506 0.000000 0.642237 0.949507 0.949507 0.949507
5780.570801 0.000000 4551.199707 0.000000 0.973762 0.000000 0.227570 0.993122 0.993122 0.993122
5750.203613 0.000000 4548.089355 0.000000 0.942508 0.000000 0.334184 0.969376 0.969376 0.969376
5813.491211 0.000000 4497.950195 0.000000 0.850618 0.000000 0.525784 0.977885 0.977885 0.977885
5809.383301 0.000000 4507.728027 0.000000 0.844925 0.000000 0.534886 0.987319 0.987319 0.987319
5758.874512 0.000000 4541.498047 0.000000 0.743370 0.000000 0.668881 0.952440 0.952440 0.952440
5741.839355 0.000000 4495.073242 0.000000 0.951892 0.000000 0.306434 0.986782 0.986782 0.986782
5756.009277 0.000000 4557.306641 0.000000 0.991714 0.000000 0.128467 0.988744 0.988744 0.988744
5791.809082 0.000000 4528.979004 0.000000 0.972783 0.000000 0.231719 0.993578 0.993578 0.993578
5792.376465 0.000000 4543.624512 0.000000 0.954111 0.000000 0.299453 0.989371 0.989371 0.989371
5782.708008 0.000000 4504.607422 0.000000 0.937881 0.000000 0.346957 0.989385 0.989385 0.989385
5747.555664 0.000000 4503.529785 0.000000 0.766598 0.000000 0.642127 0.975629 0.975629 0.975629
5759.077148 0.000000 4562.206055 0.000000 0.865314 0.000000 0.501229 0.968542 0.968542 0.968542
5763.228516 0.000000 4545.609375 0.000000 0.917630 0.000000 0.397435 0.970409 0.970409 0.970409
5764.423828 0.000000 4519.937500 0.000000 0.782924 0.000000 0.622118 0.983237 0.983237 0.983237
5797.233398 0.000000 4501.166016 0.000000 0.810627 0.000000 0.585563 0.960956 0.960956 0.960956
5784.461426 0.000000 4538.120605 0.000000 0.909906 0.000000 0.414815 0.973303 0.973303 0.973303
5761.762695 0.000000 4516.511230 0.000000 0.886913 0.000000 0.461937 0.984416 0.984416 0.984416
5781.530762 0.000000 4548.093262 0.000000 0.737976 0.000000 0.674827 0.974110 0.974110 0.974110
5798.203613 0.000000 4504.831055 0.000000 0.988124 0.000000 0.153662 0.993452 0.993452 0.993452
5751.846680 0.000000 4500.425781 0.000000 0.933927 0.000000 0.357464 0.987223 0.987223 0.987223
5750.684570 0.000000 4511.093750 0.000000 0.779668 0.000000 0.626193 0.978039 0.978039 0.978039
5807.277344 0.000000 4493.365723 0.000000 0.796767 0.000000 0.604286 0.948162 0.948162 0.948162
5782.100098 0.000000 4533.258789 0.000000 0.960251 0.000000 0.279137 0.986581 0.986581 0.986581
5814.220215 0.000000 4589.949219 0.000000 0.885120 0.000000 0.465364 0.984290 0.984290 0.984290
5794.438965 0.000000 4505.883301 0.000000 0.789322 0.000000 0.613979 0.975243 0.975243 0.975243
5777.366699 0.000000 4533.015137 0.000000 0.878109 0.000000 0.478461 0.981317 0.981317 0.981317
5741.497559 0.000000 4564.112793 0.000000 0.996459 0.000000 0.084085 0.996217 0.996217 0.996217
5813.267090 0.000000 4493.606934 0.000000 0.952479 0.000000 0.304605 0.984545 0.984545 0.984545
5810.803223 0.000000 4599.069824 0.000000 0.980823 0.000000 0.194902 0.990695 0.990695 0.990695
5823.138184 0.000000 4597.311035 0.000000 0.980534 0.000000 0.196350 0.991612 0.991612 0.991612
5775.171387 0.000000 4551.135254 0.000000 0.916792 0.000000 0.399366 0.984615 0.984615 0.984615
5784.794922 0.000000 4530.527344 0.000000 0.803495 0.000000 0.595311 0.974529 0.974529 0.974529
5750.198730 0.000000 4540.835938 0.000000 0.959224 0.000000 0.282647 0.984977 0.984977 0.984977
5752.236328 0.000000 4561.939453 0.000000 0.920067 0.000000 0.391760 0.968846 0.968846 0.968846
5756.812012 0.000000 4561.001465 0.000000 0.951063 0.000000 0.308998 0.976472 0.976472 0.976472
5755.478516 0.000000 4547.594238 0.000000 0.896058 0.000000 0.443938 0.960955 0.960955 0.960955
5758.517090 0.000000 4548.798340 0.000000 0.914020 0.000000 0.405669 0.966629 0.966629 0.966629
5771.273438 0.000000 4548.408691 0.000000 0.832253 0.000000 0.554395 0.969192 0.969192 0.969192
5787.794434 0.000000 4541.356445 0.000000 0.974722 0.000000 0.223423 0.987624 0.987624 0.987624
5745.900391 0.000000 4547.440918 0.000000 0.971955 0.000000 0.235167 0.976886 0.976886 0.976886
5773.463379 0.000000 4505.458984 0.000000 0.971965 0.000000 0.235127 0.988741 0.988741 0.988741
5770.460938 0.000000 4545.971680 0.000000 0.858254 0.000000 0.513225 0.970399 0.970399 0.970399
5754.198730 0.000000 4539.362305 0.000000 0.776346 0.000000 0.630307 0.964247 0.964247 0.964247
5748.587891 0.000000 4558.967285 0.000000 0.890945 0.000000 0.454112 0.959988 0.959988 0.959988
5741.614746 0.000000 4556.960938 0.000000 0.978559 0.000000 0.205966 0.979801 0.979801 0.979801
5770.570312 0.000000 4502.793945 0.000000 0.835291 0.000000 0.549808 0.969480 0.969480 0.969480
5758.834961 0.000000 4509.895508 0.000000 0.826566 0.000000 0.562840 0.967165 0.967165 0.967165
5763.854004 0.000000 4556.982422 0.000000 0.931809 0.000000 0.362948 0.975890 0.975890 0.975890
5760.727539 0.000000 4542.107422 0.000000 0.827569 0.000000 0.561364 0.958335 0.958335 0.958335
5741.501465 0.000000 4540.013184 0.000000 0.987946 0.000000 0.154799 0.989911 0.989911 0.989911
5741.521973 0.000000 4542.007324 0.000000 0.939636 0.000000 0.342175 0.973844 0.973844 0.973844
5751.938965 0.000000 4547.814941 0.000000 0.984923 0.000000 0.172994 0.984807 0.984807 0.984807
5754.578613 0.000000 4549.387207 0.000000 0.832041 0.000000 0.554714 0.948619 0.948619 0.948619
5741.984375 0.000000 4550.955566 0.000000 0.780005 0.000000 0.625773 0.925729 0.925729 0.925729
5797.967773 0.000000 4493.405273 0.000000 0.886654 0.000000 0.462433 0.957994 0.957994 0.957994
5805.476074 0.000000 4602.247070 0.000000 0.870832 0.000000 0.491581 0.984604 0.984604 0.984604
5821.797363 0.000000 4609.006348 0.000000 0.935053 0.000000 0.354509 0.986429 0.986429 0.986429
5800.270508 0.000000 4613.758301 0.000000 0.951813 0.000000 0.306679 0.997665 0.997665 0.997665
5811.312012 0.000000 4611.279297 0.000000 0.804297 0.000000 0.594228 0.980937 0.980937 0.980937
5764.387695 0.000000 4707.228027 0.000000 0.814037 0.000000 0.580813 0.970604 0.970604 0.970604
5762.005371 0.000000 4697.126465 0.000000 0.869654 0.000000 0.493662 0.988399 0.988399 0.988399
5774.523438 0.000000 4704.658203 0.000000 0.857832 0.000000 0.513930 0.990567 0.990567 0.990567
5799.947266 0.000000 4600.432617 0.000000 0.975867 0.000000 0.218367 0.997252 0.997252 0.997252
5743.618164 0.000000 4694.913086 0.000000 0.815234 0.000000 0.579131 0.993832 0.993832 0.993832
5827.987793 0.000000 4601.516602 0.000000 0.937451 0.000000 0.348117 0.988460 0.988460 0.988460
5818.635742 0.000000 4600.447266 0.000000 0.848415 0.000000 0.529331 0.967970 0.967970 0.967970
5749.046387 0.000000 4687.909668 0.000000 0.743054 0.000000 0.669232 0.989018 0.989018 0.989018
5773.209961 0.000000 4701.066895 0.000000 0.946297 0.000000 0.323299 0.994247 0.994247 0.994247
5746.212402 0.000000 4680.904785 0.000000 0.987382 0.000000 0.158358 0.995633 0.995633 0.995633
5806.450195 0.000000 4605.584473 0.000000 0.982586 0.000000 0.185809 0.993468 0.993468 0.993468
5744.928711 0.000000 4685.910645 0.000000 0.792603 0.000000 0.609738 0.981992 0.981992 0.981992
5757.219238 0.000000 4705.783691 0.000000 0.971769 0.000000 0.235935 0.989297 0.989297 0.989297
5807.277344 0.000000 4600.350098 0.000000 0.837871 0.000000 0.545869 0.978376 0.978376 0.978376
5817.717773 0.000000 4602.521973 0.000000 0.870694 0.000000 0.491824 0.970475 0.970475 0.970475
5831.886719 0.000000 4602.668457 0.000000 0.920507 0.000000 0.390727 0.991983 0.991983 0.991983
5828.925293 0.000000 4605.742188 0.000000 0.856301 0.000000 0.516477 0.986450 0.986450 0.986450
5828.831543 0.000000 4602.057617 0.000000 0.966274 0.000000 0.257516 0.993498 0.993498 0.993498
6113.996094 0.000000 4282.639160 0.000000 0.986650 0.000000 0.162854 0.990199 0.990199 0.990199
6115.832520 0.000000 4285.470215 0.000000 0.962742 0.000000 0.270423 0.902924 0.902924 0.902924
6120.520020 0.000000 4289.366699 0.000000 0.993486 0.000000 0.113951 0.997149 0.997149 0.997149
6132.901855 0.000000 4304.762695 0.000000 0.888830 0.000000 0.458237 0.895422 0.895422 0.895422
6113.010742 0.000000 4285.071289 0.000000 0.903028 0.000000 0.429581 0.975612 0.975612 0.975612
6128.316895 0.000000 4301.799805 0.000000 0.959645 0.000000 0.281213 0.891116 0.891116 0.891116
6117.387695 0.000000 4286.989258 0.000000 0.818583 0.000000 0.574388 0.787673 0.787673 0.787673
6118.079590 0.000000 4284.900391 0.000000 0.971564 0.000000 0.236776 0.847819 0.847819 0.847819
6126.190430 0.000000 4305.393555 0.000000 0.858446 0.000000 0.512904 0.899159 0.899159 0.899159
6127.988770 0.000000 4303.739258 0.000000 0.815696 0.000000 0.578481 0.832136 0.832136 0.832136
6132.374512 0.000000 4303.040527 0.000000 0.993062 0.000000 0.117595 0.962040 0.962040 0.962040
6129.444824 0.000000 4304.485352 0.000000 0.975341 0.000000 0.220701 0.886665 0.886665 0.886665
6131.951660 0.000000 4300.129883 0.000000 0.773748 0.000000 0.633493 0.717391 0.717391 0.717391
6133.854980 0.000000 4303.516602 0.000000 0.974752 0.000000 0.223292 0.927476 0.927476 0.927476
6131.408691 0.000000 4304.520996 0.000000 0.849510 0.000000 0.527572 0.705865 0.705865 0.705865
6120.880371 0.000000 4283.472168 0.000000 0.794390 0.000000 0.607408 0.830508 0.830508 0.830508
6117.743652 0.000000 4283.590332 0.000000 0.996459 0.000000 0.084075 0.946413 0.946413 0.946413
6132.015625 0.000000 4305.683594 0.000000 0.991184 0.000000 0.132493 0.970806 0.970806 0.970806
6127.143555 0.000000 4302.271973 0.000000 0.950901 0.000000 0.309496 0.914373 0.914373 0.914373
6118.299805 0.000000 4286.080078 0.000000 0.995027 0.000000 0.099605 0.958652 0.958652 0.958652
6120.433594 0.000000 4285.731445 0.000000 0.972868 0.000000 0.231360 0.913733 0.913733 0.913733
6129.379395 0.000000 4305.734863 0.000000 0.996479 0.000000 0.083846 0.957247 0.957247 0.957247
6118.582520 0.000000 4281.405762 0.000000 0.756030 0.000000 0.654537 0.796913 0.796913 0.796913
6131.404785 0.000000 4302.833008 0.000000 0.943543 0.000000 0.331251 0.785059 0.785059 0.785059
6132.217285 0.000000 4302.087891 0.000000 0.853026 0.000000 0.521868 0.823179 0.823179 0.823179
6133.054199 0.000000 4303.880859 0.000000 0.966796 0.000000 0.255551 0.916775 0.916775 0.916775
6127.223145 0.000000 4303.174316 0.000000 0.837974 0.000000 0.545711 0.842920 0.842920 0.842920
6131.289062 0.000000 4303.655273 0.000000 0.993969 0.000000 0.109666 0.930044 0.930044 0.930044
6129.041992 0.000000 4302.217773 0.000000 0.777210 0.000000 0.629241 0.582023 0.582023 0.582023
5745.448730 0.000000 4715.154297 0.000000 0.953220 0.000000 0.302278 0.995400 0.995400 0.995400
5755.761719 0.000000 4719.534668 0.000000 0.882060 0.000000 0.471138 0.984078 0.984078 0.984078
5746.201172 0.000000 4720.351074 0.000000 0.934166 0.000000 0.356839 0.995445 0.995445 0.995445
5762.252441 0.000000 4718.751953 0.000000 0.879098 0.000000 0.476641 0.981395 0.981395 0.981395
5754.125977 0.000000 4715.947266 0.000000 0.930822 0.000000 0.365474 0.984121 0.984121 0.984121
5763.826172 0.000000 4722.194336 0.000000 0.899331 0.000000 0.437268 0.988702 0.988702 0.988702
5748.983398 0.000000 4714.838379 0.000000 0.974953 0.000000 0.222412 0.993841 0.993841 0.993841
5752.827637 0.000000 4719.845215 0.000000 0.967080 0.000000 0.254474 0.992292 0.992292 0.992292
5760.354980 0.000000 4713.449219 0.000000 0.810572 0.000000 0.585639 0.965636 0.965636 0.965636
5761.225098 0.000000 4707.997559 0.000000 0.849554 0.000000 0.527501 0.970868 0.970868 0.970868
"}
object={
	name="reeds_01_generator_1_2"
	render_pass=Map
	clamp_to_water_level=no
	generated_content=yes
	layer="grass_layer"
	pdxmesh="reeds_01_tall_grass_mesh"
	count=3132
	transform="5509.009277 0.000000 3843.181152 0.000000 0.990485 0.000000 -0.137624 1.000689 1.000689 1.000689
5553.134277 0.000000 3823.916992 0.000000 0.648772 0.000000 -0.760983 1.004318 1.004318 1.004318
5518.996582 0.000000 3828.648926 0.000000 0.894841 0.000000 -0.446385 1.003466 1.003466 1.003466
5534.101562 0.000000 3796.488281 0.000000 0.092072 0.000000 -0.995752 1.003691 1.003691 1.003691
5560.270996 0.000000 3810.007080 0.000000 0.836746 0.000000 -0.547592 1.001447 1.001447 1.001447
5545.742676 0.000000 3811.506348 0.000000 0.072742 0.000000 -0.997351 1.007480 1.007480 1.007480
5495.373047 0.000000 3846.635498 0.000000 0.987875 0.000000 -0.155253 1.000778 1.000778 1.000778
5515.922363 0.000000 3816.746338 0.000000 0.586825 0.000000 -0.809714 1.002356 1.002356 1.002356
5531.834961 0.000000 3807.468262 0.000000 0.836338 0.000000 -0.548214 1.002897 1.002897 1.002897
5544.524414 0.000000 3847.490479 0.000000 0.999760 0.000000 0.021910 0.999945 0.999945 0.999945
5529.495117 0.000000 3829.224609 0.000000 0.351672 0.000000 -0.936123 1.012098 1.012098 1.012098
5542.802734 0.000000 3824.269531 0.000000 0.461671 0.000000 -0.887051 1.010894 1.010894 1.010894
5540.807617 0.000000 3803.453125 0.000000 0.887133 0.000000 -0.461514 1.002395 1.002395 1.002395
5535.147949 0.000000 3847.932617 0.000000 0.822794 0.000000 -0.568339 1.004527 1.004527 1.004527
5515.784668 0.000000 3838.368408 0.000000 0.999434 0.000000 -0.033637 1.000168 1.000168 1.000168
5537.342773 0.000000 3831.420166 0.000000 0.223337 0.000000 -0.974741 1.013437 1.013437 1.013437
5525.256836 0.000000 3822.429199 0.000000 0.988425 0.000000 -0.151710 1.001141 1.001141 1.001141
5537.365234 0.000000 3812.740723 0.000000 0.936209 0.000000 -0.351444 1.003586 1.003586 1.003586
5528.372559 0.000000 3844.091309 0.000000 0.533333 0.000000 -0.845905 1.007552 1.007552 1.007552
5513.546875 0.000000 3848.782959 0.000000 0.681668 0.000000 -0.731662 1.006147 1.006147 1.006147
5547.671875 0.000000 3818.755615 0.000000 0.797723 0.000000 -0.603024 1.004848 1.004848 1.004848
5547.628906 0.000000 3840.712646 0.000000 0.999042 0.000000 0.043754 0.999781 0.999781 0.999781
5535.392090 0.000000 3825.623779 0.000000 0.941783 0.000000 -0.336222 1.004280 1.004280 1.004280
5508.031738 0.000000 3848.542236 0.000000 0.997323 0.000000 -0.073121 1.000548 1.000548 1.000548
5538.499512 0.000000 3821.821045 0.000000 0.369196 0.000000 -0.929352 1.014888 1.014888 1.014888
5479.351074 0.000000 3884.354980 0.000000 0.157053 0.000000 -0.987590 1.007056 1.007056 1.007056
5477.374023 0.000000 3900.057129 0.000000 0.789030 0.000000 -0.614355 1.004955 1.004955 1.004955
5475.083008 0.000000 3940.503174 0.000000 0.055243 0.000000 -0.998473 1.007567 1.007567 1.007567
5476.999512 0.000000 3927.995850 0.000000 0.772415 0.000000 -0.635118 1.003436 1.003436 1.003436
5472.583496 0.000000 3891.809082 0.000000 0.929031 0.000000 -0.370001 1.001892 1.001892 1.001892
5479.042480 0.000000 3890.332764 0.000000 0.178584 0.000000 -0.983925 1.010420 1.010420 1.010420
5509.009277 0.000000 3950.165527 0.000000 0.766736 0.000000 -0.641963 1.003480 1.003480 1.003480
5544.499512 0.000000 3853.356201 0.000000 0.699294 0.000000 -0.714834 1.001988 1.001988 1.001988
5483.917969 0.000000 3853.777344 0.000000 0.876621 0.000000 -0.481182 1.001253 1.001253 1.001253
5533.718262 0.000000 3946.057129 0.000000 0.230132 0.000000 -0.973159 1.003342 1.003342 1.003342
5485.896484 0.000000 3942.242676 0.000000 0.915372 0.000000 -0.402609 1.003103 1.003103 1.003103
5502.708008 0.000000 3926.498779 0.000000 0.940071 0.000000 -0.340980 1.002606 1.002606 1.002606
5512.558105 0.000000 3852.146973 0.000000 0.995986 0.000000 -0.089508 1.000671 1.000671 1.000671
5554.611328 0.000000 3950.206543 0.000000 0.825925 0.000000 -0.563780 1.002991 1.002991 1.002991
5499.663574 0.000000 3907.690186 0.000000 0.894364 0.000000 -0.447340 1.002316 1.002316 1.002316
5482.476562 0.000000 3875.136719 0.000000 0.406109 0.000000 -0.913825 1.005755 1.005755 1.005755
5498.578125 0.000000 3859.544434 0.000000 0.923218 0.000000 -0.384278 1.003939 1.003939 1.003939
5498.942871 0.000000 3939.979248 0.000000 0.851203 0.000000 -0.524837 1.005518 1.005518 1.005518
5486.634277 0.000000 3904.301270 0.000000 0.426561 0.000000 -0.904459 1.011286 1.011286 1.011286
5521.161133 0.000000 3952.575439 0.000000 0.999588 0.000000 -0.028697 1.000072 1.000072 1.000072
5494.571289 0.000000 3871.268311 0.000000 0.418041 0.000000 -0.908428 1.008535 1.008535 1.008535
5493.322266 0.000000 3918.608643 0.000000 0.568571 0.000000 -0.822634 1.007235 1.007235 1.007235
5509.516113 0.000000 3939.688721 0.000000 0.966788 0.000000 -0.255580 1.001290 1.001290 1.001290
5481.357422 0.000000 3950.828857 0.000000 0.918617 0.000000 -0.395149 1.001014 1.001014 1.001014
5489.710938 0.000000 3861.913818 0.000000 0.629019 0.000000 -0.777390 1.006670 1.006670 1.006670
5494.756836 0.000000 3900.086914 0.000000 0.664701 0.000000 -0.747109 1.008425 1.008425 1.008425
5493.393066 0.000000 3851.525635 0.000000 0.548258 0.000000 -0.836309 1.004946 1.004946 1.004946
5495.582520 0.000000 3932.363525 0.000000 0.132966 0.000000 -0.991121 1.017943 1.017943 1.017943
5493.572754 0.000000 3945.975586 0.000000 0.920024 0.000000 -0.391863 1.003016 1.003016 1.003016
5501.028809 0.000000 3948.235596 0.000000 0.994313 0.000000 -0.106498 1.000533 1.000533 1.000533
5497.766602 0.000000 3891.319336 0.000000 0.970372 0.000000 -0.241614 1.001828 1.001828 1.001828
5480.994141 0.000000 3924.602295 0.000000 0.919927 0.000000 -0.392090 1.002012 1.002012 1.002012
5500.916504 0.000000 3918.996826 0.000000 0.919221 0.000000 -0.393742 1.002021 1.002021 1.002021
5528.372559 0.000000 3951.075684 0.000000 0.525756 0.000000 -0.850635 1.005079 1.005079 1.005079
5503.471191 0.000000 3933.839355 0.000000 0.800019 0.000000 -0.599975 1.004819 1.004819 1.004819
5520.160645 0.000000 3852.432373 0.000000 0.917886 0.000000 -0.396843 1.003056 1.003056 1.003056
5494.045898 0.000000 3925.481934 0.000000 0.245491 0.000000 -0.969399 1.009907 1.009907 1.009907
5487.161133 0.000000 3922.123779 0.000000 0.736695 0.000000 -0.676225 1.005562 1.005562 1.005562
5510.541504 0.000000 3858.529053 0.000000 0.092252 0.000000 -0.995736 1.011073 1.011073 1.011073
5497.541016 0.000000 3913.430908 0.000000 0.658223 0.000000 -0.752823 1.006384 1.006384 1.006384
5504.325684 0.000000 3942.919434 0.000000 0.014643 0.000000 -0.999893 1.011655 1.011655 1.011655
5511.508301 0.000000 3868.634277 0.000000 0.584051 0.000000 -0.811717 1.007093 1.007093 1.007093
5487.086914 0.000000 3935.271973 0.000000 0.126117 0.000000 -0.992015 1.014423 1.014423 1.014423
5480.937988 0.000000 3901.974609 0.000000 0.997707 0.000000 -0.067682 1.000676 1.000676 1.000676
5497.056152 0.000000 3885.554688 0.000000 0.844342 0.000000 -0.535805 1.004235 1.004235 1.004235
5498.734375 0.000000 3853.562012 0.000000 0.760073 0.000000 -0.649838 1.005298 1.005298 1.005298
5503.890625 0.000000 3859.841064 0.000000 0.336370 0.000000 -0.941730 1.012260 1.012260 1.012260
5564.450195 0.000000 3956.030273 0.000000 0.443869 0.000000 -0.896092 1.011093 1.011093 1.011093
5422.017090 0.000000 4057.149902 0.000000 0.784774 0.000000 -0.619782 1.003338 1.003338 1.003338
5398.904297 0.000000 4049.227051 0.000000 0.299360 0.000000 -0.954140 1.003163 1.003163 1.003163
5400.325195 0.000000 4036.006104 0.000000 0.575207 0.000000 -0.818008 1.002392 1.002392 1.002392
5411.950684 0.000000 4046.963623 0.000000 0.034291 0.000000 -0.999412 1.007672 1.007672 1.007672
5408.380859 0.000000 4060.604248 0.000000 0.228574 0.000000 -0.973527 1.006692 1.006692 1.006692
5434.168945 0.000000 4059.559814 0.000000 0.888427 0.000000 -0.459019 1.001191 1.001191 1.001191
5416.418945 0.000000 4065.321533 0.000000 0.768948 0.000000 -0.639311 1.003463 1.003463 1.003463
5406.580566 0.000000 4052.959961 0.000000 0.761448 0.000000 -0.648226 1.003521 1.003521 1.003521
5414.036621 0.000000 4055.219971 0.000000 0.840298 0.000000 -0.542125 1.002861 1.002861 1.002861
5566.343262 0.000000 3991.339355 0.000000 0.993790 0.000000 -0.111273 1.000557 1.000557 1.000557
5507.522949 0.000000 3979.948730 0.000000 0.950708 0.000000 -0.310086 1.003148 1.003148 1.003148
5533.718262 0.000000 4053.041504 0.000000 0.812153 0.000000 -0.583444 1.010887 1.010887 1.010887
5549.104980 0.000000 3980.111816 0.000000 0.696896 0.000000 -0.717172 1.009983 1.009983 1.009983
5533.969238 0.000000 4033.669922 0.000000 0.239002 0.000000 -0.971019 1.043148 1.043148 1.043148
5518.996582 0.000000 4042.617676 0.000000 0.831114 0.000000 -0.556103 1.014722 1.014722 1.014722
5550.622070 0.000000 3996.157471 0.000000 0.979908 0.000000 -0.199450 1.000501 1.000501 1.000501
5560.270996 0.000000 4023.975830 0.000000 0.941661 0.000000 -0.336562 1.014569 1.014569 1.014569
5545.742676 0.000000 4025.475098 0.000000 0.709745 0.000000 -0.704459 1.031223 1.031223 1.031223
5539.293945 0.000000 3971.851562 0.000000 0.114717 0.000000 -0.993398 1.018173 1.018173 1.018173
5494.571289 0.000000 3978.252686 0.000000 0.378078 0.000000 -0.925774 1.008861 1.008861 1.008861
5562.075195 0.000000 4047.487549 0.000000 0.636900 0.000000 -0.770947 1.002198 1.002198 1.002198
5533.908691 0.000000 3982.241211 0.000000 0.447270 0.000000 -0.894399 1.005528 1.005528 1.005528
5550.335449 0.000000 3969.372803 0.000000 0.968773 0.000000 -0.247949 1.003128 1.003128 1.003128
5493.127441 0.000000 3988.473633 0.000000 0.061851 0.000000 -0.998085 1.003767 1.003767 1.003767
5563.991699 0.000000 4034.980225 0.000000 0.955296 0.000000 -0.295653 1.008992 1.008992 1.008992
5529.495117 0.000000 4043.193359 0.000000 0.850586 0.000000 -0.525837 1.015206 1.015206 1.015206
5542.802734 0.000000 4038.238281 0.000000 0.254487 0.000000 -0.967076 1.068862 1.068862 1.068862
5554.096191 0.000000 3960.277588 0.000000 0.862516 0.000000 -0.506031 1.005298 1.005298 1.005298
5540.807617 0.000000 4017.421875 0.000000 0.895947 0.000000 -0.444160 1.006894 1.006894 1.006894
5511.658691 0.000000 3988.157715 0.000000 0.191485 0.000000 -0.981495 1.006881 1.006881 1.006881
5489.710938 0.000000 3968.898193 0.000000 0.294476 0.000000 -0.955659 1.006351 1.006351 1.006351
5535.147949 0.000000 4061.901367 0.000000 0.942646 0.000000 -0.333793 1.003399 1.003399 1.003399
5505.827637 0.000000 3971.338623 0.000000 0.611637 0.000000 -0.791138 1.009114 1.009114 1.009114
5510.636719 0.000000 4038.118896 0.000000 0.704230 0.000000 -0.709972 1.005913 1.005913 1.005913
5558.461914 0.000000 4013.801758 0.000000 0.954449 0.000000 -0.298374 1.006051 1.006051 1.006051
5500.554199 0.000000 3984.435303 0.000000 0.999232 0.000000 0.039180 0.999707 0.999707 0.999707
5552.247070 0.000000 4020.336182 0.000000 0.985127 0.000000 -0.171826 1.007760 1.007760 1.007760
5537.342773 0.000000 4045.388916 0.000000 0.866432 0.000000 -0.499295 1.014357 1.014357 1.014357
5555.687988 0.000000 3975.547607 0.000000 0.683706 0.000000 -0.729757 1.010211 1.010211 1.010211
5554.255371 0.000000 4029.519531 0.000000 0.650100 0.000000 -0.759848 1.049559 1.049559 1.049559
5505.050781 0.000000 3961.685791 0.000000 0.968765 0.000000 -0.247979 1.001251 1.001251 1.001251
5529.402344 0.000000 3967.319336 0.000000 0.877968 0.000000 -0.478720 1.006231 1.006231 1.006231
5564.095703 0.000000 3973.355957 0.000000 0.750100 0.000000 -0.661324 1.007216 1.007216 1.007216
5545.573242 0.000000 3974.355469 0.000000 0.766345 0.000000 -0.642429 1.008709 1.008709 1.008709
5510.541504 0.000000 3965.513428 0.000000 0.951868 0.000000 -0.306508 1.002333 1.002333 1.002333
5548.473145 0.000000 4042.506104 0.000000 0.984243 0.000000 -0.176820 1.005769 1.005769 1.005769
5520.737305 0.000000 3972.690430 0.000000 0.992231 0.000000 -0.124410 1.001246 1.001246 1.001246
5564.652832 0.000000 4028.241699 0.000000 0.899927 0.000000 -0.436041 1.013517 1.013517 1.013517
5516.512207 0.000000 3964.190918 0.000000 0.894436 0.000000 -0.447197 1.003472 1.003472 1.003472
5513.419922 0.000000 3982.277832 0.000000 0.683069 0.000000 -0.730354 1.006133 1.006133 1.006133
5566.175781 0.000000 3964.403809 0.000000 0.910027 0.000000 -0.414549 1.005336 1.005336 1.005336
5565.335938 0.000000 4042.010010 0.000000 0.269595 0.000000 -0.962974 1.009720 1.009720 1.009720
5511.508301 0.000000 3975.618652 0.000000 0.905446 0.000000 -0.424460 1.004378 1.004378 1.004378
5547.071289 0.000000 4017.568848 0.000000 0.878879 0.000000 -0.477045 1.013657 1.013657 1.013657
5565.682617 0.000000 4021.036377 0.000000 0.704308 0.000000 -0.709894 1.021677 1.021677 1.021677
5531.090332 0.000000 4028.042969 0.000000 0.418191 0.000000 -0.908359 1.025600 1.025600 1.025600
5501.591309 0.000000 3978.805664 0.000000 0.637544 0.000000 -0.770414 1.008783 1.008783 1.008783
5555.365723 0.000000 3965.758057 0.000000 0.885004 0.000000 -0.465583 1.006045 1.006045 1.006045
5524.007812 0.000000 4045.187744 0.000000 0.999984 0.000000 -0.005655 1.000127 1.000127 1.000127
5542.236328 0.000000 4043.493408 0.000000 0.999798 0.000000 -0.020113 1.000803 1.000803 1.000803
5560.879883 0.000000 4018.511963 0.000000 0.124944 0.000000 -0.992164 1.046915 1.046915 1.046915
5509.357910 0.000000 4051.985596 0.000000 0.690067 0.000000 -0.723745 1.026263 1.026263 1.026263
5555.051270 0.000000 4042.964111 0.000000 0.874680 0.000000 -0.484701 1.012633 1.012633 1.012633
5528.838867 0.000000 4032.700928 0.000000 0.652548 0.000000 -0.757747 1.017173 1.017173 1.017173
5520.155762 0.000000 4048.372559 0.000000 0.735686 0.000000 -0.677323 1.029724 1.029724 1.029724
5558.911621 0.000000 3962.204834 0.000000 0.529473 0.000000 -0.848327 1.012643 1.012643 1.012643
5559.374512 0.000000 4029.519287 0.000000 0.851938 0.000000 -0.523643 1.027518 1.027518 1.027518
5554.560547 0.000000 4010.729492 0.000000 0.030375 0.000000 -0.999539 1.023074 1.023074 1.023074
5559.039551 0.000000 3971.857422 0.000000 0.999113 0.000000 -0.042105 1.000526 1.000526 1.000526
5563.047363 0.000000 4012.091553 0.000000 0.085632 0.000000 -0.996327 1.022245 1.022245 1.022245
5553.671875 0.000000 4015.711182 0.000000 0.710459 0.000000 -0.703739 1.021438 1.021438 1.021438
5513.164551 0.000000 4042.256836 0.000000 0.884277 0.000000 -0.466963 1.010917 1.010917 1.010917
5523.477539 0.000000 3977.702881 0.000000 0.104289 0.000000 -0.994547 1.014643 1.014643 1.014643
5551.269531 0.000000 3984.375732 0.000000 0.248404 0.000000 -0.968657 1.013179 1.013179 1.013179
5536.636230 0.000000 4020.959473 0.000000 0.999922 0.000000 0.012504 0.999781 0.999781 0.999781
5555.546875 0.000000 4023.958496 0.000000 0.411402 0.000000 -0.911454 1.060124 1.060124 1.060124
5530.884277 0.000000 3971.771729 0.000000 0.999868 0.000000 -0.016271 1.000203 1.000203 1.000203
5560.621094 0.000000 3976.381836 0.000000 0.974153 0.000000 -0.225888 1.002844 1.002844 1.002844
5507.878906 0.000000 4042.036621 0.000000 0.987696 0.000000 -0.156387 1.001960 1.001960 1.001960
5523.122070 0.000000 4040.461670 0.000000 0.935480 0.000000 -0.353379 1.005410 1.005410 1.005410
5504.203125 0.000000 4045.336426 0.000000 0.315071 0.000000 -0.949068 1.015607 1.015607 1.015607
5524.790039 0.000000 3970.114014 0.000000 0.475506 0.000000 -0.879713 1.013422 1.013422 1.013422
5549.732910 0.000000 4046.763916 0.000000 0.999999 0.000000 0.001049 0.999976 0.999976 0.999976
5544.040527 0.000000 4014.052734 0.000000 0.521786 0.000000 -0.853076 1.017858 1.017858 1.017858
5541.591797 0.000000 4027.039551 0.000000 0.015322 0.000000 -0.999883 1.058250 1.058250 1.058250
5518.433105 0.000000 3968.323730 0.000000 0.876370 0.000000 -0.481638 1.006273 1.006273 1.006273
5537.304199 0.000000 4030.842773 0.000000 0.901680 0.000000 -0.432403 1.018978 1.018978 1.018978
5539.313477 0.000000 4040.393555 0.000000 0.287020 0.000000 -0.957925 1.054311 1.054311 1.054311
5544.136230 0.000000 4020.299561 0.000000 0.400082 0.000000 -0.916479 1.034728 1.034728 1.034728
5532.401367 0.000000 4058.136230 0.000000 0.852806 0.000000 -0.522228 1.009602 1.009602 1.009602
5544.723145 0.000000 4029.657959 0.000000 0.582018 0.000000 -0.813176 1.047414 1.047414 1.047414
5526.879395 0.000000 4040.085938 0.000000 0.977241 0.000000 -0.212130 1.004803 1.004803 1.004803
5563.097168 0.000000 4038.637695 0.000000 0.973658 0.000000 -0.228015 1.004594 1.004594 1.004594
5564.003906 0.000000 4024.598389 0.000000 0.690273 0.000000 -0.723549 1.026254 1.026254 1.026254
5562.609375 0.000000 4031.531494 0.000000 0.166652 0.000000 -0.986016 1.049050 1.049050 1.049050
5541.536133 0.000000 4046.983643 0.000000 0.163505 0.000000 -0.986542 1.038627 1.038627 1.038627
5545.175293 0.000000 4041.219482 0.000000 0.319023 0.000000 -0.947747 1.055997 1.055997 1.055997
5549.944824 0.000000 4036.194336 0.000000 0.908314 0.000000 -0.418290 1.021548 1.021548 1.021548
5551.864258 0.000000 4041.060547 0.000000 0.531499 0.000000 -0.847059 1.037839 1.037839 1.037839
5533.911621 0.000000 4030.048340 0.000000 0.651865 0.000000 -0.758335 1.025787 1.025787 1.025787
5560.129395 0.000000 4037.033936 0.000000 0.883829 0.000000 -0.467810 1.014584 1.014584 1.014584
5557.575195 0.000000 4026.665527 0.000000 0.073181 0.000000 -0.997319 1.082252 1.082252 1.082252
5567.445312 0.000000 4026.671143 0.000000 0.539387 0.000000 -0.842058 1.024993 1.024993 1.024993
5561.556641 0.000000 4026.911133 0.000000 0.984378 0.000000 -0.176069 1.007512 1.007512 1.007512
5547.395996 0.000000 4014.222168 0.000000 0.947637 0.000000 -0.319350 1.007303 1.007303 1.007303
5533.526367 0.000000 4036.994629 0.000000 0.948581 0.000000 -0.316533 1.010453 1.010453 1.010453
5532.132812 0.000000 4040.724365 0.000000 0.616818 0.000000 -0.787105 1.024883 1.024883 1.024883
5566.204102 0.000000 4031.227783 0.000000 0.842048 0.000000 -0.539402 1.014223 1.014223 1.014223
5512.215332 0.000000 4045.132812 0.000000 0.374937 0.000000 -0.927050 1.032583 1.032583 1.032583
5553.736816 0.000000 4026.593018 0.000000 0.188765 0.000000 -0.982022 1.082739 1.082739 1.082739
5541.362793 0.000000 4034.548828 0.000000 0.542140 0.000000 -0.840288 1.057295 1.057295 1.057295
5560.959473 0.000000 4034.056885 0.000000 0.218425 0.000000 -0.975854 1.043834 1.043834 1.043834
5517.010254 0.000000 4054.971436 0.000000 0.783046 0.000000 -0.621963 1.038543 1.038543 1.038543
5539.374023 0.000000 4028.793701 0.000000 0.231796 0.000000 -0.972765 1.056739 1.056739 1.056739
5555.012207 0.000000 4040.184326 0.000000 0.042739 0.000000 -0.999086 1.045778 1.045778 1.045778
5552.848633 0.000000 4023.061523 0.000000 0.998776 0.000000 -0.049461 1.002594 1.002594 1.002594
5549.554688 0.000000 4019.534180 0.000000 0.808899 0.000000 -0.587948 1.021968 1.021968 1.021968
5527.393066 0.000000 4055.613525 0.000000 0.956911 0.000000 -0.290380 1.010298 1.010298 1.010298
5542.095215 0.000000 4040.778076 0.000000 0.577837 0.000000 -0.816152 1.042903 1.042903 1.042903
5554.495117 0.000000 4032.558594 0.000000 0.996962 0.000000 0.077889 0.996107 0.996107 0.996107
5554.229980 0.000000 4018.380615 0.000000 0.344979 0.000000 -0.938610 1.048676 1.048676 1.048676
5521.683594 0.000000 4056.965332 0.000000 0.172271 0.000000 -0.985050 1.076765 1.076765 1.076765
5536.156250 0.000000 4036.879883 0.000000 0.264179 0.000000 -0.964474 1.058574 1.058574 1.058574
5539.121094 0.000000 4032.799316 0.000000 0.733838 0.000000 -0.679324 1.037290 1.037290 1.037290
5544.936035 0.000000 4037.153564 0.000000 0.076796 0.000000 -0.997047 1.082052 1.082052 1.082052
5537.573242 0.000000 4038.730469 0.000000 0.934061 0.000000 -0.357113 1.015499 1.015499 1.015499
5543.963867 0.000000 4027.336670 0.000000 0.901230 0.000000 -0.433342 1.019022 1.019022 1.019022
5549.964844 0.000000 4032.552246 0.000000 0.425092 0.000000 -0.905150 1.064985 1.064985 1.064985
5547.382324 0.000000 4040.437744 0.000000 0.911042 0.000000 -0.412313 1.018037 1.018037 1.018037
5552.719727 0.000000 4035.666992 0.000000 0.805348 0.000000 -0.592803 1.030099 1.030099 1.030099
5546.850098 0.000000 4030.523682 0.000000 0.986336 0.000000 -0.164749 1.009503 1.009503 1.009503
5517.831543 0.000000 4052.930420 0.000000 0.368776 0.000000 -0.929518 1.065530 1.065530 1.065530
5549.472656 0.000000 4026.856689 0.000000 0.994288 0.000000 -0.106729 1.005606 1.005606 1.005606
5553.079590 0.000000 4031.242432 0.000000 0.528718 0.000000 -0.848797 1.058208 1.058208 1.058208
5546.018555 0.000000 4033.740967 0.000000 0.943019 0.000000 -0.332740 1.020324 1.020324 1.020324
5379.149902 0.000000 4144.870117 0.000000 0.854519 0.000000 -0.519420 1.004091 1.004091 1.004091
5359.733887 0.000000 4160.025879 0.000000 0.343077 0.000000 -0.939307 1.003047 1.003047 1.003047
5359.984863 0.000000 4140.654297 0.000000 0.900970 0.000000 -0.433881 1.001120 1.001120 1.001120
5371.121094 0.000000 4154.975586 0.000000 0.706901 0.000000 -0.707312 1.005885 1.005885 1.005885
5390.007324 0.000000 4141.964355 0.000000 0.999803 0.000000 0.019873 0.999851 0.999851 0.999851
5355.510742 0.000000 4150.177734 0.000000 0.618022 0.000000 -0.786161 1.002258 1.002258 1.002258
5368.818359 0.000000 4145.222656 0.000000 0.842177 0.000000 -0.539201 1.002843 1.002843 1.002843
5378.262695 0.000000 4127.320801 0.000000 0.359121 0.000000 -0.933291 1.006009 1.006009 1.006009
5385.673340 0.000000 4147.376953 0.000000 0.873659 0.000000 -0.486539 1.005074 1.005074 1.005074
5373.644531 0.000000 4161.666016 0.000000 0.993252 0.000000 -0.115975 1.000871 1.000871 1.000871
5386.596680 0.000000 4160.853027 0.000000 0.765249 0.000000 -0.643735 1.005238 1.005238 1.005238
5393.417969 0.000000 4158.314453 0.000000 0.965341 0.000000 -0.260992 1.001978 1.001978 1.001978
5374.488770 0.000000 4149.490234 0.000000 0.961835 0.000000 -0.273630 1.002076 1.002076 1.002076
5390.668457 0.000000 4135.226074 0.000000 0.024130 0.000000 -0.999709 1.011584 1.011584 1.011584
5391.698242 0.000000 4128.020996 0.000000 0.755347 0.000000 -0.655325 1.005352 1.005352 1.005352
5384.019531 0.000000 4141.331055 0.000000 0.217154 0.000000 -0.976137 1.013500 1.013500 1.013500
5381.066895 0.000000 4149.948242 0.000000 0.279015 0.000000 -0.960287 1.012862 1.012862 1.012862
5370.515137 0.000000 4174.309570 0.000000 0.676336 0.000000 -0.736594 1.002067 1.002067 1.002067
5380.111816 0.000000 4174.246582 0.000000 0.987434 0.000000 -0.158033 1.000396 1.000396 1.000396
5422.017090 0.000000 4164.134277 0.000000 0.761327 0.000000 -0.648368 1.001761 1.001761 1.001761
5466.142090 0.000000 4144.870117 0.000000 0.307152 0.000000 -0.951661 1.006284 1.006284 1.006284
5395.006348 0.000000 4130.520508 0.000000 0.925939 0.000000 -0.377673 1.001934 1.001934 1.001934
5462.837891 0.000000 4119.090332 0.000000 0.877450 0.000000 -0.479668 1.001249 1.001249 1.001249
5446.726074 0.000000 4160.025879 0.000000 0.862723 0.000000 -0.505677 1.002647 1.002647 1.002647
5398.904297 0.000000 4156.211426 0.000000 0.338871 0.000000 -0.940833 1.009175 1.009175 1.009175
5415.715820 0.000000 4140.467773 0.000000 0.987731 0.000000 -0.156167 1.000783 1.000783 1.000783
5412.671387 0.000000 4121.658691 0.000000 0.245754 0.000000 -0.969332 1.003302 1.003302 1.003302
5473.278809 0.000000 4130.959961 0.000000 0.940120 0.000000 -0.340843 1.000868 1.000868 1.000868
5458.750488 0.000000 4132.459473 0.000000 0.969150 0.000000 -0.246472 1.001243 1.001243 1.001243
5400.325195 0.000000 4142.990234 0.000000 0.902150 0.000000 -0.431423 1.003341 1.003341 1.003341
5411.950684 0.000000 4153.947754 0.000000 0.825195 0.000000 -0.564848 1.001499 1.001499 1.001499
5399.642090 0.000000 4118.270020 0.000000 0.994432 0.000000 -0.105381 1.000264 1.000264 1.000264
5458.113281 0.000000 4154.975586 0.000000 0.523381 0.000000 -0.852099 1.005093 1.005093 1.005093
5475.083008 0.000000 4154.472168 0.000000 0.578910 0.000000 -0.815391 1.002380 1.002380 1.002380
5406.330078 0.000000 4132.577637 0.000000 0.993592 0.000000 -0.113023 1.000566 1.000566 1.000566
5444.842773 0.000000 4128.421387 0.000000 0.922074 0.000000 -0.387013 1.000992 1.000992 1.000992
5420.685059 0.000000 4129.618164 0.000000 0.610363 0.000000 -0.792122 1.002283 1.002283 1.002283
5442.502930 0.000000 4150.177734 0.000000 0.936861 0.000000 -0.349702 1.000892 1.000892 1.000892
5455.810547 0.000000 4145.222656 0.000000 0.792912 0.000000 -0.609336 1.003272 1.003272 1.003272
5438.258301 0.000000 4135.400391 0.000000 0.999569 0.000000 0.029372 0.999927 0.999927 0.999927
5394.365234 0.000000 4164.797363 0.000000 0.987437 0.000000 -0.158013 1.000792 1.000792 1.000792
5394.228027 0.000000 4110.149414 0.000000 0.905270 0.000000 -0.424837 1.001095 1.001095 1.001095
5406.400879 0.000000 4065.494385 0.000000 0.840683 0.000000 -0.541527 1.002857 1.002857 1.002857
5394.044922 0.000000 4149.083984 0.000000 0.587036 0.000000 -0.809561 1.007066 1.007066 1.007066
5408.590332 0.000000 4146.332520 0.000000 0.985363 0.000000 -0.170469 1.000855 1.000855 1.000855
5418.058594 0.000000 4068.670166 0.000000 0.985968 0.000000 -0.166933 1.000837 1.000837 1.000837
5400.881836 0.000000 4168.394043 0.000000 0.994002 0.000000 -0.109359 1.000547 1.000547 1.000547
5407.053711 0.000000 4139.450684 0.000000 0.766874 0.000000 -0.641798 1.003479 1.003479 1.003479
5566.343262 0.000000 4098.323730 0.000000 0.586639 0.000000 -0.809849 1.002357 1.002357 1.002357
5485.896484 0.000000 4156.211426 0.000000 0.785330 0.000000 -0.619077 1.001667 1.001667 1.001667
5502.708008 0.000000 4140.467773 0.000000 0.747109 0.000000 -0.664701 1.010891 1.010891 1.010891
5487.317383 0.000000 4142.990234 0.000000 0.293160 0.000000 -0.956063 1.003179 1.003179 1.003179
5495.582520 0.000000 4146.332520 0.000000 0.742623 0.000000 -0.669709 1.016488 1.016488 1.016488
5515.784668 0.000000 4159.321289 0.000000 0.943765 0.000000 -0.330617 1.010095 1.010095 1.010095
5513.546875 0.000000 4169.735840 0.000000 0.986648 0.000000 -0.162867 1.003267 1.003267 1.003267
5566.034668 0.000000 4104.301758 0.000000 0.860296 0.000000 -0.509795 1.010684 1.010684 1.010684
5558.421387 0.000000 4114.711426 0.000000 0.243505 0.000000 -0.969900 1.023152 1.023152 1.023152
5480.949707 0.000000 4170.692383 0.000000 0.795776 0.000000 -0.605591 1.004872 1.004872 1.004872
5509.357910 0.000000 4158.970215 0.000000 0.988770 0.000000 -0.149442 1.007115 1.007115 1.007115
5520.155762 0.000000 4155.356934 0.000000 0.025203 0.000000 -0.999682 1.019293 1.019293 1.019293
5520.687012 0.000000 4161.396973 0.000000 0.832325 0.000000 -0.554288 1.005867 1.005867 1.005867
5563.047363 0.000000 4119.076172 0.000000 0.891285 0.000000 -0.453443 1.014099 1.014099 1.014099
5499.339355 0.000000 4169.958496 0.000000 0.904800 0.000000 -0.425836 1.010982 1.010982 1.010982
5504.203125 0.000000 4152.320801 0.000000 0.866733 0.000000 -0.498772 1.026073 1.026073 1.026073
5561.170898 0.000000 4112.037598 0.000000 0.993521 0.000000 -0.113652 1.002275 1.002275 1.002275
5512.233398 0.000000 4166.144531 0.000000 0.986681 0.000000 -0.162669 1.003671 1.003671 1.003671
5506.368164 0.000000 4166.213379 0.000000 0.740602 0.000000 -0.671944 1.023914 1.023914 1.023914
5561.559082 0.000000 4115.860840 0.000000 0.964773 0.000000 -0.263086 1.005982 1.005982 1.005982
5517.001465 0.000000 4156.232910 0.000000 0.010679 0.000000 -0.999943 1.038949 1.038949 1.038949
5498.598633 0.000000 4145.401855 0.000000 0.435912 0.000000 -0.899989 1.025159 1.025159 1.025159
5566.551758 0.000000 4107.366211 0.000000 0.998698 0.000000 0.051006 0.998726 0.998726 0.998726
5501.088379 0.000000 4151.639160 0.000000 0.763941 0.000000 -0.645286 1.029768 1.029768 1.029768
5512.215332 0.000000 4152.117188 0.000000 0.578022 0.000000 -0.816021 1.033361 1.033361 1.033361
5504.916992 0.000000 4169.602051 0.000000 0.781247 0.000000 -0.624222 1.018513 1.018513 1.018513
5565.563965 0.000000 4124.916016 0.000000 0.999884 0.000000 -0.015239 1.000419 1.000419 1.000419
5510.564941 0.000000 4148.054688 0.000000 0.954631 0.000000 -0.297792 1.009059 1.009059 1.009059
5509.189941 0.000000 4166.915039 0.000000 0.571963 0.000000 -0.820279 1.028817 1.028817 1.028817
5502.080566 0.000000 4169.526855 0.000000 0.115845 0.000000 -0.993267 1.039949 1.039949 1.039949
5505.280762 0.000000 4149.803711 0.000000 0.201227 0.000000 -0.979545 1.051236 1.051236 1.051236
5509.847168 0.000000 4150.974609 0.000000 0.222261 0.000000 -0.974987 1.053792 1.053792 1.053792
5498.338379 0.000000 4151.639160 0.000000 0.995655 0.000000 -0.093119 1.003492 1.003492 1.003492
5506.678223 0.000000 4163.708008 0.000000 0.895247 0.000000 -0.445570 1.020753 1.020753 1.020753
5420.530762 0.000000 4193.917480 0.000000 0.989810 0.000000 -0.142395 1.000357 1.000357 1.000357
5447.191406 0.000000 4206.988770 0.000000 0.881215 0.000000 -0.472715 1.001229 1.001229 1.001229
5425.565918 0.000000 4173.100098 0.000000 0.794419 0.000000 -0.607370 1.001630 1.001630 1.001630
5473.828613 0.000000 4181.068848 0.000000 0.998640 0.000000 0.052141 0.997786 0.997786 0.997786
5411.585938 0.000000 4180.497559 0.000000 0.963456 0.000000 -0.267867 1.000677 1.000677 1.000677
5433.785156 0.000000 4201.237305 0.000000 0.783522 0.000000 -0.621364 1.001674 1.001674 1.001674
5427.812500 0.000000 4184.619629 0.000000 0.967218 0.000000 -0.253948 1.001282 1.001282 1.001282
5446.916504 0.000000 4196.210449 0.000000 0.813603 0.000000 -0.581421 1.001549 1.001549 1.001549
5463.343262 0.000000 4183.341797 0.000000 0.904185 0.000000 -0.427141 1.016527 1.016527 1.016527
5476.069824 0.000000 4172.748535 0.000000 0.112769 0.000000 -0.993621 1.025476 1.025476 1.025476
5454.103516 0.000000 4193.888672 0.000000 0.820946 0.000000 -0.571006 1.007586 1.007586 1.007586
5439.425781 0.000000 4196.098145 0.000000 0.896365 0.000000 -0.443317 1.002293 1.002293 1.002293
5433.168457 0.000000 4173.385742 0.000000 0.085521 0.000000 -0.996336 1.007416 1.007416 1.007416
5442.410156 0.000000 4181.288574 0.000000 0.999962 0.000000 0.008730 0.999956 0.999956 0.999956
5477.103516 0.000000 4187.325195 0.000000 0.413906 0.000000 -0.910320 1.045699 1.045699 1.045699
5462.887207 0.000000 4203.024414 0.000000 0.256076 0.000000 -0.966657 1.013100 1.013100 1.013100
5457.114746 0.000000 4180.962891 0.000000 0.997971 0.000000 -0.063666 1.001113 1.001113 1.001113
5479.183594 0.000000 4178.373047 0.000000 0.783707 0.000000 -0.621130 1.020078 1.020078 1.020078
5462.265137 0.000000 4177.595215 0.000000 0.273898 0.000000 -0.961759 1.029060 1.029060 1.029060
5468.373535 0.000000 4179.727051 0.000000 0.206136 0.000000 -0.978523 1.051048 1.051048 1.051048
5457.967285 0.000000 4197.439941 0.000000 0.356920 0.000000 -0.934135 1.018062 1.018062 1.018062
5472.047363 0.000000 4185.826660 0.000000 0.977781 0.000000 -0.209629 1.011600 1.011600 1.011600
5463.325195 0.000000 4189.311035 0.000000 0.772468 0.000000 -0.635053 1.025767 1.025767 1.025767
5464.277344 0.000000 4198.344727 0.000000 0.149881 0.000000 -0.988704 1.031914 1.031914 1.031914
5462.843262 0.000000 4172.479004 0.000000 0.254745 0.000000 -0.967008 1.016392 1.016392 1.016392
5459.431152 0.000000 4184.341309 0.000000 0.969830 0.000000 -0.243782 1.006763 1.006763 1.006763
5470.666992 0.000000 4172.509766 0.000000 0.607820 0.000000 -0.794075 1.018324 1.018324 1.018324
5454.963379 0.000000 4189.642578 0.000000 0.860589 0.000000 -0.509300 1.009339 1.009339 1.009339
5475.456055 0.000000 4177.550293 0.000000 0.496849 0.000000 -0.867837 1.031482 1.031482 1.031482
5471.266113 0.000000 4193.312500 0.000000 0.982114 0.000000 -0.188287 1.006621 1.006621 1.006621
5464.792480 0.000000 4180.078125 0.000000 0.866896 0.000000 -0.498489 1.018240 1.018240 1.018240
5470.408203 0.000000 4182.643066 0.000000 0.961482 0.000000 -0.274869 1.013903 1.013903 1.013903
5460.672852 0.000000 4181.004395 0.000000 0.095626 0.000000 -0.995417 1.040507 1.040507 1.040507
5466.134277 0.000000 4201.256836 0.000000 0.354160 0.000000 -0.935185 1.027160 1.027160 1.027160
5475.055176 0.000000 4184.307617 0.000000 0.278862 0.000000 -0.960331 1.067536 1.067536 1.067536
5461.197754 0.000000 4197.405762 0.000000 0.921345 0.000000 -0.388746 1.007974 1.007974 1.007974
5461.414551 0.000000 4186.774902 0.000000 0.999003 0.000000 -0.044650 1.001561 1.001561 1.001561
5460.845215 0.000000 4191.033203 0.000000 0.087158 0.000000 -0.996194 1.048148 1.048148 1.048148
5476.839844 0.000000 4180.594238 0.000000 0.605636 0.000000 -0.795742 1.036758 1.036758 1.036758
5468.832520 0.000000 4176.745117 0.000000 0.259663 0.000000 -0.965699 1.039189 1.039189 1.039189
5467.191895 0.000000 4198.609863 0.000000 0.476102 0.000000 -0.879390 1.029510 1.029510 1.029510
5464.674316 0.000000 4195.578613 0.000000 0.975616 0.000000 -0.219485 1.007182 1.007182 1.007182
5471.538574 0.000000 4188.563477 0.000000 0.984149 0.000000 -0.177346 1.010237 1.010237 1.010237
5469.531250 0.000000 4186.748047 0.000000 0.909418 0.000000 -0.415884 1.023558 1.023558 1.023558
5463.836426 0.000000 4191.846680 0.000000 0.251368 0.000000 -0.967891 1.046021 1.046021 1.046021
5470.912109 0.000000 4190.855469 0.000000 0.976843 0.000000 -0.213957 1.011305 1.011305 1.011305
5466.850586 0.000000 4190.899414 0.000000 0.811866 0.000000 -0.583843 1.029573 1.029573 1.029573
5477.165039 0.000000 4185.216309 0.000000 0.997475 0.000000 -0.071013 1.003549 1.003549 1.003549
5533.718262 0.000000 4267.010254 0.000000 0.829808 0.000000 -0.558049 1.008868 1.008868 1.008868
5503.363770 0.000000 4206.414551 0.000000 0.982200 0.000000 -0.187839 1.009435 1.009435 1.009435
5486.634277 0.000000 4225.254883 0.000000 0.872430 0.000000 -0.488739 1.002550 1.002550 1.002550
5494.571289 0.000000 4192.221680 0.000000 0.048366 0.000000 -0.998830 1.019004 1.019004 1.019004
5515.922363 0.000000 4244.684082 0.000000 0.303788 0.000000 -0.952740 1.006302 1.006302 1.006302
5531.834961 0.000000 4235.406250 0.000000 0.319863 0.000000 -0.947464 1.021761 1.021761 1.021761
5503.245117 0.000000 4218.013184 0.000000 0.928578 0.000000 -0.371136 1.020884 1.020884 1.020884
5565.322266 0.000000 4272.306152 0.000000 0.122442 0.000000 -0.992476 1.014460 1.014460 1.014460
5480.730957 0.000000 4184.810059 0.000000 0.335376 0.000000 -0.942084 1.049084 1.049084 1.049084
5529.495117 0.000000 4257.162598 0.000000 0.822271 0.000000 -0.569096 1.027206 1.027206 1.027206
5525.250488 0.000000 4242.384766 0.000000 0.079886 0.000000 -0.996804 1.052107 1.052107 1.052107
5521.719727 0.000000 4224.216797 0.000000 0.735097 0.000000 -0.677962 1.013019 1.013019 1.013019
5524.521973 0.000000 4264.802246 0.000000 0.871896 0.000000 -0.489692 1.008943 1.008943 1.008943
5494.756836 0.000000 4221.040039 0.000000 0.998582 0.000000 -0.053240 1.001596 1.001596 1.001596
5493.393066 0.000000 4172.479004 0.000000 0.071309 0.000000 -0.997454 1.007487 1.007487 1.007487
5500.554199 0.000000 4198.404297 0.000000 0.999628 0.000000 0.027283 0.999251 0.999251 0.999251
5492.107422 0.000000 4231.535645 0.000000 0.621449 0.000000 -0.783455 1.008990 1.008990 1.008990
5521.332520 0.000000 4209.454102 0.000000 0.961439 0.000000 -0.275019 1.002782 1.002782 1.002782
5547.671875 0.000000 4246.693359 0.000000 0.266056 0.000000 -0.963958 1.019495 1.019495 1.019495
5507.730957 0.000000 4211.877930 0.000000 0.633365 0.000000 -0.773853 1.044184 1.044184 1.044184
5541.368652 0.000000 4245.538086 0.000000 0.990395 0.000000 -0.138270 1.004156 1.004156 1.004156
5514.846680 0.000000 4207.479004 0.000000 0.994318 0.000000 -0.106451 1.002396 1.002396 1.002396
5487.322266 0.000000 4218.589355 0.000000 0.908885 0.000000 -0.417046 1.006444 1.006444 1.006444
5497.541016 0.000000 4234.384277 0.000000 0.882742 0.000000 -0.469859 1.004885 1.004885 1.004885
5513.419922 0.000000 4196.246582 0.000000 0.528579 0.000000 -0.848884 1.010125 1.010125 1.010125
5526.061035 0.000000 4236.027344 0.000000 0.052646 0.000000 -0.998613 1.034111 1.034111 1.034111
5506.042969 0.000000 4200.456543 0.000000 0.850477 0.000000 -0.526012 1.015211 1.015211 1.015211
5489.582031 0.000000 4176.900391 0.000000 0.302963 0.000000 -0.953002 1.009459 1.009459 1.009459
5497.056152 0.000000 4206.508301 0.000000 0.333808 0.000000 -0.942641 1.058366 1.058366 1.058366
5498.734375 0.000000 4174.515137 0.000000 0.688909 0.000000 -0.724848 1.006073 1.006073 1.006073
5484.472168 0.000000 4180.232422 0.000000 0.983386 0.000000 -0.181529 1.004102 1.004102 1.004102
5529.662109 0.000000 4262.849609 0.000000 0.343717 0.000000 -0.939073 1.033502 1.033502 1.033502
5492.413086 0.000000 4225.830566 0.000000 0.003710 0.000000 -0.999993 1.031298 1.031298 1.031298
5491.796387 0.000000 4207.562988 0.000000 0.893512 0.000000 -0.449039 1.013951 1.013951 1.013951
5542.236328 0.000000 4257.462402 0.000000 0.971202 0.000000 -0.238259 1.006006 1.006006 1.006006
5528.838867 0.000000 4246.669922 0.000000 0.976718 0.000000 -0.214526 1.011335 1.011335 1.011335
5494.997070 0.000000 4197.453613 0.000000 0.414471 0.000000 -0.910062 1.025692 1.025692 1.025692
5503.018066 0.000000 4212.830078 0.000000 0.896035 0.000000 -0.443984 1.028713 1.028713 1.028713
5498.370117 0.000000 4217.412598 0.000000 0.991124 0.000000 -0.132942 1.006325 1.006325 1.006325
5491.266113 0.000000 4188.031250 0.000000 0.712463 0.000000 -0.701710 1.013593 1.013593 1.013593
5485.224609 0.000000 4185.429199 0.000000 0.173336 0.000000 -0.984863 1.041840 1.041840 1.041840
5518.703125 0.000000 4213.087402 0.000000 0.974770 0.000000 -0.223213 1.004496 1.004496 1.004496
5534.002441 0.000000 4262.332520 0.000000 0.803901 0.000000 -0.594763 1.015902 1.015902 1.015902
5490.035156 0.000000 4222.026367 0.000000 0.458084 0.000000 -0.888909 1.019135 1.019135 1.019135
5480.956543 0.000000 4177.804688 0.000000 0.423596 0.000000 -0.905851 1.025466 1.025466 1.025466
5519.575684 0.000000 4242.378418 0.000000 0.804207 0.000000 -0.594350 1.012712 1.012712 1.012712
5509.698242 0.000000 4198.292480 0.000000 0.754562 0.000000 -0.656228 1.014296 1.014296 1.014296
5511.538574 0.000000 4209.875000 0.000000 0.999481 0.000000 0.032223 0.998793 0.998793 0.998793
5539.313477 0.000000 4254.362305 0.000000 0.554386 0.000000 -0.832260 1.039273 1.039273 1.039273
5533.648926 0.000000 4238.974609 0.000000 0.955638 0.000000 -0.294543 1.008957 1.008957 1.008957
5544.723145 0.000000 4243.626953 0.000000 0.722146 0.000000 -0.691741 1.013350 1.013350 1.013350
5528.028809 0.000000 4239.421875 0.000000 0.642534 0.000000 -0.766258 1.026154 1.026154 1.026154
5544.308594 0.000000 4248.716309 0.000000 0.293544 0.000000 -0.955945 1.028600 1.028600 1.028600
5506.082520 0.000000 4220.373535 0.000000 0.470812 0.000000 -0.882234 1.062048 1.062048 1.062048
5491.122559 0.000000 4218.186523 0.000000 0.385406 0.000000 -0.922747 1.026404 1.026404 1.026404
5541.536133 0.000000 4260.952637 0.000000 0.704070 0.000000 -0.710130 1.017743 1.017743 1.017743
5517.789551 0.000000 4209.569336 0.000000 0.718089 0.000000 -0.695951 1.015374 1.015374 1.015374
5545.175293 0.000000 4255.188477 0.000000 0.216198 0.000000 -0.976350 1.030398 1.030398 1.030398
5505.976074 0.000000 4208.826660 0.000000 0.140578 0.000000 -0.990070 1.074958 1.074958 1.074958
5533.911621 0.000000 4244.017578 0.000000 0.394661 0.000000 -0.918827 1.055266 1.055266 1.055266
5516.442871 0.000000 4254.247559 0.000000 0.923380 0.000000 -0.383887 1.007869 1.007869 1.007869
5512.347656 0.000000 4221.895996 0.000000 0.956062 0.000000 -0.293166 1.012628 1.012628 1.012628
5516.716797 0.000000 4216.416016 0.000000 0.177444 0.000000 -0.984131 1.041715 1.041715 1.041715
5512.105469 0.000000 4205.546875 0.000000 0.225039 0.000000 -0.974350 1.033549 1.033549 1.033549
5500.188965 0.000000 4205.268066 0.000000 0.885722 0.000000 -0.464216 1.021694 1.021694 1.021694
5481.176758 0.000000 4181.358887 0.000000 0.009548 0.000000 -0.999954 1.050671 1.050671 1.050671
5488.433594 0.000000 4186.391602 0.000000 0.134910 0.000000 -0.990858 1.032254 1.032254 1.032254
5517.763672 0.000000 4247.674805 0.000000 0.777513 0.000000 -0.628867 1.013583 1.013583 1.013583
5524.590332 0.000000 4239.258301 0.000000 0.914833 0.000000 -0.403832 1.010378 1.010378 1.010378
5528.269043 0.000000 4243.552734 0.000000 0.993645 0.000000 -0.112564 1.004506 1.004506 1.004506
5518.629395 0.000000 4225.103027 0.000000 0.437449 0.000000 -0.899243 1.025121 1.025121 1.025121
5532.132812 0.000000 4254.693359 0.000000 0.482534 0.000000 -0.875877 1.053289 1.053289 1.053289
5508.442871 0.000000 4202.333984 0.000000 0.869985 0.000000 -0.493079 1.015447 1.015447 1.015447
5497.650879 0.000000 4198.976562 0.000000 0.712718 0.000000 -0.701451 1.019409 1.019409 1.019409
5541.362793 0.000000 4248.518066 0.000000 0.999819 0.000000 -0.019042 1.000666 1.000666 1.000666
5502.251953 0.000000 4224.656250 0.000000 0.991757 0.000000 -0.128131 1.003208 1.003208 1.003208
5525.093750 0.000000 4261.952148 0.000000 0.989249 0.000000 -0.146244 1.004031 1.004031 1.004031
5495.460938 0.000000 4218.115234 0.000000 0.715021 0.000000 -0.699103 1.025125 1.025125 1.025125
5483.560547 0.000000 4183.017090 0.000000 0.988844 0.000000 -0.148953 1.004852 1.004852 1.004852
5500.652344 0.000000 4219.375488 0.000000 0.357159 0.000000 -0.934044 1.060195 1.060195 1.060195
5503.447266 0.000000 4198.984375 0.000000 0.933777 0.000000 -0.357856 1.010050 1.010050 1.010050
5531.356934 0.000000 4245.369629 0.000000 0.728856 0.000000 -0.684667 1.035772 1.035772 1.035772
5517.602051 0.000000 4219.056641 0.000000 0.713094 0.000000 -0.701068 1.023275 1.023275 1.023275
5539.317871 0.000000 4257.347168 0.000000 0.991956 0.000000 -0.126580 1.004436 1.004436 1.004436
5539.374023 0.000000 4242.762695 0.000000 0.986575 0.000000 -0.163309 1.004915 1.004915 1.004915
5498.681641 0.000000 4225.891113 0.000000 0.657496 0.000000 -0.753458 1.029824 1.029824 1.029824
5514.191406 0.000000 4210.912598 0.000000 0.214859 0.000000 -0.976645 1.037190 1.037190 1.037190
5504.413086 0.000000 4215.403809 0.000000 0.212777 0.000000 -0.977101 1.081270 1.081270 1.081270
5492.022461 0.000000 4213.623047 0.000000 0.132065 0.000000 -0.991241 1.053863 1.053863 1.053863
5508.876953 0.000000 4209.193359 0.000000 0.999489 0.000000 -0.031977 1.001357 1.001357 1.001357
5536.661621 0.000000 4247.568848 0.000000 0.307698 0.000000 -0.951484 1.056533 1.056533 1.056533
5503.498047 0.000000 4210.229980 0.000000 0.934617 0.000000 -0.355655 1.021787 1.021787 1.021787
5539.121094 0.000000 4246.768066 0.000000 0.714277 0.000000 -0.699863 1.030965 1.030965 1.030965
5505.502441 0.000000 4213.174805 0.000000 0.554466 0.000000 -0.832206 1.056449 1.056449 1.056449
5509.403320 0.000000 4216.839355 0.000000 0.998538 0.000000 0.054050 0.997165 0.997165 0.997165
5494.456055 0.000000 4207.760254 0.000000 0.130601 0.000000 -0.991435 1.061108 1.061108 1.061108
5523.415527 0.000000 4251.939453 0.000000 0.990798 0.000000 -0.135348 1.005423 1.005423 1.005423
5505.769043 0.000000 4218.018066 0.000000 0.989197 0.000000 -0.146590 1.008448 1.008448 1.008448
5503.604492 0.000000 4204.107910 0.000000 0.984999 0.000000 -0.172559 1.007793 1.007793 1.007793
5501.105469 0.000000 4216.835938 0.000000 0.731495 0.000000 -0.681847 1.039335 1.039335 1.039335
5498.417969 0.000000 4208.219727 0.000000 0.387057 0.000000 -0.922056 1.064446 1.064446 1.064446
5535.137207 0.000000 4245.817871 0.000000 0.411220 0.000000 -0.911536 1.051544 1.051544 1.051544
5534.512695 0.000000 4255.539062 0.000000 0.920767 0.000000 -0.390112 1.019009 1.019009 1.019009
5507.874512 0.000000 4218.550293 0.000000 0.921629 0.000000 -0.388072 1.023879 1.023879 1.023879
5505.527832 0.000000 4206.083008 0.000000 0.091301 0.000000 -0.995823 1.070173 1.070173 1.070173
5502.445801 0.000000 4208.256836 0.000000 0.955108 0.000000 -0.296256 1.016520 1.016520 1.016520
5498.860840 0.000000 4210.519531 0.000000 0.891201 0.000000 -0.453609 1.027034 1.027034 1.027034
5533.290039 0.000000 4252.983887 0.000000 0.911475 0.000000 -0.411355 1.023285 1.023285 1.023285
5564.095703 0.000000 4294.309570 0.000000 0.776903 0.000000 -0.629620 1.005101 1.005101 1.005101
5568.990723 0.000000 3809.567383 0.000000 0.736968 0.000000 -0.675927 1.003706 1.003706 1.003706
5636.822266 0.000000 3798.137207 0.000000 0.735322 0.000000 -0.677718 1.001859 1.001859 1.001859
5589.700195 0.000000 3819.514404 0.000000 0.074276 0.000000 -0.997238 1.014944 1.014944 1.014944
5601.308105 0.000000 3785.822266 0.000000 0.958801 0.000000 -0.284078 1.001438 1.001438 1.001438
5607.769531 0.000000 3773.299561 0.000000 0.966772 0.000000 -0.255642 1.000645 1.000645 1.000645
5632.734863 0.000000 3811.506348 0.000000 0.999932 0.000000 -0.011700 1.000029 1.000029 1.000029
5585.935059 0.000000 3832.994873 0.000000 0.239942 0.000000 -0.970787 1.009950 1.009950 1.009950
5573.626465 0.000000 3797.316895 0.000000 0.999617 0.000000 -0.027687 1.000138 1.000138 1.000138
5608.153320 0.000000 3845.591064 0.000000 0.812342 0.000000 -0.583182 1.001554 1.001554 1.001554
5649.067383 0.000000 3833.518799 0.000000 0.231977 0.000000 -0.972721 1.003337 1.003337 1.003337
5580.314453 0.000000 3811.624268 0.000000 0.538555 0.000000 -0.842590 1.012509 1.012509 1.012509
5622.140137 0.000000 3847.932617 0.000000 0.159200 0.000000 -0.987246 1.007045 1.007045 1.007045
5611.514160 0.000000 3836.864258 0.000000 0.682239 0.000000 -0.731129 1.004094 1.004094 1.004094
5582.574707 0.000000 3825.379150 0.000000 0.512980 0.000000 -0.858401 1.010307 1.010307 1.010307
5640.817383 0.000000 3834.264648 0.000000 0.995866 0.000000 -0.090833 1.000454 1.000454 1.000454
5579.099609 0.000000 3803.597656 0.000000 0.190926 0.000000 -0.981604 1.010326 1.010326 1.010326
5580.564941 0.000000 3838.991211 0.000000 0.351698 0.000000 -0.936113 1.006049 1.006049 1.006049
5624.357422 0.000000 3812.740723 0.000000 0.133495 0.000000 -0.991050 1.007175 1.007175 1.007175
5629.492188 0.000000 3795.955078 0.000000 0.985141 0.000000 -0.171749 1.000862 1.000862 1.000862
5567.986328 0.000000 3817.617920 0.000000 0.155082 0.000000 -0.987902 1.007066 1.007066 1.007066
5587.908691 0.000000 3812.012451 0.000000 0.355761 0.000000 -0.934577 1.012054 1.012054 1.012054
5615.364746 0.000000 3844.091309 0.000000 0.711574 0.000000 -0.702612 1.003890 1.003890 1.003890
5590.463379 0.000000 3826.854980 0.000000 0.865164 0.000000 -0.501489 1.003935 1.003935 1.003935
5614.352539 0.000000 3776.510986 0.000000 0.979739 0.000000 -0.200276 1.001007 1.001007 1.001007
5579.172852 0.000000 3831.496338 0.000000 0.918234 0.000000 -0.396039 1.003050 1.003050 1.003050
5574.153320 0.000000 3815.139404 0.000000 0.884616 0.000000 -0.466321 1.004845 1.004845 1.004845
5635.465332 0.000000 3828.537354 0.000000 0.979126 0.000000 -0.203255 1.001533 1.001533 1.001533
5615.307617 0.000000 3794.018555 0.000000 0.299903 0.000000 -0.953970 1.015806 1.015806 1.015806
5592.051270 0.000000 3796.014893 0.000000 0.469708 0.000000 -0.882822 1.008103 1.008103 1.008103
5618.082520 0.000000 3814.074219 0.000000 0.318352 0.000000 -0.947972 1.009338 1.009338 1.009338
5602.577637 0.000000 3793.108398 0.000000 0.464768 0.000000 -0.885433 1.008144 1.008144 1.008144
5622.137207 0.000000 3802.335938 0.000000 0.634355 0.000000 -0.773042 1.006618 1.006618 1.006618
5616.654297 0.000000 3834.911865 0.000000 0.939731 0.000000 -0.341915 1.003485 1.003485 1.003485
5629.228516 0.000000 3829.524658 0.000000 0.588198 0.000000 -0.808717 1.009407 1.009407 1.009407
5585.456543 0.000000 3816.354492 0.000000 0.991811 0.000000 -0.127713 1.001599 1.001599 1.001599
5631.491699 0.000000 3853.356201 0.000000 0.949909 0.000000 -0.312528 1.000794 1.000794 1.000794
5572.888672 0.000000 3942.242676 0.000000 0.960154 0.000000 -0.279470 1.002121 1.002121 1.002121
5620.961426 0.000000 3926.685547 0.000000 0.992499 0.000000 -0.122252 1.000306 1.000306 1.000306
5651.358398 0.000000 3900.057129 0.000000 0.488726 0.000000 -0.872437 1.002647 1.002647 1.002647
5631.516602 0.000000 3954.474854 0.000000 0.717897 0.000000 -0.696150 1.009612 1.009612 1.009612
5568.349609 0.000000 3950.828857 0.000000 0.042883 0.000000 -0.999080 1.011443 1.011443 1.011443
5590.403320 0.000000 3958.337158 0.000000 0.276068 0.000000 -0.961138 1.016116 1.016116 1.016116
5622.140137 0.000000 3954.916992 0.000000 0.400582 0.000000 -0.916261 1.020248 1.020248 1.020248
5611.514160 0.000000 3943.848633 0.000000 0.605728 0.000000 -0.795672 1.009188 1.009188 1.009188
5602.776855 0.000000 3945.352783 0.000000 0.874869 0.000000 -0.484360 1.006312 1.006312 1.006312
5580.564941 0.000000 3945.975586 0.000000 0.564805 0.000000 -0.825224 1.009693 1.009693 1.009693
5615.364746 0.000000 3951.075684 0.000000 0.042311 0.000000 -0.999104 1.026711 1.026711 1.026711
5600.539062 0.000000 3955.767334 0.000000 0.997887 0.000000 -0.064971 1.000812 1.000812 1.000812
5634.621094 0.000000 3947.697021 0.000000 0.634798 0.000000 -0.772678 1.004409 1.004409 1.004409
5637.717285 0.000000 3954.962158 0.000000 0.160763 0.000000 -0.986993 1.014074 1.014074 1.014074
5574.766113 0.000000 3948.317871 0.000000 0.999398 0.000000 0.034686 0.999654 0.999654 0.999654
5652.674805 0.000000 3914.052002 0.000000 0.999871 0.000000 0.016091 0.999879 0.999879 0.999879
5611.000000 0.000000 3938.203369 0.000000 0.781897 0.000000 -0.623407 1.005041 1.005041 1.005041
5612.803223 0.000000 3956.385010 0.000000 0.953786 0.000000 -0.300486 1.006096 1.006096 1.006096
5567.941895 0.000000 3956.723633 0.000000 0.938608 0.000000 -0.344985 1.002638 1.002638 1.002638
5616.654297 0.000000 3941.896240 0.000000 0.584961 0.000000 -0.811061 1.009447 1.009447 1.009447
5602.748535 0.000000 3950.817139 0.000000 0.369912 0.000000 -0.929067 1.017853 1.017853 1.017853
5596.350098 0.000000 3945.001221 0.000000 0.762305 0.000000 -0.647218 1.007030 1.007030 1.007030
5626.770020 0.000000 3953.172852 0.000000 0.582758 0.000000 -0.812646 1.011842 1.011842 1.011842
5623.383301 0.000000 3949.952637 0.000000 0.945864 0.000000 -0.324562 1.004951 1.004951 1.004951
5578.917480 0.000000 3950.432861 0.000000 0.379105 0.000000 -0.925354 1.014754 1.014754 1.014754
5615.704590 0.000000 3946.214600 0.000000 0.225466 0.000000 -0.974251 1.020123 1.020123 1.020123
5611.342773 0.000000 3949.662598 0.000000 0.823195 0.000000 -0.567759 1.007537 1.007537 1.007537
5681.507324 0.000000 3872.964355 0.000000 0.999759 0.000000 0.021967 0.999726 0.999726 0.999726
5727.118652 0.000000 3930.901367 0.000000 0.995161 0.000000 -0.098262 1.000491 1.000491 1.000491
5676.692383 0.000000 3926.498779 0.000000 0.963653 0.000000 -0.267157 1.001350 1.001350 1.001350
5728.595703 0.000000 3950.206543 0.000000 0.441423 0.000000 -0.897299 1.002780 1.002780 1.002780
5724.606445 0.000000 3889.173096 0.000000 0.376920 0.000000 -0.926246 1.002957 1.002957 1.002957
5672.562500 0.000000 3859.544434 0.000000 0.999396 0.000000 -0.034763 1.000174 1.000174 1.000174
5734.255371 0.000000 3916.991455 0.000000 0.675484 0.000000 -0.737375 1.006210 1.006210 1.006210
5701.326660 0.000000 3852.438232 0.000000 0.999953 0.000000 0.009727 0.999951 0.999951 0.999951
5738.350586 0.000000 3900.057129 0.000000 0.286467 0.000000 -0.958090 1.003196 1.003196 1.003196
5719.727051 0.000000 3918.490723 0.000000 0.778704 0.000000 -0.627391 1.001693 1.001693 1.001693
5660.618652 0.000000 3904.301270 0.000000 0.619158 0.000000 -0.785266 1.004509 1.004509 1.004509
5695.145508 0.000000 3952.575439 0.000000 0.904184 0.000000 -0.427143 1.002204 1.002204 1.002204
5719.089844 0.000000 3941.006836 0.000000 0.932328 0.000000 -0.361614 1.001847 1.001847 1.001847
5736.059570 0.000000 3940.503174 0.000000 0.142288 0.000000 -0.989825 1.007130 1.007130 1.007130
5689.906738 0.000000 3923.730713 0.000000 0.111971 0.000000 -0.993711 1.003641 1.003641 1.003641
5700.190430 0.000000 3894.757324 0.000000 0.146087 0.000000 -0.989272 1.003556 1.003556 1.003556
5681.661621 0.000000 3915.649658 0.000000 0.265504 0.000000 -0.964110 1.006501 1.006501 1.006501
5739.306641 0.000000 3951.352783 0.000000 0.912570 0.000000 -0.408920 1.001052 1.001052 1.001052
5707.893066 0.000000 3875.256836 0.000000 0.290060 0.000000 -0.957008 1.019121 1.019121 1.019121
5724.319824 0.000000 3862.388428 0.000000 0.629216 0.000000 -0.777230 1.002223 1.002223 1.002223
5667.111816 0.000000 3881.489258 0.000000 0.701153 0.000000 -0.713011 1.001982 1.001982 1.001982
5703.479492 0.000000 3936.208984 0.000000 0.336649 0.000000 -0.941630 1.006129 1.006129 1.006129
5685.643066 0.000000 3881.173340 0.000000 0.222847 0.000000 -0.974853 1.013442 1.013442 1.013442
5709.132324 0.000000 3954.916992 0.000000 0.625299 0.000000 -0.780385 1.011176 1.011176 1.011176
5709.632812 0.000000 3856.425049 0.000000 0.997571 0.000000 -0.069662 1.000348 1.000348 1.000348
5732.446289 0.000000 3906.817383 0.000000 0.314654 0.000000 -0.949206 1.006245 1.006245 1.006245
5696.304688 0.000000 3859.431885 0.000000 0.220506 0.000000 -0.975386 1.013466 1.013466 1.013466
5669.566895 0.000000 3932.363525 0.000000 0.171741 0.000000 -0.985142 1.010472 1.010472 1.010472
5727.809570 0.000000 3941.249023 0.000000 0.779622 0.000000 -0.626250 1.003379 1.003379 1.003379
5726.231445 0.000000 3913.351807 0.000000 0.230860 0.000000 -0.972987 1.006680 1.006680 1.006680
5679.035156 0.000000 3854.701416 0.000000 0.778785 0.000000 -0.627291 1.003386 1.003386 1.003386
5700.402344 0.000000 3875.144775 0.000000 0.581266 0.000000 -0.813714 1.014238 1.014238 1.014238
5694.145020 0.000000 3852.432373 0.000000 0.972459 0.000000 -0.233074 1.001762 1.001762 1.001762
5701.344727 0.000000 3883.495361 0.000000 0.912571 0.000000 -0.408919 1.004207 1.004207 1.004207
5733.642090 0.000000 3933.407959 0.000000 0.344934 0.000000 -0.938627 1.009127 1.009127 1.009127
5706.782715 0.000000 3893.259766 0.000000 0.700585 0.000000 -0.713569 1.003967 1.003967 1.003967
5668.030273 0.000000 3925.481934 0.000000 0.998725 0.000000 -0.050485 1.000504 1.000504 1.000504
5717.962402 0.000000 3888.359863 0.000000 0.269565 0.000000 -0.962982 1.006480 1.006480 1.006480
5661.145508 0.000000 3922.123779 0.000000 0.046560 0.000000 -0.998915 1.015221 1.015221 1.015221
5707.526855 0.000000 3868.502686 0.000000 0.634030 0.000000 -0.773308 1.011035 1.011035 1.011035
5688.831055 0.000000 3886.525635 0.000000 0.018049 0.000000 -0.999837 1.011629 1.011629 1.011629
5711.301270 0.000000 3880.735352 0.000000 0.978545 0.000000 -0.206034 1.001554 1.001554 1.001554
5690.496582 0.000000 3857.206543 0.000000 0.873623 0.000000 -0.486603 1.005075 1.005075 1.005075
5671.525391 0.000000 3913.430908 0.000000 0.730319 0.000000 -0.683106 1.005632 1.005632 1.005632
5662.034668 0.000000 3914.989746 0.000000 0.944487 0.000000 -0.328549 1.003343 1.003343 1.003343
5687.404297 0.000000 3875.293457 0.000000 0.835029 0.000000 -0.550206 1.008727 1.008727 1.008727
5739.320312 0.000000 3935.025635 0.000000 0.492141 0.000000 -0.870515 1.010548 1.010548 1.010548
5739.666992 0.000000 3914.052002 0.000000 0.977124 0.000000 -0.212669 1.002140 1.002140 1.002140
5680.027344 0.000000 3879.503174 0.000000 0.676228 0.000000 -0.736693 1.006203 1.006203 1.006203
5699.795410 0.000000 3956.385010 0.000000 0.689575 0.000000 -0.724215 1.006066 1.006066 1.006066
5708.644043 0.000000 3861.768799 0.000000 0.313062 0.000000 -0.949733 1.012506 1.012506 1.012506
5713.762207 0.000000 3953.172852 0.000000 0.086752 0.000000 -0.996230 1.014819 1.014819 1.014819
5695.514160 0.000000 3875.349609 0.000000 0.196528 0.000000 -0.980498 1.020566 1.020566 1.020566
5684.394531 0.000000 3864.228271 0.000000 0.697279 0.000000 -0.716800 1.009976 1.009976 1.009976
5699.051758 0.000000 3879.551514 0.000000 0.481132 0.000000 -0.876648 1.013342 1.013342 1.013342
5692.417480 0.000000 3861.339355 0.000000 0.153622 0.000000 -0.988130 1.017683 1.017683 1.017683
5691.335938 0.000000 3875.208496 0.000000 0.872792 0.000000 -0.488091 1.007638 1.007638 1.007638
5704.072754 0.000000 3876.747070 0.000000 0.480184 0.000000 -0.877168 1.016027 1.016027 1.016027
5631.491699 0.000000 3960.340576 0.000000 0.984995 0.000000 -0.172581 1.002165 1.002165 1.002165
5620.710449 0.000000 4053.041504 0.000000 0.757730 0.000000 -0.652568 1.007100 1.007100 1.007100
5599.550293 0.000000 3959.131348 0.000000 0.823661 0.000000 -0.567082 1.009032 1.009032 1.009032
5636.097168 0.000000 3980.111816 0.000000 0.356151 0.000000 -0.934428 1.012050 1.012050 1.012050
5569.468750 0.000000 3982.121094 0.000000 0.675693 0.000000 -0.737183 1.006208 1.006208 1.006208
5647.812988 0.000000 3967.100098 0.000000 0.983308 0.000000 -0.181951 1.002284 1.002284 1.002284
5605.988770 0.000000 4042.617676 0.000000 0.928196 0.000000 -0.372091 1.003807 1.003807 1.003807
5585.570312 0.000000 3966.528809 0.000000 0.144007 0.000000 -0.989577 1.010682 1.010682 1.010682
5614.334473 0.000000 3959.422607 0.000000 0.309597 0.000000 -0.950868 1.025086 1.025086 1.025086
5585.935059 0.000000 4046.963623 0.000000 0.652722 0.000000 -0.757598 1.002146 1.002146 1.002146
5590.355957 0.000000 3992.445312 0.000000 0.633949 0.000000 -0.773375 1.002207 1.002207 1.002207
5608.153320 0.000000 4059.559814 0.000000 0.239074 0.000000 -0.971001 1.009957 1.009957 1.009957
5602.914551 0.000000 4030.715088 0.000000 0.994312 0.000000 -0.106505 1.000533 1.000533 1.000533
5601.796875 0.000000 3970.650635 0.000000 0.656252 0.000000 -0.754541 1.008538 1.008538 1.008538
5649.771973 0.000000 3980.378906 0.000000 0.683900 0.000000 -0.729576 1.014290 1.014290 1.014290
5567.723145 0.000000 3970.841064 0.000000 0.998138 0.000000 -0.060997 1.000610 1.000610 1.000610
5596.508301 0.000000 4046.673096 0.000000 0.987565 0.000000 -0.157209 1.001182 1.001182 1.001182
5616.487305 0.000000 4043.193359 0.000000 0.991728 0.000000 -0.128360 1.001285 1.001285 1.001285
5643.442871 0.000000 3988.041504 0.000000 0.754429 0.000000 -0.656382 1.005363 1.005363 1.005363
5641.088379 0.000000 3960.277588 0.000000 0.106344 0.000000 -0.994329 1.018278 1.018278 1.018278
5611.514160 0.000000 4050.833008 0.000000 0.819778 0.000000 -0.572682 1.007612 1.007612 1.007612
5622.640625 0.000000 3963.409424 0.000000 0.250920 0.000000 -0.968008 1.026307 1.026307 1.026307
5570.498535 0.000000 3991.753418 0.000000 0.953380 0.000000 -0.301773 1.001531 1.001531 1.001531
5650.054199 0.000000 3958.779297 0.000000 0.760449 0.000000 -0.649398 1.005294 1.005294 1.005294
5609.312500 0.000000 3966.416260 0.000000 0.441190 0.000000 -0.897414 1.019466 1.019466 1.019466
5608.324707 0.000000 3995.485107 0.000000 0.589528 0.000000 -0.807748 1.007043 1.007043 1.007043
5567.986328 0.000000 4031.586670 0.000000 0.523072 0.000000 -0.852288 1.025473 1.025473 1.025473
5615.364746 0.000000 4058.060059 0.000000 0.321465 0.000000 -0.946921 1.012418 1.012418 1.012418
5607.152832 0.000000 3959.416748 0.000000 0.989094 0.000000 -0.147287 1.002214 1.002214 1.002214
5616.394531 0.000000 3967.319336 0.000000 0.177207 0.000000 -0.984174 1.027815 1.027815 1.027815
5614.352539 0.000000 3990.479736 0.000000 0.999958 0.000000 0.009118 0.999932 0.999932 0.999932
5634.621094 0.000000 4054.681396 0.000000 0.254691 0.000000 -0.967023 1.006557 1.006557 1.006557
5651.087891 0.000000 3973.355957 0.000000 0.998791 0.000000 -0.049164 1.000737 1.000737 1.000737
5569.575684 0.000000 4016.620605 0.000000 0.077486 0.000000 -0.996993 1.018640 1.018640 1.018640
5620.534668 0.000000 3975.487061 0.000000 0.998753 0.000000 0.049925 0.999252 0.999252 0.999252
5607.729492 0.000000 3972.690430 0.000000 0.528029 0.000000 -0.849226 1.015197 1.015197 1.015197
5603.504395 0.000000 3964.190918 0.000000 0.824151 0.000000 -0.566370 1.009019 1.009019 1.009019
5653.167969 0.000000 3964.403809 0.000000 0.546389 0.000000 -0.837532 1.009914 1.009914 1.009914
5576.574219 0.000000 3962.931641 0.000000 0.889611 0.000000 -0.456719 1.004737 1.004737 1.004737
5636.249512 0.000000 3963.626465 0.000000 0.940348 0.000000 -0.340213 1.004333 1.004333 1.004333
5608.142090 0.000000 4032.546143 0.000000 0.324230 0.000000 -0.945978 1.009292 1.009292 1.009292
5642.357910 0.000000 3965.758057 0.000000 0.943208 0.000000 -0.332202 1.004227 1.004227 1.004227
5567.570801 0.000000 3976.823730 0.000000 0.955632 0.000000 -0.294562 1.002986 1.002986 1.002986
5611.000000 0.000000 4045.187744 0.000000 0.998922 0.000000 -0.046428 1.000580 1.000580 1.000580
5612.803223 0.000000 4063.369385 0.000000 0.557046 0.000000 -0.830481 1.007340 1.007340 1.007340
5619.888184 0.000000 3958.423096 0.000000 0.480405 0.000000 -0.877047 1.021364 1.021364 1.021364
5616.654297 0.000000 4048.880615 0.000000 0.988661 0.000000 -0.150168 1.001882 1.001882 1.001882
5602.748535 0.000000 4057.801514 0.000000 0.916696 0.000000 -0.399586 1.003079 1.003079 1.003079
5618.722168 0.000000 3987.285400 0.000000 0.605246 0.000000 -0.796039 1.009194 1.009194 1.009194
5648.127441 0.000000 3991.656250 0.000000 0.769263 0.000000 -0.638932 1.006922 1.006922 1.006922
5645.903809 0.000000 3962.204834 0.000000 0.989970 0.000000 -0.141277 1.001416 1.001416 1.001416
5590.882812 0.000000 3966.825439 0.000000 0.953358 0.000000 -0.301840 1.003062 1.003062 1.003062
5600.156738 0.000000 4042.256836 0.000000 0.429524 0.000000 -0.903055 1.011253 1.011253 1.011253
5610.469727 0.000000 3977.702881 0.000000 0.269058 0.000000 -0.963124 1.019449 1.019449 1.019449
5616.545410 0.000000 3978.196533 0.000000 0.239340 0.000000 -0.970936 1.019909 1.019909 1.019909
5627.444824 0.000000 3963.581787 0.000000 0.840318 0.000000 -0.542093 1.010012 1.010012 1.010012
5608.521973 0.000000 3982.333984 0.000000 0.306522 0.000000 -0.951864 1.015719 1.015719 1.015719
5617.876465 0.000000 3971.771729 0.000000 0.920305 0.000000 -0.391202 1.007024 1.007024 1.007024
5647.613281 0.000000 3976.381836 0.000000 0.323117 0.000000 -0.946359 1.021701 1.021701 1.021701
5641.574707 0.000000 3970.978271 0.000000 0.967318 0.000000 -0.253566 1.003840 1.003840 1.003840
5625.036133 0.000000 3976.266602 0.000000 0.995520 0.000000 -0.094556 1.001182 1.001182 1.001182
5636.827637 0.000000 3958.509766 0.000000 0.187864 0.000000 -0.982195 1.017249 1.017249 1.017249
5653.064941 0.000000 3983.099609 0.000000 0.588061 0.000000 -0.808817 1.014113 1.014113 1.014113
5605.425293 0.000000 3968.323730 0.000000 0.570255 0.000000 -0.821468 1.016846 1.016846 1.016846
5625.821289 0.000000 3967.635986 0.000000 0.912309 0.000000 -0.409503 1.007373 1.007373 1.007373
5595.107910 0.000000 3958.832031 0.000000 0.464886 0.000000 -0.885370 1.013572 1.013572 1.013572
5603.295898 0.000000 3960.268555 0.000000 0.975928 0.000000 -0.218091 1.003293 1.003293 1.003293
5628.947754 0.000000 3975.673828 0.000000 0.878171 0.000000 -0.478347 1.007471 1.007471 1.007471
5567.778809 0.000000 4020.029785 0.000000 0.306255 0.000000 -0.951950 1.028301 1.028301 1.028301
5622.837402 0.000000 3959.697510 0.000000 0.843675 0.000000 -0.536854 1.011318 1.011318 1.011318
5681.507324 0.000000 3979.948730 0.000000 0.702434 0.000000 -0.711749 1.001977 1.001977 1.001977
5657.902344 0.000000 3960.761719 0.000000 0.968879 0.000000 -0.247536 1.001249 1.001249 1.001249
5663.527832 0.000000 3998.515625 0.000000 0.911317 0.000000 -0.411705 1.004237 1.004237 1.004237
5686.542480 0.000000 3959.131348 0.000000 0.903140 0.000000 -0.429346 1.001108 1.001108 1.001108
5656.460938 0.000000 3982.121094 0.000000 0.374891 0.000000 -0.927069 1.017773 1.017773 1.017773
5701.326660 0.000000 3959.422607 0.000000 0.968823 0.000000 -0.247753 1.001875 1.001875 1.001875
5677.348145 0.000000 3992.445312 0.000000 0.722381 0.000000 -0.691496 1.005719 1.005719 1.005719
5677.229492 0.000000 4004.044434 0.000000 0.288540 0.000000 -0.957468 1.006382 1.006382 1.006382
5654.715332 0.000000 3970.841064 0.000000 0.924657 0.000000 -0.380802 1.005852 1.005852 1.005852
5724.319824 0.000000 3969.372803 0.000000 0.741155 0.000000 -0.671334 1.001837 1.001837 1.001837
5685.643066 0.000000 3988.157715 0.000000 0.999557 0.000000 -0.029762 1.000074 1.000074 1.000074
5709.632812 0.000000 3963.409424 0.000000 0.999712 0.000000 -0.024016 1.000240 1.000240 1.000240
5668.741211 0.000000 4007.071289 0.000000 0.999858 0.000000 -0.016870 1.000084 1.000084 1.000084
5696.304688 0.000000 3966.416260 0.000000 0.962388 0.000000 -0.271677 1.001374 1.001374 1.001374
5674.538574 0.000000 3984.435303 0.000000 0.866756 0.000000 -0.498733 1.003911 1.003911 1.003911
5671.750977 0.000000 3998.303711 0.000000 0.998247 0.000000 -0.059193 1.000444 1.000444 1.000444
5660.881348 0.000000 3976.007812 0.000000 0.303188 0.000000 -0.952931 1.015763 1.015763 1.015763
5681.715332 0.000000 3997.909180 0.000000 0.535151 0.000000 -0.844756 1.005024 1.005024 1.005024
5673.243652 0.000000 3973.375732 0.000000 0.564197 0.000000 -0.825640 1.004850 1.004850 1.004850
5718.091309 0.000000 3966.993896 0.000000 0.820217 0.000000 -0.572053 1.003041 1.003041 1.003041
5712.955078 0.000000 3958.526123 0.000000 0.181153 0.000000 -0.983455 1.013867 1.013867 1.013867
5658.456543 0.000000 3966.263428 0.000000 0.000130 0.000000 -1.000000 1.011764 1.011764 1.011764
5654.562988 0.000000 3976.823730 0.000000 0.454909 0.000000 -0.890538 1.016455 1.016455 1.016455
5661.513672 0.000000 3988.132080 0.000000 0.126691 0.000000 -0.991942 1.021627 1.021627 1.021627
5665.780762 0.000000 3993.593994 0.000000 0.999283 0.000000 -0.037853 1.000567 1.000567 1.000567
5668.981445 0.000000 3983.484863 0.000000 0.124507 0.000000 -0.992219 1.018050 1.018050 1.018050
5671.517090 0.000000 3988.006592 0.000000 0.973906 0.000000 -0.226951 1.002858 1.002858 1.002858
5659.465820 0.000000 3984.739502 0.000000 0.624936 0.000000 -0.780676 1.013418 1.013418 1.013418
5763.684570 0.000000 3926.498779 0.000000 0.935237 0.000000 -0.354023 1.000903 1.000903 1.000903
5759.919434 0.000000 3939.979248 0.000000 0.329946 0.000000 -0.944000 1.003082 1.003082 1.003082
5747.610840 0.000000 3904.301270 0.000000 0.876409 0.000000 -0.481567 1.002509 1.002509 1.002509
5754.298828 0.000000 3918.608643 0.000000 0.177546 0.000000 -0.984112 1.006952 1.006952 1.006952
5742.333984 0.000000 3950.828857 0.000000 0.773566 0.000000 -0.633716 1.001714 1.001714 1.001714
5756.559082 0.000000 3932.363525 0.000000 0.647178 0.000000 -0.762339 1.004329 1.004329 1.004329
5755.022461 0.000000 3925.481934 0.000000 0.761888 0.000000 -0.647709 1.003518 1.003518 1.003518
5743.560059 0.000000 3909.636230 0.000000 0.564160 0.000000 -0.825666 1.004850 1.004850 1.004850
5749.026855 0.000000 3914.989746 0.000000 0.911580 0.000000 -0.411123 1.003173 1.003173 1.003173
5743.031250 0.000000 3930.021973 0.000000 0.998966 0.000000 -0.045459 1.000454 1.000454 1.000454
5596.001465 0.000000 4164.134277 0.000000 0.392765 0.000000 -0.919639 1.014569 1.014569 1.014569
5590.237305 0.000000 4111.028809 0.000000 0.055163 0.000000 -0.998477 1.015135 1.015135 1.015135
5622.640625 0.000000 4070.393799 0.000000 0.130072 0.000000 -0.991504 1.007192 1.007192 1.007192
5581.749023 0.000000 4114.055664 0.000000 0.995228 0.000000 -0.097577 1.004148 1.004148 1.004148
5588.020996 0.000000 4162.204590 0.000000 0.187142 0.000000 -0.982333 1.017258 1.017258 1.017258
5600.539062 0.000000 4169.735840 0.000000 0.973760 0.000000 -0.227578 1.004012 1.004012 1.004012
5574.153320 0.000000 4136.092285 0.000000 0.993706 0.000000 -0.112022 1.000561 1.000561 1.000561
5592.051270 0.000000 4116.967773 0.000000 0.813765 0.000000 -0.581195 1.004645 1.004645 1.004645
5584.533203 0.000000 4127.399902 0.000000 0.231273 0.000000 -0.972889 1.026711 1.026711 1.026711
5575.042480 0.000000 4128.958496 0.000000 0.465465 0.000000 -0.885066 1.032554 1.032554 1.032554
5586.669922 0.000000 4116.215332 0.000000 0.597401 0.000000 -0.801943 1.023231 1.023231 1.023231
5589.770508 0.000000 4127.002930 0.000000 0.925933 0.000000 -0.377687 1.004835 1.004835 1.004835
5590.173828 0.000000 4166.939941 0.000000 0.653808 0.000000 -0.756661 1.019283 1.019283 1.019283
5585.362305 0.000000 4110.427734 0.000000 0.985577 0.000000 -0.169230 1.004245 1.004245 1.004245
5571.919434 0.000000 4107.074219 0.000000 0.958566 0.000000 -0.284871 1.008654 1.008654 1.008654
5574.535156 0.000000 4122.813965 0.000000 0.819145 0.000000 -0.573586 1.028977 1.028977 1.028977
5586.331543 0.000000 4169.958496 0.000000 0.977002 0.000000 -0.213228 1.005901 1.005901 1.005901
5579.234375 0.000000 4170.361328 0.000000 0.538180 0.000000 -0.842830 1.020023 1.020023 1.020023
5582.422363 0.000000 4121.640137 0.000000 0.998380 0.000000 -0.056896 1.001990 1.001990 1.001990
5580.664551 0.000000 4104.424805 0.000000 0.939095 0.000000 -0.343659 1.007007 1.007007 1.007007
5571.658203 0.000000 4114.664062 0.000000 0.842659 0.000000 -0.538448 1.028390 1.028390 1.028390
5576.243164 0.000000 4132.725098 0.000000 0.364818 0.000000 -0.931079 1.020925 1.020925 1.020925
5571.519531 0.000000 4127.240234 0.000000 0.949148 0.000000 -0.314831 1.011194 1.011194 1.011194
5572.629395 0.000000 4131.838379 0.000000 0.731480 0.000000 -0.681863 1.016859 1.016859 1.016859
5567.778809 0.000000 4127.014160 0.000000 0.236602 0.000000 -0.971607 1.036577 1.036577 1.036577
5583.122070 0.000000 4117.684570 0.000000 0.643157 0.000000 -0.765734 1.032662 1.032662 1.032662
5575.926758 0.000000 4108.723633 0.000000 0.420603 0.000000 -0.907245 1.039729 1.039729 1.039729
5569.013184 0.000000 4113.052734 0.000000 0.452476 0.000000 -0.891777 1.046739 1.046739 1.046739
5591.909180 0.000000 4169.602051 0.000000 0.813956 0.000000 -0.580927 1.018570 1.018570 1.018570
5568.485352 0.000000 4107.166016 0.000000 0.857829 0.000000 -0.513936 1.014823 1.014823 1.014823
5571.855957 0.000000 4121.700195 0.000000 0.973656 0.000000 -0.228023 1.011486 1.011486 1.011486
5584.576660 0.000000 4123.597656 0.000000 0.633981 0.000000 -0.773348 1.024279 1.024279 1.024279
5585.673828 0.000000 4118.906738 0.000000 0.849662 0.000000 -0.527328 1.016641 1.016641 1.016641
5574.234375 0.000000 4115.474609 0.000000 0.326544 0.000000 -0.945182 1.068004 1.068004 1.068004
5577.113770 0.000000 4117.651367 0.000000 0.024493 0.000000 -0.999700 1.084929 1.084929 1.084929
5567.667969 0.000000 4121.170410 0.000000 0.853562 0.000000 -0.520992 1.021890 1.021890 1.021890
5579.288086 0.000000 4113.425781 0.000000 0.922022 0.000000 -0.387138 1.016872 1.016872 1.016872
5576.874512 0.000000 4123.459961 0.000000 0.742379 0.000000 -0.669980 1.032993 1.032993 1.032993
5576.214355 0.000000 4112.898438 0.000000 0.999869 0.000000 0.016161 0.999233 0.999233 0.999233
5572.345215 0.000000 4112.603027 0.000000 0.304860 0.000000 -0.952397 1.059815 1.059815 1.059815
5571.916016 0.000000 4119.503418 0.000000 0.997680 0.000000 -0.068085 1.003572 1.003572 1.003572
5572.513672 0.000000 4116.594727 0.000000 0.286995 0.000000 -0.957932 1.073482 1.073482 1.073482
5576.535645 0.000000 4212.484863 0.000000 0.993484 0.000000 -0.113975 1.002281 1.002281 1.002281
5599.550293 0.000000 4173.100098 0.000000 0.978370 0.000000 -0.206863 1.005722 1.005722 1.005722
5586.655762 0.000000 4228.643555 0.000000 0.844369 0.000000 -0.535761 1.002823 1.002823 1.002823
5607.769531 0.000000 4201.237305 0.000000 0.872760 0.000000 -0.488149 1.001273 1.001273 1.001273
5574.309570 0.000000 4249.975098 0.000000 0.218882 0.000000 -0.975751 1.020224 1.020224 1.020224
5585.935059 0.000000 4260.932617 0.000000 0.983744 0.000000 -0.179577 1.010368 1.010368 1.010368
5590.237305 0.000000 4218.013184 0.000000 0.997264 0.000000 0.073928 0.999261 0.999261 0.999261
5596.508301 0.000000 4260.642090 0.000000 0.415567 0.000000 -0.909563 1.042774 1.042774 1.042774
5598.650879 0.000000 4202.126953 0.000000 0.910987 0.000000 -0.412436 1.010613 1.010613 1.010613
5581.749023 0.000000 4221.040039 0.000000 0.578025 0.000000 -0.816019 1.004766 1.004766 1.004766
5609.312500 0.000000 4180.385254 0.000000 0.997519 0.000000 -0.070403 1.000528 1.000528 1.000528
5580.564941 0.000000 4266.928711 0.000000 0.822149 0.000000 -0.569272 1.030239 1.030239 1.030239
5588.020996 0.000000 4269.188965 0.000000 0.169653 0.000000 -0.985504 1.073415 1.073415 1.073415
5584.758789 0.000000 4212.272949 0.000000 0.724361 0.000000 -0.689421 1.022789 1.022789 1.022789
5587.908691 0.000000 4239.950195 0.000000 0.568897 0.000000 -0.822409 1.033750 1.033750 1.033750
5574.866211 0.000000 4275.378418 0.000000 0.999844 0.000000 -0.017664 1.000926 1.000926 1.000926
5600.615234 0.000000 4232.523438 0.000000 0.004764 0.000000 -0.999989 1.019548 1.019548 1.019548
5579.172852 0.000000 4259.434082 0.000000 0.508679 0.000000 -0.860956 1.038839 1.038839 1.038839
5574.153320 0.000000 4243.077148 0.000000 0.689273 0.000000 -0.724502 1.008092 1.008092 1.008092
5607.729492 0.000000 4186.659180 0.000000 0.107995 0.000000 -0.994151 1.010954 1.010954 1.010954
5603.504395 0.000000 4178.160156 0.000000 0.998477 0.000000 -0.055165 1.001378 1.001378 1.001378
5574.766113 0.000000 4269.270996 0.000000 0.906015 0.000000 -0.423247 1.016366 1.016366 1.016366
5567.941895 0.000000 4277.676758 0.000000 0.424517 0.000000 -0.905420 1.016962 1.016962 1.016962
5595.023926 0.000000 4276.479980 0.000000 0.496105 0.000000 -0.868263 1.042009 1.042009 1.042009
5578.788574 0.000000 4207.562988 0.000000 0.178601 0.000000 -0.983922 1.052099 1.052099 1.052099
5589.770508 0.000000 4233.987305 0.000000 0.928966 0.000000 -0.370165 1.007573 1.007573 1.007573
5580.801270 0.000000 4215.717773 0.000000 0.911567 0.000000 -0.411152 1.009521 1.009521 1.009521
5585.456543 0.000000 4244.291992 0.000000 0.494138 0.000000 -0.869384 1.042100 1.042100 1.042100
5590.010254 0.000000 4212.830078 0.000000 0.614964 0.000000 -0.788555 1.024948 1.024948 1.024948
5585.362305 0.000000 4217.412598 0.000000 0.599814 0.000000 -0.800139 1.016209 1.016209 1.016209
5578.917480 0.000000 4271.386230 0.000000 0.939947 0.000000 -0.341320 1.020001 1.020001 1.020001
5572.216797 0.000000 4185.429199 0.000000 0.804840 0.000000 -0.593492 1.006345 1.006345 1.006345
5574.224121 0.000000 4208.443359 0.000000 0.625934 0.000000 -0.779876 1.022331 1.022331 1.022331
5586.331543 0.000000 4276.942871 0.000000 0.930784 0.000000 -0.365569 1.028030 1.028030 1.028030
5577.584473 0.000000 4253.197266 0.000000 0.885972 0.000000 -0.463739 1.012039 1.012039 1.012039
5591.195312 0.000000 4259.305176 0.000000 0.647971 0.000000 -0.761665 1.047558 1.047558 1.047558
5585.987793 0.000000 4256.292969 0.000000 0.408270 0.000000 -0.912861 1.060304 1.060304 1.060304
5584.524902 0.000000 4201.975586 0.000000 0.613279 0.000000 -0.789866 1.052287 1.052287 1.052287
5577.423828 0.000000 4263.536133 0.000000 0.866518 0.000000 -0.499146 1.018266 1.018266 1.018266
5603.226074 0.000000 4188.802246 0.000000 0.310586 0.000000 -0.950545 1.021932 1.021932 1.021932
5577.345215 0.000000 4192.692871 0.000000 0.243528 0.000000 -0.969894 1.042996 1.042996 1.042996
5596.690430 0.000000 4198.292480 0.000000 0.628282 0.000000 -0.777985 1.026707 1.026707 1.026707
5573.210938 0.000000 4194.146973 0.000000 0.880059 0.000000 -0.474864 1.008647 1.008647 1.008647
5594.105957 0.000000 4216.011230 0.000000 0.999318 0.000000 -0.036924 1.000461 1.000461 1.000461
5581.936035 0.000000 4262.635742 0.000000 0.668021 0.000000 -0.744142 1.039809 1.039809 1.039809
5599.463379 0.000000 4268.860352 0.000000 0.031883 0.000000 -0.999492 1.034578 1.034578 1.034578
5589.075684 0.000000 4202.372070 0.000000 0.480930 0.000000 -0.876759 1.058718 1.058718 1.058718
5590.940430 0.000000 4196.107422 0.000000 0.333339 0.000000 -0.942807 1.067609 1.067609 1.067609
5601.689453 0.000000 4192.433105 0.000000 0.469544 0.000000 -0.882909 1.024312 1.024312 1.024312
5572.473633 0.000000 4198.708496 0.000000 0.045198 0.000000 -0.998978 1.034278 1.034278 1.034278
5584.332031 0.000000 4238.316895 0.000000 0.930917 0.000000 -0.365232 1.011201 1.011201 1.011201
5588.674316 0.000000 4251.268066 0.000000 0.944346 0.000000 -0.328955 1.005858 1.005858 1.005858
5572.104004 0.000000 4272.592773 0.000000 0.919338 0.000000 -0.393468 1.016154 1.016154 1.016154
5599.750977 0.000000 4263.835449 0.000000 0.014941 0.000000 -0.999888 1.042727 1.042727 1.042727
5575.062012 0.000000 4259.972168 0.000000 0.885226 0.000000 -0.465161 1.013287 1.013287 1.013287
5580.120117 0.000000 4250.385254 0.000000 0.999453 0.000000 0.033078 0.998844 0.998844 0.998844
5586.647461 0.000000 4272.916992 0.000000 0.697180 0.000000 -0.716896 1.053881 1.053881 1.053881
5592.968262 0.000000 4208.826660 0.000000 0.906580 0.000000 -0.422034 1.015228 1.015228 1.015228
5577.582031 0.000000 4200.083008 0.000000 0.714146 0.000000 -0.699997 1.027101 1.027101 1.027101
5587.181152 0.000000 4205.268066 0.000000 0.902530 0.000000 -0.430627 1.024451 1.024451 1.024451
5575.002930 0.000000 4265.996582 0.000000 0.402164 0.000000 -0.915568 1.037548 1.037548 1.037548
5593.360352 0.000000 4273.197754 0.000000 0.873192 0.000000 -0.487376 1.022877 1.022877 1.022877
5579.912598 0.000000 4194.965332 0.000000 0.659612 0.000000 -0.751606 1.036096 1.036096 1.036096
5594.546387 0.000000 4263.191406 0.000000 0.114769 0.000000 -0.993392 1.058151 1.058151 1.058151
5589.028809 0.000000 4261.599609 0.000000 0.889251 0.000000 -0.457420 1.027280 1.027280 1.027280
5585.590820 0.000000 4252.386719 0.000000 0.927628 0.000000 -0.373505 1.018157 1.018157 1.018157
5583.238281 0.000000 4209.560547 0.000000 0.663829 0.000000 -0.747884 1.035857 1.035857 1.035857
5577.893555 0.000000 4274.311035 0.000000 0.842942 0.000000 -0.538004 1.035455 1.035455 1.035455
5588.080566 0.000000 4258.624023 0.000000 0.984940 0.000000 -0.172896 1.009978 1.009978 1.009978
5575.393555 0.000000 4272.315918 0.000000 0.868428 0.000000 -0.495815 1.025903 1.025903 1.025903
5583.442383 0.000000 4172.484863 0.000000 0.918755 0.000000 -0.394829 1.010133 1.010133 1.010133
5581.161133 0.000000 4205.333984 0.000000 0.999777 0.000000 -0.021102 1.001001 1.001001 1.001001
5593.933105 0.000000 4197.017578 0.000000 0.800704 0.000000 -0.599060 1.032072 1.032072 1.032072
5585.092773 0.000000 4241.252930 0.000000 0.759514 0.000000 -0.650490 1.024754 1.024754 1.024754
5594.226562 0.000000 4258.867188 0.000000 0.695512 0.000000 -0.718514 1.028020 1.028020 1.028020
5589.072754 0.000000 4276.511230 0.000000 0.839028 0.000000 -0.544088 1.038779 1.038779 1.038779
5572.327637 0.000000 4266.514160 0.000000 0.696020 0.000000 -0.718022 1.021996 1.021996 1.021996
5583.570801 0.000000 4267.781250 0.000000 0.790101 0.000000 -0.612976 1.036240 1.036240 1.036240
5586.994141 0.000000 4263.431641 0.000000 0.188935 0.000000 -0.981990 1.082729 1.082729 1.082729
5592.750488 0.000000 4261.346680 0.000000 0.997934 0.000000 -0.064241 1.003049 1.003049 1.003049
5578.608398 0.000000 4204.980469 0.000000 0.095820 0.000000 -0.995399 1.058912 1.058912 1.058912
5597.197754 0.000000 4263.175293 0.000000 0.060445 0.000000 -0.998172 1.049017 1.049017 1.049017
5590.490234 0.000000 4210.229980 0.000000 0.674272 0.000000 -0.738483 1.029038 1.029038 1.029038
5579.516602 0.000000 4261.921387 0.000000 0.126123 0.000000 -0.992015 1.057694 1.057694 1.057694
5590.974609 0.000000 4266.313477 0.000000 0.177799 0.000000 -0.984067 1.066031 1.066031 1.066031
5582.362305 0.000000 4194.627930 0.000000 0.999995 0.000000 0.003196 0.999824 0.999824 0.999824
5583.593262 0.000000 4255.616211 0.000000 0.977964 0.000000 -0.208775 1.009451 1.009451 1.009451
5572.415527 0.000000 4275.035645 0.000000 0.975405 0.000000 -0.220420 1.009987 1.009987 1.009987
5582.534180 0.000000 4265.451172 0.000000 0.920688 0.000000 -0.390299 1.022022 1.022022 1.022022
5583.288574 0.000000 4204.163574 0.000000 0.492265 0.000000 -0.870445 1.052732 1.052732 1.052732
5580.170410 0.000000 4273.506348 0.000000 0.985945 0.000000 -0.167069 1.012153 1.012153 1.012153
5584.835938 0.000000 4274.433594 0.000000 0.319519 0.000000 -0.947580 1.096399 1.096399 1.096399
5585.330566 0.000000 4258.623535 0.000000 0.204865 0.000000 -0.978790 1.074942 1.074942 1.074942
5583.552734 0.000000 4251.141602 0.000000 0.210856 0.000000 -0.977517 1.054259 1.054259 1.054259
5574.168945 0.000000 4278.397949 0.000000 0.832955 0.000000 -0.553340 1.033670 1.033670 1.033670
5587.862793 0.000000 4249.072754 0.000000 0.992711 0.000000 -0.120517 1.006032 1.006032 1.006032
5577.381836 0.000000 4266.070312 0.000000 0.082137 0.000000 -0.996621 1.059460 1.059460 1.059460
5590.596680 0.000000 4204.107910 0.000000 0.882939 0.000000 -0.469489 1.023182 1.023182 1.023182
5579.877930 0.000000 4199.946777 0.000000 0.962657 0.000000 -0.270724 1.010951 1.010951 1.010951
5582.151367 0.000000 4272.284180 0.000000 0.986959 0.000000 -0.160974 1.012109 1.012109 1.012109
5583.837891 0.000000 4192.453125 0.000000 0.870966 0.000000 -0.491343 1.026928 1.026928 1.026928
5586.241211 0.000000 4270.624512 0.000000 0.986042 0.000000 -0.166499 1.010858 1.010858 1.010858
5578.034668 0.000000 4279.201172 0.000000 0.918761 0.000000 -0.394815 1.028371 1.028371 1.028371
5581.192871 0.000000 4260.474121 0.000000 0.923454 0.000000 -0.383708 1.017697 1.017697 1.017697
5587.632324 0.000000 4244.951660 0.000000 0.412630 0.000000 -0.910899 1.054334 1.054334 1.054334
5588.049316 0.000000 4274.588379 0.000000 0.529557 0.000000 -0.848274 1.065736 1.065736 1.065736
5581.305176 0.000000 4276.498535 0.000000 0.279064 0.000000 -0.960273 1.099680 1.099680 1.099680
5589.209473 0.000000 4197.144043 0.000000 0.811373 0.000000 -0.584528 1.035848 1.035848 1.035848
5582.186523 0.000000 4202.322266 0.000000 0.208253 0.000000 -0.978075 1.074752 1.074752 1.074752
5589.178223 0.000000 4263.920410 0.000000 0.705180 0.000000 -0.709028 1.043287 1.043287 1.043287
5589.063477 0.000000 4200.398438 0.000000 0.977392 0.000000 -0.211436 1.011701 1.011701 1.011701
5583.748535 0.000000 4196.329590 0.000000 0.115935 0.000000 -0.993257 1.079893 1.079893 1.079893
5579.656250 0.000000 4275.419922 0.000000 0.431325 0.000000 -0.902197 1.078630 1.078630 1.078630
5584.736328 0.000000 4272.304688 0.000000 0.792199 0.000000 -0.610263 1.047523 1.047523 1.047523
5577.314941 0.000000 4272.497559 0.000000 0.588968 0.000000 -0.808156 1.054034 1.054034 1.054034
5577.809570 0.000000 4276.171387 0.000000 0.069482 0.000000 -0.997583 1.093699 1.093699 1.093699
5769.985840 0.000000 4164.134277 0.000000 0.992374 0.000000 -0.123266 1.003702 1.003702 1.003702
5779.973145 0.000000 4149.602051 0.000000 0.923309 0.000000 -0.384059 1.001968 1.001968 1.001968
5748.293945 0.000000 4142.990234 0.000000 0.979179 0.000000 -0.202997 1.002041 1.002041 1.002041
5759.919434 0.000000 4153.947754 0.000000 0.838091 0.000000 -0.545531 1.030252 1.030252 1.030252
5764.387695 0.000000 4172.306152 0.000000 0.675047 0.000000 -0.737775 1.022787 1.022787 1.022787
5742.013672 0.000000 4149.083984 0.000000 0.879476 0.000000 -0.475942 1.003715 1.003715 1.003715
5771.613281 0.000000 4145.103027 0.000000 0.115925 0.000000 -0.993258 1.025421 1.025421 1.025421
5754.549316 0.000000 4159.944336 0.000000 0.004362 0.000000 -0.999990 1.070392 1.070392 1.070392
5755.022461 0.000000 4139.450684 0.000000 0.689549 0.000000 -0.724239 1.006066 1.006066 1.006066
5748.750488 0.000000 4162.286621 0.000000 0.894572 0.000000 -0.446923 1.010410 1.010410 1.010410
5765.302246 0.000000 4156.888184 0.000000 0.879824 0.000000 -0.475300 1.025968 1.025968 1.025968
5748.063477 0.000000 4149.240723 0.000000 0.485167 0.000000 -0.874422 1.023912 1.023912 1.023912
5764.158203 0.000000 4166.939941 0.000000 0.373192 0.000000 -0.927754 1.035601 1.035601 1.035601
5743.618164 0.000000 4159.990723 0.000000 0.676261 0.000000 -0.736663 1.008270 1.008270 1.008270
5774.141113 0.000000 4149.241211 0.000000 0.615267 0.000000 -0.788319 1.013602 1.013602 1.013602
5742.826172 0.000000 4153.717285 0.000000 0.642725 0.000000 -0.766097 1.008715 1.008715 1.008715
5752.901855 0.000000 4164.401367 0.000000 0.959908 0.000000 -0.280315 1.008512 1.008512 1.008512
5760.315918 0.000000 4169.958496 0.000000 0.279247 0.000000 -0.960219 1.041795 1.041795 1.041795
5751.568848 0.000000 4146.212402 0.000000 0.497453 0.000000 -0.867491 1.023595 1.023595 1.023595
5768.855469 0.000000 4149.020996 0.000000 0.221426 0.000000 -0.975177 1.040370 1.040370 1.040370
5765.179688 0.000000 4152.320801 0.000000 0.700906 0.000000 -0.713254 1.037669 1.037669 1.037669
5753.218750 0.000000 4170.361328 0.000000 0.967964 0.000000 -0.251088 1.005703 1.005703 1.005703
5755.920410 0.000000 4155.650879 0.000000 0.902891 0.000000 -0.429869 1.021077 1.021077 1.021077
5773.447754 0.000000 4161.875488 0.000000 0.445620 0.000000 -0.895222 1.027685 1.027685 1.027685
5762.658691 0.000000 4144.283691 0.000000 0.994533 0.000000 -0.104423 1.002873 1.002873 1.002873
5749.046387 0.000000 4152.987793 0.000000 0.869490 0.000000 -0.493951 1.014188 1.014188 1.014188
5756.883789 0.000000 4151.476562 0.000000 0.019370 0.000000 -0.999812 1.069718 1.069718 1.069718
5760.631836 0.000000 4165.932129 0.000000 0.998174 0.000000 -0.060404 1.002414 1.002414 1.002414
5762.446289 0.000000 4158.800293 0.000000 0.974866 0.000000 -0.222791 1.012340 1.012340 1.012340
5748.987305 0.000000 4159.011719 0.000000 0.555396 0.000000 -0.831586 1.026967 1.026967 1.026967
5767.344727 0.000000 4166.213379 0.000000 0.487358 0.000000 -0.873202 1.029157 1.029157 1.029157
5757.219238 0.000000 4170.861328 0.000000 0.554450 0.000000 -0.832217 1.031906 1.031906 1.031906
5768.530762 0.000000 4156.207031 0.000000 0.447472 0.000000 -0.894298 1.044213 1.044213 1.044213
5759.575195 0.000000 4145.401855 0.000000 0.955278 0.000000 -0.295708 1.008244 1.008244 1.008244
5751.159180 0.000000 4149.953613 0.000000 0.942401 0.000000 -0.334485 1.009366 1.009366 1.009366
5762.064941 0.000000 4151.639160 0.000000 0.674649 0.000000 -0.738138 1.037312 1.037312 1.037312
5773.191895 0.000000 4152.117188 0.000000 0.999947 0.000000 0.010261 0.999744 0.999744 0.999744
5751.700684 0.000000 4161.394043 0.000000 0.999996 0.000000 -0.002888 1.000094 1.000094 1.000094
5765.893555 0.000000 4169.602051 0.000000 0.506144 0.000000 -0.862449 1.028563 1.028563 1.028563
5764.426758 0.000000 4163.808105 0.000000 0.367017 0.000000 -0.930214 1.050717 1.050717 1.050717
5763.057129 0.000000 4169.526855 0.000000 0.992842 0.000000 -0.119434 1.003886 1.003886 1.003886
5767.424805 0.000000 4158.783691 0.000000 0.917972 0.000000 -0.396646 1.018328 1.018328 1.018328
5766.257324 0.000000 4149.803711 0.000000 0.789224 0.000000 -0.614105 1.021461 1.021461 1.021461
5755.285645 0.000000 4163.163574 0.000000 0.521835 0.000000 -0.853047 1.038264 1.038264 1.038264
5766.734863 0.000000 4154.362305 0.000000 0.901339 0.000000 -0.433115 1.020130 1.020130 1.020130
5769.286133 0.000000 4161.497559 0.000000 0.695973 0.000000 -0.718068 1.029997 1.029997 1.029997
5753.500977 0.000000 4154.937012 0.000000 0.444839 0.000000 -0.895610 1.044331 1.044331 1.044331
5760.166016 0.000000 4160.640137 0.000000 0.999367 0.000000 0.035589 0.998134 0.998134 0.998134
5759.314941 0.000000 4151.639160 0.000000 0.868984 0.000000 -0.494841 1.023262 1.023262 1.023262
5762.542969 0.000000 4149.297363 0.000000 0.987688 0.000000 -0.156439 1.006275 1.006275 1.006275
5755.177246 0.000000 4153.489258 0.000000 0.338246 0.000000 -0.941058 1.055082 1.055082 1.055082
5764.109863 0.000000 4161.451172 0.000000 0.621815 0.000000 -0.783164 1.042678 1.042678 1.042678
5763.162598 0.000000 4156.935547 0.000000 0.989492 0.000000 -0.144590 1.008332 1.008332 1.008332
5901.103027 0.000000 4144.870117 0.000000 0.489146 0.000000 -0.872202 1.034392 1.034392 1.034392
5902.580078 0.000000 4164.175293 0.000000 0.627025 0.000000 -0.778999 1.013378 1.013378 1.013378
5893.711426 0.000000 4132.459473 0.000000 0.896735 0.000000 -0.442568 1.004578 1.004578 1.004578
5913.291016 0.000000 4165.321289 0.000000 0.965563 0.000000 -0.260168 1.005914 1.005914 1.005914
5890.771484 0.000000 4145.222656 0.000000 0.999493 0.000000 0.031853 0.999841 0.999841 0.999841
5906.430664 0.000000 4120.786133 0.000000 0.745737 0.000000 -0.666240 1.007282 1.007282 1.007282
5901.793945 0.000000 4155.217773 0.000000 0.581882 0.000000 -0.813273 1.009484 1.009484 1.009484
5895.640625 0.000000 4139.708496 0.000000 0.086513 0.000000 -0.996251 1.029643 1.029643 1.029643
5915.371094 0.000000 4158.314453 0.000000 0.933198 0.000000 -0.359363 1.002753 1.002753 1.002753
5898.693848 0.000000 4168.931152 0.000000 0.393787 0.000000 -0.919201 1.017467 1.017467 1.017467
5912.621582 0.000000 4135.226074 0.000000 0.231713 0.000000 -0.972784 1.063418 1.063418 1.063418
5913.651367 0.000000 4128.020996 0.000000 0.325740 0.000000 -0.945459 1.037119 1.037119 1.037119
5898.964844 0.000000 4132.405762 0.000000 0.989337 0.000000 -0.145647 1.004014 1.004014 1.004014
5908.848633 0.000000 4125.496094 0.000000 0.978813 0.000000 -0.204758 1.004119 1.004119 1.004119
5903.020020 0.000000 4149.948242 0.000000 0.706852 0.000000 -0.707361 1.021579 1.021579 1.021579
5907.343262 0.000000 4136.503418 0.000000 0.998623 0.000000 -0.052469 1.002752 1.002752 1.002752
5901.640625 0.000000 4122.695312 0.000000 0.962176 0.000000 -0.272427 1.002755 1.002755 1.002755
5903.515625 0.000000 4130.942871 0.000000 0.953886 0.000000 -0.300169 1.009895 1.009895 1.009895
5900.058594 0.000000 4140.509277 0.000000 0.891997 0.000000 -0.452042 1.017565 1.017565 1.017565
5895.105469 0.000000 4145.162109 0.000000 0.690403 0.000000 -0.723425 1.014134 1.014134 1.014134
5914.110352 0.000000 4153.209473 0.000000 0.919886 0.000000 -0.392186 1.008049 1.008049 1.008049
5906.224609 0.000000 4152.922363 0.000000 0.999999 0.000000 -0.001634 1.000033 1.000033 1.000033
5892.277344 0.000000 4141.731934 0.000000 0.353500 0.000000 -0.935435 1.018117 1.018117 1.018117
5909.645996 0.000000 4150.789062 0.000000 0.915490 0.000000 -0.402341 1.011371 1.011371 1.011371
5911.972656 0.000000 4131.582520 0.000000 0.996237 0.000000 -0.086668 1.003250 1.003250 1.003250
5897.913574 0.000000 4143.178711 0.000000 0.132413 0.000000 -0.991195 1.035900 1.035900 1.035900
5909.525391 0.000000 4133.895508 0.000000 0.992810 0.000000 -0.119697 1.005392 1.005392 1.005392
5902.947754 0.000000 4142.255859 0.000000 0.830455 0.000000 -0.557085 1.025077 1.025077 1.025077
5910.156250 0.000000 4128.346680 0.000000 0.582966 0.000000 -0.812496 1.030781 1.030781 1.030781
5914.172852 0.000000 4138.212402 0.000000 0.207797 0.000000 -0.978172 1.064581 1.064581 1.064581
5904.801758 0.000000 4138.388672 0.000000 0.687175 0.000000 -0.726492 1.040604 1.040604 1.040604
5900.667480 0.000000 4171.357910 0.000000 0.888953 0.000000 -0.457998 1.010689 1.010689 1.010689
5907.168457 0.000000 4128.079102 0.000000 0.056656 0.000000 -0.998394 1.049141 1.049141 1.049141
5908.928223 0.000000 4141.041016 0.000000 0.992074 0.000000 -0.125657 1.007234 1.007234 1.007234
5915.402344 0.000000 4167.717773 0.000000 0.241975 0.000000 -0.970282 1.036425 1.036425 1.036425
5906.145020 0.000000 4149.873535 0.000000 0.999559 0.000000 -0.029696 1.000964 1.000964 1.000964
5902.980957 0.000000 4147.168945 0.000000 0.112312 0.000000 -0.993673 1.047328 1.047328 1.047328
5910.762207 0.000000 4148.298340 0.000000 0.901292 0.000000 -0.433212 1.014542 1.014542 1.014542
5902.463867 0.000000 4139.542969 0.000000 0.979589 0.000000 -0.201010 1.009095 1.009095 1.009095
5914.318848 0.000000 4130.520996 0.000000 0.620770 0.000000 -0.783992 1.029244 1.029244 1.029244
5914.486816 0.000000 4171.149414 0.000000 0.427859 0.000000 -0.903846 1.045085 1.045085 1.045085
5913.528320 0.000000 4143.712402 0.000000 0.719073 0.000000 -0.694934 1.038363 1.038363 1.038363
5910.090820 0.000000 4143.106445 0.000000 0.207847 0.000000 -0.978161 1.071376 1.071376 1.071376
5768.499512 0.000000 4193.917480 0.000000 0.768120 0.000000 -0.640306 1.020818 1.020818 1.020818
5795.160156 0.000000 4206.988770 0.000000 0.999092 0.000000 0.042608 0.998298 0.998298 0.998298
5810.806641 0.000000 4226.074707 0.000000 0.575698 0.000000 -0.817663 1.023900 1.023900 1.023900
5773.534668 0.000000 4173.100098 0.000000 0.027826 0.000000 -0.999613 1.007704 1.007704 1.007704
5759.554688 0.000000 4180.497559 0.000000 0.958182 0.000000 -0.286160 1.012317 1.012317 1.012317
5821.247559 0.000000 4237.944824 0.000000 0.842489 0.000000 -0.538714 1.019884 1.019884 1.019884
5781.753906 0.000000 4201.237305 0.000000 0.408223 0.000000 -0.912882 1.048820 1.048820 1.048820
5806.082031 0.000000 4261.960449 0.000000 0.330322 0.000000 -0.943868 1.015406 1.015406 1.015406
5826.298828 0.000000 4272.306152 0.000000 0.070553 0.000000 -0.997508 1.067415 1.067415 1.067415
5741.707520 0.000000 4184.810059 0.000000 0.369041 0.000000 -0.929413 1.008934 1.008934 1.008934
5754.104004 0.000000 4202.442871 0.000000 0.697506 0.000000 -0.716579 1.013961 1.013961 1.013961
5804.236816 0.000000 4202.452148 0.000000 0.997043 0.000000 0.076847 0.999040 0.999040 0.999040
5779.636719 0.000000 4192.447754 0.000000 0.281045 0.000000 -0.959695 1.028893 1.028893 1.028893
5814.801758 0.000000 4262.202637 0.000000 0.932022 0.000000 -0.362403 1.011110 1.011110 1.011110
5813.223633 0.000000 4234.305176 0.000000 0.998321 0.000000 0.057917 0.997107 0.997107 0.997107
5766.027344 0.000000 4175.654785 0.000000 0.977064 0.000000 -0.212947 1.004822 1.004822 1.004822
5803.476562 0.000000 4223.893066 0.000000 0.349260 0.000000 -0.937026 1.009093 1.009093 1.009093
5747.873535 0.000000 4189.977051 0.000000 0.396487 0.000000 -0.918040 1.031941 1.031941 1.031941
5802.072266 0.000000 4193.888672 0.000000 0.526711 0.000000 -0.850044 1.007610 1.007610 1.007610
5808.648438 0.000000 4246.693359 0.000000 0.193343 0.000000 -0.981131 1.054973 1.054973 1.054973
5820.634277 0.000000 4254.361328 0.000000 0.997728 0.000000 0.067371 0.998485 0.998485 0.998485
5750.396484 0.000000 4196.890625 0.000000 0.990204 0.000000 -0.139628 1.003847 1.003847 1.003847
5804.954590 0.000000 4209.313477 0.000000 0.403072 0.000000 -0.915168 1.011543 1.011543 1.011543
5771.518066 0.000000 4179.482422 0.000000 0.184738 0.000000 -0.982788 1.027662 1.027662 1.027662
5820.792480 0.000000 4275.745605 0.000000 0.998051 0.000000 -0.062409 1.003742 1.003742 1.003742
5780.906250 0.000000 4217.417969 0.000000 0.790845 0.000000 -0.612017 1.013154 1.013154 1.013154
5828.378906 0.000000 4265.299316 0.000000 0.068314 0.000000 -0.997664 1.041260 1.041260 1.041260
5794.519043 0.000000 4189.456055 0.000000 0.481219 0.000000 -0.876601 1.013341 1.013341 1.013341
5802.345215 0.000000 4245.538086 0.000000 0.828172 0.000000 -0.560475 1.017824 1.017824 1.017824
5789.291992 0.000000 4221.956055 0.000000 0.421951 0.000000 -0.906619 1.014170 1.014170 1.014170
5811.701660 0.000000 4275.915527 0.000000 0.411263 0.000000 -0.911517 1.040088 1.040088 1.040088
5774.396484 0.000000 4196.246582 0.000000 0.972490 0.000000 -0.232944 1.007043 1.007043 1.007043
5772.484863 0.000000 4189.587402 0.000000 0.831727 0.000000 -0.555185 1.013225 1.013225 1.013225
5826.659180 0.000000 4235.005371 0.000000 0.540307 0.000000 -0.841468 1.017476 1.017476 1.017476
5818.980469 0.000000 4248.315918 0.000000 0.997543 0.000000 -0.070058 1.002101 1.002101 1.002101
5789.615234 0.000000 4210.184082 0.000000 0.225180 0.000000 -0.974317 1.057027 1.057027 1.057027
5762.567871 0.000000 4192.774902 0.000000 0.198124 0.000000 -0.980177 1.061626 1.061626 1.061626
5796.121582 0.000000 4230.273926 0.000000 0.902856 0.000000 -0.429943 1.005548 1.005548 1.005548
5745.448730 0.000000 4180.232422 0.000000 0.064646 0.000000 -0.997908 1.022560 1.022560 1.022560
5805.936035 0.000000 4197.439941 0.000000 0.270259 0.000000 -0.962788 1.009715 1.009715 1.009715
5821.856445 0.000000 4232.480957 0.000000 0.452560 0.000000 -0.891734 1.032989 1.032989 1.032989
5816.027832 0.000000 4256.933105 0.000000 0.951856 0.000000 -0.306545 1.007778 1.007778 1.007778
5800.685547 0.000000 4206.217285 0.000000 0.950650 0.000000 -0.310266 1.007088 1.007088 1.007088
5820.351074 0.000000 4243.488281 0.000000 0.951937 0.000000 -0.306294 1.010880 1.010880 1.010880
5815.537109 0.000000 4224.698242 0.000000 0.862043 0.000000 -0.506835 1.009289 1.009289 1.009289
5764.867188 0.000000 4180.794434 0.000000 0.916558 0.000000 -0.399903 1.014380 1.014380 1.014380
5755.389160 0.000000 4177.427734 0.000000 0.925478 0.000000 -0.378801 1.010669 1.010669 1.010669
5814.648438 0.000000 4229.680176 0.000000 0.948187 0.000000 -0.317712 1.009686 1.009686 1.009686
5752.242676 0.000000 4188.031250 0.000000 0.820696 0.000000 -0.571365 1.027330 1.027330 1.027330
5813.105469 0.000000 4266.712891 0.000000 0.641623 0.000000 -0.767020 1.032737 1.032737 1.032737
5797.612793 0.000000 4234.928711 0.000000 0.863341 0.000000 -0.504620 1.007923 1.007923 1.007923
5816.523438 0.000000 4237.927734 0.000000 0.209944 0.000000 -0.977713 1.064477 1.064477 1.064477
5779.933105 0.000000 4205.493652 0.000000 0.502805 0.000000 -0.864400 1.039094 1.039094 1.039094
5758.509277 0.000000 4201.975586 0.000000 0.195799 0.000000 -0.980644 1.034296 1.034296 1.034296
5799.020508 0.000000 4190.235840 0.000000 0.341579 0.000000 -0.939853 1.015256 1.015256 1.015256
5779.679688 0.000000 4213.087402 0.000000 0.806838 0.000000 -0.590772 1.015779 1.015779 1.015779
5766.214355 0.000000 4190.106934 0.000000 0.622272 0.000000 -0.782801 1.035917 1.035917 1.035917
5805.017090 0.000000 4228.021973 0.000000 0.760427 0.000000 -0.649423 1.017646 1.017646 1.017646
5817.500977 0.000000 4233.594238 0.000000 0.837261 0.000000 -0.546804 1.023110 1.023110 1.023110
5816.538574 0.000000 4276.795410 0.000000 0.717226 0.000000 -0.696841 1.038496 1.038496 1.038496
5777.210449 0.000000 4188.802246 0.000000 0.427136 0.000000 -0.904188 1.019739 1.019739 1.019739
5809.023926 0.000000 4235.753906 0.000000 0.162964 0.000000 -0.986632 1.066745 1.066745 1.066745
5802.568359 0.000000 4241.008789 0.000000 0.400795 0.000000 -0.916168 1.040488 1.040488 1.040488
5770.674805 0.000000 4198.292480 0.000000 0.051055 0.000000 -0.998696 1.041735 1.041735 1.041735
5747.195312 0.000000 4194.146973 0.000000 0.944443 0.000000 -0.328674 1.006689 1.006689 1.006689
5784.112305 0.000000 4205.192871 0.000000 0.447410 0.000000 -0.894329 1.060797 1.060797 1.060797
5808.907715 0.000000 4272.734863 0.000000 0.970402 0.000000 -0.241496 1.007307 1.007307 1.007307
5798.280762 0.000000 4244.812012 0.000000 0.835755 0.000000 -0.549102 1.011610 1.011610 1.011610
5772.515137 0.000000 4209.875000 0.000000 0.277927 0.000000 -0.960602 1.022529 1.022529 1.022529
5763.060059 0.000000 4202.372070 0.000000 0.651969 0.000000 -0.758245 1.015040 1.015040 1.015040
5805.112793 0.000000 4234.268555 0.000000 0.265203 0.000000 -0.964193 1.048772 1.048772 1.048772
5805.015625 0.000000 4271.352051 0.000000 0.955053 0.000000 -0.296435 1.005260 1.005260 1.005260
5778.328125 0.000000 4196.162109 0.000000 0.395091 0.000000 -0.918642 1.034891 1.034891 1.034891
5791.064941 0.000000 4197.700684 0.000000 0.475786 0.000000 -0.879561 1.042938 1.042938 1.042938
5805.699707 0.000000 4243.626953 0.000000 0.046144 0.000000 -0.998935 1.060901 1.060901 1.060901
5816.916504 0.000000 4267.381836 0.000000 0.135659 0.000000 -0.990756 1.064473 1.064473 1.064473
5805.285156 0.000000 4248.716309 0.000000 0.201098 0.000000 -0.979571 1.037577 1.037577 1.037577
5798.616211 0.000000 4195.488281 0.000000 0.716696 0.000000 -0.697386 1.015414 1.015414 1.015414
5824.980469 0.000000 4238.567383 0.000000 0.667713 0.000000 -0.744419 1.020963 1.020963 1.020963
5823.585938 0.000000 4245.500488 0.000000 0.007827 0.000000 -0.999969 1.042922 1.042922 1.042922
5786.564941 0.000000 4207.857422 0.000000 0.913419 0.000000 -0.407021 1.023024 1.023024 1.023024
5824.551270 0.000000 4264.847168 0.000000 0.914594 0.000000 -0.404372 1.014550 1.014550 1.014550
5794.019043 0.000000 4210.463867 0.000000 0.764154 0.000000 -0.645033 1.022753 1.022753 1.022753
5744.492188 0.000000 4188.759277 0.000000 0.299725 0.000000 -0.954026 1.025293 1.025293 1.025293
5783.301270 0.000000 4214.511230 0.000000 0.486636 0.000000 -0.873605 1.029180 1.029180 1.029180
5763.826172 0.000000 4187.272461 0.000000 0.479057 0.000000 -0.877784 1.056161 1.056161 1.056161
5759.449219 0.000000 4190.867188 0.000000 0.033834 0.000000 -0.999427 1.084416 1.084416 1.084416
5812.840820 0.000000 4255.029785 0.000000 0.114707 0.000000 -0.993399 1.032711 1.032711 1.032711
5811.463867 0.000000 4230.973633 0.000000 0.032219 0.000000 -0.999481 1.057617 1.057617 1.057617
5821.105957 0.000000 4251.002930 0.000000 0.997121 0.000000 0.075831 0.998484 0.998484 0.998484
5767.863770 0.000000 4178.485840 0.000000 0.209436 0.000000 -0.977822 1.037343 1.037343 1.037343
5807.925781 0.000000 4277.796387 0.000000 0.772891 0.000000 -0.634539 1.015445 1.015445 1.015445
5795.717285 0.000000 4199.485840 0.000000 0.304819 0.000000 -0.952410 1.047224 1.047224 1.047224
5823.144043 0.000000 4273.255859 0.000000 0.516100 0.000000 -0.856528 1.059057 1.059057 1.059057
5749.410156 0.000000 4186.391602 0.000000 0.591168 0.000000 -0.806549 1.030452 1.030452 1.030452
5812.999512 0.000000 4258.398438 0.000000 0.644260 0.000000 -0.764806 1.021738 1.021738 1.021738
5822.533203 0.000000 4240.880371 0.000000 0.000471 0.000000 -1.000000 1.047045 1.047045 1.047045
5808.372559 0.000000 4228.190918 0.000000 0.785882 0.000000 -0.618376 1.019973 1.019973 1.019973
5759.116211 0.000000 4184.377930 0.000000 0.925334 0.000000 -0.379153 1.021359 1.021359 1.021359
5817.809570 0.000000 4245.373047 0.000000 0.437656 0.000000 -0.899142 1.047441 1.047441 1.047441
5812.223145 0.000000 4244.486816 0.000000 0.426067 0.000000 -0.904691 1.053632 1.053632 1.053632
5787.521484 0.000000 4191.160156 0.000000 0.394876 0.000000 -0.918734 1.029081 1.029081 1.029081
5774.128906 0.000000 4199.290527 0.000000 0.395049 0.000000 -0.918660 1.034892 1.034892 1.034892
5758.638672 0.000000 4177.330078 0.000000 0.516127 0.000000 -0.856512 1.033379 1.033379 1.033379
5780.237793 0.000000 4198.597168 0.000000 0.953199 0.000000 -0.302344 1.011502 1.011502 1.011502
5758.627441 0.000000 4198.976562 0.000000 0.945997 0.000000 -0.324177 1.009891 1.009891 1.009891
5802.339355 0.000000 4248.518066 0.000000 0.172423 0.000000 -0.985023 1.034889 1.034889 1.034889
5820.176270 0.000000 4235.063965 0.000000 0.511441 0.000000 -0.859318 1.033556 1.033556 1.033556
5793.261719 0.000000 4193.484375 0.000000 0.768172 0.000000 -0.640244 1.017346 1.017346 1.017346
5812.107910 0.000000 4263.294922 0.000000 0.409046 0.000000 -0.912514 1.031565 1.031565 1.031565
5821.936035 0.000000 4248.025879 0.000000 0.394738 0.000000 -0.918794 1.029085 1.029085 1.029085
5752.827637 0.000000 4184.923340 0.000000 0.956374 0.000000 -0.292145 1.012583 1.012583 1.012583
5823.197754 0.000000 4270.294434 0.000000 0.999843 0.000000 -0.017693 1.000928 1.000928 1.000928
5784.933105 0.000000 4197.778320 0.000000 0.243665 0.000000 -0.969859 1.052913 1.052913 1.052913
5821.797363 0.000000 4264.088867 0.000000 0.789033 0.000000 -0.614351 1.026426 1.026426 1.026426
5779.191406 0.000000 4202.592773 0.000000 0.928191 0.000000 -0.372105 1.014278 1.014278 1.014278
5797.951172 0.000000 4205.234863 0.000000 0.998017 0.000000 -0.062948 1.002202 1.002202 1.002202
5782.374512 0.000000 4193.516602 0.000000 0.941598 0.000000 -0.336738 1.009432 1.009432 1.009432
5789.921875 0.000000 4194.942871 0.000000 0.994224 0.000000 -0.107321 1.003758 1.003758 1.003758
5821.417969 0.000000 4278.577637 0.000000 0.410482 0.000000 -0.911869 1.054446 1.054446 1.054446
5810.531250 0.000000 4233.503418 0.000000 0.476701 0.000000 -0.879065 1.045578 1.045578 1.045578
5819.072754 0.000000 4268.993164 0.000000 0.390152 0.000000 -0.920750 1.061340 1.061340 1.061340
5807.896973 0.000000 4249.347656 0.000000 0.381854 0.000000 -0.924223 1.038264 1.038264 1.038264
5752.961426 0.000000 4197.621094 0.000000 0.249836 0.000000 -0.968288 1.039494 1.039494 1.039494
5756.044434 0.000000 4174.794434 0.000000 0.544704 0.000000 -0.838628 1.029802 1.029802 1.029802
5789.304199 0.000000 4207.045410 0.000000 0.535845 0.000000 -0.844316 1.055215 1.055215 1.055215
5765.528320 0.000000 4192.672852 0.000000 0.670055 0.000000 -0.742312 1.035503 1.035503 1.035503
5750.684570 0.000000 4190.140625 0.000000 0.951383 0.000000 -0.308011 1.011725 1.011725 1.011725
5811.984863 0.000000 4272.903809 0.000000 0.209173 0.000000 -0.977879 1.050932 1.050932 1.050932
5815.471680 0.000000 4246.527832 0.000000 0.126713 0.000000 -0.991939 1.057670 1.057670 1.057670
5815.206543 0.000000 4232.349609 0.000000 0.997789 0.000000 -0.066455 1.002823 1.002823 1.002823
5782.100098 0.000000 4212.305664 0.000000 0.506101 0.000000 -0.862474 1.033758 1.033758 1.033758
5814.220215 0.000000 4268.996094 0.000000 0.991501 0.000000 -0.130099 1.006189 1.006189 1.006189
5818.937500 0.000000 4277.782715 0.000000 0.339163 0.000000 -0.940728 1.064212 1.064212 1.064212
5757.070312 0.000000 4179.339844 0.000000 0.996643 0.000000 0.081870 0.997135 0.997135 0.997135
5782.163574 0.000000 4206.941895 0.000000 0.314855 0.000000 -0.949140 1.059316 1.059316 1.059316
5793.364258 0.000000 4198.738281 0.000000 0.055118 0.000000 -0.998480 1.064326 1.064326 1.064326
5818.883789 0.000000 4237.250977 0.000000 0.822671 0.000000 -0.568517 1.025664 1.025664 1.025664
5766.493164 0.000000 4187.706055 0.000000 0.828863 0.000000 -0.559452 1.023716 1.023716 1.023716
5782.663574 0.000000 4198.883301 0.000000 0.827378 0.000000 -0.561645 1.025311 1.025311 1.025311
5817.698730 0.000000 4242.936035 0.000000 0.908344 0.000000 -0.418225 1.020468 1.020468 1.020468
5815.974609 0.000000 4279.279297 0.000000 0.997784 0.000000 -0.066538 1.002660 1.002660 1.002660
5759.667480 0.000000 4196.801758 0.000000 0.553522 0.000000 -0.832834 1.036857 1.036857 1.036857
5823.138184 0.000000 4276.357910 0.000000 0.950587 0.000000 -0.310459 1.016550 1.016550 1.016550
5825.252930 0.000000 4274.496094 0.000000 0.787703 0.000000 -0.616055 1.033140 1.033140 1.033140
5784.794922 0.000000 4209.574219 0.000000 0.828311 0.000000 -0.560268 1.028210 1.028210 1.028210
5817.847168 0.000000 4270.942871 0.000000 0.990895 0.000000 -0.134634 1.007417 1.007417 1.007417
5804.940430 0.000000 4241.305664 0.000000 0.582999 0.000000 -0.812473 1.040251 1.040251 1.040251
5787.246582 0.000000 4210.118164 0.000000 0.743993 0.000000 -0.668187 1.031057 1.031057 1.031057
5807.826660 0.000000 4244.492676 0.000000 0.249635 0.000000 -0.968340 1.055959 1.055959 1.055959
5757.822266 0.000000 4192.453125 0.000000 0.569481 0.000000 -0.822004 1.045771 1.045771 1.045771
5823.599121 0.000000 4266.896484 0.000000 0.961840 0.000000 -0.273612 1.011762 1.011762 1.011762
5807.339844 0.000000 4237.268555 0.000000 0.979921 0.000000 -0.199388 1.009522 1.009522 1.009522
5760.373047 0.000000 4192.865723 0.000000 0.108707 0.000000 -0.994074 1.069343 1.069343 1.069343
5760.404297 0.000000 4182.660156 0.000000 0.406350 0.000000 -0.913718 1.054661 1.054661 1.054661
5764.189941 0.000000 4190.852539 0.000000 0.064565 0.000000 -0.997913 1.067685 1.067685 1.067685
5762.000488 0.000000 4185.964844 0.000000 0.415796 0.000000 -0.909458 1.057020 1.057020 1.057020
5810.449219 0.000000 4240.825684 0.000000 0.897371 0.000000 -0.441277 1.026242 1.026242 1.026242
5784.157227 0.000000 4207.207520 0.000000 0.999600 0.000000 -0.028273 1.001482 1.001482 1.001482
5758.834961 0.000000 4188.942383 0.000000 0.868051 0.000000 -0.496476 1.031129 1.031129 1.031129
5914.312012 0.000000 4205.308594 0.000000 0.958633 0.000000 -0.284644 1.004324 1.004324 1.004324
5829.967285 0.000000 4237.504883 0.000000 0.459205 0.000000 -0.888330 1.013652 1.013652 1.013652
5833.865234 0.000000 4263.196289 0.000000 0.415843 0.000000 -0.909436 1.017105 1.017105 1.017105
5908.789551 0.000000 4181.068848 0.000000 0.989883 0.000000 -0.141882 1.007108 1.007108 1.007108
5902.064941 0.000000 4174.246582 0.000000 0.880713 0.000000 -0.473651 1.016014 1.016014 1.016014
5911.030762 0.000000 4172.748535 0.000000 0.133234 0.000000 -0.991085 1.068171 1.068171 1.068171
5915.318848 0.000000 4229.188477 0.000000 0.709098 0.000000 -0.705110 1.005861 1.005861 1.005861
5892.075684 0.000000 4180.962891 0.000000 0.626295 0.000000 -0.779586 1.004464 1.004464 1.004464
5835.742676 0.000000 4269.270996 0.000000 0.993685 0.000000 -0.112204 1.002246 1.002246 1.002246
5830.610352 0.000000 4266.975586 0.000000 0.403470 0.000000 -0.914993 1.031732 1.031732 1.031732
5898.286133 0.000000 4189.311035 0.000000 0.907791 0.000000 -0.419424 1.005403 1.005403 1.005403
5829.818359 0.000000 4260.702148 0.000000 0.497929 0.000000 -0.867218 1.018342 1.018342 1.018342
5833.080566 0.000000 4272.592773 0.000000 0.092579 0.000000 -0.995705 1.040591 1.040591 1.040591
5905.627930 0.000000 4172.509766 0.000000 0.995848 0.000000 -0.091033 1.003186 1.003186 1.003186
5832.634277 0.000000 4277.568359 0.000000 0.730423 0.000000 -0.682995 1.018770 1.018770 1.018770
5899.753418 0.000000 4180.078125 0.000000 0.974338 0.000000 -0.225092 1.005101 1.005101 1.005101
5905.369141 0.000000 4182.643066 0.000000 0.523993 0.000000 -0.851722 1.038170 1.038170 1.038170
5910.016113 0.000000 4184.307617 0.000000 0.956407 0.000000 -0.292038 1.012578 1.012578 1.012578
5830.663086 0.000000 4274.995605 0.000000 0.584083 0.000000 -0.811694 1.030737 1.030737 1.030737
5900.483398 0.000000 4176.997070 0.000000 0.746052 0.000000 -0.665888 1.020011 1.020011 1.020011
5914.520508 0.000000 4214.351074 0.000000 0.660183 0.000000 -0.751104 1.021214 1.021214 1.021214
5914.110840 0.000000 4218.339355 0.000000 0.503609 0.000000 -0.863932 1.023436 1.023436 1.023436
5829.656738 0.000000 4263.987793 0.000000 0.650696 0.000000 -0.759339 1.019375 1.019375 1.019375
5909.370605 0.000000 4174.985352 0.000000 0.319607 0.000000 -0.947550 1.059079 1.059079 1.059079
5914.250488 0.000000 4185.709961 0.000000 0.489333 0.000000 -0.872097 1.044965 1.044965 1.044965
5908.268555 0.000000 4172.616211 0.000000 0.329931 0.000000 -0.944005 1.055479 1.055479 1.055479
5907.660156 0.000000 4183.457031 0.000000 0.231278 0.000000 -0.972888 1.056761 1.056761 1.056761
5908.403320 0.000000 4178.544434 0.000000 0.530756 0.000000 -0.847525 1.053020 1.053020 1.053020
5914.672852 0.000000 4176.025391 0.000000 0.902393 0.000000 -0.430914 1.024469 1.024469 1.024469
5910.548340 0.000000 4182.285645 0.000000 0.825160 0.000000 -0.564899 1.029974 1.029974 1.029974
5910.109863 0.000000 4179.510254 0.000000 0.930803 0.000000 -0.365521 1.021486 1.021486 1.021486
5912.386719 0.000000 4177.604004 0.000000 0.997857 0.000000 -0.065426 1.003760 1.003760 1.003760
5943.970215 0.000000 4164.134277 0.000000 0.826051 0.000000 -0.563595 1.005979 1.005979 1.005979
5916.959473 0.000000 4130.520508 0.000000 0.688312 0.000000 -0.725415 1.024315 1.024315 1.024315
5955.726562 0.000000 4126.416992 0.000000 0.492368 0.000000 -0.870387 1.039545 1.039545 1.039545
5968.930176 0.000000 4140.654297 0.000000 0.389973 0.000000 -0.920826 1.005843 1.005843 1.005843
5953.957520 0.000000 4149.602051 0.000000 0.366654 0.000000 -0.930357 1.023875 1.023875 1.023875
5997.036133 0.000000 4154.472168 0.000000 0.005349 0.000000 -0.999986 1.019541 1.019541 1.019541
5950.883301 0.000000 4137.699707 0.000000 0.736854 0.000000 -0.676052 1.016681 1.016681 1.016681
5946.517578 0.000000 4118.604004 0.000000 0.967650 0.000000 -0.252296 1.003821 1.003821 1.003821
5966.795898 0.000000 4128.421387 0.000000 0.596997 0.000000 -0.802244 1.039515 1.039515 1.039515
5942.638184 0.000000 4129.618164 0.000000 0.964381 0.000000 -0.264518 1.001337 1.001337 1.001337
5976.194336 0.000000 4108.401367 0.000000 0.719726 0.000000 -0.694258 1.001916 1.001916 1.001916
5960.211426 0.000000 4135.400391 0.000000 0.906794 0.000000 -0.421574 1.011951 1.011951 1.011951
5956.680664 0.000000 4117.231934 0.000000 0.976520 0.000000 -0.215429 1.008131 1.008131 1.008131
5970.108887 0.000000 4168.885742 0.000000 0.826123 0.000000 -0.563490 1.002989 1.002989 1.002989
5945.597656 0.000000 4145.103027 0.000000 0.092263 0.000000 -0.995735 1.062745 1.062745 1.062745
5935.989746 0.000000 4162.204590 0.000000 0.771232 0.000000 -0.636554 1.010336 1.010336 1.010336
5962.797852 0.000000 4121.885254 0.000000 0.859418 0.000000 -0.511273 1.030816 1.030816 1.030816
5977.460938 0.000000 4116.908203 0.000000 0.914255 0.000000 -0.405139 1.007290 1.007290 1.007290
5915.955078 0.000000 4138.570801 0.000000 0.879627 0.000000 -0.475664 1.023514 1.023514 1.023514
5935.877441 0.000000 4132.965332 0.000000 0.290624 0.000000 -0.956837 1.022298 1.022298 1.022298
5938.432129 0.000000 4147.808105 0.000000 0.958510 0.000000 -0.285057 1.018042 1.018042 1.018042
5922.834961 0.000000 4168.394043 0.000000 0.354314 0.000000 -0.935127 1.024139 1.024139 1.024139
5927.141602 0.000000 4152.449707 0.000000 0.997891 0.000000 0.064917 0.998378 0.998378 0.998378
5967.759277 0.000000 4107.228516 0.000000 0.180946 0.000000 -0.983493 1.017337 1.017337 1.017337
5994.776855 0.000000 4168.761230 0.000000 0.564627 0.000000 -0.825346 1.029084 1.029084 1.029084
5954.890625 0.000000 4110.433594 0.000000 0.345376 0.000000 -0.938464 1.024330 1.024330 1.024330
5951.129883 0.000000 4131.388672 0.000000 0.997482 0.000000 0.070919 0.998405 0.998405 0.998405
5963.276367 0.000000 4114.971680 0.000000 0.977767 0.000000 -0.209692 1.008439 1.008439 1.008439
5922.734863 0.000000 4162.286621 0.000000 0.725816 0.000000 -0.687889 1.005682 1.005682 1.005682
5923.011230 0.000000 4128.958496 0.000000 0.304900 0.000000 -0.952384 1.015740 1.015740 1.015740
5939.286621 0.000000 4156.888184 0.000000 0.839474 0.000000 -0.543400 1.020079 1.020079 1.020079
5971.922363 0.000000 4112.315918 0.000000 0.822494 0.000000 -0.568774 1.015105 1.015105 1.015105
5950.546387 0.000000 4114.061523 0.000000 0.126278 0.000000 -0.991995 1.028844 1.028844 1.028844
5952.101562 0.000000 4120.890137 0.000000 0.997215 0.000000 -0.074577 1.002423 1.002423 1.002423
5970.105957 0.000000 4123.289062 0.000000 0.681576 0.000000 -0.731748 1.030741 1.030741 1.030741
5956.110840 0.000000 4139.530273 0.000000 0.117678 0.000000 -0.993052 1.021763 1.021763 1.021763
5944.318848 0.000000 4158.970215 0.000000 0.531020 0.000000 -0.847359 1.025240 1.025240 1.025240
5975.943848 0.000000 4129.898438 0.000000 0.985307 0.000000 -0.170792 1.003856 1.003856 1.003856
5955.116699 0.000000 4155.356934 0.000000 0.999755 0.000000 -0.022129 1.000221 1.000221 1.000221
5946.238281 0.000000 4133.133789 0.000000 0.653439 0.000000 -0.756979 1.017150 1.017150 1.017150
5940.686035 0.000000 4134.311523 0.000000 0.035550 0.000000 -0.999368 1.038328 1.038328 1.038328
5933.425293 0.000000 4137.307617 0.000000 0.724265 0.000000 -0.689521 1.018994 1.018994 1.018994
5916.810547 0.000000 4153.717285 0.000000 0.865376 0.000000 -0.501123 1.009173 1.009173 1.009173
5971.597168 0.000000 4127.943848 0.000000 0.495883 0.000000 -0.868389 1.036767 1.036767 1.036767
5966.871582 0.000000 4111.851074 0.000000 0.451145 0.000000 -0.892451 1.027531 1.027531 1.027531
5973.242188 0.000000 4119.725586 0.000000 0.515542 0.000000 -0.856864 1.030832 1.030832 1.030832
5958.813965 0.000000 4113.114258 0.000000 0.994469 0.000000 -0.105030 1.003152 1.003152 1.003152
5939.164062 0.000000 4152.320801 0.000000 0.817352 0.000000 -0.576138 1.029124 1.029124 1.029124
5979.001465 0.000000 4121.037109 0.000000 0.344677 0.000000 -0.938721 1.018258 1.018258 1.018258
5990.522949 0.000000 4169.810547 0.000000 0.846218 0.000000 -0.532836 1.009821 1.009821 1.009821
6001.102539 0.000000 4153.209473 0.000000 0.498200 0.000000 -0.867062 1.013098 1.013098 1.013098
5994.129883 0.000000 4164.680176 0.000000 0.870852 0.000000 -0.491546 1.014112 1.014112 1.014112
5927.203125 0.000000 4170.361328 0.000000 0.991800 0.000000 -0.127796 1.001920 1.001920 1.001920
5966.147461 0.000000 4124.395020 0.000000 0.921651 0.000000 -0.388020 1.019897 1.019897 1.019897
5946.839844 0.000000 4129.157227 0.000000 0.555095 0.000000 -0.831787 1.014714 1.014714 1.014714
5919.839844 0.000000 4139.879883 0.000000 0.967695 0.000000 -0.252124 1.008908 1.008908 1.008908
5968.609863 0.000000 4131.990234 0.000000 0.859192 0.000000 -0.511654 1.017432 1.017432 1.017432
5919.488281 0.000000 4127.240234 0.000000 0.886484 0.000000 -0.462758 1.008408 1.008408 1.008408
5936.643066 0.000000 4144.283691 0.000000 0.785610 0.000000 -0.618722 1.034975 1.034975 1.034975
5962.989746 0.000000 4132.437500 0.000000 0.571411 0.000000 -0.820664 1.031240 1.031240 1.031240
5959.710449 0.000000 4125.333984 0.000000 0.503639 0.000000 -0.863914 1.052078 1.052078 1.052078
5951.962891 0.000000 4127.375977 0.000000 0.944367 0.000000 -0.328895 1.008367 1.008367 1.008367
5946.359863 0.000000 4122.488770 0.000000 0.341309 0.000000 -0.939951 1.018312 1.018312 1.018312
5937.338379 0.000000 4136.576660 0.000000 0.521951 0.000000 -0.852976 1.030607 1.030607 1.030607
5943.842285 0.000000 4141.586426 0.000000 0.161612 0.000000 -0.986854 1.056261 1.056261 1.056261
5950.002930 0.000000 4117.846191 0.000000 0.809541 0.000000 -0.587064 1.014098 1.014098 1.014098
5963.419922 0.000000 4111.545898 0.000000 0.999850 0.000000 -0.017326 1.000476 1.000476 1.000476
5963.463379 0.000000 4126.585938 0.000000 0.997594 0.000000 0.069321 0.996363 0.996363 0.996363
5947.377930 0.000000 4136.607910 0.000000 0.297897 0.000000 -0.954598 1.028498 1.028498 1.028498
5917.655273 0.000000 4168.010742 0.000000 0.962896 0.000000 -0.269872 1.008186 1.008186 1.008186
5959.551270 0.000000 4132.273438 0.000000 0.288782 0.000000 -0.957395 1.038282 1.038282 1.038282
5969.020508 0.000000 4126.210938 0.000000 0.883604 0.000000 -0.468235 1.020681 1.020681 1.020681
5925.143555 0.000000 4149.953613 0.000000 0.456107 0.000000 -0.889925 1.032870 1.032870 1.032870
5957.864746 0.000000 4128.812500 0.000000 0.451278 0.000000 -0.892384 1.041290 1.041290 1.041290
5948.739258 0.000000 4144.895020 0.000000 0.162189 0.000000 -0.986760 1.042178 1.042178 1.042178
5947.176270 0.000000 4152.117188 0.000000 0.986219 0.000000 -0.165445 1.005394 1.005394 1.005394
5966.360840 0.000000 4115.687012 0.000000 0.971662 0.000000 -0.236377 1.008936 1.008936 1.008936
5974.760742 0.000000 4127.179199 0.000000 0.545988 0.000000 -0.837793 1.024796 1.024796 1.024796
5942.195312 0.000000 4151.882324 0.000000 0.589824 0.000000 -0.807532 1.044586 1.044586 1.044586
5945.525879 0.000000 4148.054688 0.000000 0.249393 0.000000 -0.968402 1.059262 1.059262 1.059262
5934.771973 0.000000 4140.006836 0.000000 0.299620 0.000000 -0.954059 1.050590 1.050590 1.050590
5965.633789 0.000000 4131.188477 0.000000 0.905213 0.000000 -0.424959 1.016437 1.016437 1.016437
5931.741699 0.000000 4139.737305 0.000000 0.044505 0.000000 -0.999009 1.041915 1.041915 1.041915
5941.409180 0.000000 4158.783691 0.000000 0.908477 0.000000 -0.417936 1.012917 1.012917 1.012917
5940.241699 0.000000 4149.803711 0.000000 0.303904 0.000000 -0.952703 1.069315 1.069315 1.069315
5930.377930 0.000000 4141.969238 0.000000 0.894364 0.000000 -0.447341 1.015052 1.015052 1.015052
5916.250000 0.000000 4133.048340 0.000000 0.032480 0.000000 -0.999472 1.049926 1.049926 1.049926
5940.719238 0.000000 4154.362305 0.000000 0.985513 0.000000 -0.169600 1.006808 1.006808 1.006808
5915.476562 0.000000 4146.315430 0.000000 0.151663 0.000000 -0.988432 1.049581 1.049581 1.049581
5957.993164 0.000000 4119.400391 0.000000 0.917623 0.000000 -0.397453 1.017347 1.017347 1.017347
5962.214355 0.000000 4124.341797 0.000000 0.656981 0.000000 -0.753907 1.049037 1.049037 1.049037
5938.891113 0.000000 4145.336426 0.000000 0.963942 0.000000 -0.266111 1.014794 1.014794 1.014794
5926.819824 0.000000 4140.836914 0.000000 0.955761 0.000000 -0.294146 1.010435 1.010435 1.010435
5931.562012 0.000000 4148.631836 0.000000 0.181332 0.000000 -0.983422 1.055462 1.055462 1.055462
5915.481934 0.000000 4136.174805 0.000000 0.983476 0.000000 -0.181040 1.008181 1.008181 1.008181
6001.350098 0.000000 4163.059082 0.000000 0.023282 0.000000 -0.999729 1.061815 1.061815 1.061815
5938.666992 0.000000 4142.821289 0.000000 0.986786 0.000000 -0.162027 1.008126 1.008126 1.008126
5997.122559 0.000000 4169.373047 0.000000 0.571786 0.000000 -0.820403 1.036029 1.036029 1.036029
5959.564941 0.000000 4123.160156 0.000000 0.629041 0.000000 -0.777372 1.046685 1.046685 1.046685
5943.577637 0.000000 4143.778809 0.000000 0.999876 0.000000 -0.015735 1.000707 1.000707 1.000707
5961.186523 0.000000 4126.887695 0.000000 0.960437 0.000000 -0.278497 1.014092 1.014092 1.014092
5967.891602 0.000000 4123.229980 0.000000 0.706797 0.000000 -0.707416 1.039237 1.039237 1.039237
5937.932617 0.000000 4150.692383 0.000000 0.031803 0.000000 -0.999494 1.080685 1.080685 1.080685
5964.296875 0.000000 4120.375977 0.000000 0.560594 0.000000 -0.828091 1.053589 1.053589 1.053589
6075.087402 0.000000 4144.870117 0.000000 0.945999 0.000000 -0.324170 1.008242 1.008242 1.008242
6024.661133 0.000000 4140.467773 0.000000 0.531577 0.000000 -0.847010 1.045402 1.045402 1.045402
6036.269043 0.000000 4106.775391 0.000000 0.617922 0.000000 -0.786240 1.006776 1.006776 1.006776
6055.922363 0.000000 4140.654297 0.000000 0.815272 0.000000 -0.579078 1.012335 1.012335 1.012335
6021.616699 0.000000 4121.658691 0.000000 0.662499 0.000000 -0.749063 1.014796 1.014796 1.014796
6056.054688 0.000000 4117.441406 0.000000 0.996883 0.000000 -0.078898 1.000197 1.000197 1.000197
6082.224121 0.000000 4130.959961 0.000000 0.764534 0.000000 -0.644583 1.012241 1.012241 1.012241
6042.730469 0.000000 4094.252686 0.000000 0.492063 0.000000 -0.870560 1.044832 1.044832 1.044832
6009.270508 0.000000 4142.990234 0.000000 0.477868 0.000000 -0.878431 1.016066 1.016066 1.016066
6017.326172 0.000000 4167.588867 0.000000 0.993522 0.000000 -0.113638 1.003412 1.003412 1.003412
6067.058594 0.000000 4154.975586 0.000000 0.985103 0.000000 -0.171966 1.000431 1.000431 1.000431
6033.509766 0.000000 4118.604004 0.000000 0.441441 0.000000 -0.897290 1.005560 1.005560 1.005560
6053.788086 0.000000 4128.421387 0.000000 0.825044 0.000000 -0.565069 1.008995 1.008995 1.008995
6063.186523 0.000000 4108.401367 0.000000 0.982900 0.000000 -0.184141 1.000925 1.000925 1.000925
6085.944824 0.000000 4141.964355 0.000000 0.997713 0.000000 0.067599 0.999493 0.999493 0.999493
6065.213379 0.000000 4095.467529 0.000000 0.014770 0.000000 -0.999891 1.027193 1.027193 1.027193
6064.755859 0.000000 4145.222656 0.000000 0.295227 0.000000 -0.955427 1.038080 1.038080 1.038080
6047.203613 0.000000 4135.400391 0.000000 0.911229 0.000000 -0.411900 1.001060 1.001060 1.001060
6033.611816 0.000000 4095.142090 0.000000 0.965479 0.000000 -0.260482 1.003289 1.003289 1.003289
6080.415039 0.000000 4120.786133 0.000000 0.980835 0.000000 -0.194839 1.001469 1.001469 1.001469
6017.535645 0.000000 4146.332520 0.000000 0.998019 0.000000 0.062921 0.998428 0.998428 0.998428
6076.208496 0.000000 4136.503906 0.000000 0.154414 0.000000 -0.988006 1.049483 1.049483 1.049483
6043.285645 0.000000 4102.469238 0.000000 0.643377 0.000000 -0.765550 1.026121 1.026121 1.026121
6015.525879 0.000000 4159.944336 0.000000 0.258200 0.000000 -0.966092 1.029426 1.029426 1.029426
6059.318359 0.000000 4133.693848 0.000000 0.996365 0.000000 -0.085184 1.002981 1.002981 1.002981
6022.869629 0.000000 4132.965332 0.000000 0.970156 0.000000 -0.242482 1.013452 1.013452 1.013452
6063.048828 0.000000 4086.904297 0.000000 0.997146 0.000000 -0.075493 1.001509 1.001509 1.001509
6051.355469 0.000000 4074.303711 0.000000 0.987080 0.000000 -0.160227 1.001205 1.001205 1.001205
6015.999023 0.000000 4139.450684 0.000000 0.413891 0.000000 -0.910326 1.042843 1.042843 1.042843
6065.931152 0.000000 4102.328613 0.000000 0.378031 0.000000 -0.925793 1.014769 1.014769 1.014769
6009.114258 0.000000 4136.092285 0.000000 0.990957 0.000000 -0.134183 1.002688 1.002688 1.002688
6070.426270 0.000000 4149.490234 0.000000 0.304961 0.000000 -0.952365 1.022035 1.022035 1.022035
6063.321777 0.000000 4138.553711 0.000000 0.998455 0.000000 0.055563 0.997641 0.997641 0.997641
6042.690430 0.000000 4079.674805 0.000000 0.617049 0.000000 -0.786925 1.013568 1.013568 1.013568
6059.270020 0.000000 4094.704102 0.000000 0.995767 0.000000 -0.091917 1.003447 1.003447 1.003447
6009.727051 0.000000 4162.286621 0.000000 0.260859 0.000000 -0.965377 1.055466 1.055466 1.055466
6010.003418 0.000000 4128.958496 0.000000 0.584897 0.000000 -0.811108 1.021257 1.021257 1.021257
6035.373047 0.000000 4089.262207 0.000000 0.842647 0.000000 -0.538466 1.008518 1.008518 1.008518
6038.610352 0.000000 4143.800781 0.000000 0.256245 0.000000 -0.966612 1.013098 1.013098 1.013098
6069.024414 0.000000 4124.553223 0.000000 0.206050 0.000000 -0.978541 1.047648 1.047648 1.047648
6009.040039 0.000000 4149.240723 0.000000 0.376943 0.000000 -0.926236 1.008870 1.008870 1.008870
6079.957031 0.000000 4141.331055 0.000000 0.996844 0.000000 -0.079391 1.001984 1.001984 1.001984
6050.591797 0.000000 4103.199219 0.000000 0.155139 0.000000 -0.987893 1.052990 1.052990 1.052990
6057.098145 0.000000 4123.289062 0.000000 0.888655 0.000000 -0.458577 1.008325 1.008325 1.008325
6002.902832 0.000000 4170.692383 0.000000 0.490788 0.000000 -0.871279 1.058099 1.058099 1.058099
6059.699707 0.000000 4104.256836 0.000000 0.931164 0.000000 -0.364601 1.008386 1.008386 1.008386
6021.630859 0.000000 4116.215332 0.000000 0.849452 0.000000 -0.527667 1.004163 1.004163 1.004163
6014.366211 0.000000 4118.845703 0.000000 0.014799 0.000000 -0.999891 1.015538 1.015538 1.015538
6066.912598 0.000000 4090.455566 0.000000 0.986629 0.000000 -0.162983 1.002044 1.002044 1.002044
6053.683105 0.000000 4094.269775 0.000000 0.291124 0.000000 -0.956685 1.070050 1.070050 1.070050
6024.731445 0.000000 4127.002930 0.000000 0.517553 0.000000 -0.855651 1.035889 1.035889 1.035889
6062.936035 0.000000 4129.898438 0.000000 0.999998 0.000000 0.001959 0.999917 0.999917 0.999917
6061.662109 0.000000 4099.232422 0.000000 0.997709 0.000000 0.067646 0.998141 0.998141 0.998141
6020.417480 0.000000 4137.307617 0.000000 0.662894 0.000000 -0.748713 1.046472 1.046472 1.046472
6045.430664 0.000000 4084.687256 0.000000 0.301825 0.000000 -0.953363 1.041029 1.041029 1.041029
6051.506348 0.000000 4085.180908 0.000000 0.462961 0.000000 -0.886379 1.038079 1.038079 1.038079
6003.802734 0.000000 4153.717285 0.000000 0.554603 0.000000 -0.832115 1.012269 1.012269 1.012269
6058.589355 0.000000 4127.943848 0.000000 0.999989 0.000000 -0.004672 1.000128 1.000128 1.000128
6060.234375 0.000000 4119.725586 0.000000 0.999384 0.000000 -0.035101 1.000438 1.000438 1.000438
6077.500000 0.000000 4130.942871 0.000000 0.790310 0.000000 -0.612707 1.023050 1.023050 1.023050
6028.041992 0.000000 4143.918945 0.000000 0.434655 0.000000 -0.900597 1.036387 1.036387 1.036387
6040.909668 0.000000 4098.508789 0.000000 0.405362 0.000000 -0.914156 1.037434 1.037434 1.037434
6029.832031 0.000000 4149.020996 0.000000 0.978899 0.000000 -0.204347 1.003596 1.003596 1.003596
6046.743164 0.000000 4077.098389 0.000000 0.973349 0.000000 -0.229327 1.002888 1.002888 1.002888
6059.997070 0.000000 4083.250977 0.000000 0.590571 0.000000 -0.806986 1.018755 1.018755 1.018755
6012.384766 0.000000 4156.551270 0.000000 0.999629 0.000000 0.027226 0.999456 0.999456 0.999456
6040.656250 0.000000 4106.102539 0.000000 0.848492 0.000000 -0.529209 1.009746 1.009746 1.009746
6074.042969 0.000000 4140.509277 0.000000 0.917424 0.000000 -0.397911 1.013282 1.013282 1.013282
6065.993652 0.000000 4121.037109 0.000000 0.934047 0.000000 -0.357150 1.008206 1.008206 1.008206
6069.089844 0.000000 4145.162109 0.000000 0.141441 0.000000 -0.989947 1.042807 1.042807 1.042807
6018.868652 0.000000 4163.492676 0.000000 0.873206 0.000000 -0.487351 1.010167 1.010167 1.010167
6070.000488 0.000000 4128.769043 0.000000 0.999981 0.000000 -0.006128 1.000275 1.000275 1.000275
6063.544922 0.000000 4134.023926 0.000000 0.723527 0.000000 -0.690296 1.036140 1.036140 1.036140
6031.348633 0.000000 4125.838867 0.000000 0.178335 0.000000 -0.983970 1.031266 1.031266 1.031266
6059.257324 0.000000 4137.827148 0.000000 0.997881 0.000000 -0.065063 1.002276 1.002276 1.002276
6061.266602 0.000000 4147.377930 0.000000 0.548594 0.000000 -0.836089 1.019775 1.019775 1.019775
6066.089355 0.000000 4127.284180 0.000000 0.971691 0.000000 -0.236253 1.009527 1.009527 1.009527
6011.204102 0.000000 4132.725098 0.000000 0.690391 0.000000 -0.723436 1.022210 1.022210 1.022210
6039.304688 0.000000 4089.177246 0.000000 0.999578 0.000000 0.029053 0.999202 0.999202 0.999202
6014.013672 0.000000 4128.822754 0.000000 0.885368 0.000000 -0.464892 1.015692 1.015692 1.015692
6023.635254 0.000000 4144.283691 0.000000 0.883475 0.000000 -0.468478 1.017041 1.017041 1.017041
6066.261719 0.000000 4141.731934 0.000000 0.345583 0.000000 -0.938388 1.051691 1.051691 1.051691
6059.592773 0.000000 4088.503662 0.000000 0.329418 0.000000 -0.944184 1.040086 1.040086 1.040086
6017.860352 0.000000 4151.476562 0.000000 0.199053 0.000000 -0.979989 1.020528 1.020528 1.020528
6006.618652 0.000000 4170.583984 0.000000 0.858402 0.000000 -0.512978 1.030930 1.030930 1.030930
6030.834473 0.000000 4141.586426 0.000000 0.972209 0.000000 -0.234115 1.007669 1.007669 1.007669
6057.220703 0.000000 4085.771973 0.000000 0.040369 0.000000 -0.999185 1.045849 1.045849 1.045849
6054.995605 0.000000 4103.479004 0.000000 0.757720 0.000000 -0.652580 1.024850 1.024850 1.024850
6039.742676 0.000000 4102.584473 0.000000 0.013768 0.000000 -0.999905 1.034985 1.034985 1.034985
6017.379883 0.000000 4135.605957 0.000000 0.921253 0.000000 -0.388964 1.017953 1.017953 1.017953
6071.897949 0.000000 4143.178711 0.000000 0.918170 0.000000 -0.396187 1.014238 1.014238 1.014238
6073.817383 0.000000 4148.044922 0.000000 0.335459 0.000000 -0.942055 1.021473 1.021473 1.021473
6027.620117 0.000000 4138.312500 0.000000 0.710901 0.000000 -0.703292 1.037000 1.037000 1.037000
6055.864746 0.000000 4137.032715 0.000000 0.518490 0.000000 -0.855084 1.023047 1.023047 1.023047
6015.157227 0.000000 4149.013672 0.000000 0.340170 0.000000 -0.940364 1.021385 1.021385 1.021385
6034.370117 0.000000 4136.607910 0.000000 0.354512 0.000000 -0.935052 1.033185 1.033185 1.033185
6079.528320 0.000000 4133.649902 0.000000 0.827189 0.000000 -0.561924 1.017877 1.017877 1.017877
6022.833008 0.000000 4129.670898 0.000000 0.585566 0.000000 -0.810625 1.040116 1.040116 1.040116
6022.004883 0.000000 4125.123535 0.000000 0.999916 0.000000 0.012938 0.999612 0.999612 0.999612
6018.195801 0.000000 4170.861328 0.000000 0.830869 0.000000 -0.556468 1.013260 1.013260 1.013260
6069.349121 0.000000 4121.206543 0.000000 0.988378 0.000000 -0.152018 1.003429 1.003429 1.003429
6076.932129 0.000000 4142.255859 0.000000 0.995434 0.000000 -0.095456 1.002387 1.002387 1.002387
6042.746582 0.000000 4082.818115 0.000000 0.768836 0.000000 -0.639446 1.017321 1.017321 1.017321
6051.950195 0.000000 4081.858887 0.000000 0.944267 0.000000 -0.329181 1.008374 1.008374 1.008374
6025.330078 0.000000 4123.940430 0.000000 0.781395 0.000000 -0.624037 1.016824 1.016824 1.016824
6078.786133 0.000000 4138.388672 0.000000 0.468578 0.000000 -0.883422 1.029745 1.029745 1.029745
6073.199707 0.000000 4137.501953 0.000000 0.534917 0.000000 -0.844905 1.047737 1.047737 1.047737
6059.096680 0.000000 4101.083496 0.000000 0.459059 0.000000 -0.888406 1.032771 1.032771 1.032771
6048.498047 0.000000 4084.175293 0.000000 0.941281 0.000000 -0.337624 1.012037 1.012037 1.012037
6016.985840 0.000000 4129.369141 0.000000 0.874314 0.000000 -0.485361 1.018978 1.018978 1.018978
6075.689941 0.000000 4133.577637 0.000000 0.991830 0.000000 -0.127569 1.005429 1.005429 1.005429
6020.053711 0.000000 4134.268555 0.000000 0.581488 0.000000 -0.813555 1.054563 1.054563 1.054563
6054.238281 0.000000 4086.499756 0.000000 0.871508 0.000000 -0.490381 1.019193 1.019193 1.019193
6062.031250 0.000000 4095.852051 0.000000 0.585645 0.000000 -0.810567 1.023595 1.023595 1.023595
6012.230469 0.000000 4142.732422 0.000000 0.955702 0.000000 -0.294335 1.007459 1.007459 1.007459
6059.361816 0.000000 4091.403076 0.000000 0.233514 0.000000 -0.972353 1.046664 1.046664 1.046664
6065.980469 0.000000 4130.180664 0.000000 0.807424 0.000000 -0.589972 1.031508 1.031508 1.031508
6040.167969 0.000000 4095.608398 0.000000 0.990364 0.000000 -0.138491 1.004856 1.004856 1.004856
6065.579590 0.000000 4123.861328 0.000000 0.527241 0.000000 -0.849716 1.027886 1.027886 1.027886
6061.327148 0.000000 4135.777832 0.000000 0.998156 0.000000 0.060697 0.997422 0.997422 0.997422
6046.038086 0.000000 4087.421387 0.000000 0.518012 0.000000 -0.855374 1.040994 1.040994 1.040994
6050.898438 0.000000 4087.958252 0.000000 0.601975 0.000000 -0.798515 1.039251 1.039251 1.039251
6022.759766 0.000000 4146.991699 0.000000 0.471624 0.000000 -0.881800 1.032345 1.032345 1.032345
6074.801758 0.000000 4130.045898 0.000000 0.997692 0.000000 0.067900 0.997286 0.997286 0.997286
6050.280762 0.000000 4100.061035 0.000000 0.032847 0.000000 -0.999460 1.065272 1.065272 1.065272
6070.317871 0.000000 4131.870605 0.000000 0.186451 0.000000 -0.982464 1.069067 1.069067 1.069067
6058.614746 0.000000 4140.583984 0.000000 0.149294 0.000000 -0.988793 1.042569 1.042569 1.042569
6045.087891 0.000000 4095.538574 0.000000 0.461250 0.000000 -0.887270 1.051770 1.051770 1.051770
6061.074219 0.000000 4139.783691 0.000000 0.490416 0.000000 -0.871489 1.039629 1.039629 1.039629
6073.387207 0.000000 4134.954102 0.000000 0.545321 0.000000 -0.838227 1.047151 1.047151 1.047151
6042.832031 0.000000 4096.793457 0.000000 0.774409 0.000000 -0.632686 1.027363 1.027363 1.027363
6043.140137 0.000000 4099.957520 0.000000 0.572929 0.000000 -0.819605 1.035977 1.035977 1.035977
6031.945312 0.000000 4130.847168 0.000000 0.612529 0.000000 -0.790448 1.031860 1.031860 1.031860
6025.242188 0.000000 4133.940430 0.000000 0.626578 0.000000 -0.779358 1.046851 1.046851 1.046851
6054.340820 0.000000 4091.753662 0.000000 0.838558 0.000000 -0.544812 1.027330 1.027330 1.027330
6068.299316 0.000000 4134.795410 0.000000 0.664453 0.000000 -0.747330 1.050572 1.050572 1.050572
6026.712891 0.000000 4128.456055 0.000000 0.950419 0.000000 -0.310973 1.012631 1.012631 1.012631
6043.640137 0.000000 4091.898682 0.000000 0.550804 0.000000 -0.834635 1.039444 1.039444 1.039444
6048.740234 0.000000 4086.721680 0.000000 0.670741 0.000000 -0.741691 1.035463 1.035463 1.035463
6025.659180 0.000000 4142.821289 0.000000 0.117772 0.000000 -0.993041 1.058030 1.058030 1.058030
6022.182617 0.000000 4135.305664 0.000000 0.554291 0.000000 -0.832323 1.061370 1.061370 1.061370
6047.347168 0.000000 4096.130859 0.000000 0.997740 0.000000 -0.067192 1.003525 1.003525 1.003525
6022.823730 0.000000 4142.088379 0.000000 0.604833 0.000000 -0.796353 1.036799 1.036799 1.036799
6064.532227 0.000000 4131.938965 0.000000 0.927959 0.000000 -0.372683 1.019069 1.019069 1.019069
6068.774902 0.000000 4126.820801 0.000000 0.996107 0.000000 -0.088158 1.003526 1.003526 1.003526
6071.917969 0.000000 4139.536621 0.000000 0.852695 0.000000 -0.522409 1.026073 1.026073 1.026073
6028.983398 0.000000 4136.387695 0.000000 0.552876 0.000000 -0.833263 1.044263 1.044263 1.044263
6068.803223 0.000000 4137.508301 0.000000 0.935987 0.000000 -0.352034 1.019759 1.019759 1.019759
6047.293457 0.000000 4098.346680 0.000000 0.174238 0.000000 -0.984704 1.066203 1.066203 1.066203
6020.691406 0.000000 4129.253906 0.000000 0.485022 0.000000 -0.874502 1.045175 1.045175 1.045175
6068.316406 0.000000 4130.283691 0.000000 0.714594 0.000000 -0.699540 1.040618 1.040618 1.040618
6026.565430 0.000000 4136.312988 0.000000 0.820904 0.000000 -0.571066 1.030348 1.030348 1.030348
6017.497070 0.000000 4137.764648 0.000000 0.990268 0.000000 -0.139172 1.006274 1.006274 1.006274
6055.895020 0.000000 4094.609619 0.000000 0.592149 0.000000 -0.805829 1.046789 1.046789 1.046789
6021.348145 0.000000 4131.237793 0.000000 0.999163 0.000000 -0.040903 1.002043 1.002043 1.002043
6071.425781 0.000000 4133.840820 0.000000 0.709455 0.000000 -0.704751 1.041002 1.041002 1.041002
6027.719238 0.000000 4132.004395 0.000000 0.805594 0.000000 -0.592467 1.031662 1.031662 1.031662
6052.418945 0.000000 4092.699951 0.000000 0.933638 0.000000 -0.358217 1.020122 1.020122 1.020122
6004.751465 0.000000 4170.026855 0.000000 0.055019 0.000000 -0.998485 1.087035 1.087035 1.087035
6049.235840 0.000000 4095.514648 0.000000 0.956080 0.000000 -0.293106 1.017824 1.017824 1.017824
5918.878906 0.000000 4174.730957 0.000000 0.761577 0.000000 -0.648075 1.029923 1.029923 1.029923
5969.144531 0.000000 4206.988770 0.000000 0.999176 0.000000 0.040585 0.999696 0.999696 0.999696
5949.276855 0.000000 4213.760254 0.000000 0.743404 0.000000 -0.668842 1.001829 1.001829 1.001829
5984.065918 0.000000 4194.080566 0.000000 0.056626 0.000000 -0.998395 1.034021 1.034021 1.034021
5934.624512 0.000000 4228.643555 0.000000 0.734964 0.000000 -0.678106 1.013023 1.013023 1.013023
5995.781738 0.000000 4181.068848 0.000000 0.991107 0.000000 -0.133071 1.002332 1.002332 1.002332
5985.583008 0.000000 4210.126465 0.000000 0.999856 0.000000 0.016982 0.999152 0.999152 0.999152
5933.539062 0.000000 4180.497559 0.000000 0.385355 0.000000 -0.922768 1.002934 1.002934 1.002934
5999.327148 0.000000 4221.010742 0.000000 0.999750 0.000000 0.022347 0.999442 0.999442 0.999442
5955.738281 0.000000 4201.237305 0.000000 0.900040 0.000000 -0.435807 1.001126 1.001126 1.001126
5978.221191 0.000000 4202.452148 0.000000 0.965276 0.000000 -0.261231 1.008578 1.008578 1.008578
5924.671875 0.000000 4182.867188 0.000000 0.529293 0.000000 -0.848439 1.022762 1.022762 1.022762
5970.609375 0.000000 4177.378418 0.000000 0.900918 0.000000 -0.433990 1.013449 1.013449 1.013449
5928.354004 0.000000 4172.479004 0.000000 0.394476 0.000000 -0.918906 1.011637 1.011637 1.011637
5998.022949 0.000000 4172.748535 0.000000 0.326301 0.000000 -0.945266 1.052560 1.052560 1.052560
5953.621094 0.000000 4192.447754 0.000000 0.478396 0.000000 -0.878144 1.008029 1.008029 1.008029
5935.515137 0.000000 4198.404297 0.000000 0.973929 0.000000 -0.226855 1.002857 1.002857 1.002857
5988.303711 0.000000 4218.186523 0.000000 0.983042 0.000000 -0.183380 1.007827 1.007827 1.007827
5999.056641 0.000000 4187.325195 0.000000 0.985859 0.000000 -0.167574 1.000841 1.000841 1.000841
5984.840332 0.000000 4203.024414 0.000000 0.460295 0.000000 -0.887766 1.032729 1.032729 1.032729
5924.380859 0.000000 4196.890625 0.000000 0.920006 0.000000 -0.391905 1.004021 1.004021 1.004021
5979.067871 0.000000 4180.962891 0.000000 0.806963 0.000000 -0.590602 1.018928 1.018928 1.018928
5981.959473 0.000000 4219.365723 0.000000 0.660112 0.000000 -0.751167 1.025460 1.025460 1.025460
5968.503418 0.000000 4189.456055 0.000000 0.395456 0.000000 -0.918485 1.066851 1.066851 1.066851
5944.809082 0.000000 4219.383301 0.000000 0.983119 0.000000 -0.182967 1.001837 1.001837 1.001837
5922.283203 0.000000 4218.589355 0.000000 0.985674 0.000000 -0.168661 1.007616 1.007616 1.007616
5955.698242 0.000000 4186.659180 0.000000 0.124379 0.000000 -0.992235 1.025272 1.025272 1.025272
5940.020020 0.000000 4223.952637 0.000000 0.820302 0.000000 -0.571930 1.010640 1.010640 1.010640
5997.312012 0.000000 4200.544434 0.000000 0.276397 0.000000 -0.961043 1.029002 1.029002 1.029002
5991.101074 0.000000 4207.912109 0.000000 0.503675 0.000000 -0.863893 1.049472 1.049472 1.049472
5990.710449 0.000000 4196.173828 0.000000 0.240592 0.000000 -0.970626 1.019890 1.019890 1.019890
5984.218262 0.000000 4177.595215 0.000000 0.625006 0.000000 -0.780620 1.006708 1.006708 1.006708
5973.931641 0.000000 4172.495117 0.000000 0.894644 0.000000 -0.446781 1.008094 1.008094 1.008094
5932.017090 0.000000 4206.508301 0.000000 0.787777 0.000000 -0.615961 1.024851 1.024851 1.024851
5915.539551 0.000000 4190.792480 0.000000 0.471908 0.000000 -0.881648 1.026946 1.026946 1.026946
5967.856934 0.000000 4172.392090 0.000000 0.999593 0.000000 -0.028534 1.000427 1.000427 1.000427
5969.620605 0.000000 4182.722168 0.000000 0.739088 0.000000 -0.673609 1.035058 1.035058 1.035058
5927.374023 0.000000 4225.830566 0.000000 0.034108 0.000000 -0.999418 1.049873 1.049873 1.049873
5979.920410 0.000000 4197.439941 0.000000 0.989617 0.000000 -0.143727 1.005041 1.005041 1.005041
5929.746094 0.000000 4184.612793 0.000000 0.990605 0.000000 -0.136753 1.001370 1.001370 1.001370
5981.892090 0.000000 4213.658203 0.000000 0.845902 0.000000 -0.533339 1.021066 1.021066 1.021066
5998.674805 0.000000 4215.869141 0.000000 0.998460 0.000000 0.055471 0.998199 0.998199 0.998199
5928.770020 0.000000 4215.717773 0.000000 0.124658 0.000000 -0.992200 1.086629 1.086629 1.086629
5943.584473 0.000000 4206.318848 0.000000 0.296306 0.000000 -0.955093 1.015853 1.015853 1.015853
5974.669922 0.000000 4206.217285 0.000000 0.923618 0.000000 -0.383314 1.008839 1.008839 1.008839
5958.438477 0.000000 4191.671875 0.000000 0.716830 0.000000 -0.697248 1.021188 1.021188 1.021188
5937.979004 0.000000 4212.830078 0.000000 0.936582 0.000000 -0.350448 1.012514 1.012514 1.012514
5933.331055 0.000000 4217.412598 0.000000 0.678927 0.000000 -0.734205 1.039109 1.039109 1.039109
5919.888184 0.000000 4214.059082 0.000000 0.683714 0.000000 -0.729750 1.030631 1.030631 1.030631
5989.842285 0.000000 4213.509766 0.000000 0.952675 0.000000 -0.303991 1.019278 1.019278 1.019278
5986.230469 0.000000 4198.344727 0.000000 0.686593 0.000000 -0.727042 1.022354 1.022354 1.022354
5922.503906 0.000000 4229.798340 0.000000 0.921140 0.000000 -0.389233 1.007985 1.007985 1.007985
5965.788574 0.000000 4176.633789 0.000000 0.685772 0.000000 -0.727817 1.020350 1.020350 1.020350
5920.185547 0.000000 4185.429199 0.000000 0.998456 0.000000 0.055554 0.998335 0.998335 0.998335
5922.192871 0.000000 4208.443359 0.000000 0.410605 0.000000 -0.911813 1.045844 1.045844 1.045844
5965.845215 0.000000 4185.740723 0.000000 0.980287 0.000000 -0.197579 1.008938 1.008938 1.008938
5959.750977 0.000000 4184.083008 0.000000 0.508127 0.000000 -0.861282 1.028500 1.028500 1.028500
5973.004883 0.000000 4190.235840 0.000000 0.473853 0.000000 -0.880604 1.056471 1.056471 1.056471
5975.358398 0.000000 4198.437012 0.000000 0.268764 0.000000 -0.963206 1.038907 1.038907 1.038907
5986.166504 0.000000 4221.952637 0.000000 0.226638 0.000000 -0.973979 1.046911 1.046911 1.046911
5982.485840 0.000000 4206.557129 0.000000 0.816821 0.000000 -0.576891 1.023028 1.023028 1.023028
5973.790039 0.000000 4181.604980 0.000000 0.417575 0.000000 -0.908642 1.045538 1.045538 1.045538
5985.875000 0.000000 4214.879395 0.000000 0.999272 0.000000 -0.038141 1.001810 1.001810 1.001810
5937.044434 0.000000 4202.372070 0.000000 0.933099 0.000000 -0.359620 1.007347 1.007347 1.007347
5994.903809 0.000000 4197.266113 0.000000 0.894670 0.000000 -0.446728 1.006937 1.006937 1.006937
5928.633301 0.000000 4211.409668 0.000000 0.547931 0.000000 -0.836524 1.051951 1.051951 1.051951
5977.958984 0.000000 4219.155273 0.000000 0.242289 0.000000 -0.970204 1.026485 1.026485 1.026485
5981.384277 0.000000 4184.341309 0.000000 0.713452 0.000000 -0.700704 1.023259 1.023259 1.023259
5919.626953 0.000000 4221.648926 0.000000 0.987118 0.000000 -0.159994 1.004814 1.004814 1.004814
5935.446777 0.000000 4209.151855 0.000000 0.999994 0.000000 0.003454 0.999871 0.999871 0.999871
5997.194824 0.000000 4209.634766 0.000000 0.401227 0.000000 -0.915979 1.043363 1.043363 1.043363
5965.049316 0.000000 4197.700684 0.000000 0.351634 0.000000 -0.936137 1.036294 1.036294 1.036294
5992.620117 0.000000 4172.509766 0.000000 0.830576 0.000000 -0.556905 1.014746 1.014746 1.014746
5976.916504 0.000000 4189.642578 0.000000 0.981209 0.000000 -0.192947 1.008241 1.008241 1.008241
5972.600586 0.000000 4195.488281 0.000000 0.556198 0.000000 -0.831050 1.041635 1.041635 1.041635
5981.707520 0.000000 4200.765625 0.000000 0.155804 0.000000 -0.987788 1.049434 1.049434 1.049434
5938.303711 0.000000 4227.575195 0.000000 0.957136 0.000000 -0.289638 1.004402 1.004402 1.004402
5931.090820 0.000000 4224.668945 0.000000 0.954720 0.000000 -0.297505 1.009804 1.009804 1.009804
5977.792480 0.000000 4185.022949 0.000000 0.602185 0.000000 -0.798356 1.039240 1.039240 1.039240
5918.476562 0.000000 4188.759277 0.000000 0.709230 0.000000 -0.704977 1.019533 1.019533 1.019533
5940.937012 0.000000 4208.826660 0.000000 0.992549 0.000000 -0.121843 1.002440 1.002440 1.002440
5982.625977 0.000000 4181.004395 0.000000 0.041144 0.000000 -0.999153 1.030551 1.030551 1.030551
5980.434570 0.000000 4177.646973 0.000000 0.165977 0.000000 -0.986130 1.024537 1.024537 1.024537
5923.835449 0.000000 4205.356934 0.000000 0.933841 0.000000 -0.357689 1.010959 1.010959 1.010959
5919.056641 0.000000 4202.052246 0.000000 0.578638 0.000000 -0.815584 1.019048 1.019048 1.019048
5925.550781 0.000000 4200.083008 0.000000 0.806252 0.000000 -0.591573 1.014223 1.014223 1.014223
5919.218750 0.000000 4210.244141 0.000000 0.577966 0.000000 -0.816061 1.033364 1.033364 1.033364
5978.477539 0.000000 4205.917480 0.000000 0.422451 0.000000 -0.906386 1.036825 1.036825 1.036825
5988.087402 0.000000 4201.256836 0.000000 0.980160 0.000000 -0.198207 1.005479 1.005479 1.005479
5989.763184 0.000000 4221.258789 0.000000 0.400907 0.000000 -0.916119 1.043376 1.043376 1.043376
5979.605469 0.000000 4216.184570 0.000000 0.161970 0.000000 -0.986796 1.038670 1.038670 1.038670
5916.137695 0.000000 4181.358887 0.000000 0.999865 0.000000 0.016402 0.999222 0.999222 0.999222
5923.394531 0.000000 4186.391602 0.000000 0.929656 0.000000 -0.368428 1.008478 1.008478 1.008478
5935.230469 0.000000 4214.693359 0.000000 0.837953 0.000000 -0.545742 1.024500 1.024500 1.024500
5996.520020 0.000000 4222.845215 0.000000 0.468970 0.000000 -0.883214 1.027029 1.027029 1.027029
5983.150879 0.000000 4197.405762 0.000000 0.945228 0.000000 -0.326412 1.009961 1.009961 1.009961
5961.101562 0.000000 4181.006836 0.000000 0.950050 0.000000 -0.312099 1.008716 1.008716 1.008716
5985.085938 0.000000 4218.500977 0.000000 0.669863 0.000000 -0.742485 1.033425 1.033425 1.033425
5992.854492 0.000000 4205.138672 0.000000 0.202501 0.000000 -0.979282 1.054600 1.054600 1.054600
5924.187988 0.000000 4227.136230 0.000000 0.653012 0.000000 -0.757348 1.023597 1.023597 1.023597
5994.149414 0.000000 4208.811035 0.000000 0.295980 0.000000 -0.955194 1.057085 1.057085 1.057085
5964.958008 0.000000 4188.843262 0.000000 0.089189 0.000000 -0.996015 1.070274 1.070274 1.070274
5983.367676 0.000000 4186.774902 0.000000 0.973890 0.000000 -0.227019 1.005718 1.005718 1.005718
5998.189453 0.000000 4212.652832 0.000000 0.928303 0.000000 -0.371824 1.013316 1.013316 1.013316
5932.858887 0.000000 4220.544922 0.000000 0.778203 0.000000 -0.628013 1.027122 1.027122 1.027122
6001.512695 0.000000 4214.351074 0.000000 0.735965 0.000000 -0.677019 1.020424 1.020424 1.020424
5991.834961 0.000000 4211.041504 0.000000 0.436290 0.000000 -0.899806 1.064272 1.064272 1.064272
5988.693359 0.000000 4210.519531 0.000000 0.957714 0.000000 -0.287723 1.016758 1.016758 1.016758
5958.551758 0.000000 4188.000977 0.000000 0.522497 0.000000 -0.852641 1.030588 1.030588 1.030588
5961.505859 0.000000 4191.160156 0.000000 0.974081 0.000000 -0.226201 1.007406 1.007406 1.007406
5929.129883 0.000000 4205.333984 0.000000 0.681410 0.000000 -0.731902 1.028699 1.028699 1.028699
5992.243652 0.000000 4198.872559 0.000000 0.068863 0.000000 -0.997626 1.033746 1.033746 1.033746
5916.981934 0.000000 4220.037598 0.000000 0.021856 0.000000 -0.999761 1.038670 1.038670 1.038670
5921.540039 0.000000 4182.576660 0.000000 0.638062 0.000000 -0.769985 1.030716 1.030716 1.030716
5967.246094 0.000000 4193.484375 0.000000 0.461064 0.000000 -0.887367 1.049054 1.049054 1.049054
5930.421875 0.000000 4218.115234 0.000000 0.390477 0.000000 -0.920613 1.058402 1.058402 1.058402
5918.521484 0.000000 4183.017090 0.000000 0.942848 0.000000 -0.333224 1.013570 1.013570 1.013570
5995.792480 0.000000 4215.590332 0.000000 0.444209 0.000000 -0.895923 1.049904 1.049904 1.049904
5982.970215 0.000000 4216.507812 0.000000 0.258234 0.000000 -0.966082 1.052312 1.052312 1.052312
5975.039062 0.000000 4202.836914 0.000000 0.819548 0.000000 -0.573011 1.018280 1.018280 1.018280
5972.369629 0.000000 4198.387695 0.000000 0.410230 0.000000 -0.911982 1.034395 1.034395 1.034395
5976.584473 0.000000 4182.420898 0.000000 0.478429 0.000000 -0.878126 1.040142 1.040142 1.040142
5998.519531 0.000000 4204.009766 0.000000 0.432286 0.000000 -0.901737 1.030861 1.030861 1.030861
5972.187988 0.000000 4183.877930 0.000000 0.723501 0.000000 -0.690323 1.036142 1.036142 1.036142
5933.642578 0.000000 4225.891113 0.000000 0.902995 0.000000 -0.429651 1.013305 1.013305 1.013305
5931.438965 0.000000 4214.906738 0.000000 0.999009 0.000000 -0.044507 1.002445 1.002445 1.002445
5921.137207 0.000000 4204.528320 0.000000 0.738485 0.000000 -0.674270 1.020321 1.020321 1.020321
5979.479492 0.000000 4212.176758 0.000000 0.835386 0.000000 -0.549664 1.018888 1.018888 1.018888
5939.374023 0.000000 4215.403809 0.000000 0.988400 0.000000 -0.151874 1.004568 1.004568 1.004568
5981.486328 0.000000 4195.127441 0.000000 0.996841 0.000000 0.079420 0.997618 0.997618 0.997618
5922.203125 0.000000 4222.459473 0.000000 0.795098 0.000000 -0.606481 1.024402 1.024402 1.024402
5935.496094 0.000000 4211.937988 0.000000 0.601358 0.000000 -0.798980 1.036973 1.036973 1.036973
5984.577637 0.000000 4200.373535 0.000000 0.999983 0.000000 0.005805 0.999826 0.999826 0.999826
5991.721191 0.000000 4219.429199 0.000000 0.636146 0.000000 -0.771569 1.037404 1.037404 1.037404
5925.082520 0.000000 4224.636230 0.000000 0.790038 0.000000 -0.613058 1.021418 1.021418 1.021418
5918.671387 0.000000 4177.787109 0.000000 0.978956 0.000000 -0.204071 1.008722 1.008722 1.008722
5968.423340 0.000000 4184.930176 0.000000 0.923516 0.000000 -0.383561 1.020638 1.020638 1.020638
5986.990723 0.000000 4212.510742 0.000000 0.805009 0.000000 -0.593262 1.034883 1.034883 1.034883
5974.715820 0.000000 4188.272461 0.000000 0.944861 0.000000 -0.327473 1.016658 1.016658 1.016658
5977.880371 0.000000 4192.022949 0.000000 0.818266 0.000000 -0.574840 1.024463 1.024463 1.024463
5922.239746 0.000000 4213.699219 0.000000 0.999673 0.000000 -0.025580 1.001214 1.001214 1.001214
5971.157227 0.000000 4188.672363 0.000000 0.784268 0.000000 -0.620422 1.040101 1.040101 1.040101
5967.768066 0.000000 4187.193359 0.000000 0.226960 0.000000 -0.973904 1.070349 1.070349 1.070349
5924.183105 0.000000 4219.882812 0.000000 0.377572 0.000000 -0.925980 1.059099 1.059099 1.059099
5963.729492 0.000000 4186.928711 0.000000 0.984948 0.000000 -0.172853 1.006939 1.006939 1.006939
5975.576172 0.000000 4191.583984 0.000000 0.731142 0.000000 -0.682226 1.035614 1.035614 1.035614
5929.495605 0.000000 4213.515625 0.000000 0.946736 0.000000 -0.322010 1.018825 1.018825 1.018825
5933.378906 0.000000 4208.219727 0.000000 0.730317 0.000000 -0.683108 1.031916 1.031916 1.031916
5917.336426 0.000000 4179.517090 0.000000 0.996262 0.000000 -0.086379 1.004318 1.004318 1.004318
5989.507812 0.000000 4206.380859 0.000000 0.702941 0.000000 -0.711248 1.037534 1.037534 1.037534
5926.458496 0.000000 4215.744141 0.000000 0.514439 0.000000 -0.857527 1.064314 1.064314 1.064314
5927.343262 0.000000 4209.666992 0.000000 0.964273 0.000000 -0.264911 1.012718 1.012718 1.012718
5928.183105 0.000000 4218.409180 0.000000 0.029645 0.000000 -0.999560 1.080799 1.080799 1.080799
5986.697266 0.000000 4216.825684 0.000000 0.402181 0.000000 -0.915560 1.054877 1.054877 1.054877
5930.750000 0.000000 4211.698242 0.000000 0.886081 0.000000 -0.463530 1.024065 1.024065 1.024065
5926.477051 0.000000 4211.585938 0.000000 0.936796 0.000000 -0.349876 1.018740 1.018740 1.018740
6005.871094 0.000000 4174.730957 0.000000 0.999468 0.000000 -0.032628 1.001467 1.001467 1.001467
6011.664062 0.000000 4182.867188 0.000000 0.897495 0.000000 -0.441024 1.009122 1.009122 1.009122
6005.459473 0.000000 4205.722168 0.000000 0.589898 0.000000 -0.807478 1.011732 1.011732 1.011732
6020.687500 0.000000 4174.515137 0.000000 0.096764 0.000000 -0.995307 1.022078 1.022078 1.022078
6006.425293 0.000000 4180.232422 0.000000 0.998033 0.000000 0.062694 0.998277 0.998277 0.998277
6002.744141 0.000000 4200.926758 0.000000 0.498850 0.000000 -0.866689 1.010471 1.010471 1.010471
6006.880371 0.000000 4214.059082 0.000000 0.329536 0.000000 -0.944143 1.012333 1.012333 1.012333
6015.102539 0.000000 4181.025391 0.000000 0.966988 0.000000 -0.254823 1.005146 1.005146 1.005146
6009.959961 0.000000 4179.916504 0.000000 0.998489 0.000000 0.054956 0.998215 0.998215 0.998215
6008.110352 0.000000 4177.169922 0.000000 0.800266 0.000000 -0.599645 1.024081 1.024081 1.024081
6002.856934 0.000000 4207.888672 0.000000 0.515894 0.000000 -0.856652 1.020546 1.020546 1.020546
6002.815918 0.000000 4174.120117 0.000000 0.481249 0.000000 -0.876584 1.048026 1.048026 1.048026
6009.300293 0.000000 4174.930176 0.000000 0.999997 0.000000 0.002485 0.999888 0.999888 0.999888
6007.275391 0.000000 4172.447266 0.000000 0.012830 0.000000 -0.999918 1.081680 1.081680 1.081680
6118.461426 0.000000 4260.642090 0.000000 0.677870 0.000000 -0.735182 1.032992 1.032992 1.032992
6134.195801 0.000000 4242.384766 0.000000 0.435460 0.000000 -0.900208 1.145431 1.145431 1.145431
6124.729980 0.000000 4266.306152 0.000000 0.999927 0.000000 0.012097 0.997856 0.997856 0.997856
6130.277832 0.000000 4209.454102 0.000000 0.521680 0.000000 -0.853141 1.369955 1.369955 1.369955
6125.602539 0.000000 4250.785156 0.000000 0.135935 0.000000 -0.990718 1.311560 1.311560 1.311560
6123.994141 0.000000 4260.641602 0.000000 0.877481 0.000000 -0.479611 1.077426 1.077426 1.077426
6130.329590 0.000000 4238.490234 0.000000 0.998696 0.000000 -0.051061 1.009055 1.009055 1.009055
6138.498535 0.000000 4192.165527 0.000000 0.745564 0.000000 -0.666434 1.262227 1.262227 1.262227
6130.475098 0.000000 4196.302734 0.000000 0.993474 0.000000 -0.114060 1.014840 1.014840 1.014840
6132.798340 0.000000 4220.098633 0.000000 0.998734 0.000000 -0.050308 1.007916 1.007916 1.007916
6146.989258 0.000000 4190.235840 0.000000 0.997458 0.000000 -0.071251 1.028841 1.028841 1.028841
6121.416504 0.000000 4268.860352 0.000000 0.184528 0.000000 -0.982827 1.338906 1.338906 1.338906
6134.606445 0.000000 4225.205078 0.000000 0.187911 0.000000 -0.982186 1.558841 1.558841 1.558841
6136.974121 0.000000 4239.421875 0.000000 0.287111 0.000000 -0.957897 1.546268 1.546268 1.546268
6172.431641 0.000000 4229.680176 0.000000 0.936498 0.000000 -0.350674 1.144907 1.144907 1.144907
6125.662109 0.000000 4216.416016 0.000000 0.196467 0.000000 -0.980510 1.270802 1.270802 1.270802
6116.499512 0.000000 4263.191406 0.000000 0.762440 0.000000 -0.647058 1.028110 1.028110 1.028110
6136.854004 0.000000 4184.653320 0.000000 0.915191 0.000000 -0.403021 1.043495 1.043495 1.043495
6135.490234 0.000000 4191.160156 0.000000 0.993622 0.000000 -0.112762 1.019466 1.019466 1.019466
6132.901855 0.000000 4197.778320 0.000000 0.414922 0.000000 -0.909857 1.168351 1.168351 1.168351
6126.547363 0.000000 4219.056641 0.000000 0.124782 0.000000 -0.992184 1.249037 1.249037 1.249037
6139.618164 0.000000 4238.172852 0.000000 0.933075 0.000000 -0.359683 1.042253 1.042253 1.042253
6131.292480 0.000000 4240.975586 0.000000 0.991625 0.000000 -0.129153 1.010347 1.010347 1.010347
6134.098633 0.000000 4227.829590 0.000000 0.444189 0.000000 -0.895933 1.119217 1.119217 1.119217
6137.833984 0.000000 4236.115234 0.000000 0.997444 0.000000 0.071455 0.979467 0.979467 0.979467
6130.132324 0.000000 4206.941895 0.000000 0.296387 0.000000 -0.955068 1.513595 1.513595 1.513595
6122.063477 0.000000 4266.387695 0.000000 0.418595 0.000000 -0.908173 1.557290 1.557290 1.557290
6147.639648 0.000000 4192.851074 0.000000 0.997526 0.000000 0.070301 0.979097 0.979097 0.979097
6130.632324 0.000000 4198.883301 0.000000 0.725587 0.000000 -0.688131 1.270936 1.270936 1.270936
6132.763672 0.000000 4209.574219 0.000000 0.998893 0.000000 0.047036 0.985433 0.985433 0.985433
6128.946777 0.000000 4248.691895 0.000000 0.985972 0.000000 -0.166911 1.057775 1.057775 1.057775
6131.596191 0.000000 4222.077148 0.000000 0.983069 0.000000 -0.183234 1.030363 1.030363 1.030363
6166.994141 0.000000 4195.655273 0.000000 0.962100 0.000000 -0.272697 1.015859 1.015859 1.015859
6127.786133 0.000000 4251.221191 0.000000 0.999987 0.000000 -0.005017 1.002743 1.002743 1.002743
6128.475586 0.000000 4215.182129 0.000000 0.902109 0.000000 -0.431508 1.073515 1.073515 1.073515
6128.326660 0.000000 4208.149902 0.000000 0.351996 0.000000 -0.936001 1.211649 1.211649 1.211649
6128.554688 0.000000 4210.661133 0.000000 0.671430 0.000000 -0.741068 1.333403 1.333403 1.333403
6137.357422 0.000000 4224.055664 0.000000 0.912768 0.000000 -0.408479 1.154426 1.154426 1.154426
6132.957031 0.000000 4223.916992 0.000000 0.639062 0.000000 -0.769155 1.081058 1.081058 1.081058
6139.101074 0.000000 4240.157715 0.000000 0.611579 0.000000 -0.791183 1.045574 1.045574 1.045574
6144.754883 0.000000 4190.705078 0.000000 0.675883 0.000000 -0.737009 1.335133 1.335133 1.335133
6125.736816 0.000000 4214.105957 0.000000 0.614845 0.000000 -0.788648 1.129298 1.129298 1.129298
6135.295898 0.000000 4238.089355 0.000000 0.561398 0.000000 -0.827546 1.620528 1.620528 1.620528
6124.665039 0.000000 4209.295410 0.000000 0.967778 0.000000 -0.251805 1.056558 1.056558 1.056558
6132.191895 0.000000 4199.978516 0.000000 0.998898 0.000000 -0.046926 1.018986 1.018986 1.018986
6128.654785 0.000000 4223.540527 0.000000 0.127526 0.000000 -0.991835 1.144093 1.144093 1.144093
6126.314941 0.000000 4252.593750 0.000000 0.208029 0.000000 -0.978123 1.771435 1.771435 1.771435
6127.165039 0.000000 4254.819824 0.000000 0.110696 0.000000 -0.993854 1.364464 1.364464 1.364464
6124.346191 0.000000 4252.758789 0.000000 0.993001 0.000000 -0.118105 1.027190 1.027190 1.027190
6133.561035 0.000000 4234.757812 0.000000 0.997381 0.000000 0.072329 0.992952 0.992952 0.992952
6131.414062 0.000000 4210.858398 0.000000 0.412315 0.000000 -0.911041 1.463409 1.463409 1.463409
6128.303223 0.000000 4219.753906 0.000000 0.496412 0.000000 -0.868087 1.244098 1.244098 1.244098
6127.069336 0.000000 4249.526367 0.000000 0.107262 0.000000 -0.994231 1.365327 1.365327 1.365327
6132.374512 0.000000 4196.056152 0.000000 0.957321 0.000000 -0.289026 1.043189 1.043189 1.043189
6127.139648 0.000000 4217.373047 0.000000 0.805218 0.000000 -0.592979 1.256720 1.256720 1.256720
6136.760742 0.000000 4192.346191 0.000000 0.606730 0.000000 -0.794908 1.350977 1.350977 1.350977
6126.963379 0.000000 4211.474121 0.000000 0.232474 0.000000 -0.972603 1.540404 1.540404 1.540404
6167.175781 0.000000 4197.411133 0.000000 0.714669 0.000000 -0.699463 1.131508 1.131508 1.131508
6122.332520 0.000000 4260.426758 0.000000 0.995105 0.000000 -0.098823 1.015321 1.015321 1.015321
6133.220703 0.000000 4218.535645 0.000000 0.999592 0.000000 0.028552 0.997291 0.997291 0.997291
6161.679688 0.000000 4199.232910 0.000000 0.890162 0.000000 -0.455644 1.059055 1.059055 1.059055
6136.406738 0.000000 4236.729492 0.000000 0.729940 0.000000 -0.683512 1.216063 1.216063 1.216063
6173.493164 0.000000 4226.573730 0.000000 0.970629 0.000000 -0.240583 1.082494 1.082494 1.082494
6167.776855 0.000000 4198.871094 0.000000 0.272699 0.000000 -0.962099 1.148673 1.148673 1.148673
6140.019531 0.000000 4192.434570 0.000000 0.755673 0.000000 -0.654949 1.178282 1.178282 1.178282
6135.583496 0.000000 4243.136230 0.000000 0.059573 0.000000 -0.998224 1.196183 1.196183 1.196183
6131.257812 0.000000 4201.180176 0.000000 0.819030 0.000000 -0.573750 1.138828 1.138828 1.138828
6132.024902 0.000000 4239.680176 0.000000 0.557172 0.000000 -0.830397 1.491680 1.491680 1.491680
6124.466309 0.000000 4262.452637 0.000000 0.963410 0.000000 -0.268032 1.042001 1.042001 1.042001
6123.356934 0.000000 4265.625977 0.000000 0.967761 0.000000 -0.251871 1.144293 1.144293 1.144293
6125.050781 0.000000 4267.755371 0.000000 0.950237 0.000000 -0.311528 1.056154 1.056154 1.056154
6133.485352 0.000000 4201.901855 0.000000 0.507482 0.000000 -0.861662 1.267054 1.267054 1.267054
6133.034180 0.000000 4221.674316 0.000000 0.044335 0.000000 -0.999017 1.240083 1.240083 1.240083
6131.487305 0.000000 4219.415527 0.000000 0.917195 0.000000 -0.398438 1.098220 1.098220 1.098220
6133.453613 0.000000 4206.548828 0.000000 0.958152 0.000000 -0.286260 1.100747 1.100747 1.100747
6124.378906 0.000000 4214.761230 0.000000 0.603903 0.000000 -0.797058 1.131262 1.131262 1.131262
6147.341797 0.000000 4188.654785 0.000000 0.213446 0.000000 -0.976955 1.189535 1.189535 1.189535
6125.832031 0.000000 4208.323242 0.000000 0.967669 0.000000 -0.252224 1.056654 1.056654 1.056654
6128.813477 0.000000 4250.120117 0.000000 0.368216 0.000000 -0.929740 1.759937 1.759937 1.759937
6166.022461 0.000000 4196.636230 0.000000 0.481157 0.000000 -0.876635 1.181449 1.181449 1.181449
6120.538574 0.000000 4262.893555 0.000000 0.760320 0.000000 -0.649549 1.368893 1.368893 1.368893
6129.429688 0.000000 4218.687012 0.000000 0.586910 0.000000 -0.809652 1.219074 1.219074 1.219074
6128.511230 0.000000 4255.269043 0.000000 0.644219 0.000000 -0.764841 1.269574 1.269574 1.269574
6129.112793 0.000000 4220.866699 0.000000 0.829784 0.000000 -0.558084 1.146336 1.146336 1.146336
6145.418945 0.000000 4187.346191 0.000000 0.999514 0.000000 -0.031162 1.012605 1.012605 1.012605
6133.954102 0.000000 4210.540039 0.000000 0.866923 0.000000 -0.498443 1.078162 1.078162 1.078162
6128.655273 0.000000 4212.236328 0.000000 0.998253 0.000000 0.059093 0.987748 0.987748 0.987748
6122.310059 0.000000 4267.889160 0.000000 0.982192 0.000000 -0.187881 1.092484 1.092484 1.092484
6130.532715 0.000000 4239.876953 0.000000 0.290421 0.000000 -0.956899 1.226200 1.226200 1.226200
6124.409668 0.000000 4217.049316 0.000000 0.028061 0.000000 -0.999606 1.304269 1.304269 1.304269
6132.698730 0.000000 4210.985352 0.000000 0.937559 0.000000 -0.347827 1.053214 1.053214 1.053214
6165.753418 0.000000 4195.364746 0.000000 0.469898 0.000000 -0.882721 1.194423 1.194423 1.194423
6122.023926 0.000000 4265.058594 0.000000 0.998847 0.000000 -0.048003 1.027215 1.027215 1.027215
6131.759277 0.000000 4223.499512 0.000000 0.677342 0.000000 -0.735668 1.136209 1.136209 1.136209
6124.420898 0.000000 4211.177734 0.000000 0.271625 0.000000 -0.962403 1.336421 1.336421 1.336421
6125.002930 0.000000 4264.895996 0.000000 0.939539 0.000000 -0.342443 1.081150 1.081150 1.081150
6138.785156 0.000000 4187.556641 0.000000 0.508956 0.000000 -0.860792 1.419334 1.419334 1.419334
6173.613281 0.000000 4229.202148 0.000000 0.121425 0.000000 -0.992601 1.586063 1.586063 1.586063
6119.916016 0.000000 4264.188477 0.000000 0.999347 0.000000 -0.036144 1.013899 1.013899 1.013899
6134.187500 0.000000 4223.628906 0.000000 0.841562 0.000000 -0.540161 1.169528 1.169528 1.169528
6130.514160 0.000000 4200.181641 0.000000 0.103948 0.000000 -0.994583 1.333205 1.333205 1.333205
6132.015625 0.000000 4198.699219 0.000000 0.975847 0.000000 -0.218453 1.089069 1.089069 1.089069
6170.268555 0.000000 4228.281738 0.000000 0.991724 0.000000 -0.128389 1.052069 1.052069 1.052069
6127.051270 0.000000 4208.104980 0.000000 0.923859 0.000000 -0.382733 1.134332 1.134332 1.134332
6136.644043 0.000000 4223.069824 0.000000 0.923103 0.000000 -0.384552 1.106428 1.106428 1.106428
6135.227539 0.000000 4192.509766 0.000000 0.998697 0.000000 -0.051035 1.008285 1.008285 1.008285
6141.721680 0.000000 4188.442383 0.000000 0.973347 0.000000 -0.229336 1.035817 1.035817 1.035817
6121.706543 0.000000 4262.608887 0.000000 0.177166 0.000000 -0.984181 1.726676 1.726676 1.726676
6132.581543 0.000000 4201.103027 0.000000 0.353284 0.000000 -0.935516 1.311072 1.311072 1.311072
6122.905273 0.000000 4263.546875 0.000000 0.642040 0.000000 -0.766671 1.399139 1.399139 1.399139
6171.016602 0.000000 4226.810059 0.000000 0.999561 0.000000 0.029637 0.989936 0.989936 0.989936
6126.624512 0.000000 4253.742188 0.000000 0.104385 0.000000 -0.994537 1.830931 1.830931 1.830931
6136.462891 0.000000 4238.369629 0.000000 0.534552 0.000000 -0.845136 1.429821 1.429821 1.429821
6141.503418 0.000000 4184.199707 0.000000 0.838430 0.000000 -0.545009 1.176998 1.176998 1.176998
6136.347656 0.000000 4240.403320 0.000000 0.222594 0.000000 -0.974911 1.342838 1.342838 1.342838
6134.087402 0.000000 4240.298828 0.000000 0.252847 0.000000 -0.967506 1.584444 1.584444 1.584444
6143.981445 0.000000 4191.627930 0.000000 0.928288 0.000000 -0.371863 1.154098 1.154098 1.154098
6138.817871 0.000000 4186.431641 0.000000 0.772121 0.000000 -0.635475 1.278507 1.278507 1.278507
6119.170410 0.000000 4265.201660 0.000000 0.383164 0.000000 -0.923680 1.452741 1.452741 1.452741
6144.984375 0.000000 4185.460938 0.000000 0.991461 0.000000 -0.130400 1.043422 1.043422 1.043422
6143.563477 0.000000 4190.606445 0.000000 0.158432 0.000000 -0.987370 1.570946 1.570946 1.570946
6139.244141 0.000000 4184.757812 0.000000 0.999507 0.000000 -0.031390 1.012697 1.012697 1.012697
6120.653320 0.000000 4266.474609 0.000000 0.891542 0.000000 -0.452939 1.273431 1.273431 1.273431
6165.857910 0.000000 4197.825195 0.000000 0.693477 0.000000 -0.720479 1.325370 1.325370 1.325370
6162.597168 0.000000 4194.019531 0.000000 0.246833 0.000000 -0.969058 1.277108 1.277108 1.277108
6140.256836 0.000000 4190.190918 0.000000 0.395087 0.000000 -0.918644 1.471026 1.471026 1.471026
6120.984863 0.000000 4264.623535 0.000000 0.031628 0.000000 -0.999500 1.979862 1.979862 1.979862
6125.376953 0.000000 4253.089355 0.000000 0.464349 0.000000 -0.885652 1.249871 1.249871 1.249871
6138.020508 0.000000 4191.227539 0.000000 0.861433 0.000000 -0.507872 1.246039 1.246039 1.246039
6143.787598 0.000000 4185.511719 0.000000 0.314583 0.000000 -0.949230 1.312263 1.312263 1.312263
6146.002441 0.000000 4190.825684 0.000000 0.940167 0.000000 -0.340713 1.140614 1.140614 1.140614
6131.306152 0.000000 4209.774902 0.000000 0.069585 0.000000 -0.997576 1.543417 1.543417 1.543417
6146.586914 0.000000 4192.798828 0.000000 0.517416 0.000000 -0.855734 1.305101 1.305101 1.305101
6160.955078 0.000000 4196.587402 0.000000 0.992830 0.000000 -0.119534 1.031110 1.031110 1.031110
6121.279297 0.000000 4260.515625 0.000000 0.433371 0.000000 -0.901215 1.218598 1.218598 1.218598
6122.996094 0.000000 4264.652832 0.000000 0.880348 0.000000 -0.474328 1.280072 1.280072 1.280072
6133.045898 0.000000 4238.316406 0.000000 0.865055 0.000000 -0.501677 1.263718 1.263718 1.263718
6139.367188 0.000000 4191.598633 0.000000 0.346523 0.000000 -0.938041 1.562055 1.562055 1.562055
6144.489746 0.000000 4187.891113 0.000000 0.781659 0.000000 -0.623707 1.272381 1.272381 1.272381
6140.505859 0.000000 4186.608398 0.000000 0.805625 0.000000 -0.592426 1.189957 1.189957 1.189957
6126.468750 0.000000 4248.639648 0.000000 0.998297 0.000000 0.058340 0.985427 0.985427 0.985427
6127.963379 0.000000 4211.520996 0.000000 0.779300 0.000000 -0.626651 1.273907 1.273907 1.273907
6129.391113 0.000000 4211.521484 0.000000 0.920745 0.000000 -0.390166 1.160103 1.160103 1.160103
6162.655762 0.000000 4196.256836 0.000000 0.118643 0.000000 -0.992937 1.587197 1.587197 1.587197
6126.209473 0.000000 4250.006836 0.000000 0.993019 0.000000 -0.117959 1.064644 1.064644 1.064644
6126.682617 0.000000 4216.514160 0.000000 0.061866 0.000000 -0.998084 1.610257 1.610257 1.610257
6123.807129 0.000000 4263.171387 0.000000 0.735186 0.000000 -0.677865 1.340301 1.340301 1.340301
6140.222168 0.000000 4193.391113 0.000000 0.837071 0.000000 -0.547094 1.144522 1.144522 1.144522
6162.484863 0.000000 4197.845215 0.000000 0.999965 0.000000 -0.008346 1.003376 1.003376 1.003376
6125.791504 0.000000 4209.354004 0.000000 0.100792 0.000000 -0.994907 1.326586 1.326586 1.326586
6142.713379 0.000000 4187.156738 0.000000 0.591375 0.000000 -0.806397 1.285705 1.285705 1.285705
6130.500000 0.000000 4219.062012 0.000000 0.984635 0.000000 -0.174624 1.042068 1.042068 1.042068
6121.237305 0.000000 4265.653809 0.000000 0.838413 0.000000 -0.545036 1.366968 1.366968 1.366968
6131.327637 0.000000 4199.560547 0.000000 0.849240 0.000000 -0.528006 1.198585 1.198585 1.198585
6135.548340 0.000000 4237.143066 0.000000 0.653722 0.000000 -0.756735 1.413560 1.413560 1.413560
6145.608887 0.000000 4192.724121 0.000000 0.870180 0.000000 -0.492734 1.144065 1.144065 1.144065
6140.894043 0.000000 4184.996094 0.000000 0.369434 0.000000 -0.929257 1.366156 1.366156 1.366156
6143.655762 0.000000 4187.000977 0.000000 0.943150 0.000000 -0.332367 1.103195 1.103195 1.103195
6132.890625 0.000000 4240.041992 0.000000 0.992604 0.000000 -0.121395 1.039193 1.039193 1.039193
6142.065918 0.000000 4186.266602 0.000000 0.394706 0.000000 -0.918808 1.354849 1.354849 1.354849
6160.694336 0.000000 4197.538574 0.000000 0.999913 0.000000 0.013206 0.996571 0.996571 0.996571
6131.287109 0.000000 4252.328613 0.000000 0.795242 0.000000 -0.606292 1.234176 1.234176 1.234176
6165.112305 0.000000 4197.070312 0.000000 0.996979 0.000000 0.077673 0.968554 0.968554 0.968554
6133.387695 0.000000 4241.906250 0.000000 0.936287 0.000000 -0.351237 1.115583 1.115583 1.115583
6126.532715 0.000000 4210.556152 0.000000 0.577628 0.000000 -0.816300 1.386231 1.386231 1.386231
6147.858887 0.000000 4190.499023 0.000000 0.370229 0.000000 -0.928940 1.481908 1.481908 1.481908
6136.981934 0.000000 4224.880371 0.000000 0.496089 0.000000 -0.868272 1.385969 1.385969 1.385969
6130.711426 0.000000 4221.821777 0.000000 0.621654 0.000000 -0.783292 1.363974 1.363974 1.363974
6131.983887 0.000000 4211.526367 0.000000 0.234217 0.000000 -0.972184 1.539679 1.539679 1.539679
6137.535156 0.000000 4238.692871 0.000000 0.843455 0.000000 -0.537200 1.242107 1.242107 1.242107
6137.283691 0.000000 4236.837402 0.000000 0.928504 0.000000 -0.371322 1.109223 1.109223 1.109223
6133.962402 0.000000 4241.149902 0.000000 0.923766 0.000000 -0.382956 1.126566 1.126566 1.126566
6132.456543 0.000000 4208.763184 0.000000 0.998341 0.000000 -0.057579 1.017835 1.017835 1.017835
6173.297852 0.000000 4228.375977 0.000000 0.978023 0.000000 -0.208496 1.084948 1.084948 1.084948
6135.643066 0.000000 4240.897949 0.000000 0.161404 0.000000 -0.986888 1.625998 1.625998 1.625998
6130.119141 0.000000 4253.616211 0.000000 0.878109 0.000000 -0.478460 1.179356 1.179356 1.179356
6131.920410 0.000000 4220.169922 0.000000 0.949629 0.000000 -0.313378 1.128915 1.128915 1.128915
6170.334961 0.000000 4226.306641 0.000000 0.148385 0.000000 -0.988930 1.482765 1.482765 1.482765
6141.821289 0.000000 4191.372070 0.000000 0.972348 0.000000 -0.233536 1.095332 1.095332 1.095332
6147.387695 0.000000 4192.042969 0.000000 0.435614 0.000000 -0.900134 1.332762 1.332762 1.332762
6133.848633 0.000000 4236.488281 0.000000 0.999680 0.000000 0.025296 0.991031 0.991031 0.991031
6126.939941 0.000000 4250.479004 0.000000 0.021123 0.000000 -0.999777 1.847274 1.847274 1.847274
6130.028809 0.000000 4199.492676 0.000000 0.084743 0.000000 -0.996403 1.530494 1.530494 1.530494
6122.900879 0.000000 4266.321777 0.000000 0.996646 0.000000 0.081834 0.959912 0.959912 0.959912
6119.050781 0.000000 4264.137695 0.000000 0.134644 0.000000 -0.990894 1.551998 1.551998 1.551998
6133.933105 0.000000 4208.413086 0.000000 0.104077 0.000000 -0.994569 1.453997 1.453997 1.453997
6130.334961 0.000000 4211.538086 0.000000 0.998302 0.000000 0.058258 0.976425 0.976425 0.976425
6131.614258 0.000000 4213.352539 0.000000 0.950516 0.000000 -0.310676 1.104104 1.104104 1.104104
6139.917969 0.000000 4190.957031 0.000000 0.101634 0.000000 -0.994822 1.678468 1.678468 1.678468
6164.303711 0.000000 4197.195801 0.000000 0.030201 0.000000 -0.999544 1.623078 1.623078 1.623078
6170.563965 0.000000 4227.533691 0.000000 0.259140 0.000000 -0.965840 1.444332 1.444332 1.444332
6127.009766 0.000000 4252.050781 0.000000 0.158288 0.000000 -0.987393 1.800113 1.800113 1.800113
6173.603516 0.000000 4227.373047 0.000000 0.635676 0.000000 -0.771956 1.299436 1.299436 1.299436
6195.601074 0.000000 4228.643555 0.000000 0.891760 0.000000 -0.452509 1.097303 1.097303 1.097303
6178.520996 0.000000 4230.589355 0.000000 0.868321 0.000000 -0.496003 1.080332 1.080332 1.080332
6209.715820 0.000000 4251.879883 0.000000 0.948515 0.000000 -0.316732 1.111034 1.111034 1.111034
6190.970215 0.000000 4236.353516 0.000000 0.819547 0.000000 -0.573012 1.071597 1.071597 1.071597
6180.801270 0.000000 4228.685059 0.000000 0.969621 0.000000 -0.244613 1.014190 1.014190 1.014190
6195.748535 0.000000 4246.991211 0.000000 0.538600 0.000000 -0.842561 1.380242 1.380242 1.380242
6201.522461 0.000000 4248.172852 0.000000 0.323921 0.000000 -0.946084 1.275725 1.275725 1.275725
6192.718262 0.000000 4246.721680 0.000000 0.242870 0.000000 -0.970059 1.330911 1.330911 1.330911
6207.397949 0.000000 4245.972168 0.000000 0.990411 0.000000 -0.138154 1.048096 1.048096 1.048096
6208.663574 0.000000 4253.902344 0.000000 0.840897 0.000000 -0.541195 1.231282 1.231282 1.231282
6191.772949 0.000000 4240.048340 0.000000 0.925824 0.000000 -0.377955 1.050317 1.050317 1.050317
6203.349121 0.000000 4246.807129 0.000000 0.561246 0.000000 -0.827649 1.394292 1.394292 1.394292
6202.967773 0.000000 4243.372559 0.000000 0.835725 0.000000 -0.549148 1.031930 1.031930 1.031930
6197.876953 0.000000 4238.299805 0.000000 0.078299 0.000000 -0.996930 1.145310 1.145310 1.145310
6201.693848 0.000000 4237.046387 0.000000 0.960401 0.000000 -0.278620 1.040885 1.040885 1.040885
6197.906738 0.000000 4232.241699 0.000000 0.999260 0.000000 0.038463 0.990011 0.990011 0.990011
6202.955566 0.000000 4249.319336 0.000000 0.999408 0.000000 -0.034414 1.008421 1.008421 1.008421
6211.338379 0.000000 4252.758789 0.000000 0.919212 0.000000 -0.393762 1.045468 1.045468 1.045468
6195.337402 0.000000 4230.422852 0.000000 0.390838 0.000000 -0.920460 1.472894 1.472894 1.472894
6206.535156 0.000000 4244.170898 0.000000 0.993503 0.000000 -0.113809 1.039580 1.039580 1.039580
6208.326660 0.000000 4251.002441 0.000000 0.458474 0.000000 -0.888708 1.377088 1.377088 1.377088
6194.446777 0.000000 4239.623047 0.000000 0.701315 0.000000 -0.712852 1.217927 1.217927 1.217927
6181.834961 0.000000 4230.061523 0.000000 0.161966 0.000000 -0.986796 1.569499 1.569499 1.569499
6205.195801 0.000000 4243.335938 0.000000 0.629717 0.000000 -0.776824 1.350910 1.350910 1.350910
6207.146973 0.000000 4253.533203 0.000000 0.340741 0.000000 -0.940157 1.357260 1.357260 1.357260
6194.905762 0.000000 4233.774902 0.000000 0.992260 0.000000 -0.124178 1.041650 1.041650 1.041650
6194.052734 0.000000 4247.508789 0.000000 0.885931 0.000000 -0.463816 1.183020 1.183020 1.183020
6195.359863 0.000000 4248.455078 0.000000 0.375537 0.000000 -0.926807 1.479594 1.479594 1.479594
6203.516113 0.000000 4244.812988 0.000000 0.174526 0.000000 -0.984653 1.327460 1.327460 1.327460
6192.702637 0.000000 4248.307129 0.000000 0.997577 0.000000 -0.069568 1.018425 1.018425 1.018425
6192.484863 0.000000 4241.366699 0.000000 0.619042 0.000000 -0.785358 1.365321 1.365321 1.365321
6202.941895 0.000000 4238.053711 0.000000 0.964408 0.000000 -0.264418 1.108228 1.108228 1.108228
6201.192871 0.000000 4249.629883 0.000000 0.452601 0.000000 -0.891713 1.244660 1.244660 1.244660
6208.311523 0.000000 4252.479004 0.000000 0.996918 0.000000 -0.078452 1.031762 1.031762 1.031762
6197.195312 0.000000 4247.275879 0.000000 0.851879 0.000000 -0.523739 1.071562 1.071562 1.071562
6190.359375 0.000000 4240.703125 0.000000 0.447937 0.000000 -0.894065 1.143626 1.143626 1.143626
6178.130859 0.000000 4233.910645 0.000000 0.784986 0.000000 -0.619514 1.096744 1.096744 1.096744
6202.013184 0.000000 4246.906250 0.000000 0.063210 0.000000 -0.998000 1.609712 1.609712 1.609712
6186.660645 0.000000 4197.099121 0.000000 0.595505 0.000000 -0.803351 1.377304 1.377304 1.377304
6197.026367 0.000000 4243.342285 0.000000 0.428186 0.000000 -0.903691 1.264787 1.264787 1.264787
6202.938477 0.000000 4248.056152 0.000000 0.532484 0.000000 -0.846440 1.246928 1.246928 1.246928
6206.235840 0.000000 4245.465820 0.000000 0.034520 0.000000 -0.999404 1.533117 1.533117 1.533117
6181.730469 0.000000 4211.008301 0.000000 0.890732 0.000000 -0.454530 1.130756 1.130756 1.130756
6180.448730 0.000000 4232.951660 0.000000 0.999949 0.000000 -0.010124 1.004095 1.004095 1.004095
6202.689453 0.000000 4245.784668 0.000000 0.653663 0.000000 -0.756785 1.201441 1.201441 1.201441
6183.740234 0.000000 4233.084473 0.000000 0.976084 0.000000 -0.217394 1.058540 1.058540 1.058540
6201.213867 0.000000 4240.074707 0.000000 0.995179 0.000000 -0.098077 1.028939 1.028939 1.028939
6202.558594 0.000000 4239.820312 0.000000 0.765289 0.000000 -0.643687 1.282828 1.282828 1.282828
6196.733398 0.000000 4228.921875 0.000000 0.981798 0.000000 -0.189930 1.033872 1.033872 1.033872
6195.066406 0.000000 4249.689453 0.000000 0.504728 0.000000 -0.863278 1.421318 1.421318 1.421318
6204.105469 0.000000 4243.734375 0.000000 0.287316 0.000000 -0.957836 1.504654 1.504654 1.504654
6183.081055 0.000000 4209.604492 0.000000 0.144431 0.000000 -0.989515 1.576675 1.576675 1.576675
6198.071777 0.000000 4240.812012 0.000000 0.229597 0.000000 -0.973286 1.541600 1.541600 1.541600
6193.225586 0.000000 4237.166016 0.000000 0.381349 0.000000 -0.924431 1.368098 1.368098 1.368098
6200.269043 0.000000 4240.603516 0.000000 0.691401 0.000000 -0.722471 1.237845 1.237845 1.237845
6194.994141 0.000000 4232.516113 0.000000 0.948640 0.000000 -0.316357 1.107683 1.107683 1.107683
6182.130859 0.000000 4208.716309 0.000000 0.398601 0.000000 -0.917124 1.469477 1.469477 1.469477
6187.738281 0.000000 4194.903809 0.000000 0.616031 0.000000 -0.787722 1.267226 1.267226 1.267226
6202.475586 0.000000 4244.742676 0.000000 0.272157 0.000000 -0.962253 1.303943 1.303943 1.303943
6205.600586 0.000000 4242.310547 0.000000 0.748871 0.000000 -0.662715 1.285758 1.285758 1.285758
6183.800781 0.000000 4230.729492 0.000000 0.985756 0.000000 -0.168184 1.042610 1.042610 1.042610
6194.777832 0.000000 4246.841797 0.000000 0.961804 0.000000 -0.273739 1.105220 1.105220 1.105220
6204.201172 0.000000 4242.765137 0.000000 0.999193 0.000000 -0.040156 1.015844 1.015844 1.015844
6193.302734 0.000000 4241.859863 0.000000 0.587330 0.000000 -0.809348 1.381404 1.381404 1.381404
6207.380859 0.000000 4252.603516 0.000000 0.924789 0.000000 -0.380480 1.114009 1.114009 1.114009
6188.560547 0.000000 4196.931152 0.000000 0.440215 0.000000 -0.897893 1.317325 1.317325 1.317325
6193.571289 0.000000 4239.173828 0.000000 0.990412 0.000000 -0.138145 1.056051 1.056051 1.056051
6196.045898 0.000000 4231.014160 0.000000 0.971720 0.000000 -0.236138 1.081536 1.081536 1.081536
6194.452148 0.000000 4248.381348 0.000000 0.969951 0.000000 -0.243301 1.099398 1.099398 1.099398
6200.342285 0.000000 4238.611328 0.000000 0.568883 0.000000 -0.822418 1.342332 1.342332 1.342332
6206.158203 0.000000 4243.351074 0.000000 0.078035 0.000000 -0.996951 1.506811 1.506811 1.506811
6198.375488 0.000000 4242.649902 0.000000 0.752247 0.000000 -0.658881 1.229868 1.229868 1.229868
6194.676758 0.000000 4240.556641 0.000000 0.998740 0.000000 0.050193 0.986210 0.986210 0.986210
6202.613770 0.000000 4238.903809 0.000000 0.717685 0.000000 -0.696368 1.311550 1.311550 1.311550
6193.503906 0.000000 4249.981445 0.000000 0.999886 0.000000 -0.015102 1.003997 1.003997 1.003997
6193.226074 0.000000 4240.866699 0.000000 0.910317 0.000000 -0.413912 1.172594 1.172594 1.172594
6182.090332 0.000000 4211.800293 0.000000 0.729120 0.000000 -0.684385 1.304851 1.304851 1.304851
6208.000977 0.000000 4253.314941 0.000000 0.302287 0.000000 -0.953217 1.511094 1.511094 1.511094
6195.127930 0.000000 4247.641113 0.000000 0.739554 0.000000 -0.673097 1.280200 1.280200 1.280200
6206.553711 0.000000 4252.933594 0.000000 0.907315 0.000000 -0.420452 1.126753 1.126753 1.126753
6208.799805 0.000000 4250.221680 0.000000 0.698638 0.000000 -0.715475 1.274690 1.274690 1.274690
6181.157715 0.000000 4233.742676 0.000000 0.612009 0.000000 -0.790851 1.368930 1.368930 1.368930
6192.480957 0.000000 4240.504883 0.000000 0.710558 0.000000 -0.703638 1.315668 1.315668 1.315668
6186.847168 0.000000 4194.406738 0.000000 0.714172 0.000000 -0.699970 1.228414 1.228414 1.228414
6207.095703 0.000000 4245.153320 0.000000 0.195632 0.000000 -0.980677 1.476769 1.476769 1.476769
6193.905273 0.000000 4240.281738 0.000000 0.951590 0.000000 -0.307370 1.126359 1.126359 1.126359
5594.515137 0.000000 4300.901855 0.000000 0.251235 0.000000 -0.967926 1.023013 1.023013 1.023013
5620.710449 0.000000 4373.994629 0.000000 0.244452 0.000000 -0.969661 1.076016 1.076016 1.076016
5599.550293 0.000000 4280.084473 0.000000 0.191192 0.000000 -0.981553 1.030972 1.030972 1.030972
5620.961426 0.000000 4354.623535 0.000000 0.826781 0.000000 -0.562524 1.007458 1.007458 1.007458
5621.093750 0.000000 4331.410645 0.000000 0.440517 0.000000 -0.897744 1.011131 1.011131 1.011131
5632.097656 0.000000 4368.944824 0.000000 0.985747 0.000000 -0.168235 1.003376 1.003376 1.003376
5598.548828 0.000000 4332.573242 0.000000 0.367553 0.000000 -0.930003 1.062621 1.062621 1.062621
5601.796875 0.000000 4291.604004 0.000000 0.930254 0.000000 -0.366917 1.003752 1.003752 1.003752
5618.827148 0.000000 4342.390625 0.000000 0.169488 0.000000 -0.985532 1.013986 1.013986 1.013986
5631.516602 0.000000 4382.412598 0.000000 0.460866 0.000000 -0.887470 1.019081 1.019081 1.019081
5580.119629 0.000000 4309.427246 0.000000 0.807273 0.000000 -0.590178 1.006304 1.006304 1.006304
5616.487305 0.000000 4364.146973 0.000000 0.303840 0.000000 -0.952723 1.053564 1.053564 1.053564
5629.794922 0.000000 4359.191406 0.000000 0.997002 0.000000 -0.077380 1.001160 1.001160 1.001160
5612.242676 0.000000 4349.369141 0.000000 0.202097 0.000000 -0.979366 1.013654 1.013654 1.013654
5608.711914 0.000000 4331.201172 0.000000 0.989699 0.000000 -0.143167 1.006456 1.006456 1.006456
5592.819824 0.000000 4292.291992 0.000000 0.999772 0.000000 -0.021336 1.000692 1.000692 1.000692
5587.546387 0.000000 4305.388672 0.000000 0.437614 0.000000 -0.899163 1.022326 1.022326 1.022326
5602.776855 0.000000 4373.290527 0.000000 0.645961 0.000000 -0.763370 1.013010 1.013010 1.013010
5612.249023 0.000000 4357.351074 0.000000 0.997676 0.000000 0.068142 0.998978 0.998978 0.998978
5608.324707 0.000000 4316.438477 0.000000 0.496077 0.000000 -0.868279 1.010503 1.010503 1.010503
5614.829102 0.000000 4335.854004 0.000000 0.128273 0.000000 -0.991739 1.039605 1.039605 1.039605
5573.889160 0.000000 4296.961426 0.000000 0.830945 0.000000 -0.556354 1.016202 1.016202 1.016202
5615.364746 0.000000 4379.013672 0.000000 0.550930 0.000000 -0.834552 1.041903 1.041903 1.041903
5627.689941 0.000000 4376.101562 0.000000 0.726573 0.000000 -0.687089 1.028366 1.028366 1.028366
5594.723145 0.000000 4318.862305 0.000000 0.533763 0.000000 -0.845634 1.012580 1.012580 1.012580
5576.412109 0.000000 4303.875000 0.000000 0.013690 0.000000 -0.999906 1.034986 1.034986 1.034986
5596.097656 0.000000 4351.947266 0.000000 0.531085 0.000000 -0.847318 1.010095 1.010095 1.010095
5635.465332 0.000000 4363.459473 0.000000 0.233893 0.000000 -0.972262 1.009997 1.009997 1.009997
5615.307617 0.000000 4328.940430 0.000000 0.997973 0.000000 -0.063642 1.001590 1.001590 1.001590
5592.051270 0.000000 4330.937012 0.000000 0.503266 0.000000 -0.864132 1.033864 1.033864 1.033864
5598.500488 0.000000 4296.571777 0.000000 0.300975 0.000000 -0.953632 1.015792 1.015792 1.015792
5593.035156 0.000000 4307.440918 0.000000 0.988807 0.000000 -0.149202 1.001122 1.001122 1.001122
5604.132812 0.000000 4334.858887 0.000000 0.999397 0.000000 -0.034723 1.001994 1.001994 1.001994
5585.726562 0.000000 4281.499512 0.000000 0.227004 0.000000 -0.973894 1.103846 1.103846 1.103846
5571.464355 0.000000 4287.216797 0.000000 0.383178 0.000000 -0.923675 1.038218 1.038218 1.038218
5567.570801 0.000000 4297.776855 0.000000 0.292410 0.000000 -0.956293 1.015904 1.015904 1.015904
5612.803223 0.000000 4384.322754 0.000000 0.160540 0.000000 -0.987029 1.031671 1.031671 1.031671
5616.654297 0.000000 4369.833984 0.000000 0.945943 0.000000 -0.324333 1.017317 1.017317 1.017317
5602.041016 0.000000 4367.625977 0.000000 0.998133 0.000000 0.061081 0.999237 0.999237 0.999237
5586.669922 0.000000 4330.184570 0.000000 0.657785 0.000000 -0.753206 1.012776 1.012776 1.012776
5629.228516 0.000000 4364.446777 0.000000 0.987868 0.000000 -0.155293 1.003893 1.003893 1.003893
5581.777344 0.000000 4291.597168 0.000000 0.925512 0.000000 -0.378718 1.025212 1.025212 1.025212
5626.675781 0.000000 4370.989258 0.000000 0.505804 0.000000 -0.862648 1.038964 1.038964 1.038964
5607.147949 0.000000 4369.325684 0.000000 0.005921 0.000000 -0.999982 1.042975 1.042975 1.042975
5598.269531 0.000000 4347.102539 0.000000 0.428859 0.000000 -0.903372 1.025335 1.025335 1.025335
5607.679199 0.000000 4375.365723 0.000000 0.770512 0.000000 -0.637426 1.018981 1.018981 1.018981
5608.376465 0.000000 4345.474609 0.000000 0.845313 0.000000 -0.534271 1.014072 1.014072 1.014072
5626.770020 0.000000 4381.110840 0.000000 0.616402 0.000000 -0.787431 1.027161 1.027161 1.027161
5625.491699 0.000000 4356.743164 0.000000 0.106265 0.000000 -0.994338 1.021935 1.021935 1.021935
5581.404785 0.000000 4284.412109 0.000000 0.959896 0.000000 -0.280357 1.021283 1.021283 1.021283
5609.753418 0.000000 4335.948242 0.000000 0.653195 0.000000 -0.757190 1.040746 1.040746 1.040746
5578.258301 0.000000 4295.015625 0.000000 0.508418 0.000000 -0.861111 1.049211 1.049211 1.049211
5618.902832 0.000000 4325.820312 0.000000 0.739355 0.000000 -0.673316 1.007377 1.007377 1.007377
5574.876953 0.000000 4279.379395 0.000000 0.135535 0.000000 -0.990773 1.082390 1.082390 1.082390
5572.216797 0.000000 4292.413574 0.000000 0.506289 0.000000 -0.862364 1.033751 1.033751 1.033751
5605.098145 0.000000 4383.920898 0.000000 0.186546 0.000000 -0.982446 1.017266 1.017266 1.017266
5615.704590 0.000000 4374.152344 0.000000 0.960471 0.000000 -0.278380 1.014086 1.014086 1.014086
5605.695312 0.000000 4320.071777 0.000000 0.992689 0.000000 -0.120702 1.003021 1.003021 1.003021
5592.229980 0.000000 4297.091309 0.000000 0.266441 0.000000 -0.963851 1.035731 1.035731 1.035731
5620.994629 0.000000 4369.316895 0.000000 0.442518 0.000000 -0.896760 1.058320 1.058320 1.058320
5577.345215 0.000000 4299.677246 0.000000 0.930367 0.000000 -0.366628 1.012183 1.012183 1.012183
5594.105957 0.000000 4322.995605 0.000000 0.999348 0.000000 -0.036117 1.000812 1.000812 1.000812
5620.582520 0.000000 4364.521484 0.000000 0.191788 0.000000 -0.981436 1.058476 1.058476 1.058476
5596.387695 0.000000 4339.807617 0.000000 0.489148 0.000000 -0.872201 1.044974 1.044974 1.044974
5611.732910 0.000000 4318.837402 0.000000 0.750173 0.000000 -0.661242 1.009018 1.009018 1.009018
5595.107910 0.000000 4279.785156 0.000000 0.994987 0.000000 -0.100004 1.004001 1.004001 1.004001
5612.653320 0.000000 4332.189453 0.000000 0.247122 0.000000 -0.968984 1.046174 1.046174 1.046174
5588.268066 0.000000 4290.814453 0.000000 0.477982 0.000000 -0.878369 1.053548 1.053548 1.053548
5588.350586 0.000000 4284.574707 0.000000 0.853969 0.000000 -0.520324 1.036887 1.036887 1.036887
5598.871094 0.000000 4343.125977 0.000000 0.926087 0.000000 -0.377311 1.013523 1.013523 1.013523
5617.131836 0.000000 4332.415039 0.000000 0.956785 0.000000 -0.290797 1.006630 1.006630 1.006630
5600.503906 0.000000 4324.586426 0.000000 0.126656 0.000000 -0.991947 1.050463 1.050463 1.050463
5594.563965 0.000000 4288.919434 0.000000 0.948916 0.000000 -0.315530 1.009617 1.009617 1.009617
5598.391113 0.000000 4336.458008 0.000000 0.110457 0.000000 -0.993881 1.072905 1.072905 1.072905
5597.664551 0.000000 4321.700684 0.000000 0.788164 0.000000 -0.615465 1.013241 1.013241 1.013241
5590.334961 0.000000 4334.559570 0.000000 0.967122 0.000000 -0.254311 1.007703 1.007703 1.007703
5591.005371 0.000000 4344.742188 0.000000 0.030152 0.000000 -0.999545 1.026924 1.026924 1.026924
5593.074707 0.000000 4327.357910 0.000000 0.625917 0.000000 -0.779890 1.024565 1.024565 1.024565
5628.621094 0.000000 4384.826660 0.000000 0.997572 0.000000 0.069649 0.998782 0.998782 0.998782
5582.757812 0.000000 4295.527832 0.000000 0.999581 0.000000 0.028957 0.998482 0.998482 0.998482
5595.664551 0.000000 4330.019043 0.000000 0.652514 0.000000 -0.757777 1.034348 1.034348 1.034348
5628.528320 0.000000 4367.937012 0.000000 0.699856 0.000000 -0.714284 1.021849 1.021849 1.021849
5595.065430 0.000000 4333.673828 0.000000 0.999564 0.000000 -0.029532 1.001180 1.001180 1.001180
5602.034180 0.000000 4331.814941 0.000000 0.402352 0.000000 -0.915485 1.063531 1.063531 1.063531
5596.970703 0.000000 4282.873047 0.000000 0.167620 0.000000 -0.985852 1.045514 1.045514 1.045514
5594.996094 0.000000 4294.995117 0.000000 0.688200 0.000000 -0.725521 1.020267 1.020267 1.020267
5615.451172 0.000000 4325.514648 0.000000 0.608641 0.000000 -0.793445 1.018304 1.018304 1.018304
5615.494629 0.000000 4340.555176 0.000000 1.000000 0.000000 -0.000479 1.000011 1.000011 1.000011
5603.708984 0.000000 4323.400391 0.000000 0.999998 0.000000 0.002057 0.999938 0.999938 0.999938
5593.879395 0.000000 4285.470215 0.000000 0.993962 0.000000 -0.109727 1.005490 1.005490 1.005490
5589.772461 0.000000 4328.353516 0.000000 0.486860 0.000000 -0.873480 1.021217 1.021217 1.021217
5625.381348 0.000000 4384.143555 0.000000 0.829668 0.000000 -0.558257 1.013308 1.013308 1.013308
5573.149414 0.000000 4284.154297 0.000000 0.999210 0.000000 0.039741 0.998214 0.998214 0.998214
5606.586426 0.000000 4337.230957 0.000000 0.743774 0.000000 -0.668431 1.036554 1.036554 1.036554
5570.109375 0.000000 4299.916992 0.000000 0.927917 0.000000 -0.372787 1.007630 1.007630 1.007630
5579.912598 0.000000 4301.949707 0.000000 0.027060 0.000000 -0.999634 1.046248 1.046248 1.046248
5606.381348 0.000000 4372.382324 0.000000 0.863098 0.000000 -0.505037 1.014539 1.014539 1.014539
5593.250000 0.000000 4340.459473 0.000000 0.174193 0.000000 -0.984711 1.038329 1.038329 1.038329
5590.369141 0.000000 4337.909668 0.000000 0.998962 0.000000 -0.045558 1.001252 1.001252 1.001252
5609.895996 0.000000 4342.781250 0.000000 0.445304 0.000000 -0.895380 1.033233 1.033233 1.033233
5583.442383 0.000000 4279.469238 0.000000 0.999632 0.000000 -0.027134 1.002100 1.002100 1.002100
5623.189453 0.000000 4371.421875 0.000000 0.472134 0.000000 -0.881527 1.053880 1.053880 1.053880
5601.021484 0.000000 4334.735352 0.000000 0.999846 0.000000 0.017571 0.998991 0.998991 0.998991
5570.552734 0.000000 4290.001465 0.000000 0.262314 0.000000 -0.964983 1.035848 1.035848 1.035848
5582.993164 0.000000 4288.848633 0.000000 0.999717 0.000000 -0.023779 1.001840 1.001840 1.001840
5614.596680 0.000000 4381.971680 0.000000 0.917775 0.000000 -0.397100 1.015292 1.015292 1.015292
5610.477051 0.000000 4324.151855 0.000000 0.192800 0.000000 -0.981238 1.037809 1.037809 1.037809
5626.310059 0.000000 4364.331543 0.000000 0.792844 0.000000 -0.609424 1.019633 1.019633 1.019633
5579.292969 0.000000 4297.600586 0.000000 0.744866 0.000000 -0.667214 1.031002 1.031002 1.031002
5614.416504 0.000000 4371.576660 0.000000 0.463304 0.000000 -0.886199 1.057098 1.057098 1.057098
5628.165039 0.000000 4373.286621 0.000000 0.999861 0.000000 0.016649 0.999460 0.999460 0.999460
5624.068848 0.000000 4380.592773 0.000000 0.900879 0.000000 -0.434070 1.014573 1.014573 1.014573
5626.095215 0.000000 4378.338867 0.000000 0.979417 0.000000 -0.201846 1.006596 1.006596 1.006596
5608.998047 0.000000 4372.988281 0.000000 0.086267 0.000000 -0.996272 1.048177 1.048177 1.048177
5601.466797 0.000000 4342.337891 0.000000 0.999992 0.000000 0.003889 0.999864 0.999864 0.999864
5614.385254 0.000000 4376.566895 0.000000 0.942883 0.000000 -0.333124 1.016109 1.016109 1.016109
5590.980957 0.000000 4290.426758 0.000000 0.959782 0.000000 -0.280747 1.012788 1.012788 1.012788
5576.700195 0.000000 4297.125000 0.000000 0.147474 0.000000 -0.989066 1.053281 1.053281 1.053281
5619.562012 0.000000 4381.784668 0.000000 0.534349 0.000000 -0.845264 1.040227 1.040227 1.040227
5609.562988 0.000000 4368.390137 0.000000 0.786880 0.000000 -0.617106 1.021585 1.021585 1.021585
5591.057617 0.000000 4285.071289 0.000000 0.802848 0.000000 -0.596184 1.036677 1.036677 1.036677
5579.637695 0.000000 4282.517090 0.000000 0.999221 0.000000 -0.039458 1.002858 1.002858 1.002858
5570.702637 0.000000 4284.771484 0.000000 0.387583 0.000000 -0.921835 1.040991 1.040991 1.040991
5583.085938 0.000000 4286.324219 0.000000 0.286119 0.000000 -0.958194 1.099111 1.099111 1.099111
5617.337891 0.000000 4380.682129 0.000000 0.410143 0.000000 -0.912021 1.042997 1.042997 1.042997
5621.655762 0.000000 4366.897949 0.000000 0.279737 0.000000 -0.960077 1.061061 1.061061 1.061061
5604.081543 0.000000 4330.126953 0.000000 0.998441 0.000000 -0.055812 1.002928 1.002928 1.002928
5609.363770 0.000000 4338.411621 0.000000 0.141210 0.000000 -0.989980 1.057086 1.057086 1.057086
5592.672852 0.000000 4333.367188 0.000000 0.607891 0.000000 -0.794020 1.032064 1.032064 1.032064
5583.844727 0.000000 4293.365234 0.000000 0.081625 0.000000 -0.996663 1.089221 1.089221 1.089221
5605.570801 0.000000 4339.551270 0.000000 0.267725 0.000000 -0.963495 1.061654 1.061654 1.061654
5598.538574 0.000000 4340.802734 0.000000 0.535141 0.000000 -0.844763 1.040189 1.040189 1.040189
5586.419922 0.000000 4289.644531 0.000000 0.199600 0.000000 -0.979877 1.088917 1.088917 1.088917
5587.709961 0.000000 4282.309570 0.000000 0.980312 0.000000 -0.197453 1.014886 1.014886 1.014886
5622.951660 0.000000 4375.770020 0.000000 0.653581 0.000000 -0.756856 1.042865 1.042865 1.042865
5589.894531 0.000000 4283.080078 0.000000 0.421928 0.000000 -0.906630 1.076522 1.076522 1.076522
5578.934082 0.000000 4284.563965 0.000000 0.560134 0.000000 -0.828402 1.070680 1.070680 1.070680
5616.491211 0.000000 4372.112305 0.000000 0.279294 0.000000 -0.960206 1.073943 1.073943 1.073943
5616.570801 0.000000 4367.688477 0.000000 0.999916 0.000000 -0.012970 1.000615 1.000615 1.000615
5620.791992 0.000000 4371.474121 0.000000 0.728042 0.000000 -0.685533 1.041486 1.041486 1.041486
5586.370605 0.000000 4285.511719 0.000000 0.080746 0.000000 -0.996735 1.107873 1.107873 1.107873
5618.736816 0.000000 4369.358887 0.000000 0.915902 0.000000 -0.401402 1.022686 1.022686 1.022686
5589.300781 0.000000 4286.394531 0.000000 0.999971 0.000000 -0.007575 1.000473 1.000473 1.000473
5605.993164 0.000000 4335.241699 0.000000 0.733850 0.000000 -0.679311 1.042883 1.042883 1.042883
5583.946289 0.000000 4282.520996 0.000000 0.885527 0.000000 -0.464587 1.037394 1.037394 1.037394
5580.901855 0.000000 4286.245605 0.000000 0.505436 0.000000 -0.862864 1.077960 1.077960 1.077960
5583.396973 0.000000 4290.639160 0.000000 0.953713 0.000000 -0.300718 1.021352 1.021352 1.021352
5584.683105 0.000000 4289.265625 0.000000 0.991111 0.000000 -0.133038 1.009661 1.009661 1.009661
5653.335449 0.000000 4419.277344 0.000000 0.134026 0.000000 -0.990978 1.025102 1.025102 1.025102
5621.175781 0.000000 4420.957520 0.000000 0.948375 0.000000 -0.317151 1.002417 1.002417 1.002417
5636.822266 0.000000 4440.043457 0.000000 0.418158 0.000000 -0.908374 1.019912 1.019912 1.019912
5637.614258 0.000000 4424.095215 0.000000 0.965064 0.000000 -0.262014 1.015223 1.015223 1.015223
5614.334473 0.000000 4387.360352 0.000000 0.997901 0.000000 -0.064753 1.001294 1.001294 1.001294
5651.358398 0.000000 4434.979492 0.000000 0.691305 0.000000 -0.722563 1.016128 1.016128 1.016128
5649.771973 0.000000 4408.316895 0.000000 0.849178 0.000000 -0.528107 1.004167 1.004167 1.004167
5628.225586 0.000000 4429.354980 0.000000 0.518244 0.000000 -0.855233 1.033299 1.033299 1.033299
5630.252441 0.000000 4416.420898 0.000000 0.955568 0.000000 -0.294769 1.008964 1.008964 1.008964
5643.442871 0.000000 4415.979492 0.000000 0.292013 0.000000 -0.956414 1.038181 1.038181 1.038181
5629.492188 0.000000 4437.861816 0.000000 0.888375 0.000000 -0.459118 1.009527 1.009527 1.009527
5607.152832 0.000000 4387.354492 0.000000 0.825215 0.000000 -0.564819 1.004495 1.004495 1.004495
5636.871582 0.000000 4416.993164 0.000000 0.856532 0.000000 -0.516094 1.020308 1.020308 1.020308
5630.970215 0.000000 4423.282227 0.000000 0.444743 0.000000 -0.895658 1.044335 1.044335 1.044335
5633.990723 0.000000 4433.334473 0.000000 0.885476 0.000000 -0.464684 1.016891 1.016891 1.016891
5653.026855 0.000000 4425.254883 0.000000 0.598206 0.000000 -0.801342 1.018565 1.018565 1.018565
5643.132324 0.000000 4421.880859 0.000000 0.747390 0.000000 -0.664385 1.034469 1.034469 1.034469
5642.741699 0.000000 4410.142578 0.000000 0.960241 0.000000 -0.279171 1.005651 1.005651 1.005651
5623.953613 0.000000 4433.269531 0.000000 0.662624 0.000000 -0.748952 1.010566 1.010566 1.010566
5645.413574 0.000000 4435.665039 0.000000 0.995468 0.000000 -0.095096 1.002853 1.002853 1.002853
5619.888184 0.000000 4386.360840 0.000000 0.454579 0.000000 -0.890707 1.021948 1.021948 1.021948
5624.738770 0.000000 4425.209961 0.000000 0.449180 0.000000 -0.893441 1.024827 1.024827 1.024827
5648.127441 0.000000 4419.594238 0.000000 0.015817 0.000000 -0.999875 1.042703 1.042703 1.042703
5633.923340 0.000000 4427.626953 0.000000 0.998410 0.000000 -0.056362 1.002534 1.002534 1.002534
5650.706055 0.000000 4429.837891 0.000000 0.377454 0.000000 -0.926028 1.032508 1.032508 1.032508
5641.552734 0.000000 4438.666992 0.000000 0.999980 0.000000 0.006279 0.999843 0.999843 0.999843
5641.873535 0.000000 4427.478516 0.000000 0.994319 0.000000 -0.106442 1.006124 1.006124 1.006124
5638.261719 0.000000 4412.313477 0.000000 0.726067 0.000000 -0.687624 1.020822 1.020822 1.020822
5644.930176 0.000000 4431.057617 0.000000 0.835080 0.000000 -0.550129 1.023269 1.023269 1.023269
5617.819824 0.000000 4390.602539 0.000000 0.291604 0.000000 -0.956539 1.012731 1.012731 1.012731
5627.389648 0.000000 4412.405762 0.000000 0.953515 0.000000 -0.301345 1.003821 1.003821 1.003821
5631.032715 0.000000 4441.990723 0.000000 0.728458 0.000000 -0.685091 1.009421 1.009421 1.009421
5634.517090 0.000000 4420.525879 0.000000 0.074498 0.000000 -0.997221 1.070973 1.070973 1.070973
5639.347656 0.000000 4420.347168 0.000000 0.701840 0.000000 -0.712335 1.041566 1.041566 1.041566
5637.906250 0.000000 4428.848145 0.000000 0.773707 0.000000 -0.633544 1.035972 1.035972 1.035972
5646.935059 0.000000 4411.234863 0.000000 0.331520 0.000000 -0.943448 1.018468 1.018468 1.018468
5633.499512 0.000000 4437.422363 0.000000 0.585268 0.000000 -0.810840 1.023607 1.023607 1.023607
5648.163086 0.000000 4432.991211 0.000000 0.647133 0.000000 -0.762377 1.023809 1.023809 1.023809
5633.738770 0.000000 4414.734375 0.000000 0.999961 0.000000 0.008788 0.999759 0.999759 0.999759
5628.605469 0.000000 4425.836426 0.000000 0.059918 0.000000 -0.998203 1.052806 1.052806 1.052806
5640.118652 0.000000 4415.225586 0.000000 0.791073 0.000000 -0.611722 1.021363 1.021363 1.021363
5641.794434 0.000000 4435.227539 0.000000 0.909334 0.000000 -0.416067 1.014998 1.014998 1.014998
5631.636719 0.000000 4430.153320 0.000000 0.970550 0.000000 -0.240898 1.008503 1.008503 1.008503
5635.182129 0.000000 4411.374512 0.000000 0.934476 0.000000 -0.356027 1.007270 1.007270 1.007270
5622.837402 0.000000 4387.635254 0.000000 0.810181 0.000000 -0.586180 1.012509 1.012509 1.012509
5646.180664 0.000000 4422.779785 0.000000 0.565093 0.000000 -0.825027 1.036334 1.036334 1.036334
5652.036133 0.000000 4422.190430 0.000000 0.805956 0.000000 -0.591975 1.012653 1.012653 1.012653
5633.955078 0.000000 4424.368164 0.000000 0.090408 0.000000 -0.995905 1.070215 1.070215 1.070215
5650.220703 0.000000 4426.621582 0.000000 0.381579 0.000000 -0.924336 1.032386 1.032386 1.032386
5643.866211 0.000000 4425.010254 0.000000 0.683905 0.000000 -0.729571 1.040828 1.040828 1.040828
5640.724609 0.000000 4424.488281 0.000000 0.995002 0.000000 -0.099855 1.005743 1.005743 1.005743
5644.274902 0.000000 4412.841309 0.000000 0.738805 0.000000 -0.673920 1.016616 1.016616 1.016616
5641.340332 0.000000 4418.167480 0.000000 0.910021 0.000000 -0.414562 1.019209 1.019209 1.019209
5627.045410 0.000000 4423.245605 0.000000 0.714640 0.000000 -0.699493 1.021274 1.021274 1.021274
5635.001465 0.000000 4430.476562 0.000000 0.999464 0.000000 0.032744 0.998528 0.998528 0.998528
5631.272461 0.000000 4435.703613 0.000000 0.708021 0.000000 -0.706192 1.021533 1.021533 1.021533
5631.510742 0.000000 4426.145508 0.000000 0.425404 0.000000 -0.905004 1.045193 1.045193 1.045193
5626.201660 0.000000 4427.525879 0.000000 0.724464 0.000000 -0.689312 1.020886 1.020886 1.020886
5642.373047 0.000000 4430.190918 0.000000 0.965964 0.000000 -0.258678 1.011758 1.011758 1.011758
5636.608887 0.000000 4414.342285 0.000000 0.987886 0.000000 -0.155178 1.005057 1.005057 1.005057
5636.297852 0.000000 4426.397949 0.000000 0.997797 0.000000 -0.066345 1.003812 1.003812 1.003812
5635.507812 0.000000 4435.559082 0.000000 0.920894 0.000000 -0.389814 1.013996 1.013996 1.013996
5643.752441 0.000000 4433.397949 0.000000 0.931979 0.000000 -0.362513 1.014818 1.014818 1.014818
5637.049316 0.000000 4421.596680 0.000000 0.979160 0.000000 -0.203091 1.010212 1.010212 1.010212
5636.552246 0.000000 4419.287598 0.000000 0.065240 0.000000 -0.997870 1.067654 1.067654 1.067654
5632.316406 0.000000 4421.298340 0.000000 0.479088 0.000000 -0.877767 1.045462 1.045462 1.045462
5635.729004 0.000000 4423.345215 0.000000 0.197131 0.000000 -0.980377 1.068524 1.068524 1.068524
5727.118652 0.000000 4465.823730 0.000000 0.658842 0.000000 -0.752282 1.002126 1.002126 1.002126
5694.750000 0.000000 4447.370605 0.000000 0.118286 0.000000 -0.992980 1.054384 1.054384 1.054384
5707.953613 0.000000 4461.607910 0.000000 0.147923 0.000000 -0.988999 1.049713 1.049713 1.049713
5719.727051 0.000000 4453.413086 0.000000 0.371344 0.000000 -0.928496 1.026746 1.026746 1.026746
5660.618652 0.000000 4439.223633 0.000000 0.376653 0.000000 -0.926355 1.002957 1.002957 1.002957
5736.059570 0.000000 4475.425293 0.000000 0.418888 0.000000 -0.908038 1.039795 1.039795 1.039795
5705.819336 0.000000 4449.375000 0.000000 1.000000 0.000000 -0.000864 1.000050 1.000050 1.000050
5681.661621 0.000000 4450.571777 0.000000 0.860237 0.000000 -0.509894 1.026716 1.026716 1.026716
5718.508789 0.000000 4489.396973 0.000000 0.143494 0.000000 -0.989651 1.024935 1.024935 1.024935
5737.976074 0.000000 4462.917969 0.000000 0.865022 0.000000 -0.501734 1.014434 1.014434 1.014434
5703.479492 0.000000 4471.131348 0.000000 0.431931 0.000000 -0.901906 1.005613 1.005613 1.005613
5699.234863 0.000000 4456.353516 0.000000 0.997833 0.000000 -0.065790 1.002465 1.002465 1.002465
5655.204590 0.000000 4431.102539 0.000000 0.960487 0.000000 -0.278326 1.003521 1.003521 1.003521
5701.821289 0.000000 4442.838379 0.000000 0.299624 0.000000 -0.954057 1.044266 1.044266 1.044266
5716.484375 0.000000 4437.861816 0.000000 0.949874 0.000000 -0.312633 1.002381 1.002381 1.002381
5674.900879 0.000000 4453.918945 0.000000 0.238543 0.000000 -0.971132 1.076365 1.076365 1.076365
5677.455566 0.000000 4468.761719 0.000000 0.998411 0.000000 -0.056357 1.000985 1.000985 1.000985
5733.642090 0.000000 4468.330078 0.000000 0.253752 0.000000 -0.967269 1.022967 1.022967 1.022967
5721.613281 0.000000 4482.619141 0.000000 0.751918 0.000000 -0.659256 1.012580 1.012580 1.012580
5668.030273 0.000000 4460.403809 0.000000 0.997450 0.000000 -0.071363 1.002140 1.002140 1.002140
5680.317871 0.000000 4443.907227 0.000000 0.091517 0.000000 -0.995803 1.048006 1.048006 1.048006
5734.565430 0.000000 4481.806641 0.000000 0.997585 0.000000 -0.069461 1.002603 1.002603 1.002603
5715.353027 0.000000 4459.506836 0.000000 0.314677 0.000000 -0.949199 1.034346 1.034346 1.034346
5724.709473 0.000000 4489.884277 0.000000 0.901570 0.000000 -0.432634 1.015638 1.015638 1.015638
5738.637207 0.000000 4456.179688 0.000000 0.973049 0.000000 -0.230597 1.005228 1.005228 1.005228
5679.043457 0.000000 4437.921387 0.000000 0.828564 0.000000 -0.559895 1.008902 1.008902 1.008902
5709.376465 0.000000 4467.530273 0.000000 0.698271 0.000000 -0.715834 1.011951 1.011951 1.011951
5739.320312 0.000000 4469.947754 0.000000 0.489770 0.000000 -0.871851 1.037013 1.037013 1.037013
5721.055664 0.000000 4445.506836 0.000000 0.116849 0.000000 -0.993150 1.018146 1.018146 1.018146
5654.955566 0.000000 4425.230957 0.000000 0.387486 0.000000 -0.921875 1.017569 1.017569 1.017569
5731.988281 0.000000 4462.284668 0.000000 0.692015 0.000000 -0.721883 1.008054 1.008054 1.008054
5691.125000 0.000000 4441.843262 0.000000 0.992744 0.000000 -0.120244 1.002106 1.002106 1.002106
5673.662109 0.000000 4437.168945 0.000000 0.998242 0.000000 0.059276 0.999112 0.999112 0.999112
5666.397461 0.000000 4439.799316 0.000000 0.341844 0.000000 -0.939757 1.018304 1.018304 1.018304
5676.762695 0.000000 4447.956055 0.000000 0.997501 0.000000 -0.070656 1.003354 1.003354 1.003354
5704.381348 0.000000 4466.042969 0.000000 0.772932 0.000000 -0.634489 1.012012 1.012012 1.012012
5685.261719 0.000000 4454.086914 0.000000 0.741245 0.000000 -0.671234 1.031231 1.031231 1.031231
5733.358887 0.000000 4457.457031 0.000000 0.188203 0.000000 -0.982130 1.013796 1.013796 1.013796
5695.368652 0.000000 4452.458984 0.000000 0.167792 0.000000 -0.985822 1.059512 1.059512 1.059512
5679.709473 0.000000 4455.264648 0.000000 0.999981 0.000000 0.006089 0.999650 0.999650 0.999650
5672.448730 0.000000 4458.260742 0.000000 0.792855 0.000000 -0.609410 1.027812 1.027812 1.027812
5712.483887 0.000000 4463.727539 0.000000 0.582986 0.000000 -0.812482 1.021309 1.021309 1.021309
5726.113281 0.000000 4480.681641 0.000000 0.896211 0.000000 -0.443628 1.012623 1.012623 1.012623
5738.434570 0.000000 4490.952148 0.000000 0.999908 0.000000 0.013535 0.999358 0.999358 0.999358
5712.265625 0.000000 4440.679199 0.000000 0.966172 0.000000 -0.257899 1.006512 1.006512 1.006512
5680.073242 0.000000 4464.872070 0.000000 0.929030 0.000000 -0.370004 1.010409 1.010409 1.010409
5681.863281 0.000000 4469.974121 0.000000 0.176414 0.000000 -0.984316 1.020873 1.020873 1.020873
5731.900879 0.000000 4478.049316 0.000000 0.974331 0.000000 -0.225120 1.006803 1.006803 1.006803
5718.024902 0.000000 4441.990723 0.000000 0.985650 0.000000 -0.168801 1.002117 1.002117 1.002117
5693.560059 0.000000 4456.347168 0.000000 0.509379 0.000000 -0.860542 1.038809 1.038809 1.038809
5715.576172 0.000000 4454.977539 0.000000 0.006489 0.000000 -0.999979 1.050770 1.050770 1.050770
5663.683594 0.000000 4460.392578 0.000000 0.998241 0.000000 -0.059286 1.000889 1.000889 1.000889
5721.915527 0.000000 4486.703613 0.000000 0.803799 0.000000 -0.594901 1.014316 1.014316 1.014316
5683.379883 0.000000 4446.791992 0.000000 0.741654 0.000000 -0.670783 1.027534 1.027534 1.027534
5711.288574 0.000000 4458.780762 0.000000 0.441652 0.000000 -0.897186 1.038914 1.038914 1.038914
5669.414551 0.000000 4442.593262 0.000000 0.675147 0.000000 -0.737683 1.022783 1.022783 1.022783
5732.240234 0.000000 4473.875488 0.000000 0.241399 0.000000 -0.970426 1.033129 1.033129 1.033129
5699.645508 0.000000 4439.173828 0.000000 0.816749 0.000000 -0.576994 1.013819 1.013819 1.013819
5705.170898 0.000000 4445.348145 0.000000 0.846722 0.000000 -0.532035 1.025210 1.025210 1.025210
5685.863281 0.000000 4450.110352 0.000000 0.575350 0.000000 -0.817907 1.040649 1.040649 1.040649
5666.044922 0.000000 4449.776367 0.000000 0.222488 0.000000 -0.974935 1.043699 1.043699 1.043699
5707.633301 0.000000 4452.943359 0.000000 0.137060 0.000000 -0.990563 1.082301 1.082301 1.082301
5675.666504 0.000000 4465.236816 0.000000 0.368314 0.000000 -0.929702 1.032779 1.032779 1.032779
5698.733887 0.000000 4446.287598 0.000000 0.281195 0.000000 -0.959651 1.051359 1.051359 1.051359
5665.836914 0.000000 4457.154297 0.000000 0.015675 0.000000 -0.999877 1.038824 1.038824 1.038824
5667.112305 0.000000 4464.354004 0.000000 0.624646 0.000000 -0.780908 1.015660 1.015660 1.015660
5677.997559 0.000000 4451.726562 0.000000 0.597196 0.000000 -0.802095 1.053447 1.053447 1.053447
5676.361816 0.000000 4457.529785 0.000000 0.087983 0.000000 -0.996122 1.077734 1.077734 1.077734
5735.661621 0.000000 4471.742188 0.000000 0.338465 0.000000 -0.940979 1.030595 1.030595 1.030595
5736.593750 0.000000 4459.469238 0.000000 0.881023 0.000000 -0.473073 1.011072 1.011072 1.011072
5669.411133 0.000000 4456.559082 0.000000 0.282777 0.000000 -0.959186 1.048088 1.048088 1.048088
5702.486816 0.000000 4447.539551 0.000000 0.027162 0.000000 -0.999631 1.077075 1.077075 1.077075
5734.113770 0.000000 4464.971680 0.000000 0.978210 0.000000 -0.207616 1.005221 1.005221 1.005221
5736.151855 0.000000 4487.224609 0.000000 0.230478 0.000000 -0.973078 1.063478 1.063478 1.063478
5740.384766 0.000000 4466.843262 0.000000 0.601399 0.000000 -0.798949 1.039281 1.039281 1.039281
5741.429688 0.000000 4454.608887 0.000000 0.541046 0.000000 -0.840993 1.022449 1.022449 1.022449
5677.361328 0.000000 4444.894043 0.000000 0.642962 0.000000 -0.765898 1.034849 1.034849 1.034849
5740.188477 0.000000 4459.165527 0.000000 0.882904 0.000000 -0.469553 1.015864 1.015864 1.015864
5696.375488 0.000000 4457.589355 0.000000 0.264325 0.000000 -0.964434 1.048806 1.048806 1.048806
5702.369629 0.000000 4463.700195 0.000000 0.960338 0.000000 -0.278838 1.007760 1.007760 1.007760
5696.888184 0.000000 4449.765625 0.000000 0.917543 0.000000 -0.397637 1.016335 1.016335 1.016335
5692.805176 0.000000 4450.914551 0.000000 0.280476 0.000000 -0.959861 1.054601 1.054601 1.054601
5711.836914 0.000000 4445.613281 0.000000 0.803250 0.000000 -0.595642 1.023894 1.023894 1.023894
5672.084961 0.000000 4455.221680 0.000000 0.720717 0.000000 -0.693229 1.038245 1.038245 1.038245
5713.784180 0.000000 4448.132324 0.000000 0.038850 0.000000 -0.999245 1.061193 1.061193 1.061193
5714.752441 0.000000 4442.377930 0.000000 0.956673 0.000000 -0.291165 1.007376 1.007376 1.007376
5709.456055 0.000000 4441.369629 0.000000 0.684514 0.000000 -0.729000 1.024472 1.024472 1.024472
5734.805176 0.000000 4478.057617 0.000000 0.958854 0.000000 -0.283899 1.010780 1.010780 1.010780
5739.763672 0.000000 4476.969238 0.000000 0.999263 0.000000 -0.038392 1.001534 1.001534 1.001534
5679.569336 0.000000 4462.141602 0.000000 0.948184 0.000000 -0.317721 1.011301 1.011301 1.011301
5692.696777 0.000000 4458.970703 0.000000 0.868127 0.000000 -0.496343 1.018153 1.018153 1.018153
5732.080566 0.000000 4482.961914 0.000000 0.455632 0.000000 -0.890168 1.043848 1.043848 1.043848
5688.458984 0.000000 4449.322266 0.000000 0.600926 0.000000 -0.799305 1.036994 1.036994 1.036994
5696.331543 0.000000 4454.944336 0.000000 0.285672 0.000000 -0.958328 1.054371 1.054371 1.054371
5702.873047 0.000000 4450.083984 0.000000 0.997424 0.000000 0.071732 0.995878 0.995878 0.995878
5708.394531 0.000000 4450.489746 0.000000 0.990785 0.000000 -0.135441 1.007123 1.007123 1.007123
5708.481445 0.000000 4455.463867 0.000000 0.938980 0.000000 -0.343972 1.017533 1.017533 1.017533
5727.228027 0.000000 4482.964844 0.000000 0.816801 0.000000 -0.576920 1.019958 1.019958 1.019958
5731.945312 0.000000 4491.751465 0.000000 0.316106 0.000000 -0.948724 1.068610 1.068610 1.068610
5713.757324 0.000000 4453.168457 0.000000 0.844664 0.000000 -0.535297 1.022563 1.022563 1.022563
5683.976562 0.000000 4451.800781 0.000000 0.844831 0.000000 -0.535034 1.025370 1.025370 1.025370
5685.444824 0.000000 4459.940918 0.000000 0.113404 0.000000 -0.993549 1.050930 1.050930 1.050930
5732.290527 0.000000 4480.464844 0.000000 0.527508 0.000000 -0.849550 1.035480 1.035480 1.035480
5728.982422 0.000000 4493.248047 0.000000 0.018490 0.000000 -0.999829 1.073633 1.073633 1.073633
5740.502441 0.000000 4492.102539 0.000000 0.560611 0.000000 -0.828079 1.041409 1.041409 1.041409
5738.260742 0.000000 4488.464844 0.000000 0.514884 0.000000 -0.857260 1.048854 1.048854 1.048854
5700.209961 0.000000 4447.841309 0.000000 0.259876 0.000000 -0.965642 1.058774 1.058774 1.058774
5704.631836 0.000000 4447.409668 0.000000 0.322612 0.000000 -0.946531 1.062030 1.062030 1.062030
5709.929199 0.000000 4453.000000 0.000000 0.550681 0.000000 -0.834716 1.051778 1.051778 1.051778
5673.379395 0.000000 4452.190918 0.000000 0.996840 0.000000 0.079439 0.995831 0.995831 0.995831
5732.892578 0.000000 4487.821289 0.000000 0.651989 0.000000 -0.758228 1.045119 1.045119 1.045119
5679.750488 0.000000 4452.957520 0.000000 0.195586 0.000000 -0.980687 1.078893 1.078893 1.078893
5675.923828 0.000000 4452.268555 0.000000 0.588546 0.000000 -0.808463 1.054064 1.054064 1.054064
5805.476074 0.000000 4281.293945 0.000000 0.770958 0.000000 -0.636885 1.008619 1.008619 1.008619
5821.797363 0.000000 4288.053223 0.000000 0.883892 0.000000 -0.467690 1.008505 1.008505 1.008505
5816.342285 0.000000 4286.711426 0.000000 0.335574 0.000000 -0.942014 1.027605 1.027605 1.027605
5812.761230 0.000000 4287.062500 0.000000 0.976547 0.000000 -0.215303 1.003792 1.003792 1.003792
5808.728027 0.000000 4281.828613 0.000000 0.089533 0.000000 -0.995984 1.033280 1.033280 1.033280
5825.596680 0.000000 4282.472656 0.000000 0.808811 0.000000 -0.588069 1.020404 1.020404 1.020404
5855.491699 0.000000 4300.901855 0.000000 0.491653 0.000000 -0.870791 1.021107 1.021107 1.021107
5831.886719 0.000000 4281.715332 0.000000 0.522150 0.000000 -0.852854 1.025500 1.025500 1.025500
5846.546875 0.000000 4287.481934 0.000000 0.400124 0.000000 -0.916461 1.005788 1.005788 1.005788
5851.332520 0.000000 4313.398926 0.000000 0.188345 0.000000 -0.982103 1.041382 1.041382 1.041382
5842.540039 0.000000 4299.206055 0.000000 0.999486 0.000000 0.032050 0.998640 0.998640 0.998640
5837.679688 0.000000 4289.851562 0.000000 0.997698 0.000000 0.067817 0.999322 0.999322 0.999322
5848.522949 0.000000 4305.388672 0.000000 0.280658 0.000000 -0.959808 1.054593 1.054593 1.054593
5837.388672 0.000000 4303.875000 0.000000 0.921277 0.000000 -0.388908 1.018947 1.018947 1.018947
5828.939941 0.000000 4318.246582 0.000000 0.869053 0.000000 -0.494719 1.003876 1.003876 1.003876
5854.011719 0.000000 4307.440918 0.000000 0.172336 0.000000 -0.985038 1.034892 1.034892 1.034892
5837.550781 0.000000 4283.884766 0.000000 0.172821 0.000000 -0.984953 1.010464 1.010464 1.010464
5832.440918 0.000000 4287.216797 0.000000 0.366117 0.000000 -0.930569 1.014929 1.014929 1.014929
5828.547363 0.000000 4297.776855 0.000000 0.197867 0.000000 -0.980229 1.023970 1.023970 1.023970
5835.498047 0.000000 4309.085449 0.000000 0.992933 0.000000 -0.118678 1.004752 1.004752 1.004752
5839.765137 0.000000 4314.547363 0.000000 0.794027 0.000000 -0.607882 1.022837 1.022837 1.022837
5842.753906 0.000000 4291.597168 0.000000 0.425307 0.000000 -0.905049 1.019774 1.019774 1.019774
5856.592285 0.000000 4313.303223 0.000000 0.228598 0.000000 -0.973521 1.020075 1.020075 1.020075
5833.193359 0.000000 4292.413574 0.000000 0.728637 0.000000 -0.684900 1.013185 1.013185 1.013185
5853.206543 0.000000 4297.091309 0.000000 0.569656 0.000000 -0.821883 1.019268 1.019268 1.019268
5838.321777 0.000000 4299.677246 0.000000 0.981552 0.000000 -0.191193 1.007684 1.007684 1.007684
5828.925293 0.000000 4284.789062 0.000000 0.987651 0.000000 -0.156673 1.003535 1.003535 1.003535
5857.666992 0.000000 4305.276855 0.000000 0.862154 0.000000 -0.506646 1.009285 1.009285 1.009285
5850.052246 0.000000 4309.356445 0.000000 0.085996 0.000000 -0.996296 1.051893 1.051893 1.051893
5851.916992 0.000000 4303.091797 0.000000 0.912600 0.000000 -0.408854 1.014722 1.014722 1.014722
5849.244629 0.000000 4290.814453 0.000000 0.999980 0.000000 -0.006324 1.000095 1.000095 1.000095
5841.641113 0.000000 4318.394043 0.000000 0.991047 0.000000 -0.133514 1.003343 1.003343 1.003343
5843.734375 0.000000 4295.527832 0.000000 0.991975 0.000000 -0.126431 1.003798 1.003798 1.003798
5850.818359 0.000000 4294.256836 0.000000 0.694199 0.000000 -0.719783 1.016048 1.016048 1.016048
5853.901367 0.000000 4311.007812 0.000000 0.661586 0.000000 -0.749869 1.023284 1.023284 1.023284
5836.843262 0.000000 4312.341309 0.000000 0.909210 0.000000 -0.416338 1.016081 1.016081 1.016081
5846.441406 0.000000 4297.851562 0.000000 0.689775 0.000000 -0.724024 1.026276 1.026276 1.026276
5836.402344 0.000000 4293.375977 0.000000 0.224001 0.000000 -0.974589 1.030218 1.030218 1.030218
5828.658203 0.000000 4311.126953 0.000000 0.549185 0.000000 -0.835701 1.022231 1.022231 1.022231
5845.619629 0.000000 4305.960938 0.000000 0.990516 0.000000 -0.137399 1.007226 1.007226 1.007226
5837.852539 0.000000 4316.648438 0.000000 0.087921 0.000000 -0.996127 1.040720 1.040720 1.040720
5834.145020 0.000000 4311.512695 0.000000 0.999808 0.000000 -0.019611 1.000734 1.000734 1.000734
5835.951172 0.000000 4306.041016 0.000000 0.966875 0.000000 -0.255250 1.010954 1.010954 1.010954
5834.786133 0.000000 4303.540039 0.000000 0.645552 0.000000 -0.763716 1.034714 1.034714 1.034714
5843.338867 0.000000 4301.612305 0.000000 0.923367 0.000000 -0.383918 1.018691 1.018691 1.018691
5844.265137 0.000000 4311.147949 0.000000 0.822317 0.000000 -0.569030 1.028713 1.028713 1.028713
5842.424805 0.000000 4314.744629 0.000000 0.798967 0.000000 -0.601375 1.024162 1.024162 1.024162
5847.497070 0.000000 4310.036133 0.000000 0.378340 0.000000 -0.925667 1.053152 1.053152 1.053152
5769.985840 0.000000 4485.087402 0.000000 0.282291 0.000000 -0.959329 1.006414 1.006414 1.006414
5781.742188 0.000000 4447.370605 0.000000 0.964405 0.000000 -0.264431 1.007349 1.007349 1.007349
5763.684570 0.000000 4461.420898 0.000000 0.967500 0.000000 -0.252870 1.003829 1.003829 1.003829
5779.973145 0.000000 4470.555176 0.000000 0.750024 0.000000 -0.661411 1.016238 1.016238 1.016238
5806.082031 0.000000 4475.929199 0.000000 0.992060 0.000000 -0.125767 1.005037 1.005037 1.005037
5776.898926 0.000000 4458.652832 0.000000 0.005122 0.000000 -0.999987 1.058632 1.058632 1.058632
5768.653809 0.000000 4450.571777 0.000000 0.939345 0.000000 -0.342974 1.003496 1.003496 1.003496
5803.779297 0.000000 4466.175781 0.000000 0.886553 0.000000 -0.462627 1.010807 1.010807 1.010807
5786.227051 0.000000 4456.353516 0.000000 0.983247 0.000000 -0.182280 1.010525 1.010525 1.010525
5764.387695 0.000000 4493.259277 0.000000 0.093049 0.000000 -0.995661 1.040578 1.040578 1.040578
5785.498535 0.000000 4478.770996 0.000000 0.995734 0.000000 -0.092275 1.002999 1.002999 1.002999
5742.013672 0.000000 4470.037109 0.000000 0.564039 0.000000 -0.825748 1.043658 1.043658 1.043658
5756.559082 0.000000 4467.285645 0.000000 0.916073 0.000000 -0.401011 1.014422 1.014422 1.014422
5776.761230 0.000000 4480.274902 0.000000 0.325473 0.000000 -0.945551 1.021658 1.021658 1.021658
5814.801758 0.000000 4476.171387 0.000000 0.022565 0.000000 -0.999745 1.038652 1.038652 1.038652
5788.813477 0.000000 4442.838379 0.000000 0.919434 0.000000 -0.393244 1.007063 1.007063 1.007063
5741.970703 0.000000 4459.524414 0.000000 0.618506 0.000000 -0.785780 1.029338 1.029338 1.029338
5761.893066 0.000000 4453.918945 0.000000 0.791189 0.000000 -0.611572 1.003286 1.003286 1.003286
5764.447754 0.000000 4468.761719 0.000000 0.433563 0.000000 -0.901123 1.014010 1.014010 1.014010
5748.850586 0.000000 4489.347168 0.000000 0.821305 0.000000 -0.570490 1.010610 1.010610 1.010610
5801.674316 0.000000 4483.085938 0.000000 0.930622 0.000000 -0.365982 1.030869 1.030869 1.030869
5753.157227 0.000000 4473.402832 0.000000 0.999728 0.000000 -0.023313 1.000931 1.000931 1.000931
5755.022461 0.000000 4460.403809 0.000000 0.348942 0.000000 -0.937144 1.042444 1.042444 1.042444
5820.792480 0.000000 4489.714355 0.000000 0.800264 0.000000 -0.599648 1.012843 1.012843 1.012843
5821.557617 0.000000 4481.806641 0.000000 0.636155 0.000000 -0.771561 1.011001 1.011001 1.011001
5770.082031 0.000000 4458.931641 0.000000 0.907727 0.000000 -0.419561 1.007566 1.007566 1.007566
5802.345215 0.000000 4459.506836 0.000000 0.989126 0.000000 -0.147069 1.001842 1.001842 1.001842
5777.145508 0.000000 4452.342285 0.000000 0.939042 0.000000 -0.343803 1.011391 1.011391 1.011391
5811.701660 0.000000 4489.884277 0.000000 0.992112 0.000000 -0.125354 1.008472 1.008472 1.008472
5749.026855 0.000000 4449.912109 0.000000 0.842755 0.000000 -0.538297 1.005676 1.005676 1.005676
5796.121582 0.000000 4444.242676 0.000000 0.691457 0.000000 -0.722418 1.010077 1.010077 1.010077
5784.984375 0.000000 4473.125488 0.000000 0.782035 0.000000 -0.623234 1.025198 1.025198 1.025198
5786.787598 0.000000 4491.307129 0.000000 0.055345 0.000000 -0.998467 1.102150 1.102150 1.102150
5790.638672 0.000000 4476.818359 0.000000 0.935053 0.000000 -0.354509 1.015380 1.015380 1.015380
5776.732910 0.000000 4485.739258 0.000000 0.653444 0.000000 -0.756975 1.017150 1.017150 1.017150
5776.025391 0.000000 4474.610352 0.000000 0.772460 0.000000 -0.635063 1.006871 1.006871 1.006871
5803.212891 0.000000 4471.431152 0.000000 0.999048 0.000000 0.043634 0.998692 0.998692 0.998692
5743.031250 0.000000 4464.943848 0.000000 0.993940 0.000000 -0.109927 1.005225 1.005225 1.005225
5764.158203 0.000000 4487.893555 0.000000 0.975960 0.000000 -0.217949 1.002194 1.002194 1.002194
5789.815430 0.000000 4460.638672 0.000000 0.357022 0.000000 -0.934096 1.060203 1.060203 1.060203
5801.959473 0.000000 4450.852051 0.000000 0.997604 0.000000 -0.069187 1.000864 1.000864 1.000864
5781.132324 0.000000 4476.310059 0.000000 0.838935 0.000000 -0.544231 1.014367 1.014367 1.014367
5742.826172 0.000000 4474.670898 0.000000 0.847643 0.000000 -0.530566 1.023736 1.023736 1.023736
5813.105469 0.000000 4480.681641 0.000000 0.288867 0.000000 -0.957369 1.057420 1.057420 1.057420
5825.426758 0.000000 4490.952148 0.000000 0.886121 0.000000 -0.463453 1.004812 1.004812 1.004812
5758.978516 0.000000 4479.465332 0.000000 0.915219 0.000000 -0.402957 1.006213 1.006213 1.006213
5751.568848 0.000000 4467.166016 0.000000 0.749503 0.000000 -0.662001 1.039737 1.039737 1.039737
5759.972168 0.000000 4470.261719 0.000000 0.999926 0.000000 0.012200 0.999665 0.999665 0.999665
5818.893066 0.000000 4478.049316 0.000000 0.999500 0.000000 0.031609 0.999605 0.999605 0.999605
5789.688965 0.000000 4481.136719 0.000000 0.622911 0.000000 -0.782292 1.044855 1.044855 1.044855
5791.243164 0.000000 4490.154297 0.000000 0.448029 0.000000 -0.894019 1.091138 1.091138 1.091138
5751.408203 0.000000 4477.504883 0.000000 0.999480 0.000000 -0.032252 1.001047 1.001047 1.001047
5804.964355 0.000000 4480.113770 0.000000 0.974229 0.000000 -0.225561 1.016472 1.016472 1.016472
5816.538574 0.000000 4490.764160 0.000000 0.870370 0.000000 -0.492398 1.016709 1.016709 1.016709
5785.327148 0.000000 4484.584473 0.000000 0.439584 0.000000 -0.898202 1.055706 1.055706 1.055706
5780.552246 0.000000 4456.347168 0.000000 0.996354 0.000000 -0.085310 1.004265 1.004265 1.004265
5750.675781 0.000000 4460.392578 0.000000 0.612453 0.000000 -0.790507 1.038691 1.038691 1.038691
5744.115234 0.000000 4455.872070 0.000000 0.500027 0.000000 -0.866010 1.028757 1.028757 1.028757
5820.145508 0.000000 4485.633301 0.000000 0.401873 0.000000 -0.915696 1.020224 1.020224 1.020224
5798.280762 0.000000 4458.780762 0.000000 0.410731 0.000000 -0.911756 1.025784 1.025784 1.025784
5800.290039 0.000000 4468.331055 0.000000 0.176060 0.000000 -0.984379 1.045236 1.045236 1.045236
5793.377930 0.000000 4486.074219 0.000000 0.963733 0.000000 -0.266868 1.023605 1.023605 1.023605
5792.163086 0.000000 4445.348145 0.000000 0.591555 0.000000 -0.806264 1.016389 1.016389 1.016389
5762.658691 0.000000 4465.236816 0.000000 0.914647 0.000000 -0.404253 1.007273 1.007273 1.007273
5789.005371 0.000000 4453.390625 0.000000 0.579071 0.000000 -0.815277 1.042835 1.042835 1.042835
5746.088379 0.000000 4486.561523 0.000000 0.013183 0.000000 -0.999913 1.038887 1.038887 1.038887
5785.726074 0.000000 4446.287598 0.000000 0.942819 0.000000 -0.333305 1.010180 1.010180 1.010180
5777.978516 0.000000 4448.329590 0.000000 0.149387 0.000000 -0.988779 1.035472 1.035472 1.035472
5749.046387 0.000000 4473.940918 0.000000 0.975770 0.000000 -0.218799 1.009912 1.009912 1.009912
5787.855957 0.000000 4468.023438 0.000000 0.614292 0.000000 -0.789079 1.040862 1.040862 1.040862
5745.642090 0.000000 4491.537109 0.000000 0.999883 0.000000 -0.015269 1.000457 1.000457 1.000457
5811.976562 0.000000 4484.230469 0.000000 0.999650 0.000000 -0.026460 1.001718 1.001718 1.001718
5746.613770 0.000000 4452.791504 0.000000 0.351985 0.000000 -0.936006 1.024189 1.024189 1.024189
5798.482422 0.000000 4481.198242 0.000000 0.982770 0.000000 -0.184830 1.014851 1.014851 1.014851
5746.212402 0.000000 4466.936035 0.000000 0.787097 0.000000 -0.616829 1.039827 1.039827 1.039827
5785.986816 0.000000 4460.725586 0.000000 0.438743 0.000000 -0.898613 1.061328 1.061328 1.061328
5802.512695 0.000000 4474.921387 0.000000 0.861392 0.000000 -0.507942 1.025273 1.025273 1.025273
5788.383301 0.000000 4474.083008 0.000000 0.839438 0.000000 -0.543456 1.024385 1.024385 1.024385
5794.888184 0.000000 4457.986328 0.000000 0.290605 0.000000 -0.956843 1.044596 1.044596 1.044596
5785.497559 0.000000 4488.117188 0.000000 0.998765 0.000000 0.049689 0.997146 0.997146 0.997146
5777.419434 0.000000 4468.216309 0.000000 0.998185 0.000000 0.060219 0.998797 0.998797 0.998797
5806.869141 0.000000 4472.661621 0.000000 0.323223 0.000000 -0.946323 1.040298 1.040298 1.040298
5748.987305 0.000000 4479.965332 0.000000 0.290904 0.000000 -0.956752 1.041401 1.041401 1.041401
5778.740234 0.000000 4461.643555 0.000000 0.146861 0.000000 -0.989157 1.060411 1.060411 1.060411
5814.496582 0.000000 4488.263672 0.000000 0.777971 0.000000 -0.628300 1.030529 1.030529 1.030529
5792.572754 0.000000 4473.959473 0.000000 0.323083 0.000000 -0.946371 1.058905 1.058905 1.058905
5792.312500 0.000000 4483.044922 0.000000 0.998773 0.000000 0.049519 0.996413 0.996413 0.996413
5780.365723 0.000000 4479.366699 0.000000 0.975173 0.000000 -0.221444 1.005017 1.005017 1.005017
5817.676758 0.000000 4487.661133 0.000000 0.917454 0.000000 -0.397842 1.013279 1.013279 1.013279
5759.575195 0.000000 4466.355469 0.000000 0.444083 0.000000 -0.895986 1.033273 1.033273 1.033273
5789.245605 0.000000 4457.521484 0.000000 0.344244 0.000000 -0.938880 1.063928 1.063928 1.063928
5793.109375 0.000000 4468.662109 0.000000 0.967907 0.000000 -0.251307 1.011416 1.011416 1.011416
5783.367676 0.000000 4457.589355 0.000000 0.298851 0.000000 -0.954300 1.069606 1.069606 1.069606
5780.562500 0.000000 4467.486816 0.000000 0.517844 0.000000 -0.855475 1.033314 1.033314 1.033314
5787.162598 0.000000 4471.126953 0.000000 0.152614 0.000000 -0.988286 1.060164 1.060164 1.060164
5782.013184 0.000000 4472.705566 0.000000 0.655812 0.000000 -0.754924 1.027767 1.027767 1.027767
5776.920410 0.000000 4488.892090 0.000000 0.829181 0.000000 -0.558980 1.019251 1.019251 1.019251
5812.107910 0.000000 4477.263672 0.000000 0.799386 0.000000 -0.600818 1.020918 1.020918 1.020918
5786.070312 0.000000 4475.920898 0.000000 0.633668 0.000000 -0.773605 1.035332 1.035332 1.035332
5792.713867 0.000000 4478.830566 0.000000 0.928311 0.000000 -0.371804 1.021874 1.021874 1.021874
5751.253906 0.000000 4463.686035 0.000000 0.999880 0.000000 -0.015473 1.000734 1.000734 1.000734
5792.333496 0.000000 4459.338379 0.000000 0.990627 0.000000 -0.136598 1.005473 1.005473 1.005473
5788.581055 0.000000 4488.956055 0.000000 0.147556 0.000000 -0.989054 1.110107 1.110107 1.110107
5800.294434 0.000000 4471.315918 0.000000 0.805199 0.000000 -0.593004 1.020602 1.020602 1.020602
5791.649414 0.000000 4452.141602 0.000000 0.046205 0.000000 -0.998932 1.064705 1.064705 1.064705
5788.400879 0.000000 4478.561035 0.000000 0.047175 0.000000 -0.998887 1.064664 1.064664 1.064664
5746.312012 0.000000 4480.482910 0.000000 0.133020 0.000000 -0.991113 1.046650 1.046650 1.046650
5757.757324 0.000000 4460.690430 0.000000 0.999488 0.000000 0.031981 0.999042 0.999042 0.999042
5802.149414 0.000000 4480.270996 0.000000 0.620333 0.000000 -0.784339 1.067529 1.067529 1.067529
5800.079590 0.000000 4485.323242 0.000000 0.991725 0.000000 -0.128382 1.011249 1.011249 1.011249
5779.503418 0.000000 4453.759766 0.000000 0.842009 0.000000 -0.539463 1.021338 1.021338 1.021338
5776.762695 0.000000 4492.561035 0.000000 0.990717 0.000000 -0.135939 1.005447 1.005447 1.005447
5745.668457 0.000000 4474.609375 0.000000 0.519340 0.000000 -0.854568 1.040932 1.040932 1.040932
5744.581543 0.000000 4469.060059 0.000000 0.379816 0.000000 -0.925062 1.061927 1.061927 1.061927
5793.546387 0.000000 4488.769043 0.000000 0.140079 0.000000 -0.990140 1.121404 1.121404 1.121404
5789.865234 0.000000 4450.083984 0.000000 0.977443 0.000000 -0.211199 1.008500 1.008500 1.008500
5741.492188 0.000000 4467.268555 0.000000 0.271539 0.000000 -0.962427 1.054996 1.054996 1.054996
5790.332520 0.000000 4468.374023 0.000000 0.863246 0.000000 -0.504784 1.023778 1.023778 1.023778
5791.322266 0.000000 4487.666504 0.000000 0.195504 0.000000 -0.980703 1.109770 1.109770 1.109770
5804.574707 0.000000 4473.574219 0.000000 0.994674 0.000000 -0.103071 1.003867 1.003867 1.003867
5757.577637 0.000000 4469.584961 0.000000 0.959967 0.000000 -0.280113 1.009923 1.009923 1.009923
5808.811523 0.000000 4476.193848 0.000000 0.943180 0.000000 -0.332282 1.014376 1.014376 1.014376
5815.974609 0.000000 4493.248047 0.000000 0.748767 0.000000 -0.662834 1.030753 1.030753 1.030753
5751.282715 0.000000 4475.030273 0.000000 0.983271 0.000000 -0.182147 1.006859 1.006859 1.006859
5807.270020 0.000000 4480.688965 0.000000 0.999970 0.000000 0.007708 0.999500 0.999500 0.999500
5780.978027 0.000000 4462.660645 0.000000 0.964591 0.000000 -0.263750 1.011328 1.011328 1.011328
5784.018066 0.000000 4482.063477 0.000000 0.384970 0.000000 -0.922929 1.049895 1.049895 1.049895
5753.870117 0.000000 4467.541992 0.000000 0.966439 0.000000 -0.256895 1.012324 1.012324 1.012324
5796.944336 0.000000 4492.061523 0.000000 0.799742 0.000000 -0.600344 1.056266 1.056266 1.056266
5749.953613 0.000000 4465.553223 0.000000 0.389217 0.000000 -0.921146 1.064317 1.064317 1.064317
5802.717773 0.000000 4485.140137 0.000000 0.925881 0.000000 -0.377815 1.032887 1.032887 1.032887
5787.063477 0.000000 4486.323242 0.000000 0.833619 0.000000 -0.552340 1.037983 1.037983 1.037983
5795.489258 0.000000 4469.507812 0.000000 0.639096 0.000000 -0.769127 1.039432 1.039432 1.039432
5799.394043 0.000000 4483.170898 0.000000 0.542522 0.000000 -0.840042 1.084659 1.084659 1.084659
5784.090332 0.000000 4459.662598 0.000000 0.894197 0.000000 -0.447673 1.026652 1.026652 1.026652
5784.171387 0.000000 4486.422363 0.000000 0.993477 0.000000 -0.114033 1.005991 1.005991 1.005991
5792.721191 0.000000 4476.343262 0.000000 0.772616 0.000000 -0.634874 1.034345 1.034345 1.034345
5813.596191 0.000000 4485.420410 0.000000 0.638830 0.000000 -0.769348 1.046022 1.046022 1.046022
5749.392090 0.000000 4471.957520 0.000000 0.257056 0.000000 -0.966396 1.068723 1.068723 1.068723
5783.081543 0.000000 4492.840820 0.000000 0.998179 0.000000 -0.060323 1.003165 1.003165 1.003165
5799.039551 0.000000 4479.238281 0.000000 0.723116 0.000000 -0.690726 1.055204 1.055204 1.055204
5747.982910 0.000000 4465.890625 0.000000 0.998185 0.000000 0.060228 0.996540 0.996540 0.996540
5810.460449 0.000000 4488.091309 0.000000 0.233759 0.000000 -0.972295 1.089978 1.089978 1.089978
5790.335938 0.000000 4483.175293 0.000000 0.422137 0.000000 -0.906532 1.076506 1.076506 1.076506
5786.545410 0.000000 4493.294922 0.000000 0.979958 0.000000 -0.199202 1.013017 1.013017 1.013017
5801.033203 0.000000 4490.439941 0.000000 0.765027 0.000000 -0.643998 1.059393 1.059393 1.059393
5795.029297 0.000000 4485.509277 0.000000 0.154186 0.000000 -0.988042 1.120193 1.120193 1.120193
5786.879395 0.000000 4489.501465 0.000000 0.105673 0.000000 -0.994401 1.098746 1.098746 1.098746
5801.554199 0.000000 4486.542969 0.000000 0.687267 0.000000 -0.726405 1.071046 1.071046 1.071046
5798.160645 0.000000 4493.239746 0.000000 0.749140 0.000000 -0.662411 1.063265 1.063265 1.063265
5799.546875 0.000000 4486.846191 0.000000 0.983982 0.000000 -0.178266 1.015660 1.015660 1.015660
5797.037109 0.000000 4486.397949 0.000000 0.999971 0.000000 0.007676 0.999329 0.999329 0.999329
5796.654785 0.000000 4488.371094 0.000000 0.641614 0.000000 -0.767028 1.076387 1.076387 1.076387
5792.839355 0.000000 4490.220215 0.000000 0.126027 0.000000 -0.992027 1.126213 1.126213 1.126213
5727.118652 0.000000 4572.808105 0.000000 0.015111 0.000000 -0.999886 1.023303 1.023303 1.023303
5694.750000 0.000000 4554.354980 0.000000 0.961436 0.000000 -0.275029 1.002782 1.002782 1.002782
5723.814453 0.000000 4547.027832 0.000000 0.066045 0.000000 -0.997817 1.169045 1.169045 1.169045
5707.953613 0.000000 4568.592285 0.000000 0.833491 0.000000 -0.552533 1.029230 1.029230 1.029230
5728.595703 0.000000 4592.113281 0.000000 0.905293 0.000000 -0.424789 1.004381 1.004381 1.004381
5708.085938 0.000000 4545.379395 0.000000 0.952444 0.000000 -0.304715 1.011595 1.011595 1.011595
5738.350586 0.000000 4541.963867 0.000000 0.290833 0.000000 -0.956774 1.085991 1.085991 1.085991
5719.727051 0.000000 4560.397461 0.000000 0.640982 0.000000 -0.767556 1.069905 1.069905 1.069905
5703.479492 0.000000 4578.115723 0.000000 0.278356 0.000000 -0.960478 1.048260 1.048260 1.048260
5716.787109 0.000000 4573.160156 0.000000 0.998026 0.000000 -0.062795 1.003137 1.003137 1.003137
5728.080566 0.000000 4495.199707 0.000000 0.772631 0.000000 -0.634855 1.032626 1.032626 1.032626
5699.234863 0.000000 4563.337891 0.000000 0.877957 0.000000 -0.478739 1.011217 1.011217 1.011217
5709.132324 0.000000 4596.823242 0.000000 0.978148 0.000000 -0.207909 1.012026 1.012026 1.012026
5698.506348 0.000000 4585.755371 0.000000 0.772598 0.000000 -0.634895 1.017173 1.017173 1.017173
5732.446289 0.000000 4548.723633 0.000000 0.999427 0.000000 -0.033856 1.004142 1.004142 1.004142
5741.334473 0.000000 4550.141602 0.000000 0.976846 0.000000 -0.213946 1.023685 1.023685 1.023685
5727.809570 0.000000 4583.155762 0.000000 0.514054 0.000000 -0.857758 1.015442 1.015442 1.015442
5726.231445 0.000000 4555.258301 0.000000 0.679835 0.000000 -0.733365 1.098655 1.098655 1.098655
5727.327148 0.000000 4539.139648 0.000000 0.932818 0.000000 -0.360347 1.023008 1.023008 1.023008
5711.327148 0.000000 4580.311035 0.000000 0.622115 0.000000 -0.782926 1.051641 1.051641 1.051641
5729.672363 0.000000 4510.469727 0.000000 0.472104 0.000000 -0.881543 1.005388 1.005388 1.005388
5728.239746 0.000000 4564.441406 0.000000 0.947759 0.000000 -0.318988 1.017021 1.017021 1.017021
5701.821289 0.000000 4549.822754 0.000000 0.306410 0.000000 -0.951900 1.025153 1.025153 1.025153
5702.356934 0.000000 4592.982422 0.000000 0.231951 0.000000 -0.972728 1.053395 1.053395 1.053395
5714.682129 0.000000 4590.070312 0.000000 0.925837 0.000000 -0.377922 1.020318 1.020318 1.020318
5721.656250 0.000000 4567.646484 0.000000 0.975704 0.000000 -0.219091 1.011580 1.011580 1.011580
5721.613281 0.000000 4589.603516 0.000000 0.201737 0.000000 -0.979440 1.047802 1.047802 1.047802
5720.982910 0.000000 4540.318848 0.000000 0.798016 0.000000 -0.602636 1.043599 1.043599 1.043599
5702.299805 0.000000 4542.909180 0.000000 0.433681 0.000000 -0.901066 1.016810 1.016810 1.016810
5740.019043 0.000000 4532.239258 0.000000 0.487312 0.000000 -0.873228 1.015905 1.015905 1.015905
5740.160156 0.000000 4499.326172 0.000000 0.885976 0.000000 -0.463731 1.018058 1.018058 1.018058
5721.055664 0.000000 4552.491211 0.000000 0.501893 0.000000 -0.864930 1.125228 1.125228 1.125228
5700.045410 0.000000 4556.980469 0.000000 0.976923 0.000000 -0.213591 1.005911 1.005911 1.005911
5723.241699 0.000000 4498.548340 0.000000 0.460384 0.000000 -0.887720 1.027272 1.027272 1.027272
5695.134277 0.000000 4567.468262 0.000000 0.294124 0.000000 -0.955767 1.009529 1.009529 1.009529
5697.992188 0.000000 4580.109863 0.000000 0.973140 0.000000 -0.230212 1.004640 1.004640 1.004640
5699.795410 0.000000 4598.291504 0.000000 0.500459 0.000000 -0.865760 1.028744 1.028744 1.028744
5713.667969 0.000000 4584.958008 0.000000 0.998886 0.000000 0.047179 0.997290 0.997290 0.997290
5737.698242 0.000000 4536.822266 0.000000 0.781595 0.000000 -0.623786 1.028587 1.028587 1.028587
5704.381348 0.000000 4573.027344 0.000000 0.206340 0.000000 -0.978480 1.064651 1.064651 1.064651
5714.967285 0.000000 4557.836426 0.000000 0.213407 0.000000 -0.976963 1.118463 1.118463 1.118463
5733.023926 0.000000 4506.779785 0.000000 0.188731 0.000000 -0.982029 1.027580 1.027580 1.027580
5728.865723 0.000000 4534.462891 0.000000 0.289823 0.000000 -0.957080 1.038250 1.038250 1.038250
5710.620605 0.000000 4555.881836 0.000000 0.914941 0.000000 -0.403588 1.028003 1.028003 1.028003
5712.265625 0.000000 4547.663574 0.000000 0.994211 0.000000 -0.107441 1.006987 1.006987 1.006987
5729.531250 0.000000 4558.880859 0.000000 0.180273 0.000000 -0.983617 1.135292 1.135292 1.135292
5731.922363 0.000000 4538.041992 0.000000 0.407739 0.000000 -0.913098 1.060335 1.060335 1.060335
5710.375488 0.000000 4591.859375 0.000000 0.765366 0.000000 -0.643595 1.041893 1.041893 1.041893
5697.106445 0.000000 4575.383789 0.000000 0.658083 0.000000 -0.752946 1.012770 1.012770 1.012770
5726.074219 0.000000 4568.447266 0.000000 0.857834 0.000000 -0.513927 1.017518 1.017518 1.017518
5717.972168 0.000000 4587.098145 0.000000 0.548685 0.000000 -0.836029 1.046960 1.046960 1.046960
5725.189941 0.000000 4542.905762 0.000000 0.065795 0.000000 -0.997833 1.139016 1.139016 1.139016
5722.031738 0.000000 4556.707031 0.000000 0.122707 0.000000 -0.992443 1.159036 1.159036 1.159036
5698.334961 0.000000 4591.568848 0.000000 0.522683 0.000000 -0.852527 1.028033 1.028033 1.028033
5739.228516 0.000000 4504.164062 0.000000 0.064724 0.000000 -0.997903 1.037599 1.037599 1.037599
5721.915527 0.000000 4593.687988 0.000000 0.635047 0.000000 -0.772474 1.028649 1.028649 1.028649
5713.297852 0.000000 4575.315430 0.000000 0.911665 0.000000 -0.410935 1.023259 1.023259 1.023259
5718.120605 0.000000 4555.221680 0.000000 0.727612 0.000000 -0.685989 1.081154 1.081154 1.081154
5722.479492 0.000000 4585.688477 0.000000 0.998970 0.000000 0.045379 0.998753 0.998753 0.998753
5705.170898 0.000000 4552.332520 0.000000 0.954124 0.000000 -0.299411 1.011387 1.011387 1.011387
5704.124023 0.000000 4546.383789 0.000000 0.954444 0.000000 -0.298390 1.008321 1.008321 1.008321
5707.633301 0.000000 4559.927734 0.000000 0.448754 0.000000 -0.893655 1.052435 1.052435 1.052435
5720.491699 0.000000 4544.406738 0.000000 0.217151 0.000000 -0.976138 1.131628 1.131628 1.131628
5731.643555 0.000000 4493.462891 0.000000 0.691467 0.000000 -0.722408 1.044339 1.044339 1.044339
5718.292969 0.000000 4569.669434 0.000000 0.186994 0.000000 -0.982361 1.069039 1.069039 1.069039
5735.155273 0.000000 4539.975586 0.000000 0.991398 0.000000 -0.130883 1.007537 1.007537 1.007537
5736.432617 0.000000 4498.503418 0.000000 0.911785 0.000000 -0.410668 1.019017 1.019017 1.019017
5715.613281 0.000000 4598.795410 0.000000 0.590068 0.000000 -0.807353 1.046918 1.046918 1.046918
5711.490234 0.000000 4588.182617 0.000000 0.852516 0.000000 -0.522702 1.032955 1.032955 1.032955
5737.988281 0.000000 4559.520508 0.000000 0.307095 0.000000 -0.951679 1.113123 1.113123 1.113123
5725.769043 0.000000 4501.031250 0.000000 0.357103 0.000000 -0.934065 1.033109 1.033109 1.033109
5731.384766 0.000000 4503.596191 0.000000 0.972954 0.000000 -0.231000 1.006984 1.006984 1.006984
5719.159668 0.000000 4576.141602 0.000000 0.009653 0.000000 -0.999953 1.070154 1.070154 1.070154
5721.649414 0.000000 4501.957520 0.000000 0.871005 0.000000 -0.491273 1.008975 1.008975 1.008975
5723.929199 0.000000 4571.116699 0.000000 0.997343 0.000000 -0.072847 1.002730 1.002730 1.002730
5698.505371 0.000000 4595.101562 0.000000 0.588063 0.000000 -0.808815 1.025873 1.025873 1.025873
5728.786621 0.000000 4542.211914 0.000000 0.999746 0.000000 -0.022557 1.002084 1.002084 1.002084
5724.471680 0.000000 4551.926758 0.000000 0.169477 0.000000 -0.985534 1.178317 1.178317 1.178317
5731.559570 0.000000 4561.587402 0.000000 0.452296 0.000000 -0.891868 1.087995 1.087995 1.087995
5736.031738 0.000000 4505.260742 0.000000 0.972472 0.000000 -0.233021 1.006459 1.006459 1.006459
5719.876953 0.000000 4579.645996 0.000000 0.474017 0.000000 -0.880516 1.043018 1.043018 1.043018
5740.369629 0.000000 4546.929199 0.000000 0.999795 0.000000 0.020264 0.998077 0.998077 0.998077
5712.373535 0.000000 4598.112305 0.000000 0.581462 0.000000 -0.813574 1.052193 1.052193 1.052193
5741.429688 0.000000 4561.593262 0.000000 0.177305 0.000000 -0.984156 1.100820 1.100820 1.100820
5735.541016 0.000000 4561.833496 0.000000 0.999339 0.000000 -0.036361 1.002633 1.002633 1.002633
5707.510742 0.000000 4571.916992 0.000000 0.807990 0.000000 -0.589197 1.033033 1.033033 1.033033
5705.320312 0.000000 4590.029297 0.000000 0.434589 0.000000 -0.900629 1.050385 1.050385 1.050385
5708.198242 0.000000 4542.246582 0.000000 0.162606 0.000000 -0.986691 1.045679 1.045679 1.045679
5732.132812 0.000000 4551.780762 0.000000 0.054255 0.000000 -0.998527 1.193089 1.193089 1.193089
5714.030273 0.000000 4539.235352 0.000000 0.530695 0.000000 -0.847563 1.040399 1.040399 1.040399
5730.817383 0.000000 4566.326172 0.000000 0.222375 0.000000 -0.974961 1.047064 1.047064 1.047064
5725.230957 0.000000 4565.439941 0.000000 0.314293 0.000000 -0.949326 1.074961 1.074961 1.074961
5702.369629 0.000000 4570.684570 0.000000 0.815699 0.000000 -0.578477 1.024640 1.024640 1.024640
5721.735840 0.000000 4495.797363 0.000000 0.976256 0.000000 -0.216621 1.004906 1.004906 1.004906
5740.996582 0.000000 4569.461914 0.000000 0.734846 0.000000 -0.678233 1.016747 1.016747 1.016747
5710.181641 0.000000 4585.390625 0.000000 0.952838 0.000000 -0.303479 1.018475 1.018475 1.018475
5699.478027 0.000000 4588.714844 0.000000 0.999998 0.000000 -0.001994 1.000050 1.000050 1.000050
5739.548340 0.000000 4552.853516 0.000000 0.049459 0.000000 -0.998776 1.167114 1.167114 1.167114
5727.721191 0.000000 4561.515137 0.000000 0.018139 0.000000 -0.999835 1.135670 1.135670 1.135670
5737.816406 0.000000 4501.547363 0.000000 0.923176 0.000000 -0.384378 1.014775 1.014775 1.014775
5715.347168 0.000000 4569.471191 0.000000 0.872246 0.000000 -0.489067 1.028067 1.028067 1.028067
5733.184082 0.000000 4556.017090 0.000000 0.688173 0.000000 -0.725546 1.087151 1.087151 1.087151
5700.170410 0.000000 4578.111328 0.000000 0.434962 0.000000 -0.900449 1.030779 1.030779 1.030779
5733.494141 0.000000 4545.952148 0.000000 0.876002 0.000000 -0.482307 1.051516 1.051516 1.051516
5732.280762 0.000000 4500.031250 0.000000 0.954929 0.000000 -0.296833 1.011286 1.011286 1.011286
5699.078125 0.000000 4582.905273 0.000000 0.223509 0.000000 -0.974702 1.033588 1.033588 1.033588
5734.815918 0.000000 4536.543457 0.000000 0.983274 0.000000 -0.182133 1.007773 1.007773 1.007773
5709.456055 0.000000 4548.354004 0.000000 0.864882 0.000000 -0.501975 1.024945 1.024945 1.024945
5711.593750 0.000000 4558.645020 0.000000 0.970815 0.000000 -0.239831 1.015116 1.015116 1.015116
5704.000488 0.000000 4600.048340 0.000000 0.779468 0.000000 -0.626442 1.030422 1.030422 1.030422
5716.494629 0.000000 4584.602539 0.000000 0.102285 0.000000 -0.994755 1.065984 1.065984 1.065984
5701.588867 0.000000 4595.940430 0.000000 0.726000 0.000000 -0.687694 1.024611 1.024611 1.024611
5729.569824 0.000000 4548.250000 0.000000 0.279383 0.000000 -0.960180 1.167163 1.167163 1.167163
5723.802246 0.000000 4574.012207 0.000000 0.995012 0.000000 -0.099752 1.002993 1.002993 1.002993
5735.386230 0.000000 4495.938477 0.000000 0.922622 0.000000 -0.385705 1.022737 1.022737 1.022737
5734.629395 0.000000 4550.467773 0.000000 0.393281 0.000000 -0.919418 1.139799 1.139799 1.139799
5739.970703 0.000000 4544.218262 0.000000 0.440970 0.000000 -0.897522 1.097351 1.097351 1.097351
5713.087402 0.000000 4592.307617 0.000000 0.028991 0.000000 -0.999580 1.088531 1.088531 1.088531
5726.833008 0.000000 4557.983887 0.000000 0.588122 0.000000 -0.808772 1.105836 1.105836 1.105836
5716.524414 0.000000 4594.552734 0.000000 0.993169 0.000000 -0.116682 1.005255 1.005255 1.005255
5720.904785 0.000000 4570.300781 0.000000 0.796023 0.000000 -0.605267 1.027591 1.027591 1.027591
5718.872070 0.000000 4589.646973 0.000000 0.813624 0.000000 -0.581391 1.024783 1.024783 1.024783
5710.645996 0.000000 4568.521973 0.000000 0.229067 0.000000 -0.973411 1.076925 1.076925 1.076925
5701.377441 0.000000 4590.535645 0.000000 0.621398 0.000000 -0.783495 1.029218 1.029218 1.029218
5718.739258 0.000000 4546.396484 0.000000 0.647445 0.000000 -0.762112 1.084374 1.084374 1.084374
5711.664551 0.000000 4583.082031 0.000000 0.796138 0.000000 -0.605114 1.038941 1.038941 1.038941
5718.364746 0.000000 4599.372070 0.000000 0.679817 0.000000 -0.733382 1.030831 1.030831 1.030831
5730.744629 0.000000 4540.382324 0.000000 0.654945 0.000000 -0.755676 1.066302 1.066302 1.066302
5731.028320 0.000000 4544.916016 0.000000 0.968634 0.000000 -0.248492 1.026958 1.026958 1.026958
5702.873047 0.000000 4557.068359 0.000000 0.847997 0.000000 -0.530001 1.018129 1.018129 1.018129
5708.394531 0.000000 4557.474121 0.000000 0.057167 0.000000 -0.998365 1.083133 1.083133 1.083133
5708.481445 0.000000 4562.448242 0.000000 0.975119 0.000000 -0.221682 1.011720 1.011720 1.011720
5710.140625 0.000000 4571.802246 0.000000 0.997496 0.000000 0.070719 0.996113 0.996113 0.996113
5713.105469 0.000000 4567.721191 0.000000 0.093531 0.000000 -0.995616 1.084818 1.084818 1.084818
5734.284180 0.000000 4493.569336 0.000000 0.996119 0.000000 -0.088018 1.005281 1.005281 1.005281
5740.415039 0.000000 4501.854492 0.000000 0.579130 0.000000 -0.815235 1.030934 1.030934 1.030934
5714.530273 0.000000 4546.438965 0.000000 0.489311 0.000000 -0.872110 1.084643 1.084643 1.084643
5703.340332 0.000000 4575.358398 0.000000 0.916563 0.000000 -0.399890 1.017460 1.017460 1.017460
5711.350098 0.000000 4550.119141 0.000000 0.879200 0.000000 -0.476453 1.032235 1.032235 1.032235
5704.330078 0.000000 4594.650879 0.000000 0.999509 0.000000 -0.031342 1.001409 1.001409 1.001409
5737.609375 0.000000 4539.376953 0.000000 0.939641 0.000000 -0.342162 1.020924 1.020924 1.020924
5717.582520 0.000000 4580.558594 0.000000 0.987656 0.000000 -0.156636 1.007461 1.007461 1.007461
5728.773438 0.000000 4556.339355 0.000000 0.863371 0.000000 -0.504569 1.059417 1.059417 1.059417
5724.495117 0.000000 4549.451660 0.000000 0.899528 0.000000 -0.436863 1.056435 1.056435 1.056435
5730.706543 0.000000 4563.889160 0.000000 0.891281 0.000000 -0.453451 1.030549 1.030549 1.030549
5726.274902 0.000000 4493.606934 0.000000 0.619971 0.000000 -0.784625 1.038286 1.038286 1.038286
5739.164551 0.000000 4548.981445 0.000000 0.455823 0.000000 -0.890071 1.115078 1.115078 1.115078
5719.557617 0.000000 4594.152832 0.000000 0.545875 0.000000 -0.837867 1.039680 1.039680 1.039680
5721.312988 0.000000 4546.621582 0.000000 0.926659 0.000000 -0.375903 1.041370 1.041370 1.041370
5716.303223 0.000000 4564.313965 0.000000 0.802354 0.000000 -0.596848 1.039918 1.039918 1.039918
5702.148438 0.000000 4598.523926 0.000000 0.973627 0.000000 -0.228144 1.009194 1.009194 1.009194
5727.214844 0.000000 4536.226074 0.000000 0.971342 0.000000 -0.237686 1.010784 1.010784 1.010784
5729.962891 0.000000 4550.948730 0.000000 0.710061 0.000000 -0.704140 1.103368 1.103368 1.103368
5702.026367 0.000000 4573.007324 0.000000 0.951129 0.000000 -0.308795 1.013323 1.013323 1.013323
5720.806152 0.000000 4554.758301 0.000000 0.934963 0.000000 -0.354746 1.040741 1.040741 1.040741
5723.949219 0.000000 4567.474609 0.000000 0.218655 0.000000 -0.975802 1.067425 1.067425 1.067425
5715.725586 0.000000 4592.124512 0.000000 0.735592 0.000000 -0.677425 1.039019 1.039019 1.039019
5740.703125 0.000000 4541.783691 0.000000 0.800152 0.000000 -0.599797 1.041753 1.041753 1.041753
5720.834473 0.000000 4565.445801 0.000000 0.709645 0.000000 -0.704559 1.048795 1.048795 1.048795
5712.874023 0.000000 4541.399902 0.000000 0.769099 0.000000 -0.639130 1.029427 1.029427 1.029427
5720.347656 0.000000 4558.221680 0.000000 0.680475 0.000000 -0.732771 1.075966 1.075966 1.075966
5716.690430 0.000000 4589.146973 0.000000 0.350906 0.000000 -0.936411 1.057503 1.057503 1.057503
5734.418945 0.000000 4499.497559 0.000000 0.013135 0.000000 -0.999914 1.069998 1.069998 1.069998
5709.943848 0.000000 4589.738770 0.000000 0.909720 0.000000 -0.415223 1.023518 1.023518 1.023518
5712.401855 0.000000 4590.155273 0.000000 0.199801 0.000000 -0.979836 1.078646 1.078646 1.078646
5719.055176 0.000000 4553.345215 0.000000 0.179424 0.000000 -0.983772 1.156204 1.156204 1.156204
5707.784180 0.000000 4585.442871 0.000000 0.997700 0.000000 -0.067789 1.003387 1.003387 1.003387
5716.816895 0.000000 4568.092285 0.000000 0.745755 0.000000 -0.666220 1.036406 1.036406 1.036406
5726.204102 0.000000 4553.154297 0.000000 0.281540 0.000000 -0.959550 1.163662 1.163662 1.163662
5710.052734 0.000000 4553.773438 0.000000 0.708052 0.000000 -0.706161 1.050894 1.050894 1.050894
5707.274414 0.000000 4573.937012 0.000000 0.967404 0.000000 -0.253236 1.013423 1.013423 1.013423
5713.027344 0.000000 4557.041016 0.000000 0.585318 0.000000 -0.810804 1.075537 1.075537 1.075537
5722.826660 0.000000 4565.735352 0.000000 0.755999 0.000000 -0.654572 1.042758 1.042758 1.042758
5716.432129 0.000000 4556.453125 0.000000 0.701798 0.000000 -0.712376 1.073240 1.073240 1.073240
5731.549316 0.000000 4546.888672 0.000000 0.550013 0.000000 -0.835156 1.118446 1.118446 1.118446
5713.785156 0.000000 4582.904785 0.000000 0.988121 0.000000 -0.153676 1.008859 1.008859 1.008859
5736.020020 0.000000 4538.178711 0.000000 0.988389 0.000000 -0.151945 1.009140 1.009140 1.009140
5732.864746 0.000000 4495.073242 0.000000 0.468938 0.000000 -0.883231 1.059467 1.059467 1.059467
5709.616699 0.000000 4587.583496 0.000000 0.885957 0.000000 -0.463767 1.026487 1.026487 1.026487
5713.525879 0.000000 4588.481934 0.000000 0.074317 0.000000 -0.997235 1.085925 1.085925 1.085925
5709.286621 0.000000 4570.034180 0.000000 0.999866 0.000000 0.016398 0.999099 0.999099 0.999099
5719.748535 0.000000 4548.102051 0.000000 0.999240 0.000000 -0.038981 1.004186 1.004186 1.004186
5716.495605 0.000000 4550.223145 0.000000 0.998533 0.000000 -0.054155 1.005681 1.005681 1.005681
5712.707520 0.000000 4545.772461 0.000000 0.380409 0.000000 -0.924818 1.067788 1.067788 1.067788
5719.646484 0.000000 4556.353027 0.000000 0.629417 0.000000 -0.777068 1.086655 1.086655 1.086655
5737.493164 0.000000 4561.428711 0.000000 0.337737 0.000000 -0.941240 1.088783 1.088783 1.088783
5736.160156 0.000000 4552.077148 0.000000 0.113013 0.000000 -0.993593 1.160108 1.160108 1.160108
5724.038574 0.000000 4541.354004 0.000000 0.840882 0.000000 -0.541219 1.044260 1.044260 1.044260
5711.798828 0.000000 4554.428711 0.000000 0.311861 0.000000 -0.950128 1.084504 1.084504 1.084504
5718.316895 0.000000 4544.610352 0.000000 0.986594 0.000000 -0.163194 1.014733 1.014733 1.014733
5739.646484 0.000000 4550.931152 0.000000 0.804096 0.000000 -0.594500 1.069934 1.069934 1.069934
5725.808594 0.000000 4550.671387 0.000000 0.999978 0.000000 -0.006600 1.000840 1.000840 1.000840
5731.117676 0.000000 4559.863281 0.000000 0.300615 0.000000 -0.953746 1.120053 1.120053 1.120053
5734.750488 0.000000 4555.211914 0.000000 0.999991 0.000000 0.004332 0.999492 0.999492 0.999492
5712.943359 0.000000 4549.262207 0.000000 0.836235 0.000000 -0.548371 1.040573 1.040573 1.040573
5730.528809 0.000000 4552.771484 0.000000 0.345927 0.000000 -0.938261 1.158066 1.158066 1.158066
5713.416016 0.000000 4553.361816 0.000000 0.887180 0.000000 -0.461424 1.039512 1.039512 1.039512
5729.035645 0.000000 4543.960938 0.000000 0.980086 0.000000 -0.198571 1.018465 1.018465 1.018465
5737.940430 0.000000 4552.310547 0.000000 0.774270 0.000000 -0.632855 1.075272 1.075272 1.075272
5729.347168 0.000000 4560.620117 0.000000 0.999278 0.000000 0.037997 0.996774 0.996774 0.996774
5740.764648 0.000000 4548.534668 0.000000 0.994682 0.000000 -0.102994 1.010561 1.010561 1.010561
5733.813965 0.000000 4552.073242 0.000000 0.649423 0.000000 -0.760428 1.107847 1.107847 1.107847
5717.410645 0.000000 4553.483887 0.000000 0.817069 0.000000 -0.576540 1.064432 1.064432 1.064432
5738.860352 0.000000 4554.301758 0.000000 0.080914 0.000000 -0.996721 1.156212 1.156212 1.156212
5728.320312 0.000000 4547.249023 0.000000 0.435083 0.000000 -0.900390 1.137092 1.137092 1.137092
5733.039551 0.000000 4550.210938 0.000000 0.655783 0.000000 -0.754950 1.108935 1.108935 1.108935
5727.999023 0.000000 4554.905273 0.000000 0.998749 0.000000 0.050005 0.994005 0.994005 0.994005
5727.088379 0.000000 4546.216797 0.000000 0.479852 0.000000 -0.877349 1.125588 1.125588 1.125588
5738.532227 0.000000 4547.526855 0.000000 0.226809 0.000000 -0.973939 1.134014 1.134014 1.134014
5725.489258 0.000000 4558.815918 0.000000 0.787966 0.000000 -0.615719 1.066238 1.066238 1.066238
5732.631836 0.000000 4559.545898 0.000000 0.999642 0.000000 0.026771 0.997527 0.997527 0.997527
5714.901367 0.000000 4556.289062 0.000000 0.942480 0.000000 -0.334264 1.029781 1.029781 1.029781
5716.182617 0.000000 4548.729492 0.000000 0.963866 0.000000 -0.266387 1.026254 1.026254 1.026254
5723.455078 0.000000 4555.941895 0.000000 0.239186 0.000000 -0.970974 1.155973 1.155973 1.155973
5726.500488 0.000000 4549.330566 0.000000 0.861685 0.000000 -0.507444 1.067764 1.067764 1.067764
5724.605469 0.000000 4544.283203 0.000000 0.885413 0.000000 -0.464805 1.050688 1.050688 1.050688
5732.504883 0.000000 4544.792969 0.000000 0.000189 0.000000 -1.000000 1.160765 1.160765 1.160765
5733.279297 0.000000 4557.725098 0.000000 0.950278 0.000000 -0.311402 1.033995 1.033995 1.033995
5727.173340 0.000000 4552.040039 0.000000 0.999461 0.000000 -0.032817 1.004179 1.004179 1.004179
5724.879883 0.000000 4555.667480 0.000000 0.908245 0.000000 -0.418438 1.051735 1.051735 1.051735
5719.508301 0.000000 4552.015625 0.000000 0.752258 0.000000 -0.658869 1.080811 1.080811 1.080811
5733.899414 0.000000 4549.108887 0.000000 0.981918 0.000000 -0.189307 1.023299 1.023299 1.023299
5721.792969 0.000000 4553.678711 0.000000 0.852143 0.000000 -0.523309 1.065996 1.065996 1.065996
5725.471191 0.000000 4546.719238 0.000000 0.976636 0.000000 -0.214901 1.025955 1.025955 1.025955
5731.001953 0.000000 4548.134766 0.000000 0.981449 0.000000 -0.191725 1.025045 1.025045 1.025045
5723.922363 0.000000 4550.710449 0.000000 0.609615 0.000000 -0.792698 1.114245 1.114245 1.114245
5729.231445 0.000000 4554.205078 0.000000 0.966349 0.000000 -0.257236 1.031826 1.031826 1.031826
5731.696289 0.000000 4550.487793 0.000000 0.976988 0.000000 -0.213294 1.027904 1.027904 1.027904
5727.118652 0.000000 4679.792480 0.000000 0.676431 0.000000 -0.736506 1.041337 1.041337 1.041337
5708.167969 0.000000 4634.926270 0.000000 0.983958 0.000000 -0.178399 1.009851 1.009851 1.009851
5723.089355 0.000000 4622.018066 0.000000 0.220851 0.000000 -0.975308 1.016828 1.016828 1.016828
5734.255371 0.000000 4665.882324 0.000000 0.769055 0.000000 -0.639183 1.019043 1.019043 1.019043
5719.727051 0.000000 4667.381836 0.000000 0.937182 0.000000 -0.348840 1.012454 1.012454 1.012454
5713.278320 0.000000 4613.758301 0.000000 0.997225 0.000000 -0.074445 1.001302 1.001302 1.001302
5705.819336 0.000000 4663.343750 0.000000 0.702118 0.000000 -0.712061 1.005935 1.005935 1.005935
5715.217773 0.000000 4643.323730 0.000000 0.997535 0.000000 -0.070169 1.004208 1.004208 1.004208
5707.893066 0.000000 4624.147949 0.000000 0.520327 0.000000 -0.853967 1.028109 1.028109 1.028109
5737.976074 0.000000 4676.886719 0.000000 0.746331 0.000000 -0.665575 1.039999 1.039999 1.039999
5717.244629 0.000000 4630.389648 0.000000 0.925101 0.000000 -0.379722 1.016531 1.016531 1.016531
5730.435059 0.000000 4629.948242 0.000000 0.708913 0.000000 -0.705296 1.001954 1.001954 1.001954
5696.304688 0.000000 4608.322754 0.000000 0.663791 0.000000 -0.747918 1.010547 1.010547 1.010547
5727.809570 0.000000 4690.140137 0.000000 0.969606 0.000000 -0.244671 1.004937 1.004937 1.004937
5728.239746 0.000000 4671.425781 0.000000 0.962416 0.000000 -0.271579 1.013046 1.013046 1.013046
5695.316895 0.000000 4637.391602 0.000000 0.891967 0.000000 -0.452100 1.005856 1.005856 1.005856
5723.863770 0.000000 4630.961914 0.000000 0.207195 0.000000 -0.978300 1.037406 1.037406 1.037406
5718.091309 0.000000 4608.900391 0.000000 0.875003 0.000000 -0.484118 1.011355 1.011355 1.011355
5717.962402 0.000000 4637.250977 0.000000 0.996819 0.000000 0.079696 0.995817 0.995817 0.995817
5715.353027 0.000000 4673.475586 0.000000 0.465462 0.000000 -0.885068 1.016277 1.016277 1.016277
5702.299805 0.000000 4649.893555 0.000000 0.620820 0.000000 -0.783953 1.020245 1.020245 1.020245
5738.637207 0.000000 4670.148438 0.000000 0.242968 0.000000 -0.970034 1.049633 1.049633 1.049633
5730.124512 0.000000 4635.849609 0.000000 0.978495 0.000000 -0.206270 1.002593 1.002593 1.002593
5731.988281 0.000000 4676.253418 0.000000 0.930049 0.000000 -0.367435 1.022544 1.022544 1.022544
5710.945801 0.000000 4647.238281 0.000000 0.865565 0.000000 -0.500797 1.023571 1.023571 1.023571
5712.955078 0.000000 4600.432617 0.000000 0.662575 0.000000 -0.748996 1.044382 1.044382 1.044382
5732.405762 0.000000 4649.633789 0.000000 0.736251 0.000000 -0.676709 1.014845 1.014845 1.014845
5711.730957 0.000000 4639.178711 0.000000 0.570391 0.000000 -0.821373 1.052937 1.052937 1.052937
5708.644043 0.000000 4610.659668 0.000000 0.231368 0.000000 -0.972866 1.033387 1.033387 1.033387
5718.943848 0.000000 4625.377441 0.000000 0.997072 0.000000 0.076465 0.998089 0.998089 0.998089
5705.714355 0.000000 4629.191895 0.000000 0.401511 0.000000 -0.915854 1.040461 1.040461 1.040461
5724.980469 0.000000 4667.327637 0.000000 0.852654 0.000000 -0.522476 1.024705 1.024705 1.024705
5729.035645 0.000000 4684.870605 0.000000 0.079453 0.000000 -0.996839 1.059568 1.059568 1.059568
5720.915527 0.000000 4641.595703 0.000000 0.392293 0.000000 -0.919841 1.055388 1.055388 1.055388
5714.967285 0.000000 4664.820801 0.000000 0.521381 0.000000 -0.853324 1.025523 1.025523 1.025523
5713.693359 0.000000 4634.154785 0.000000 0.799747 0.000000 -0.600337 1.036974 1.036974 1.036974
5733.358887 0.000000 4671.425781 0.000000 0.015620 0.000000 -0.999878 1.073769 1.073769 1.073769
5737.031738 0.000000 4653.998047 0.000000 0.996676 0.000000 0.081472 0.999186 0.999186 0.999186
5712.483887 0.000000 4677.696289 0.000000 0.399329 0.000000 -0.916808 1.014480 1.014480 1.014480
5728.865723 0.000000 4641.447266 0.000000 0.844602 0.000000 -0.535395 1.014105 1.014105 1.014105
5705.895020 0.000000 4646.773438 0.000000 0.773334 0.000000 -0.633999 1.020573 1.020573 1.020573
5712.265625 0.000000 4654.647949 0.000000 0.998883 0.000000 -0.047258 1.002006 1.002006 1.002006
5731.922363 0.000000 4645.026367 0.000000 0.895872 0.000000 -0.444312 1.010345 1.010345 1.010345
5700.025391 0.000000 4605.717773 0.000000 0.414354 0.000000 -0.910116 1.031405 1.031405 1.031405
5699.051758 0.000000 4628.442383 0.000000 0.646956 0.000000 -0.762528 1.017320 1.017320 1.017320
5723.717285 0.000000 4688.670410 0.000000 0.999527 0.000000 0.030770 0.999385 0.999385 0.999385
5718.024902 0.000000 4655.959473 0.000000 0.281904 0.000000 -0.959443 1.067370 1.067370 1.067370
5730.508789 0.000000 4661.531738 0.000000 0.972528 0.000000 -0.232788 1.008212 1.008212 1.008212
5721.121094 0.000000 4680.084473 0.000000 0.364796 0.000000 -0.931087 1.035872 1.035872 1.035872
5721.509277 0.000000 4634.494629 0.000000 0.994901 0.000000 -0.100857 1.003783 1.003783 1.003783
5740.125977 0.000000 4688.131836 0.000000 0.161154 0.000000 -0.986929 1.038692 1.038692 1.038692
5698.725098 0.000000 4639.790527 0.000000 0.998340 0.000000 -0.057599 1.001295 1.001295 1.001295
5719.220703 0.000000 4620.649414 0.000000 0.947929 0.000000 -0.318480 1.004855 1.004855 1.004855
5718.120605 0.000000 4662.206055 0.000000 0.999311 0.000000 -0.037116 1.001390 1.001390 1.001390
5705.170898 0.000000 4659.316895 0.000000 0.940308 0.000000 -0.340324 1.005202 1.005202 1.005202
5710.649414 0.000000 4643.182129 0.000000 0.665857 0.000000 -0.746079 1.044152 1.044152 1.044152
5704.124023 0.000000 4653.368164 0.000000 0.999982 0.000000 0.005944 0.999866 0.999866 0.999866
5720.491699 0.000000 4651.391113 0.000000 0.919397 0.000000 -0.393331 1.023212 1.023212 1.023212
5718.707520 0.000000 4671.564453 0.000000 0.999899 0.000000 0.014203 0.999574 0.999574 0.999574
5712.747070 0.000000 4650.663574 0.000000 0.269409 0.000000 -0.963026 1.061571 1.061571 1.061571
5696.501953 0.000000 4604.383789 0.000000 0.348809 0.000000 -0.937194 1.021224 1.021224 1.021224
5736.593750 0.000000 4673.437988 0.000000 0.730691 0.000000 -0.682709 1.033769 1.033769 1.033769
5699.572754 0.000000 4635.794922 0.000000 0.782242 0.000000 -0.622974 1.016790 1.016790 1.016790
5709.251953 0.000000 4620.694336 0.000000 0.391457 0.000000 -0.920196 1.020422 1.020422 1.020422
5707.026855 0.000000 4638.401367 0.000000 0.983153 0.000000 -0.182783 1.008260 1.008260 1.008260
5719.159668 0.000000 4683.125977 0.000000 0.994021 0.000000 -0.109193 1.002458 1.002458 1.002458
5715.597656 0.000000 4639.805176 0.000000 0.153731 0.000000 -0.988113 1.081334 1.081334 1.081334
5703.033691 0.000000 4641.654785 0.000000 0.843666 0.000000 -0.536868 1.018393 1.018393 1.018393
5719.458008 0.000000 4605.584473 0.000000 0.698972 0.000000 -0.715149 1.023872 1.023872 1.023872
5723.929199 0.000000 4678.101074 0.000000 0.662700 0.000000 -0.748885 1.033808 1.033808 1.033808
5728.786621 0.000000 4649.196289 0.000000 0.828177 0.000000 -0.560466 1.019309 1.019309 1.019309
5734.113770 0.000000 4678.940430 0.000000 0.995269 0.000000 -0.097161 1.006074 1.006074 1.006074
5708.583984 0.000000 4631.611328 0.000000 0.999116 0.000000 0.042050 0.998005 0.998005 0.998005
5702.510742 0.000000 4628.781250 0.000000 0.873554 0.000000 -0.486727 1.015229 1.015229 1.015229
5740.384766 0.000000 4680.812012 0.000000 0.020589 0.000000 -0.999788 1.069663 1.069663 1.069663
5700.125000 0.000000 4608.944336 0.000000 0.649855 0.000000 -0.760058 1.017244 1.017244 1.017244
5709.829590 0.000000 4601.604004 0.000000 0.785042 0.000000 -0.619442 1.036691 1.036691 1.036691
5721.380371 0.000000 4656.128418 0.000000 0.783705 0.000000 -0.621133 1.031790 1.031790 1.031790
5720.947266 0.000000 4638.336914 0.000000 0.704998 0.000000 -0.709209 1.033460 1.033460 1.033460
5740.188477 0.000000 4673.134277 0.000000 0.559854 0.000000 -0.828591 1.036571 1.036571 1.036571
5732.132812 0.000000 4658.765137 0.000000 0.735493 0.000000 -0.677532 1.022301 1.022301 1.022301
5725.230957 0.000000 4672.424316 0.000000 0.781119 0.000000 -0.624382 1.030303 1.030303 1.030303
5727.716797 0.000000 4638.457031 0.000000 0.331255 0.000000 -0.943541 1.033865 1.033865 1.033865
5711.127930 0.000000 4636.005371 0.000000 0.460769 0.000000 -0.887520 1.062700 1.062700 1.062700
5721.735840 0.000000 4602.781738 0.000000 0.877170 0.000000 -0.480180 1.013755 1.013755 1.013755
5715.357910 0.000000 4602.522461 0.000000 0.497675 0.000000 -0.867364 1.047179 1.047179 1.047179
5740.996582 0.000000 4676.446289 0.000000 0.994986 0.000000 -0.100010 1.004502 1.004502 1.004502
5705.384277 0.000000 4650.608887 0.000000 0.587519 0.000000 -0.809210 1.023538 1.023538 1.023538
5727.721191 0.000000 4668.499512 0.000000 0.571778 0.000000 -0.820408 1.045638 1.045638 1.045638
5711.836914 0.000000 4659.582031 0.000000 0.212778 0.000000 -0.977101 1.040635 1.040635 1.040635
5709.456055 0.000000 4655.338379 0.000000 0.893224 0.000000 -0.449612 1.013971 1.013971 1.013971
5704.624512 0.000000 4644.139648 0.000000 0.652847 0.000000 -0.757490 1.027894 1.027894 1.027894
5721.993652 0.000000 4644.445312 0.000000 0.652742 0.000000 -0.757580 1.042921 1.042921 1.042921
5714.062500 0.000000 4630.774414 0.000000 0.126399 0.000000 -0.991979 1.068498 1.068498 1.068498
5711.393066 0.000000 4626.325195 0.000000 0.991766 0.000000 -0.128063 1.004809 1.004809 1.004809
5718.011719 0.000000 4665.102539 0.000000 0.808159 0.000000 -0.588964 1.023584 1.023584 1.023584
5710.958984 0.000000 4633.172363 0.000000 0.927256 0.000000 -0.374427 1.021079 1.021079 1.021079
5710.241211 0.000000 4608.150391 0.000000 0.929672 0.000000 -0.368388 1.012244 1.012244 1.012244
5729.569824 0.000000 4655.234375 0.000000 0.961933 0.000000 -0.273285 1.008984 1.008984 1.008984
5716.893066 0.000000 4627.603516 0.000000 0.065229 0.000000 -0.997870 1.048862 1.048862 1.048862
5713.193848 0.000000 4641.494629 0.000000 0.285984 0.000000 -0.958234 1.076740 1.076740 1.076740
5723.539062 0.000000 4661.440918 0.000000 0.754201 0.000000 -0.656644 1.032192 1.032192 1.032192
5702.312012 0.000000 4634.982910 0.000000 0.455667 0.000000 -0.890150 1.041106 1.041106 1.041106
5722.349121 0.000000 4666.792480 0.000000 0.973127 0.000000 -0.230269 1.009861 1.009861 1.009861
5703.988770 0.000000 4601.879883 0.000000 0.245720 0.000000 -0.969341 1.052828 1.052828 1.052828
5718.739258 0.000000 4653.380859 0.000000 0.997063 0.000000 0.076581 0.995598 0.995598 0.995598
5736.777832 0.000000 4683.220703 0.000000 0.039036 0.000000 -0.999238 1.076482 1.076482 1.076482
5722.500000 0.000000 4649.527832 0.000000 0.799960 0.000000 -0.600053 1.032134 1.032134 1.032134
5728.479492 0.000000 4674.465332 0.000000 0.956532 0.000000 -0.291629 1.016992 1.016992 1.016992
5728.214355 0.000000 4660.287109 0.000000 0.998973 0.000000 -0.045313 1.001811 1.001811 1.001811
5705.043945 0.000000 4640.004395 0.000000 0.288453 0.000000 -0.957494 1.047866 1.047866 1.047866
5738.103516 0.000000 4686.430664 0.000000 0.977872 0.000000 -0.209202 1.007892 1.007892 1.007892
5725.713379 0.000000 4652.375977 0.000000 0.975033 0.000000 -0.222058 1.010063 1.010063 1.010063
5712.020996 0.000000 4606.076660 0.000000 0.286710 0.000000 -0.958017 1.044738 1.044738 1.044738
5720.330566 0.000000 4669.717773 0.000000 0.246823 0.000000 -0.969061 1.049484 1.049484 1.049484
5731.891602 0.000000 4665.188477 0.000000 0.577265 0.000000 -0.816557 1.038164 1.038164 1.038164
5730.706543 0.000000 4670.873535 0.000000 0.991320 0.000000 -0.131472 1.006254 1.006254 1.006254
5716.468750 0.000000 4600.428223 0.000000 0.999998 0.000000 0.002189 0.999907 0.999907 0.999907
5715.971680 0.000000 4635.826660 0.000000 0.997018 0.000000 0.077176 0.995757 0.995757 0.995757
5721.312988 0.000000 4653.605957 0.000000 0.441649 0.000000 -0.897188 1.061150 1.061150 1.061150
5710.479492 0.000000 4649.783691 0.000000 0.789676 0.000000 -0.613525 1.028033 1.028033 1.028033
5715.532227 0.000000 4632.529297 0.000000 0.999133 0.000000 -0.041627 1.002079 1.002079 1.002079
5731.380859 0.000000 4682.664551 0.000000 0.980457 0.000000 -0.196731 1.009393 1.009393 1.009393
5723.949219 0.000000 4674.458984 0.000000 0.698932 0.000000 -0.715188 1.031832 1.031832 1.031832
5726.704102 0.000000 4677.573242 0.000000 0.074475 0.000000 -0.997223 1.078445 1.078445 1.078445
5738.507324 0.000000 4674.670410 0.000000 0.891399 0.000000 -0.453220 1.022312 1.022312 1.022312
5713.659180 0.000000 4628.517090 0.000000 0.129403 0.000000 -0.991592 1.061159 1.061159 1.061159
5716.683594 0.000000 4654.179688 0.000000 0.986841 0.000000 -0.161691 1.008109 1.008109 1.008109
5706.407715 0.000000 4631.296387 0.000000 0.778468 0.000000 -0.627684 1.030494 1.030494 1.030494
5736.106445 0.000000 4678.028809 0.000000 0.911818 0.000000 -0.410594 1.024295 1.024295 1.024295
5719.004395 0.000000 4646.545898 0.000000 0.750130 0.000000 -0.661290 1.041489 1.041489 1.041489
5716.434570 0.000000 4645.043945 0.000000 0.665885 0.000000 -0.746055 1.050457 1.050457 1.050457
5720.261230 0.000000 4649.277832 0.000000 0.093929 0.000000 -0.995579 1.081108 1.081108 1.081108
5710.958496 0.000000 4641.054688 0.000000 0.933950 0.000000 -0.357404 1.020074 1.020074 1.020074
5730.210449 0.000000 4675.404297 0.000000 0.900425 0.000000 -0.435011 1.025842 1.025842 1.025842
5735.528809 0.000000 4681.735352 0.000000 0.960571 0.000000 -0.278034 1.016178 1.016178 1.016178
5732.132324 0.000000 4678.324707 0.000000 0.726392 0.000000 -0.687280 1.045401 1.045401 1.045401
5781.742188 0.000000 4554.354980 0.000000 0.075280 0.000000 -0.997162 1.026134 1.026134 1.026134
5744.894531 0.000000 4495.684082 0.000000 0.561475 0.000000 -0.827494 1.031632 1.031632 1.031632
5773.534668 0.000000 4494.053223 0.000000 0.975282 0.000000 -0.220966 1.008900 1.008900 1.008900
5787.755371 0.000000 4509.040039 0.000000 0.989282 0.000000 -0.146016 1.001463 1.001463 1.001463
5815.587891 0.000000 4592.113281 0.000000 0.890965 0.000000 -0.454072 1.021181 1.021181 1.021181
5743.453125 0.000000 4517.042969 0.000000 0.983948 0.000000 -0.178457 1.000448 1.000448 1.000448
5795.078125 0.000000 4545.379395 0.000000 0.739928 0.000000 -0.672686 1.020262 1.020262 1.020262
5759.554688 0.000000 4501.450684 0.000000 0.867028 0.000000 -0.498259 1.023439 1.023439 1.023439
5764.340332 0.000000 4527.367676 0.000000 0.097557 0.000000 -0.995230 1.014711 1.014711 1.014711
5775.781250 0.000000 4505.572754 0.000000 0.697877 0.000000 -0.716217 1.033884 1.033884 1.033884
5792.811523 0.000000 4556.359375 0.000000 0.780343 0.000000 -0.625351 1.003373 1.003373 1.003373
5764.221680 0.000000 4538.966309 0.000000 0.753860 0.000000 -0.657035 1.037584 1.037584 1.037584
5826.298828 0.000000 4593.259277 0.000000 0.054476 0.000000 -0.998515 1.037855 1.037855 1.037855
5802.209961 0.000000 4536.339355 0.000000 0.755926 0.000000 -0.654657 1.007127 1.007127 1.007127
5811.312012 0.000000 4504.294922 0.000000 0.927815 0.000000 -0.373039 1.008590 1.008590 1.008590
5815.072754 0.000000 4495.199707 0.000000 0.997636 0.000000 0.068720 0.997425 0.997425 0.997425
5750.687500 0.000000 4503.820312 0.000000 0.919473 0.000000 -0.393153 1.014122 1.014122 1.014122
5796.124512 0.000000 4596.823242 0.000000 0.881971 0.000000 -0.471304 1.002450 1.002450 1.002450
5796.625000 0.000000 4498.331543 0.000000 0.962474 0.000000 -0.271375 1.019897 1.019897 1.019897
5754.369629 0.000000 4493.432129 0.000000 0.317809 0.000000 -0.948155 1.024913 1.024913 1.024913
5758.743164 0.000000 4533.226074 0.000000 0.264930 0.000000 -0.964268 1.039026 1.039026 1.039026
5788.813477 0.000000 4549.822754 0.000000 0.110635 0.000000 -0.993861 1.043738 1.043738 1.043738
5803.476562 0.000000 4544.846191 0.000000 0.039412 0.000000 -0.999223 1.007646 1.007646 1.007646
5747.873535 0.000000 4510.930176 0.000000 0.612143 0.000000 -0.790747 1.018215 1.018215 1.018215
5764.447754 0.000000 4575.746094 0.000000 0.437739 0.000000 -0.899102 1.008371 1.008371 1.008371
5801.674316 0.000000 4590.070312 0.000000 0.233979 0.000000 -0.972242 1.016660 1.016660 1.016660
5781.137207 0.000000 4494.338867 0.000000 0.601353 0.000000 -0.798984 1.041595 1.041595 1.041595
5788.336914 0.000000 4525.401855 0.000000 0.790858 0.000000 -0.611999 1.013154 1.013154 1.013154
5774.599609 0.000000 4553.476562 0.000000 0.656280 0.000000 -0.754517 1.025612 1.025612 1.025612
5767.310059 0.000000 4550.891602 0.000000 0.990385 0.000000 -0.138335 1.008315 1.008315 1.008315
5760.235840 0.000000 4508.297852 0.000000 0.732332 0.000000 -0.680948 1.043011 1.043011 1.043011
5750.396484 0.000000 4517.843750 0.000000 0.229734 0.000000 -0.973253 1.030086 1.030086 1.030086
5805.083496 0.000000 4501.916016 0.000000 0.864318 0.000000 -0.502946 1.026314 1.026314 1.026314
5771.518066 0.000000 4500.435547 0.000000 0.091937 0.000000 -0.995765 1.073834 1.073834 1.073834
5820.792480 0.000000 4596.698730 0.000000 0.293985 0.000000 -0.955810 1.060356 1.060356 1.060356
5821.557617 0.000000 4588.791016 0.000000 0.251712 0.000000 -0.967802 1.036150 1.036150 1.036150
5780.906250 0.000000 4538.371094 0.000000 0.440218 0.000000 -0.897891 1.066805 1.066805 1.066805
5828.378906 0.000000 4586.252441 0.000000 0.068567 0.000000 -0.997647 1.015001 1.015001 1.015001
5794.519043 0.000000 4510.409180 0.000000 0.375723 0.000000 -0.926732 1.014800 1.014800 1.014800
5777.145508 0.000000 4559.326660 0.000000 0.242128 0.000000 -0.970244 1.009933 1.009933 1.009933
5775.823242 0.000000 4528.432129 0.000000 0.999851 0.000000 -0.017264 1.000431 1.000431 1.000431
5748.298828 0.000000 4539.542480 0.000000 0.918934 0.000000 -0.394411 1.015182 1.015182 1.015182
5811.701660 0.000000 4596.868652 0.000000 0.993942 0.000000 -0.109906 1.005224 1.005224 1.005224
5766.035645 0.000000 4544.905762 0.000000 0.636930 0.000000 -0.770922 1.059337 1.059337 1.059337
5777.488770 0.000000 4499.113281 0.000000 0.984208 0.000000 -0.177015 1.007997 1.007997 1.007997
5749.026855 0.000000 4556.896484 0.000000 0.983321 0.000000 -0.181876 1.016894 1.016894 1.016894
5772.484863 0.000000 4510.540527 0.000000 0.440318 0.000000 -0.897842 1.041749 1.041749 1.041749
5741.947754 0.000000 4532.215332 0.000000 0.999986 0.000000 -0.005354 1.000080 1.000080 1.000080
5767.019531 0.000000 4521.409668 0.000000 0.975911 0.000000 -0.218168 1.003844 1.003844 1.003844
5750.558594 0.000000 4497.853516 0.000000 0.946084 0.000000 -0.323921 1.009882 1.009882 1.009882
5789.615234 0.000000 4531.137207 0.000000 0.303247 0.000000 -0.952912 1.047286 1.047286 1.047286
5797.937988 0.000000 4540.253906 0.000000 0.516305 0.000000 -0.856405 1.028238 1.028238 1.028238
5810.233887 0.000000 4498.548340 0.000000 0.810582 0.000000 -0.585625 1.024992 1.024992 1.024992
5799.947266 0.000000 4493.448242 0.000000 0.965575 0.000000 -0.260125 1.022994 1.022994 1.022994
5741.914551 0.000000 4543.881348 0.000000 0.145323 0.000000 -0.989384 1.106724 1.106724 1.106724
5776.562012 0.000000 4541.999023 0.000000 0.609979 0.000000 -0.792417 1.052526 1.052526 1.052526
5762.567871 0.000000 4513.728027 0.000000 0.999958 0.000000 0.009160 0.999588 0.999588 0.999588
5796.121582 0.000000 4551.227051 0.000000 0.977936 0.000000 -0.208905 1.002627 1.002627 1.002627
5759.710938 0.000000 4495.468262 0.000000 0.919562 0.000000 -0.392944 1.011090 1.011090 1.011090
5745.448730 0.000000 4501.185547 0.000000 0.693868 0.000000 -0.720103 1.028099 1.028099 1.028099
5816.342285 0.000000 4500.680176 0.000000 0.126727 0.000000 -0.991938 1.032439 1.032439 1.032439
5741.555176 0.000000 4511.745605 0.000000 0.541042 0.000000 -0.840996 1.007483 1.007483 1.007483
5798.723145 0.000000 4532.194336 0.000000 0.900907 0.000000 -0.434012 1.007846 1.007846 1.007846
5760.654297 0.000000 4544.153320 0.000000 0.987546 0.000000 -0.157332 1.011833 1.011833 1.011833
5795.636230 0.000000 4503.675293 0.000000 0.902878 0.000000 -0.429896 1.022188 1.022188 1.022188
5792.706543 0.000000 4522.207520 0.000000 0.902060 0.000000 -0.431611 1.004457 1.004457 1.004457
5743.031250 0.000000 4571.928223 0.000000 0.524221 0.000000 -0.851582 1.015264 1.015264 1.015264
5754.785645 0.000000 4536.670898 0.000000 0.048739 0.000000 -0.998812 1.060797 1.060797 1.060797
5772.253906 0.000000 4561.071289 0.000000 0.614937 0.000000 -0.788576 1.011340 1.011340 1.011340
5759.440918 0.000000 4565.245117 0.000000 0.584895 0.000000 -0.811109 1.047237 1.047237 1.047237
5759.028809 0.000000 4570.108887 0.000000 0.996671 0.000000 -0.081527 1.002038 1.002038 1.002038
5759.346680 0.000000 4538.365723 0.000000 0.974470 0.000000 -0.224518 1.011307 1.011307 1.011307
5801.429199 0.000000 4498.503906 0.000000 0.992219 0.000000 -0.124503 1.008726 1.008726 1.008726
5813.105469 0.000000 4587.666016 0.000000 0.930946 0.000000 -0.365156 1.009332 1.009332 1.009332
5799.257812 0.000000 4547.663574 0.000000 0.428590 0.000000 -0.903499 1.016895 1.016895 1.016895
5748.861328 0.000000 4493.348145 0.000000 0.633553 0.000000 -0.773699 1.022086 1.022086 1.022086
5767.065430 0.000000 4571.856445 0.000000 0.926135 0.000000 -0.377191 1.005793 1.005793 1.005793
5784.829590 0.000000 4541.051758 0.000000 0.574631 0.000000 -0.818412 1.055046 1.055046 1.055046
5818.893066 0.000000 4585.033691 0.000000 0.998235 0.000000 0.059391 0.998813 0.998813 0.998813
5810.812012 0.000000 4493.432129 0.000000 0.954591 0.000000 -0.297920 1.018881 1.018881 1.018881
5804.964355 0.000000 4587.098145 0.000000 0.308638 0.000000 -0.951180 1.015691 1.015691 1.015691
5816.538574 0.000000 4597.748535 0.000000 0.863506 0.000000 -0.504339 1.029034 1.029034 1.029034
5751.329590 0.000000 4513.645996 0.000000 0.967344 0.000000 -0.253466 1.007038 1.007038 1.007038
5784.112305 0.000000 4526.145996 0.000000 0.998463 0.000000 -0.055428 1.001661 1.001661 1.001661
5744.115234 0.000000 4562.856445 0.000000 0.291992 0.000000 -0.956421 1.079545 1.079545 1.079545
5808.907715 0.000000 4593.687988 0.000000 0.904310 0.000000 -0.426877 1.014314 1.014314 1.014314
5770.372070 0.000000 4553.776367 0.000000 0.995179 0.000000 -0.098074 1.004414 1.004414 1.004414
5756.406738 0.000000 4549.577637 0.000000 0.226121 0.000000 -0.974099 1.110620 1.110620 1.110620
5763.060059 0.000000 4523.325195 0.000000 0.618744 0.000000 -0.785593 1.013536 1.013536 1.013536
5786.637695 0.000000 4546.158203 0.000000 0.945599 0.000000 -0.325335 1.012409 1.012409 1.012409
5805.015625 0.000000 4592.305176 0.000000 0.469413 0.000000 -0.882979 1.027017 1.027017 1.027017
5797.641602 0.000000 4536.197754 0.000000 0.461000 0.000000 -0.887400 1.029980 1.029980 1.029980
5745.642578 0.000000 4542.602051 0.000000 0.535816 0.000000 -0.844335 1.067766 1.067766 1.067766
5750.227539 0.000000 4560.663086 0.000000 0.993573 0.000000 -0.113189 1.008496 1.008496 1.008496
5791.116211 0.000000 4546.383789 0.000000 0.304963 0.000000 -0.952364 1.040923 1.040923 1.040923
5825.602051 0.000000 4589.266602 0.000000 0.673234 0.000000 -0.739429 1.018699 1.018699 1.018699
5745.503906 0.000000 4555.177734 0.000000 0.640912 0.000000 -0.767614 1.089575 1.089575 1.089575
5758.316406 0.000000 4559.270020 0.000000 0.084344 0.000000 -0.996437 1.115033 1.115033 1.115033
5762.658691 0.000000 4572.221191 0.000000 0.481368 0.000000 -0.876518 1.016007 1.016007 1.016007
5785.726074 0.000000 4553.271973 0.000000 0.989782 0.000000 -0.142588 1.003215 1.003215 1.003215
5752.829102 0.000000 4564.138672 0.000000 0.904171 0.000000 -0.427170 1.024241 1.024241 1.024241
5802.932129 0.000000 4510.595703 0.000000 0.984574 0.000000 -0.174967 1.003074 1.003074 1.003074
5768.548340 0.000000 4502.888184 0.000000 0.084970 0.000000 -0.996384 1.085311 1.085311 1.085311
5783.494141 0.000000 4497.399414 0.000000 0.928384 0.000000 -0.371622 1.019011 1.019011 1.019011
5772.375488 0.000000 4550.426758 0.000000 0.637474 0.000000 -0.770472 1.037331 1.037331 1.037331
5754.104492 0.000000 4571.338379 0.000000 0.575638 0.000000 -0.817705 1.026292 1.026292 1.026292
5764.319336 0.000000 4548.528320 0.000000 0.998768 0.000000 -0.049632 1.003471 1.003471 1.003471
5802.605469 0.000000 4598.795410 0.000000 0.979512 0.000000 -0.201387 1.005062 1.005062 1.005062
5791.995605 0.000000 4525.937500 0.000000 0.725026 0.000000 -0.688722 1.013277 1.013277 1.013277
5803.808105 0.000000 4505.976074 0.000000 0.089907 0.000000 -0.995950 1.055452 1.055452 1.055452
5786.564941 0.000000 4528.810547 0.000000 0.997854 0.000000 0.065486 0.997873 0.997873 0.997873
5794.019043 0.000000 4531.416992 0.000000 0.965101 0.000000 -0.261878 1.006615 1.006615 1.006615
5783.301270 0.000000 4535.464355 0.000000 0.276745 0.000000 -0.960943 1.067652 1.067652 1.067652
5812.761230 0.000000 4501.031250 0.000000 0.939179 0.000000 -0.343429 1.010502 1.010502 1.010502
5776.018555 0.000000 4545.783691 0.000000 0.386199 0.000000 -0.922415 1.058633 1.058633 1.058633
5780.102051 0.000000 4542.693848 0.000000 0.955326 0.000000 -0.295553 1.016479 1.016479 1.016479
5778.766113 0.000000 4530.522461 0.000000 0.994314 0.000000 -0.106489 1.003729 1.003729 1.003729
5770.955078 0.000000 4496.841797 0.000000 0.765116 0.000000 -0.643892 1.027944 1.027944 1.027944
5766.952637 0.000000 4529.779785 0.000000 0.804980 0.000000 -0.593302 1.012686 1.012686 1.012686
5763.138184 0.000000 4494.654785 0.000000 0.910466 0.000000 -0.413584 1.013838 1.013838 1.013838
5774.363281 0.000000 4497.517578 0.000000 0.781385 0.000000 -0.624049 1.028602 1.028602 1.028602
5772.042969 0.000000 4514.393555 0.000000 0.998998 0.000000 -0.044757 1.001230 1.001230 1.001230
5808.641602 0.000000 4501.957520 0.000000 0.689764 0.000000 -0.724035 1.030319 1.030319 1.030319
5748.983398 0.000000 4500.869629 0.000000 0.833020 0.000000 -0.553242 1.020491 1.020491 1.020491
5767.863770 0.000000 4499.438965 0.000000 0.019631 0.000000 -0.999807 1.073579 1.073579 1.073579
5742.153320 0.000000 4502.312012 0.000000 0.486308 0.000000 -0.873788 1.034498 1.034498 1.034498
5761.246094 0.000000 4535.646484 0.000000 0.983095 0.000000 -0.183096 1.006436 1.006436 1.006436
5753.896973 0.000000 4515.918457 0.000000 0.943107 0.000000 -0.332488 1.010154 1.010154 1.010154
5814.496582 0.000000 4595.248047 0.000000 0.822053 0.000000 -0.569411 1.030248 1.030248 1.030248
5749.972168 0.000000 4553.806152 0.000000 0.979337 0.000000 -0.202236 1.019828 1.019828 1.019828
5795.190430 0.000000 4542.246582 0.000000 0.151321 0.000000 -0.988485 1.042508 1.042508 1.042508
5781.770020 0.000000 4510.755859 0.000000 0.162378 0.000000 -0.986729 1.028115 1.028115 1.028115
5745.323242 0.000000 4538.541504 0.000000 0.964155 0.000000 -0.265341 1.011398 1.011398 1.011398
5779.605957 0.000000 4546.056152 0.000000 0.443806 0.000000 -0.896123 1.047150 1.047150 1.047150
5780.721680 0.000000 4499.429199 0.000000 0.982215 0.000000 -0.187759 1.008016 1.008016 1.008016
5757.222656 0.000000 4530.513672 0.000000 0.603764 0.000000 -0.797163 1.023033 1.023033 1.023033
5813.675293 0.000000 4599.295898 0.000000 0.215274 0.000000 -0.976554 1.074358 1.074358 1.074358
5742.997559 0.000000 4540.990723 0.000000 0.919078 0.000000 -0.394075 1.023259 1.023259 1.023259
5758.638672 0.000000 4498.283203 0.000000 0.627955 0.000000 -0.778249 1.033399 1.033399 1.033399
5775.005859 0.000000 4548.704102 0.000000 0.629361 0.000000 -0.777113 1.035553 1.035553 1.035553
5758.627441 0.000000 4519.929688 0.000000 0.955158 0.000000 -0.296097 1.008255 1.008255 1.008255
5762.221191 0.000000 4510.733887 0.000000 0.517476 0.000000 -0.855698 1.051274 1.051274 1.051274
5772.551270 0.000000 4503.335449 0.000000 0.309312 0.000000 -0.950961 1.059593 1.059593 1.059593
5756.437500 0.000000 4539.068359 0.000000 0.865443 0.000000 -0.501007 1.027512 1.027512 1.027512
5744.537109 0.000000 4503.970215 0.000000 0.016669 0.000000 -0.999861 1.050439 1.050439 1.050439
5756.977539 0.000000 4502.817383 0.000000 0.388656 0.000000 -0.921383 1.055575 1.055575 1.055575
5761.628906 0.000000 4540.328613 0.000000 0.170409 0.000000 -0.985373 1.087351 1.087351 1.087351
5752.827637 0.000000 4505.876465 0.000000 0.596670 0.000000 -0.802487 1.034881 1.034881 1.034881
5745.840332 0.000000 4549.638184 0.000000 0.998706 0.000000 -0.050851 1.005334 1.005334 1.005334
5758.561035 0.000000 4551.535645 0.000000 0.984086 0.000000 -0.177694 1.014272 1.014272 1.014272
5802.600098 0.000000 4503.374023 0.000000 0.997910 0.000000 -0.064623 1.002906 1.002906 1.002906
5778.578613 0.000000 4540.009766 0.000000 0.978105 0.000000 -0.208112 1.012038 1.012038 1.012038
5757.454590 0.000000 4535.859863 0.000000 0.984734 0.000000 -0.174068 1.006115 1.006115 1.006115
5753.277344 0.000000 4511.569336 0.000000 0.414929 0.000000 -0.909854 1.042801 1.042801 1.042801
5775.167969 0.000000 4531.865723 0.000000 0.956995 0.000000 -0.290105 1.008818 1.008818 1.008818
5779.680664 0.000000 4496.848145 0.000000 0.128940 0.000000 -0.991652 1.061179 1.061179 1.061179
5765.389648 0.000000 4536.356934 0.000000 0.999179 0.000000 0.040509 0.998078 0.998078 0.998078
5745.480957 0.000000 4565.173828 0.000000 0.648081 0.000000 -0.761571 1.045388 1.045388 1.045388
5744.437012 0.000000 4545.013672 0.000000 0.803137 0.000000 -0.595794 1.054177 1.054177 1.054177
5753.531250 0.000000 4543.992188 0.000000 0.121408 0.000000 -0.992603 1.097678 1.097678 1.097678
5752.999023 0.000000 4534.576172 0.000000 0.864712 0.000000 -0.502268 1.017079 1.017079 1.017079
5789.563965 0.000000 4499.689941 0.000000 0.943656 0.000000 -0.330928 1.018525 1.018525 1.018525
5811.587891 0.000000 4495.986328 0.000000 0.770964 0.000000 -0.636879 1.036198 1.036198 1.036198
5765.528320 0.000000 4513.625977 0.000000 0.401139 0.000000 -0.916017 1.049149 1.049149 1.049149
5756.393555 0.000000 4569.907227 0.000000 0.567924 0.000000 -0.823081 1.031378 1.031378 1.031378
5786.129883 0.000000 4548.782715 0.000000 0.197601 0.000000 -0.980283 1.044525 1.044525 1.044525
5761.511719 0.000000 4532.891113 0.000000 0.594266 0.000000 -0.804268 1.027995 1.027995 1.027995
5751.098145 0.000000 4545.589355 0.000000 0.974810 0.000000 -0.223037 1.016846 1.016846 1.016846
5802.761230 0.000000 4500.706055 0.000000 0.271069 0.000000 -0.962560 1.074434 1.074434 1.074434
5808.865723 0.000000 4596.359375 0.000000 0.451058 0.000000 -0.892495 1.044053 1.044053 1.044053
5789.170898 0.000000 4496.852051 0.000000 0.766699 0.000000 -0.642007 1.043509 1.043509 1.043509
5765.041992 0.000000 4499.040039 0.000000 0.999861 0.000000 0.016646 0.999252 0.999252 0.999252
5741.652344 0.000000 4549.107910 0.000000 0.819363 0.000000 -0.573274 1.062490 1.062490 1.062490
5753.272461 0.000000 4541.363770 0.000000 0.679281 0.000000 -0.733878 1.049373 1.049373 1.049373
5772.848633 0.000000 4533.417480 0.000000 0.998338 0.000000 -0.057632 1.002303 1.002303 1.002303
5761.975098 0.000000 4502.125488 0.000000 0.998951 0.000000 0.045798 0.997598 0.997598 0.997598
5786.836426 0.000000 4539.437500 0.000000 0.996432 0.000000 -0.084396 1.004852 1.004852 1.004852
5769.875488 0.000000 4550.061523 0.000000 0.948846 0.000000 -0.315741 1.017644 1.017644 1.017644
5754.604492 0.000000 4507.965820 0.000000 0.999997 0.000000 -0.002497 1.000112 1.000112 1.000112
5818.937500 0.000000 4598.735840 0.000000 0.179269 0.000000 -0.983800 1.076375 1.076375 1.076375
5744.687012 0.000000 4498.740234 0.000000 0.976153 0.000000 -0.217082 1.007648 1.007648 1.007648
5757.070312 0.000000 4500.292969 0.000000 0.999629 0.000000 0.027221 0.998845 0.998845 0.998845
5764.265625 0.000000 4561.878418 0.000000 0.364902 0.000000 -0.931046 1.050814 1.050814 1.050814
5799.013184 0.000000 4499.092285 0.000000 0.473725 0.000000 -0.880673 1.077995 1.077995 1.077995
5748.282227 0.000000 4566.739258 0.000000 0.999696 0.000000 0.024659 0.999076 0.999076 0.999076
5766.479004 0.000000 4534.127930 0.000000 0.944918 0.000000 -0.327306 1.014985 1.014985 1.014985
5778.065918 0.000000 4544.095703 0.000000 0.277267 0.000000 -0.960793 1.064403 1.064403 1.064403
5768.485840 0.000000 4497.044434 0.000000 0.095366 0.000000 -0.995442 1.062613 1.062613 1.062613
5777.564453 0.000000 4501.568848 0.000000 0.085845 0.000000 -0.996309 1.063019 1.063019 1.063019
5765.736328 0.000000 4556.393555 0.000000 0.353797 0.000000 -0.935322 1.066412 1.066412 1.066412
5750.858887 0.000000 4551.397461 0.000000 0.946901 0.000000 -0.321526 1.031054 1.031054 1.031054
5788.201660 0.000000 4533.167480 0.000000 0.979240 0.000000 -0.202702 1.008663 1.008663 1.008663
5745.660645 0.000000 4557.587891 0.000000 0.831181 0.000000 -0.556002 1.055932 1.055932 1.055932
5761.206055 0.000000 4563.243652 0.000000 0.945025 0.000000 -0.326997 1.018296 1.018296 1.018296
5769.074707 0.000000 4505.300293 0.000000 0.878329 0.000000 -0.478057 1.028621 1.028621 1.028621
5741.546387 0.000000 4546.225098 0.000000 0.983411 0.000000 -0.181392 1.017304 1.017304 1.017304
5766.745605 0.000000 4538.971191 0.000000 0.942470 0.000000 -0.334291 1.017019 1.017019 1.017019
5757.829102 0.000000 4507.333984 0.000000 0.536023 0.000000 -0.844204 1.052694 1.052694 1.052694
5791.290039 0.000000 4541.486816 0.000000 0.385635 0.000000 -0.922651 1.052798 1.052798 1.052798
5762.129395 0.000000 4547.710449 0.000000 0.910354 0.000000 -0.413830 1.030890 1.030890 1.030890
5783.627441 0.000000 4543.030273 0.000000 0.713378 0.000000 -0.700779 1.040709 1.040709 1.040709
5746.395020 0.000000 4562.085938 0.000000 0.666657 0.000000 -0.745365 1.054595 1.054595 1.054595
5747.892578 0.000000 4554.873535 0.000000 0.469872 0.000000 -0.882735 1.108016 1.108016 1.108016
5757.560547 0.000000 4543.380371 0.000000 0.451120 0.000000 -0.892463 1.079841 1.079841 1.079841
5771.222656 0.000000 4508.426758 0.000000 0.073742 0.000000 -0.997277 1.071009 1.071009 1.071009
5747.845703 0.000000 4548.475098 0.000000 0.578781 0.000000 -0.815483 1.097605 1.097605 1.097605
5785.507812 0.000000 4535.031250 0.000000 0.665750 0.000000 -0.746174 1.044160 1.044160 1.044160
5741.517578 0.000000 4552.589355 0.000000 0.898028 0.000000 -0.439938 1.048902 1.048902 1.048902
5759.714844 0.000000 4557.191895 0.000000 0.984534 0.000000 -0.175195 1.014069 1.014069 1.014069
5769.594727 0.000000 4534.898438 0.000000 0.704990 0.000000 -0.709217 1.035428 1.035428 1.035428
5769.193848 0.000000 4541.817383 0.000000 0.299175 0.000000 -0.954198 1.069587 1.069587 1.069587
5791.698730 0.000000 4500.136719 0.000000 0.252083 0.000000 -0.967706 1.068993 1.068993 1.068993
5760.373047 0.000000 4513.818848 0.000000 0.221771 0.000000 -0.975099 1.060539 1.060539 1.060539
5754.956543 0.000000 4551.333984 0.000000 0.856530 0.000000 -0.516097 1.048739 1.048739 1.048739
5773.776367 0.000000 4536.393066 0.000000 0.577638 0.000000 -0.816293 1.047682 1.047682 1.047682
5776.535156 0.000000 4539.337891 0.000000 0.428124 0.000000 -0.903720 1.061975 1.061975 1.061975
5768.851074 0.000000 4539.503418 0.000000 0.960051 0.000000 -0.279824 1.014869 1.014869 1.014869
5746.329590 0.000000 4540.540527 0.000000 0.927404 0.000000 -0.374060 1.019143 1.019143 1.019143
5769.418945 0.000000 4500.958008 0.000000 0.987952 0.000000 -0.154758 1.008146 1.008146 1.008146
5800.646973 0.000000 4500.567871 0.000000 0.348105 0.000000 -0.937456 1.075848 1.075848 1.075848
5762.000488 0.000000 4506.917969 0.000000 0.627798 0.000000 -0.778376 1.053451 1.053451 1.053451
5771.738281 0.000000 4544.312012 0.000000 0.376211 0.000000 -0.926534 1.065090 1.065090 1.065090
5769.025879 0.000000 4552.146484 0.000000 0.999116 0.000000 0.042033 0.997901 0.997901 0.997901
5760.371582 0.000000 4559.175293 0.000000 0.356612 0.000000 -0.934253 1.084314 1.084314 1.084314
5804.668945 0.000000 4499.752930 0.000000 0.015052 0.000000 -0.999887 1.093216 1.093216 1.093216
5782.955566 0.000000 4495.412598 0.000000 0.730944 0.000000 -0.682438 1.037503 1.037503 1.037503
5748.335449 0.000000 4561.433105 0.000000 0.995003 0.000000 -0.099850 1.007241 1.007241 1.007241
5766.279785 0.000000 4552.648926 0.000000 0.983725 0.000000 -0.179680 1.009472 1.009472 1.009472
5755.073730 0.000000 4545.550781 0.000000 0.453123 0.000000 -0.891448 1.087921 1.087921 1.087921
5772.356445 0.000000 4538.333984 0.000000 0.017178 0.000000 -0.999852 1.085331 1.085331 1.085331
5765.080078 0.000000 4540.785156 0.000000 0.991163 0.000000 -0.132647 1.007971 1.007971 1.007971
5756.415039 0.000000 4555.339844 0.000000 0.250717 0.000000 -0.968060 1.115111 1.115111 1.115111
5754.464355 0.000000 4565.258789 0.000000 0.901819 0.000000 -0.432114 1.024542 1.024542 1.024542
5771.387695 0.000000 4542.361816 0.000000 0.557186 0.000000 -0.830388 1.053815 1.053815 1.053815
5767.108398 0.000000 4504.332031 0.000000 0.874485 0.000000 -0.485052 1.029079 1.029079 1.029079
5743.812500 0.000000 4543.227051 0.000000 0.957084 0.000000 -0.289811 1.021288 1.021288 1.021288
5756.080566 0.000000 4559.217773 0.000000 0.969489 0.000000 -0.245133 1.021022 1.021022 1.021022
5796.427246 0.000000 4496.463379 0.000000 0.941087 0.000000 -0.338164 1.027559 1.027559 1.027559
5761.324707 0.000000 4545.986816 0.000000 0.996849 0.000000 -0.079317 1.005947 1.005947 1.005947
5762.945801 0.000000 4553.194824 0.000000 0.897288 0.000000 -0.441445 1.031960 1.031960 1.031960
5752.184570 0.000000 4554.169434 0.000000 0.411155 0.000000 -0.911565 1.108822 1.108822 1.108822
5800.514160 0.000000 4495.230469 0.000000 0.885646 0.000000 -0.464361 1.042197 1.042197 1.042197
5762.375977 0.000000 4543.520020 0.000000 0.265513 0.000000 -0.964107 1.091018 1.091018 1.091018
5748.206055 0.000000 4552.904297 0.000000 0.994725 0.000000 -0.102574 1.010005 1.010005 1.010005
5764.157227 0.000000 4544.069824 0.000000 0.896372 0.000000 -0.443303 1.030959 1.030959 1.030959
5757.925781 0.000000 4557.051270 0.000000 0.066158 0.000000 -0.997809 1.131470 1.131470 1.131470
5798.747070 0.000000 4494.784180 0.000000 0.931972 0.000000 -0.362530 1.031490 1.031490 1.031490
5760.376465 0.000000 4551.375977 0.000000 0.993498 0.000000 -0.113847 1.008830 1.008830 1.008830
5747.193848 0.000000 4556.541992 0.000000 0.014160 0.000000 -0.999900 1.143790 1.143790 1.143790
5756.744629 0.000000 4551.429688 0.000000 0.819175 0.000000 -0.573543 1.053373 1.053373 1.053373
5757.188477 0.000000 4547.344238 0.000000 0.478242 0.000000 -0.878228 1.088330 1.088330 1.088330
5741.486328 0.000000 4559.383301 0.000000 0.307770 0.000000 -0.951461 1.106778 1.106778 1.106778
5762.795898 0.000000 4549.274902 0.000000 0.656433 0.000000 -0.754384 1.061881 1.061881 1.061881
5745.255859 0.000000 4551.305176 0.000000 0.310442 0.000000 -0.950592 1.134741 1.134741 1.134741
5759.254883 0.000000 4543.183105 0.000000 0.071104 0.000000 -0.997469 1.112317 1.112317 1.112317
5754.787109 0.000000 4556.199219 0.000000 0.881527 0.000000 -0.472134 1.044193 1.044193 1.044193
5795.485840 0.000000 4493.661621 0.000000 0.613647 0.000000 -0.789581 1.079526 1.079526 1.079526
5750.832520 0.000000 4549.663574 0.000000 0.139343 0.000000 -0.990244 1.128612 1.128612 1.128612
5790.136230 0.000000 4493.357910 0.000000 0.625343 0.000000 -0.780350 1.071519 1.071519 1.071519
5805.668457 0.000000 4493.662109 0.000000 0.901413 0.000000 -0.432961 1.038008 1.038008 1.038008
5742.882812 0.000000 4545.195312 0.000000 0.346397 0.000000 -0.938088 1.103308 1.103308 1.103308
5749.183105 0.000000 4549.329590 0.000000 0.709245 0.000000 -0.704962 1.078129 1.078129 1.078129
5742.193359 0.000000 4547.646484 0.000000 0.437931 0.000000 -0.899009 1.108806 1.108806 1.108806
5749.375000 0.000000 4555.397461 0.000000 0.806840 0.000000 -0.590769 1.061536 1.061536 1.061536
5749.598633 0.000000 4552.309082 0.000000 0.542579 0.000000 -0.840005 1.097102 1.097102 1.097102
5751.207031 0.000000 4552.874023 0.000000 0.869497 0.000000 -0.493938 1.050300 1.050300 1.050300
5746.726074 0.000000 4554.033691 0.000000 0.566483 0.000000 -0.824074 1.096723 1.096723 1.096723
5744.842285 0.000000 4548.479980 0.000000 0.160681 0.000000 -0.987006 1.147784 1.147784 1.147784
5835.842773 0.000000 4596.331543 0.000000 0.598779 0.000000 -0.800914 1.006957 1.006957 1.006957
5769.985840 0.000000 4699.056152 0.000000 0.988409 0.000000 -0.151815 1.003044 1.003044 1.003044
5748.293945 0.000000 4677.912598 0.000000 0.887230 0.000000 -0.461328 1.010774 1.010774 1.010774
5756.349609 0.000000 4702.510742 0.000000 0.997587 0.000000 -0.069425 1.002775 1.002775 1.002775
5815.072754 0.000000 4602.184082 0.000000 0.992302 0.000000 -0.123840 1.007129 1.007129 1.007129
5742.333984 0.000000 4699.719727 0.000000 0.681548 0.000000 -0.731773 1.002049 1.002049 1.002049
5816.664551 0.000000 4617.454102 0.000000 0.363180 0.000000 -0.931719 1.020956 1.020956 1.020956
5754.549316 0.000000 4694.866211 0.000000 0.112276 0.000000 -0.993677 1.021844 1.021844 1.021844
5748.850586 0.000000 4703.315918 0.000000 0.953747 0.000000 -0.300610 1.006860 1.006860 1.006860
5753.157227 0.000000 4687.371582 0.000000 0.580720 0.000000 -0.814103 1.004749 1.004749 1.004749
5825.072266 0.000000 4615.262695 0.000000 0.895563 0.000000 -0.444935 1.006907 1.006907 1.006907
5806.549805 0.000000 4616.261719 0.000000 0.526125 0.000000 -0.850407 1.010154 1.010154 1.010154
5748.137695 0.000000 4671.014648 0.000000 0.977556 0.000000 -0.210673 1.003180 1.003180 1.003180
5748.750488 0.000000 4697.208496 0.000000 0.980251 0.000000 -0.197759 1.001988 1.001988 1.001988
5748.063477 0.000000 4684.163086 0.000000 0.895090 0.000000 -0.445885 1.008077 1.008077 1.008077
5810.233887 0.000000 4605.532715 0.000000 0.989444 0.000000 -0.144916 1.006535 1.006535 1.006535
5816.342285 0.000000 4607.664551 0.000000 0.051955 0.000000 -0.998649 1.072044 1.072044 1.072044
5743.031250 0.000000 4678.912598 0.000000 0.991613 0.000000 -0.129241 1.005177 1.005177 1.005177
5764.158203 0.000000 4701.862305 0.000000 0.731511 0.000000 -0.681830 1.024350 1.024350 1.024350
5811.293945 0.000000 4617.248535 0.000000 0.706477 0.000000 -0.707736 1.011778 1.011778 1.011778
5758.978516 0.000000 4693.434082 0.000000 0.930701 0.000000 -0.365780 1.004674 1.004674 1.004674
5752.901855 0.000000 4699.323730 0.000000 0.998684 0.000000 0.051293 0.998847 0.998847 0.998847
5751.568848 0.000000 4681.134766 0.000000 0.652850 0.000000 -0.757488 1.012874 1.012874 1.012874
5766.473633 0.000000 4696.411133 0.000000 0.804619 0.000000 -0.593791 1.011110 1.011110 1.011110
5757.892090 0.000000 4698.415039 0.000000 0.695191 0.000000 -0.718825 1.022028 1.022028 1.022028
5826.220703 0.000000 4611.148438 0.000000 0.530815 0.000000 -0.847488 1.020197 1.020197 1.020197
5753.218750 0.000000 4705.283691 0.000000 0.999226 0.000000 0.039333 0.998625 0.998625 0.998625
5807.399902 0.000000 4612.278809 0.000000 0.999855 0.000000 -0.017012 1.000340 1.000340 1.000340
5745.855469 0.000000 4674.802246 0.000000 0.393766 0.000000 -0.919211 1.037845 1.037845 1.037845
5746.088379 0.000000 4700.530273 0.000000 0.029510 0.000000 -0.999564 1.023087 1.023087 1.023087
5823.424805 0.000000 4605.487793 0.000000 0.150525 0.000000 -0.988606 1.060254 1.060254 1.060254
5818.376953 0.000000 4610.580566 0.000000 0.941207 0.000000 -0.337832 1.011184 1.011184 1.011184
5808.641602 0.000000 4608.941895 0.000000 0.948766 0.000000 -0.315979 1.010434 1.010434 1.010434
5823.023926 0.000000 4612.245117 0.000000 0.887016 0.000000 -0.461738 1.010784 1.010784 1.010784
5767.344727 0.000000 4701.135254 0.000000 0.561928 0.000000 -0.827186 1.026750 1.026750 1.026750
5812.647461 0.000000 4614.250488 0.000000 0.355943 0.000000 -0.934507 1.027117 1.027117 1.027117
5813.491211 0.000000 4604.934570 0.000000 0.580991 0.000000 -0.813910 1.047477 1.047477 1.047477
5751.877930 0.000000 4702.248535 0.000000 0.127061 0.000000 -0.991895 1.039638 1.039638 1.039638
5808.728027 0.000000 4602.781738 0.000000 0.870012 0.000000 -0.493030 1.021881 1.021881 1.021881
5825.596680 0.000000 4603.425781 0.000000 0.081415 0.000000 -0.996680 1.055771 1.055771 1.055771
5819.272949 0.000000 4607.015625 0.000000 0.991995 0.000000 -0.126276 1.005690 1.005690 1.005690
5764.426758 0.000000 4698.730469 0.000000 0.711910 0.000000 -0.702271 1.019438 1.019438 1.019438
5771.767090 0.000000 4705.551270 0.000000 0.953991 0.000000 -0.299835 1.008363 1.008363 1.008363
5814.298340 0.000000 4610.349121 0.000000 0.282155 0.000000 -0.959369 1.044904 1.044904 1.044904
5822.378418 0.000000 4602.922852 0.000000 0.437551 0.000000 -0.899194 1.047446 1.047446 1.047446
5743.499512 0.000000 4676.205566 0.000000 0.286966 0.000000 -0.957941 1.051119 1.051119 1.051119
5763.057129 0.000000 4704.448730 0.000000 0.125231 0.000000 -0.992128 1.064946 1.064946 1.064946
5745.534668 0.000000 4677.959473 0.000000 0.088044 0.000000 -0.996117 1.048119 1.048119 1.048119
5811.587891 0.000000 4602.970703 0.000000 0.935375 0.000000 -0.353657 1.017146 1.017146 1.017146
5744.581543 0.000000 4683.028809 0.000000 0.037854 0.000000 -0.999283 1.049752 1.049752 1.049752
5741.492188 0.000000 4681.237305 0.000000 0.695381 0.000000 -0.718641 1.036033 1.036033 1.036033
5821.276367 0.000000 4600.553711 0.000000 0.950778 0.000000 -0.309873 1.015731 1.015731 1.015731
5761.099121 0.000000 4707.272461 0.000000 0.786621 0.000000 -0.617437 1.034889 1.034889 1.034889
5758.820312 0.000000 4702.371094 0.000000 0.517562 0.000000 -0.855646 1.041015 1.041015 1.041015
5767.565430 0.000000 4706.365234 0.000000 0.871884 0.000000 -0.489712 1.021720 1.021720 1.021720
5813.267090 0.000000 4600.591309 0.000000 0.834119 0.000000 -0.551585 1.032090 1.032090 1.032090
5819.856934 0.000000 4602.057617 0.000000 0.283377 0.000000 -0.959009 1.070494 1.070494 1.070494
5828.699707 0.000000 4612.747559 0.000000 0.301471 0.000000 -0.953475 1.015785 1.015785 1.015785
5832.440918 0.000000 4608.169922 0.000000 0.442942 0.000000 -0.896550 1.011104 1.011104 1.011104
5829.145508 0.000000 4609.296387 0.000000 0.561810 0.000000 -0.827267 1.019458 1.019458 1.019458
6121.503418 0.000000 4280.084473 0.000000 0.663267 0.000000 -0.748383 1.035889 1.035889 1.035889
6132.422852 0.000000 4298.656250 0.000000 0.987076 0.000000 -0.160255 1.001607 1.001607 1.001607
6130.475098 0.000000 4303.287109 0.000000 0.181100 0.000000 -0.983465 1.884068 1.884068 1.884068
6117.061035 0.000000 4279.785156 0.000000 0.767366 0.000000 -0.641210 1.027804 1.027804 1.027804
6126.296875 0.000000 4303.146484 0.000000 0.999937 0.000000 0.011198 0.996953 0.996953 0.996953
6133.030273 0.000000 4301.390625 0.000000 0.802218 0.000000 -0.597031 1.083058 1.083058 1.083058
6116.454590 0.000000 4283.075684 0.000000 0.951703 0.000000 -0.307020 1.198664 1.198664 1.198664
6130.632324 0.000000 4305.867676 0.000000 0.909239 0.000000 -0.416273 1.227238 1.227238 1.227238
6119.237305 0.000000 4280.574707 0.000000 0.873645 0.000000 -0.486565 1.144624 1.144624 1.144624
6121.666992 0.000000 4285.718262 0.000000 0.797744 0.000000 -0.602997 1.239153 1.239153 1.239153
6114.942383 0.000000 4287.395020 0.000000 0.536640 0.000000 -0.843811 1.080237 1.080237 1.080237
6118.539062 0.000000 4288.825195 0.000000 0.742824 0.000000 -0.669486 1.076913 1.076913 1.076913
6129.585449 0.000000 4298.688477 0.000000 0.194036 0.000000 -0.980994 1.127060 1.127060 1.127060
6121.014648 0.000000 4287.565430 0.000000 0.459644 0.000000 -0.888103 1.193775 1.193775 1.193775
6114.723145 0.000000 4284.174316 0.000000 0.622317 0.000000 -0.782765 1.318738 1.318738 1.318738
6129.241211 0.000000 4306.780273 0.000000 0.691670 0.000000 -0.722213 1.151103 1.151103 1.151103
6128.806152 0.000000 4300.366211 0.000000 0.999997 0.000000 0.002265 0.999135 0.999135 0.999135
6130.995117 0.000000 4298.149902 0.000000 0.999996 0.000000 0.002653 0.999735 0.999735 0.999735
6129.865234 0.000000 4301.884766 0.000000 0.895443 0.000000 -0.445175 1.176230 1.176230 1.176230
6119.610352 0.000000 4287.900879 0.000000 0.496285 0.000000 -0.868159 1.435762 1.435762 1.435762
6116.782715 0.000000 4284.506836 0.000000 0.862944 0.000000 -0.505300 1.337236 1.337236 1.337236
6117.109863 0.000000 4285.733887 0.000000 0.999738 0.000000 -0.022896 1.014577 1.014577 1.014577
6115.267578 0.000000 4282.604980 0.000000 0.819412 0.000000 -0.573206 1.219445 1.219445 1.219445
6126.841797 0.000000 4304.274902 0.000000 0.867849 0.000000 -0.496829 1.097354 1.097354 1.097354
6130.514160 0.000000 4307.166016 0.000000 0.494383 0.000000 -0.869244 1.210443 1.210443 1.210443
6119.607422 0.000000 4281.863281 0.000000 0.591959 0.000000 -0.805968 1.266764 1.266764 1.266764
6118.568359 0.000000 4287.360840 0.000000 0.953079 0.000000 -0.302722 1.127456 1.127456 1.127456
6118.970703 0.000000 4284.062012 0.000000 0.424939 0.000000 -0.905222 1.720591 1.720591 1.720591
6133.426270 0.000000 4302.442871 0.000000 0.350316 0.000000 -0.936631 1.390616 1.390616 1.390616
6119.172363 0.000000 4285.391602 0.000000 0.470646 0.000000 -0.882322 1.688042 1.688042 1.688042
6115.823242 0.000000 4284.017578 0.000000 0.998869 0.000000 -0.047545 1.016862 1.016862 1.016862
6116.533203 0.000000 4281.989746 0.000000 0.997836 0.000000 0.065750 0.977824 0.977824 0.977824
6116.702637 0.000000 4280.804199 0.000000 0.618079 0.000000 -0.786116 1.304847 1.304847 1.304847
6120.039551 0.000000 4282.861816 0.000000 0.748076 0.000000 -0.663613 1.188405 1.188405 1.188405
6130.432129 0.000000 4304.826172 0.000000 0.499681 0.000000 -0.866209 1.554443 1.554443 1.554443
6128.477051 0.000000 4304.647461 0.000000 0.859207 0.000000 -0.511628 1.273532 1.273532 1.273532
6128.031250 0.000000 4302.761230 0.000000 0.217284 0.000000 -0.976108 1.830188 1.830188 1.830188
6132.171387 0.000000 4303.961426 0.000000 0.088016 0.000000 -0.996119 1.477500 1.477500 1.477500
6131.211426 0.000000 4300.778809 0.000000 1.000000 0.000000 0.000908 0.999626 0.999626 0.999626
6119.748047 0.000000 4283.680176 0.000000 0.612224 0.000000 -0.790684 1.523633 1.523633 1.523633
6130.598145 0.000000 4302.377930 0.000000 0.337104 0.000000 -0.941467 1.781105 1.781105 1.781105
6118.267578 0.000000 4282.258789 0.000000 0.552979 0.000000 -0.833196 1.565513 1.565513 1.565513
6129.763672 0.000000 4303.722656 0.000000 0.244303 0.000000 -0.969699 1.813133 1.813133 1.813133
5768.499512 0.000000 4728.839355 0.000000 0.999783 0.000000 -0.020841 1.000052 1.000052 1.000052
5773.534668 0.000000 4708.021973 0.000000 0.463685 0.000000 -0.886000 1.027179 1.027179 1.027179
5759.554688 0.000000 4715.419434 0.000000 0.895721 0.000000 -0.444617 1.023006 1.023006 1.023006
5755.547852 0.000000 4727.143555 0.000000 0.999524 0.000000 -0.030835 1.000385 1.000385 1.000385
5775.781250 0.000000 4719.541504 0.000000 0.731279 0.000000 -0.682078 1.009370 1.009370 1.009370
5741.707520 0.000000 4719.731934 0.000000 0.156786 0.000000 -0.987633 1.003528 1.003528 1.003528
5754.369629 0.000000 4707.400879 0.000000 0.804389 0.000000 -0.594103 1.028587 1.028587 1.028587
5766.804199 0.000000 4720.229492 0.000000 0.750681 0.000000 -0.660665 1.018018 1.018018 1.018018
5760.235840 0.000000 4722.266602 0.000000 0.820460 0.000000 -0.571704 1.016713 1.016713 1.016713
5777.488770 0.000000 4713.082031 0.000000 0.963109 0.000000 -0.269110 1.003401 1.003401 1.003401
5750.558594 0.000000 4711.822266 0.000000 0.998767 0.000000 0.049636 0.998264 0.998264 0.998264
5762.567871 0.000000 4727.696777 0.000000 0.085915 0.000000 -0.996302 1.018534 1.018534 1.018534
5752.242676 0.000000 4722.953125 0.000000 0.849468 0.000000 -0.527640 1.011101 1.011101 1.011101
5748.861328 0.000000 4707.316895 0.000000 0.542415 0.000000 -0.840111 1.027393 1.027393 1.027393
5771.386719 0.000000 4720.103516 0.000000 0.999562 0.000000 0.029595 0.999409 0.999409 0.999409
5769.092285 0.000000 4707.722656 0.000000 0.743741 0.000000 -0.668468 1.025590 1.025590 1.025590
5768.548340 0.000000 4716.856934 0.000000 0.027968 0.000000 -0.999609 1.046221 1.046221 1.046221
5756.742188 0.000000 4723.465332 0.000000 0.815374 0.000000 -0.578934 1.015414 1.015414 1.015414
5775.065918 0.000000 4715.876465 0.000000 0.710377 0.000000 -0.703822 1.013644 1.013644 1.013644
5768.980469 0.000000 4722.932617 0.000000 0.111547 0.000000 -0.993759 1.025498 1.025498 1.025498
5767.863770 0.000000 4713.407715 0.000000 0.940346 0.000000 -0.340221 1.014734 1.014734 1.014734
5747.133789 0.000000 4712.091797 0.000000 0.776799 0.000000 -0.629748 1.015306 1.015306 1.015306
5758.638672 0.000000 4712.251953 0.000000 0.821630 0.000000 -0.570021 1.033313 1.033313 1.033313
5751.638672 0.000000 4708.903320 0.000000 0.866481 0.000000 -0.499210 1.018269 1.018269 1.018269
5756.977539 0.000000 4716.786133 0.000000 0.721456 0.000000 -0.692460 1.032463 1.032463 1.032463
5753.622070 0.000000 4710.454590 0.000000 0.977376 0.000000 -0.211507 1.009045 1.009045 1.009045
5761.975098 0.000000 4716.094238 0.000000 0.953528 0.000000 -0.301304 1.013754 1.013754 1.013754
5765.915527 0.000000 4708.080566 0.000000 0.258672 0.000000 -0.965965 1.065367 1.065367 1.065367
5760.404297 0.000000 4717.582031 0.000000 0.047091 0.000000 -0.998891 1.068471 1.068471 1.068471
5761.694336 0.000000 4710.247070 0.000000 0.989130 0.000000 -0.147040 1.008842 1.008842 1.008842
5763.878906 0.000000 4711.017578 0.000000 0.981390 0.000000 -0.192027 1.010613 1.010613 1.010613
"}
