#
# Exported by OpenBRF -- marco tarini
#
s fysg_cheng_taisoufu
newmtl fysg_cheng_taisoufu
Ka 0.8 0.8 0.8
Kd 0.2 0.2 0.2
usemtl fysg_cheng_taisoufu
v 20.2047 18.8509 7.11459
v 20.1933 19.4095 7.15619
v 19.7346 18.9537 6.59642
v 19.746 18.395 6.55484
v 19.1854 18.6834 5.99203
v 19.197 18.1156 5.94977
v 17.4511 18.7298 4.05859
v 17.4628 18.1564 4.01592
v 20.1416 18.8509 7.16501
v 19.683 18.395 6.60524
v 19.6716 18.9537 6.64683
v 20.1303 19.4095 7.2066
v 19.134 18.1156 6.00019
v 19.1224 18.6834 6.04245
v 17.3997 18.1564 4.06633
v 17.388 18.7298 4.10901
v 20.1477 18.8128 -11.9343
v 20.136 19.3714 -11.9758
v 19.68 18.9156 -11.4139
v 19.6916 18.3569 -11.3724
v 19.1337 18.6453 -10.807
v 19.1455 18.0776 -10.7648
v 17.4085 18.7151 -8.86537
v 17.4204 18.1417 -8.82273
v 20.0846 18.8128 -11.9847
v 19.6286 18.3569 -11.4228
v 19.617 18.9156 -11.4643
v 20.073 19.3714 -12.0263
v 19.0825 18.0776 -10.8152
v 19.0707 18.6453 -10.8574
v 17.3574 18.1417 -8.87315
v 17.3455 18.7151 -8.91578
v 9.56002 25.2848 8.61499
v 11.4287 25.3268 10.4124
v 12.0299 25.6391 10.9477
v 12.5397 26.1258 11.4321
v 9.56002 25.8599 8.61499
v 11.4287 25.8962 10.4124
v 12.0299 26.1994 10.9477
v 12.5397 26.6862 11.4321
v 12.4767 26.1258 11.4825
v 12.4767 26.6862 11.4825
v 11.9668 26.1994 10.9982
v 11.9668 25.6391 10.9982
v 11.3657 25.8962 10.4628
v 11.3657 25.3268 10.4628
v 9.49695 25.8599 8.66541
v 9.49695 25.2848 8.66541
v -27.6401 5.49876 -8.61148
v -27.6401 5.49877 3.73783
v 17.153 5.49877 3.73784
v 17.153 8.63596 3.73784
v 17.153 8.63596 -8.61543
v 17.153 5.49876 -8.61543
v -27.6401 8.63667 -8.61148
v -27.6401 8.63668 3.73783
v -27.6401 5.49876 -0.378599
v -27.6401 5.49876 -4.49504
v 17.153 5.49876 -4.49767
v 17.153 5.49876 -0.379915
v 17.153 8.63596 -0.379915
v 17.153 8.63596 -4.49767
v -27.6401 8.63668 -4.49504
v -27.6401 8.63668 -0.378599
v 17.7976 5.59548 -10.1024
v 10.9698 5.59548 -10.0975
v -28.403 5.59548 8.25861
v -21.4898 5.59548 8.25108
v -21.4907 5.59548 14.2727
v 10.9573 5.59548 14.2686
v 10.9623 5.59548 8.28623
v 17.7946 5.59548 8.28501
v -21.4907 5.59548 -13.1366
v 10.9666 5.59548 -13.1325
v -21.4902 5.59548 -10.1258
v -28.403 5.59548 -10.1246
v -21.4804 5.59548 -10.1246
v 18.1552 5.59548 -10.5748
v 11.3944 5.59548 -10.5711
v -22.0143 5.59548 8.81086
v -22.0143 5.59548 14.8026
v 11.4338 5.59548 8.74868
v 18.1552 5.59548 8.75399
v -21.8759 5.59548 -13.6729
v 11.3886 5.59548 -13.6729
v -21.8876 5.59548 -10.582
v -29.0115 5.59548 -10.5899
v 0.205237 5.59548 14.8011
v -10.7752 5.59548 14.8019
v -10.774 5.59548 14.2713
v 0.204588 5.59548 14.2699
v 0.218995 5.59548 -13.1339
v -10.7739 5.59548 -13.1352
v -10.7753 5.59548 -13.6729
v 0.218995 5.59548 -13.6729
v 17.796 5.59548 -0.924162
v -28.403 5.59548 -0.912086
v 18.1552 5.59548 -0.924165
v -29.0067 5.59548 -0.91214
v 18.1551 0.101335 -10.5899
v 18.1551 5.59548 -10.5899
v 18.1551 0.101335 -5.13177
v 18.1551 5.59548 -5.13179
v 18.1551 0.101335 -2.11377
v 18.1551 5.59548 -2.11377
v 17.8045 5.59548 -7.11878
v 14.4897 5.59548 -2.13924
v 17.8031 5.59548 -4.63068
v 14.4923 5.59548 -4.62997
v 14.4924 5.59548 -7.11445
v 14.4875 5.59548 -10.1232
v 17.8032 5.59548 0.353823
v 14.4871 5.59548 0.351489
v 17.7976 5.59548 -10.1246
v 17.7976 5.59548 -2.11375
v 11.1332 5.59548 -2.1435
v 11.1436 5.59548 -4.62926
v 11.1514 5.59548 -7.11011
v 11.2556 0.101335 -10.5635
v 11.2556 5.59548 -10.5635
v 11.144 5.57778 -10.1297
v -23.9846 16.7837 3.7379
v -23.9846 5.49877 3.7379
v -20.3349 5.49877 3.73796
v -20.3349 16.7837 3.73796
v -23.9846 8.63627 3.7379
v -20.3349 8.6363 3.73796
v -30.0079 16.7598 -9.00817
v -30.0079 17.3898 -11.289
v -30.0079 17.9065 -11.289
v -30.0079 17.2765 -9.00817
v -27.9903 17.9065 -9.00817
v -27.9903 17.2765 -11.289
v -27.9903 16.7598 -11.289
v -25.9727 18.2725 -6.72735
v -25.9727 16.8914 -11.289
v -25.9727 16.3748 -11.289
v -30.0079 16.8914 -6.72735
v -30.0079 16.3748 -6.72735
v -25.9727 18.2725 -2.43402
v -30.0079 16.8914 -2.43403
v -30.0079 16.3748 -2.43403
v -27.6342 16.6162 -8.60589
v -27.6342 16.6162 -6.72735
v -27.6342 16.6182 -2.43403
v -25.9727 16.6162 -8.60589
v -20.3355 18.2725 -6.72735
v -19.0088 20.4199 -2.43404
v -20.3355 16.8809 -11.289
v -20.3355 16.3877 -11.289
v -20.322 16.6211 -8.61374
v -25.9727 20.4199 -2.43404
v -30.0079 16.7598 4.14011
v -30.0079 17.3898 6.42094
v -30.0079 17.9065 6.42094
v -30.0079 17.2765 4.14011
v -27.9903 17.9065 4.14012
v -27.9903 17.2765 6.42095
v -27.9903 16.7598 6.42095
v -25.9727 18.2725 1.8593
v -25.9727 16.8914 6.42095
v -25.9727 16.3748 6.42095
v -30.0079 16.8914 1.8593
v -30.0079 16.3748 1.8593
v -27.6342 16.6162 3.73784
v -27.6342 16.6162 1.8593
v -25.9727 16.6162 3.73784
v -20.3355 18.2725 1.8593
v -19.0088 20.4199 -2.434
v -20.1579 18.2259 6.42096
v -20.1579 17.7327 6.42095
v -20.3355 16.6253 3.73784
v -25.9727 20.4199 -2.434
v -27.6401 16.7837 -8.61147
v -27.6401 16.7837 3.73785
v -27.6401 5.49877 3.73784
v -29.8899 17.8178 5.9667
v -30.3417 18.0251 6.47734
v -30.2002 18.3879 6.6372
v -29.7485 18.1806 6.12656
v -30.0588 18.0251 6.79707
v -29.6071 17.8178 6.28642
v -30.5737 18.7092 7.05939
v -28.0421 18.1756 4.1975
v -28.1835 17.8127 4.03764
v -27.9007 17.8127 4.35738
v -25.9371 18.581 1.81789
v -26.0786 18.2181 1.65803
v -25.7957 18.2181 1.97775
v -29.8899 17.8178 -10.8295
v -29.7485 18.1806 -10.9894
v -30.2002 18.3879 -11.5
v -30.3417 18.0251 -11.3402
v -30.0588 18.0251 -11.6599
v -29.6071 17.8178 -11.1492
v -30.5737 18.7092 -11.9222
v -28.1835 17.8127 -8.90047
v -28.0421 18.1756 -9.06033
v -27.9007 17.8127 -9.22019
v -26.0786 18.2181 -6.52085
v -25.9371 18.581 -6.68071
v -25.7957 18.2181 -6.84058
v -25.5727 18.1369 2.9693
v -25.5727 20.7321 -2.434
v -25.9727 20.7321 -2.434
v -25.9727 18.1369 2.9693
v -25.5727 17.8248 2.9693
v -25.5727 20.4199 -2.434
v -25.9727 17.8248 2.9693
v -25.5727 18.1369 -7.83905
v -25.9727 18.1369 -7.83905
v -25.9727 20.7321 -2.43574
v -25.5727 20.7321 -2.43574
v -25.5727 17.8248 -7.83905
v -25.5727 20.4199 -2.43574
v -25.9727 20.4199 -2.43574
v -25.9727 17.8248 -7.83905
v -26.1385 20.2374 -2.03062
v -19.0087 20.2374 -2.03062
v -19.0087 20.7365 -2.03023
v -26.1385 20.7365 -2.03023
v -19.0087 20.2374 -2.83131
v -19.0087 20.7366 -2.83061
v -26.1385 20.2374 -2.83131
v -26.1385 20.7366 -2.83061
v -25.9727 18.2725 -6.72731
v -23.3584 16.8865 6.42095
v -23.3588 18.2725 1.8593
v -23.3593 20.4199 -2.434
v -23.3608 16.8867 -11.289
v -23.36 18.2725 -6.72735
v -23.3593 20.4199 -2.43404
v -23.3587 16.3808 6.42095
v -23.3591 16.6205 3.73784
v -23.3607 16.3806 -11.289
v -23.3602 16.6204 -8.60589
v -19.9467 16.7837 0.629436
v -20.2286 5.46126 11.3571
v -19.9168 5.46126 11.3571
v -20.2286 5.46126 1.08407
v -19.9166 5.46126 1.08407
v -20.2286 16.7837 11.3571
v -20.2286 16.7837 1.08407
v -20.318 5.55113 1.08471
v -20.3158 5.52495 0.629351
v 9.39584 5.55113 0.629351
v 9.39584 5.55113 1.082
v -20.318 6.32051 1.08471
v 9.39584 6.32051 1.082
v 9.39584 6.32051 0.629351
v -20.313 6.32052 0.629291
v 8.52527 20.3676 0.763514
v -19.0216 20.3676 0.763514
v 8.52527 22.9872 0.763514
v -19.0216 22.9872 0.763511
v -12.1391 20.3676 7.72322
v -12.1391 20.3676 -6.19618
v -5.25027 20.3676 7.72323
v -5.25027 20.3676 -6.19618
v -5.25027 22.9872 7.72322
v -5.25027 22.9872 -6.19618
v -19.0216 20.3676 7.72322
v 8.52527 20.3676 7.72322
v 8.52527 20.3676 -6.19618
v -19.0216 20.3676 -6.19618
v 8.52527 22.9872 7.72321
v 8.52527 22.9872 -6.19618
v -19.0216 22.9872 -6.19618
v 1.62409 20.3676 -6.19618
v 1.62409 22.9872 7.72322
v -12.1391 22.9872 -6.19618
v 1.62409 20.3676 7.72322
v -12.1391 22.9872 7.72321
v 1.62409 22.9872 -6.19618
v -22.2247 24.1453 10.7492
v 11.7284 24.1453 10.7492
v -22.2247 24.1453 -9.22214
v 11.7284 24.1453 -9.22214
v -22.2247 24.9188 10.7492
v 11.7284 24.9188 10.7492
v -22.2247 24.9188 -9.22213
v 11.7284 24.9188 -9.22213
v -16.7794 25.4666 5.60505
v 6.28306 25.4666 5.60505
v 6.28306 25.4666 -4.07801
v -16.7794 25.4666 -4.07802
v -19.5021 24.9188 8.17712
v 9.00574 24.9188 8.17711
v 9.00574 24.9188 -6.65007
v -19.5021 24.9188 -6.65007
v 9.00574 23.9756 10.7492
v 9.00574 23.2021 10.7492
v 6.28306 23.3992 10.7492
v 6.28306 22.6257 10.7492
v 11.7284 23.3992 5.60505
v 11.7284 22.6257 5.60505
v 11.7284 23.9756 8.17711
v 11.7284 23.2021 8.17711
v -19.5021 23.9756 10.7492
v -19.5021 23.2021 10.7492
v -16.7794 23.3992 10.7492
v -16.7794 22.6257 10.7492
v -22.2247 23.9756 8.17712
v -22.2247 23.2021 8.17712
v -22.2247 23.3992 5.60505
v -22.2247 22.6257 5.60505
v -22.2247 23.3992 -4.07801
v -22.2247 22.6257 -4.07801
v -22.2247 23.9756 -6.65007
v -22.2247 23.2021 -6.65007
v -19.5021 23.9756 -9.22214
v -19.5021 23.2021 -9.22214
v -16.7794 23.3992 -9.22214
v -16.7794 22.6257 -9.22214
v 6.28306 23.3992 -9.22214
v 6.28306 22.6257 -9.22214
v 9.00574 23.9756 -9.22214
v 9.00574 23.2021 -9.22214
v 11.7284 23.9756 -6.65007
v 11.7284 23.2021 -6.65007
v 11.7284 23.3992 -4.07801
v 11.7284 22.6257 -4.07801
v -19.0216 22.9872 7.72322
v -19.0216 22.9872 5.60505
v -19.0216 22.9872 -4.07801
v -16.7794 22.9872 -6.19618
v 6.28306 22.9872 -6.19618
v 8.52527 22.9872 -4.07801
v 8.52527 22.9872 5.60505
v 6.28306 22.9872 7.72321
v -16.7794 22.9872 7.72322
v -16.7794 28.2429 0.763511
v 6.28306 28.2429 0.763514
v 0.517419 25.4666 5.60505
v -5.25027 25.4666 5.60505
v -11.0138 25.4666 5.60505
v -11.0138 25.4666 -4.07802
v -5.25027 25.4666 -4.07801
v 0.517419 25.4666 -4.07801
v 0.517419 22.6257 10.7492
v -5.25027 22.6257 10.7492
v -11.0138 22.6257 10.7492
v -11.0138 23.3992 10.7492
v -5.25027 23.3992 10.7492
v 0.517419 23.3992 10.7492
v -11.0138 22.6257 -9.22214
v -5.25027 22.6257 -9.22214
v 0.517419 22.6257 -9.22213
v 0.517419 23.3992 -9.22213
v -5.25027 23.3992 -9.22214
v -11.0138 23.3992 -9.22214
v -11.0138 22.9872 -6.19618
v 0.517419 22.9872 -6.19618
v 0.517419 22.9872 7.72322
v -11.0138 22.9872 7.72321
v 0.517419 28.2429 0.763514
v -5.25027 28.2429 0.763514
v -11.0138 28.2429 0.763511
v 6.28306 25.4666 0.763514
v -16.7794 25.4666 0.763511
v 11.7284 23.3992 0.763514
v -22.2247 22.6257 0.763514
v -22.2247 23.3992 0.763514
v 11.7284 22.6257 0.763514
v -19.0216 22.9872 0.763514
v -16.5406 25.3853 5.73863
v -21.684 24.7859 10.5975
v -22.2935 25.0962 11.1733
v -22.9883 26.1204 11.4691
v -22.6752 25.0962 10.8128
v -22.0656 24.7859 10.2369
v -16.9223 25.3853 5.37808
v -22.4844 25.6394 10.9931
v -21.8748 25.3291 10.4172
v -16.7315 25.9285 5.55835
v -19.3812 24.7784 8.42211
v -19.7629 24.7784 8.06156
v -19.5721 25.3216 8.24183
v -16.5406 25.3853 -4.20574
v -21.684 24.7859 -9.06459
v -22.2935 25.0962 -9.64043
v -22.9883 26.1204 -9.93626
v -22.6752 25.0962 -9.27989
v -22.0656 24.7859 -8.70403
v -16.9223 25.3853 -3.8452
v -22.4844 25.6394 -9.46016
v -21.8748 25.3291 -8.88431
v -16.7315 25.9285 -4.02547
v -19.3812 24.7784 -6.88922
v -19.7629 24.7784 -6.52867
v -19.5721 25.3216 -6.70894
v 6.04512 25.3853 -4.20574
v 11.1884 24.7859 -9.06459
v 11.798 25.0962 -9.64044
v 12.4928 26.1204 -9.93626
v 12.1797 25.0962 -9.27989
v 11.5701 24.7859 -8.70403
v 6.4268 25.3853 -3.8452
v 11.9889 25.6394 -9.46017
v 11.3793 25.3291 -8.88431
v 6.23596 25.9285 -4.02547
v 8.88574 24.7784 -6.88922
v 9.26737 24.7784 -6.52867
v 9.07658 25.3216 -6.70894
v 6.04512 25.3853 5.73863
v 11.1884 24.7859 10.5975
v 11.798 25.0962 11.1733
v 12.4928 26.1204 11.4691
v 12.1797 25.0962 10.8128
v 11.5701 24.7859 10.2369
v 6.4268 25.3853 5.37808
v 11.9889 25.6394 10.993
v 11.3793 25.3291 10.4172
v 6.23596 25.9285 5.55835
v 8.88574 24.7784 8.42211
v 9.26737 24.7784 8.06156
v 9.07658 25.3216 8.24183
v 8.16992 19.8593 7.74266
v 13.5535 18.2645 12.8284
v 14.163 18.5748 13.4043
v 14.8578 19.5989 13.7001
v 14.5447 18.5748 13.0437
v 13.9351 18.2645 12.4679
v 8.5516 19.8593 7.38212
v 14.3538 19.118 13.224
v 13.7443 18.8076 12.6481
v 8.36076 20.4025 7.56239
v 11.2507 18.51 10.653
v 11.6324 18.51 10.2925
v 11.4415 19.0532 10.4728
v -18.662 19.8593 7.74267
v -24.0455 18.2645 12.8284
v -24.6551 18.5748 13.4043
v -25.3499 19.5989 13.7001
v -25.0367 18.5748 13.0437
v -24.4272 18.2645 12.4679
v -19.0437 19.8593 7.38212
v -24.8459 19.118 13.224
v -24.2364 18.8076 12.6481
v -18.8528 20.4025 7.56239
v -21.7428 18.51 10.653
v -22.1245 18.51 10.2925
v -21.9336 19.0532 10.4728
v -18.662 19.8593 -6.22395
v -24.0455 18.2645 -11.3097
v -24.6551 18.5748 -11.8855
v -25.3499 19.5989 -12.1814
v -25.0368 18.5748 -11.525
v -24.4272 18.2645 -10.9491
v -19.0437 19.8593 -5.8634
v -24.8459 19.118 -11.7053
v -24.2364 18.8076 -11.1294
v -18.8528 20.4025 -6.04367
v -21.7428 18.51 -9.13433
v -22.1245 18.51 -8.77377
v -21.9336 19.0532 -8.95405
v 8.16992 19.8593 -6.22395
v 13.5535 18.2645 -11.3097
v 14.163 18.5748 -11.8855
v 14.8578 19.5989 -12.1814
v 14.5447 18.5748 -11.525
v 13.9351 18.2645 -10.9491
v 8.5516 19.8593 -5.8634
v 14.3538 19.118 -11.7053
v 13.7443 18.8076 -11.1294
v 8.36076 20.4025 -6.04367
v 11.2507 18.51 -9.13433
v 11.6324 18.51 -8.77378
v 11.4415 19.0532 -8.95405
v -24.4669 17.6416 12.8673
v 13.9706 17.6416 12.8673
v -24.4669 17.6416 -11.3403
v 13.9706 17.6416 -11.3403
v -24.4669 18.4151 12.8673
v 13.9706 18.4151 12.8673
v -24.4669 18.4151 -11.3403
v 13.9706 18.4151 -11.3403
v -19.0216 20.0023 7.72322
v 8.52527 20.0023 7.72322
v 8.52527 20.0023 -6.19618
v -19.0216 20.0023 -6.19618
v -21.7443 18.6675 10.2953
v 11.2479 18.6675 10.2953
v 11.2479 18.6675 -8.76824
v -21.7443 18.6675 -8.76824
v 11.2479 17.472 12.8673
v 11.2479 16.6985 12.8673
v 8.52527 16.8956 12.8673
v 8.52527 16.1221 12.8673
v 13.9706 17.1479 7.72322
v 13.9706 16.3744 7.72322
v 13.9706 17.7243 10.2953
v 13.9706 16.9508 10.2953
v -21.7443 17.472 12.8673
v -21.7443 16.6985 12.8673
v -19.0216 16.8956 12.8673
v -19.0216 16.1221 12.8673
v -24.4669 17.7243 10.2953
v -24.4669 16.9508 10.2953
v -24.4669 17.1479 7.72322
v -24.4669 16.3744 7.72322
v -24.4669 17.1479 -6.19618
v -24.4669 16.3744 -6.19618
v -24.4669 17.7243 -8.76824
v -24.4669 16.9508 -8.76824
v -21.7443 17.472 -11.3403
v -21.7443 16.6985 -11.3403
v -19.0216 16.8956 -11.3403
v -19.0216 16.1221 -11.3403
v 8.52527 16.8956 -11.3403
v 8.52527 16.1221 -11.3403
v 11.2479 17.472 -11.3403
v 11.2479 16.6985 -11.3403
v 13.9706 17.7243 -8.76824
v 13.9706 16.9508 -8.76824
v 13.9706 17.1479 -6.19618
v 13.9706 16.3744 -6.19618
v -20.1776 16.7359 9.84139
v -20.1776 16.7359 7.72323
v -20.1776 16.7359 -6.19617
v -20.1776 16.7359 -8.31434
v -19.0216 16.7359 -8.31435
v 8.52527 16.7359 -8.31435
v 9.81642 16.7359 -8.31435
v 9.81642 16.7359 -6.19618
v 9.81642 16.7359 7.72322
v 9.81642 16.7359 9.84139
v 8.52527 16.7359 9.84139
v -19.0216 16.7359 9.84139
v 3.01586 20.0023 7.72322
v -2.49349 20.0023 7.72322
v -8.00285 20.0023 7.72322
v -13.5123 20.0023 7.72322
v -13.5123 20.0023 -6.19618
v -8.00285 20.0023 -6.19618
v -2.49349 20.0023 -6.19618
v 3.01586 20.0023 -6.19618
v 3.01586 16.1221 12.8673
v -2.49349 16.1221 12.8673
v -8.00285 16.1221 12.8673
v -13.5123 16.1221 12.8673
v -13.5123 16.8956 12.8673
v -8.00285 16.8956 12.8673
v -2.49349 16.8956 12.8673
v 3.01586 16.8956 12.8673
v -13.5123 16.1221 -11.3403
v -8.00285 16.1221 -11.3403
v -2.49349 16.1221 -11.3403
v 3.01586 16.1221 -11.3403
v 3.01586 16.8956 -11.3403
v -2.49349 16.8956 -11.3403
v -8.00285 16.8956 -11.3403
v -13.5123 16.8956 -11.3403
v -13.5123 16.7359 -8.31435
v -8.00285 16.7359 -8.31435
v -2.49349 16.7359 -8.31435
v 3.01586 16.7359 -8.31435
v 3.01586 16.7359 9.84139
v -2.49349 16.7359 9.84139
v -8.00285 16.7359 9.84139
v -13.5123 16.7359 9.84139
v 8.52527 20.0023 -1.55638
v 8.52527 20.0023 3.08341
v -19.0216 20.0023 3.08341
v -19.0216 20.0023 -1.55638
v 13.9706 17.1479 3.08341
v 13.9706 17.1479 -1.55639
v -24.4669 16.692 3.08341
v -24.4669 16.3744 -1.55638
v -24.4669 17.1479 -1.55638
v -24.4669 17.1479 3.08341
v 13.9706 16.3744 -1.55639
v 13.9705 16.6907 3.08341
v -20.1776 16.7359 -1.55638
v -20.1776 16.7359 3.08341
v 9.81642 16.7359 3.08341
v 9.81642 16.7359 -1.55638
v 6.26547 28.2429 0.763514
v 5.7257 28.2429 0.763514
v 6.26547 25.2637 6.85679
v 6.26547 28.7103 0.763514
v 5.7257 25.2637 6.85679
v 5.7257 28.7103 0.763514
v 6.26547 24.7964 6.85679
v 5.7257 24.7964 6.85679
v -16.2397 28.2429 0.763511
v -16.7794 28.2429 0.763514
v -16.2397 25.2637 6.85679
v -16.2397 28.7103 0.763511
v -16.7794 25.2637 6.8568
v -16.7794 28.7103 0.763514
v -16.2397 24.7964 6.85679
v -16.7794 24.7964 6.8568
v -16.2397 28.2429 0.761548
v -16.7794 28.2429 0.761548
v -16.2397 25.2637 -5.33172
v -16.2397 28.7103 0.761548
v -16.7794 25.2637 -5.33172
v -16.7794 28.7103 0.761548
v -16.2397 24.7964 -5.33172
v -16.7794 24.7964 -5.33172
v 6.26547 28.2429 0.761548
v 5.7257 28.2429 0.761548
v 6.26547 25.2637 -5.33172
v 6.26547 28.7103 0.761545
v 5.7257 25.2637 -5.33172
v 5.7257 28.7103 0.761548
v 6.26547 24.7964 -5.33172
v 5.7257 24.7964 -5.33172
v -17.0031 27.9697 1.21841
v 6.47622 27.9697 1.21841
v -17.0031 27.9697 0.315471
v 6.47622 27.9697 0.315471
v 6.47622 28.717 0.316253
v -17.0031 28.717 0.316253
v 6.47622 28.7169 1.21885
v -17.0031 28.7169 1.21885
v 8.22377 20.4783 7.31984
v -18.5049 20.4782 7.32574
v -18.4909 20.4782 -5.59828
v 8.22733 20.4783 -5.56702
v 8.92529 19.7311 -6.41815
v 8.92529 20.4783 -6.41776
v 8.92573 19.7311 8.20056
v 8.92573 20.4783 8.20101
v -19.281 19.7311 8.18802
v -19.281 20.4783 8.18846
v -19.273 19.7311 -6.4211
v -19.273 20.4783 -6.42071
v 6.09961 29.8931 0.366358
v 6.50136 29.1822 0.293198
v 6.50136 27.7373 0.145234
v 4.6207 27.7373 0.242244
v 4.86928 28.2538 0.242244
v 4.84349 28.5488 0.242244
v 4.52358 28.7187 0.242244
v 4.52558 29.1323 0.272325
v 5.28732 29.1346 0.315333
v 5.42361 29.5365 0.393122
v 5.1445 29.8249 0.417623
v 5.1445 30.42 0.558097
v 6.50136 27.7373 1.38129
v 4.6207 27.7373 1.28429
v 4.86928 28.2538 1.28429
v 4.84349 28.5488 1.28429
v 4.52358 28.7187 1.28429
v 4.52558 29.1323 1.2464
v 5.28732 29.1346 1.21178
v 5.42361 29.5365 1.15802
v 5.1445 29.8249 1.12601
v 5.1445 30.42 0.968429
v 6.09961 29.8931 1.16016
v 6.50136 29.1822 1.23333
v -16.6331 29.8931 0.366358
v -17.0348 29.1822 0.293198
v -17.0348 27.7373 0.145241
v -15.1541 27.7373 0.242241
v -15.4027 28.2538 0.242241
v -15.3769 28.5488 0.242241
v -15.057 28.7187 0.242241
v -15.059 29.1323 0.272318
v -15.8207 29.1346 0.315333
v -15.957 29.5365 0.393122
v -15.6779 29.8249 0.417623
v -15.6779 30.42 0.558097
v -17.0348 27.7373 1.38129
v -15.1541 27.7373 1.28428
v -15.4027 28.2538 1.28428
v -15.3769 28.5488 1.28428
v -15.057 28.7187 1.28428
v -15.059 29.1323 1.2464
v -15.8207 29.1346 1.21178
v -15.957 29.5365 1.15802
v -15.6779 29.8249 1.12601
v -15.6779 30.42 0.968426
v -16.6331 29.8931 1.16016
v -17.0348 29.1822 1.23333
v 3.15215 5.52302 11.2502
v 2.86285 5.52302 10.7505
v 2.94481 5.88032 10.6089
v 3.31618 5.88032 11.2503
v 2.28413 5.52302 10.7505
v 2.20211 5.88032 10.6089
v 1.99476 5.52302 11.2502
v 1.83074 5.88032 11.2503
v 2.28413 5.52302 11.75
v 2.20211 5.88032 11.8916
v 2.86285 5.52302 11.75
v 2.94481 5.88032 11.8916
v 2.80468 6.22748 10.8509
v 3.03588 6.22748 11.2502
v 2.34229 6.22748 10.8509
v 2.11109 6.22748 11.2502
v 2.34229 6.22748 11.6496
v 2.80468 6.22748 11.6496
v 2.80468 17.4151 10.8509
v 3.03588 17.4151 11.2502
v 2.34229 17.4151 10.8509
v 2.11109 17.4151 11.2502
v 2.34229 17.4151 11.6496
v 2.80468 17.4151 11.6496
v 10.1043 5.55371 11.207
v 9.83821 5.55371 10.7072
v 9.78474 17.4458 10.8077
v 9.99733 17.4458 11.207
v 9.30611 5.55371 10.7072
v 9.35958 17.4458 10.8077
v 9.04005 5.55371 11.207
v 9.14705 17.4458 11.207
v 9.30611 5.55371 11.7068
v 9.35958 17.4458 11.6063
v 9.83821 5.55371 11.7068
v 9.78474 17.4458 11.6063
v 9.91364 5.91101 10.5656
v 10.2551 5.91101 11.207
v 9.23073 5.91101 10.5656
v 8.88925 5.91101 11.207
v 9.23073 5.91101 11.8484
v 9.91364 5.91101 11.8484
v 9.99733 6.25817 11.207
v 9.78474 6.25817 10.8077
v 9.35958 6.25817 10.8077
v 9.14705 6.25817 11.207
v 9.35958 6.25817 11.6063
v 9.78474 6.25817 11.6063
v 17.5637 5.55371 -8.60064
v 17.2978 5.55371 -9.10042
v 17.2443 17.4458 -8.99997
v 17.4568 17.4458 -8.60065
v 16.7658 5.55371 -9.10042
v 16.8192 17.4458 -8.99997
v 16.4998 5.55371 -8.60064
v 16.6068 17.4458 -8.60065
v 16.7658 5.55371 -8.10089
v 16.8192 17.4458 -8.20134
v 17.2978 5.55371 -8.10089
v 17.2443 17.4458 -8.20134
v 17.3731 5.91101 -9.24204
v 17.7145 5.91101 -8.60064
v 16.6905 5.91101 -9.24204
v 16.3491 5.91101 -8.60064
v 16.6905 5.91101 -7.95926
v 17.3731 5.91101 -7.95926
v 17.4568 6.25817 -8.60064
v 17.2443 6.25817 -8.99996
v 16.8192 6.25817 -8.99996
v 16.6068 6.25817 -8.60064
v 16.8192 6.25817 -8.20133
v 17.2443 6.25817 -8.20133
v 17.576 5.55371 3.75691
v 17.3123 5.55371 3.25715
v 17.2593 17.4458 3.3576
v 17.47 17.4458 3.75691
v 16.785 5.55371 3.25715
v 16.838 17.4458 3.3576
v 16.5213 5.55371 3.75691
v 16.6273 17.4458 3.75691
v 16.785 5.55371 4.25667
v 16.838 17.4458 4.15622
v 17.3123 5.55371 4.25667
v 17.2593 17.4458 4.15622
v 17.387 5.91101 3.11551
v 17.7254 5.91101 3.75691
v 16.7103 5.91101 3.11551
v 16.3718 5.91101 3.75691
v 16.7103 5.91101 4.39832
v 17.387 5.91101 4.39832
v 17.47 6.25817 3.75691
v 17.2593 6.25817 3.3576
v 16.838 6.25817 3.3576
v 16.6273 6.25817 3.75691
v 16.838 6.25817 4.15622
v 17.2593 6.25817 4.15622
v -12.1588 5.55371 11.207
v -12.4296 5.55371 10.7072
v -12.4841 17.4458 10.8077
v -12.2677 17.4458 11.207
v -12.9714 5.55371 10.7072
v -12.917 17.4458 10.8077
v -13.2423 5.55371 11.207
v -13.1334 17.4458 11.207
v -12.9714 5.55371 11.7068
v -12.917 17.4458 11.6063
v -12.4296 5.55371 11.7068
v -12.4841 17.4458 11.6063
v -12.3529 5.91101 10.5656
v -12.0052 5.91101 11.207
v -13.0481 5.91101 10.5656
v -13.3958 5.91101 11.207
v -13.0481 5.91101 11.8484
v -12.3529 5.91101 11.8484
v -12.2677 6.25817 11.207
v -12.4841 6.25817 10.8077
v -12.917 6.25817 10.8077
v -13.1334 6.25817 11.207
v -12.917 6.25817 11.6063
v -12.4841 6.25817 11.6063
v -19.5094 5.55371 11.207
v -19.7876 5.55371 10.7072
v -19.8436 17.4458 10.8077
v -19.6213 17.4458 11.207
v -20.344 5.55371 10.7072
v -20.2881 17.4458 10.8077
v -20.6222 5.55371 11.207
v -20.5104 17.4458 11.207
v -20.344 5.55371 11.7068
v -20.2881 17.4458 11.6063
v -19.7876 5.55371 11.7068
v -19.8436 17.4458 11.6063
v -19.7088 5.91101 10.5656
v -19.3518 5.91101 11.207
v -20.4229 5.91101 10.5656
v -20.7799 5.91101 11.207
v -20.4229 5.91101 11.8484
v -19.7088 5.91101 11.8484
v -19.6213 6.25817 11.207
v -19.8436 6.25817 10.8077
v -20.2881 6.25817 10.8077
v -20.5104 6.25817 11.207
v -20.2881 6.25817 11.6063
v -19.8436 6.25817 11.6063
v -27.1971 5.55371 3.77608
v -27.4657 5.55371 3.27632
v -27.5197 17.4458 3.37676
v -27.3051 17.4458 3.77608
v -28.0029 5.55371 3.27632
v -27.9489 17.4458 3.37676
v -28.2715 5.55371 3.77608
v -28.1635 17.4458 3.77608
v -28.0029 5.55371 4.27585
v -27.9489 17.4458 4.17539
v -27.4657 5.55371 4.27585
v -27.5197 17.4458 4.17539
v -27.3896 5.91101 3.13469
v -27.0449 5.91101 3.77609
v -28.079 5.91101 3.13469
v -28.4237 5.91101 3.77609
v -28.079 5.91101 4.41749
v -27.3896 5.91101 4.41749
v -27.3051 6.25817 3.77608
v -27.5197 6.25817 3.37677
v -27.9489 6.25817 3.37677
v -28.1635 6.25817 3.77608
v -27.9489 6.25817 4.17539
v -27.5197 6.25817 4.17539
v -27.1717 5.55371 -8.58147
v -27.4429 5.55371 -9.08124
v -27.4973 17.4458 -8.9808
v -27.2807 17.4458 -8.58148
v -27.9851 5.55371 -9.08124
v -27.9306 17.4458 -8.9808
v -28.2561 5.55371 -8.58147
v -28.1472 17.4458 -8.58148
v -27.9851 5.55371 -8.08172
v -27.9306 17.4458 -8.18217
v -27.4429 5.55371 -8.08172
v -27.4973 17.4458 -8.18217
v -27.366 5.91101 -9.22287
v -27.0181 5.91101 -8.58147
v -28.0619 5.91101 -9.22287
v -28.4098 5.91101 -8.58147
v -28.0619 5.91101 -7.94008
v -27.366 5.91101 -7.94008
v -27.2807 6.25817 -8.58147
v -27.4973 6.25817 -8.98079
v -27.9306 6.25817 -8.98079
v -28.1472 6.25817 -8.58147
v -27.9306 6.25817 -8.18216
v -27.4973 6.25817 -8.18216
v 3.15215 5.52302 -10.0583
v 2.86285 5.52302 -10.558
v 2.94481 5.88032 -10.6997
v 3.31618 5.88032 -10.0583
v 2.28413 5.52302 -10.558
v 2.20211 5.88032 -10.6997
v 1.99476 5.52302 -10.0583
v 1.83074 5.88032 -10.0583
v 2.28413 5.52302 -9.55853
v 2.20211 5.88032 -9.4169
v 2.86285 5.52302 -9.55853
v 2.94481 5.88032 -9.4169
v 2.80468 6.22748 -10.4576
v 3.03588 6.22748 -10.0583
v 2.34229 6.22748 -10.4576
v 2.11109 6.22748 -10.0583
v 2.34229 6.22748 -9.65898
v 2.80468 6.22748 -9.65898
v 2.80468 17.4151 -10.4576
v 3.03588 17.4151 -10.0583
v 2.34229 17.4151 -10.4576
v 2.11109 17.4151 -10.0583
v 2.34229 17.4151 -9.65897
v 2.80468 17.4151 -9.65897
v 10.4864 5.55371 -10.1015
v 10.2203 5.55371 -10.6013
v 10.2957 5.91101 -10.7429
v 10.6372 5.91101 -10.1015
v 9.68822 5.55371 -10.6013
v 9.61279 5.91101 -10.7429
v 9.42216 5.55371 -10.1015
v 9.27136 5.91101 -10.1015
v 9.68822 5.55371 -9.60176
v 9.61279 5.91101 -9.46013
v 10.2203 5.55371 -9.60176
v 10.2957 5.91101 -9.46013
v 10.1669 6.25817 -10.5008
v 10.3794 6.25817 -10.1015
v 9.74169 6.25817 -10.5008
v 9.52911 6.25817 -10.1015
v 9.74169 6.25817 -9.70221
v 10.1669 6.25817 -9.70221
v 10.1669 17.4458 -10.5008
v 10.3794 17.4458 -10.1015
v 9.74169 17.4458 -10.5008
v 9.52911 17.4458 -10.1015
v 9.74169 17.4458 -9.70222
v 10.1669 17.4458 -9.70222
v -12.1588 5.55371 -10.1015
v -12.4296 5.55371 -10.6013
v -12.3529 5.91101 -10.7429
v -12.0052 5.91101 -10.1015
v -12.9714 5.55371 -10.6013
v -13.0481 5.91101 -10.7429
v -13.2423 5.55371 -10.1015
v -13.3958 5.91101 -10.1015
v -12.9714 5.55371 -9.60177
v -13.0481 5.91101 -9.46013
v -12.4296 5.55371 -9.60177
v -12.3529 5.91101 -9.46013
v -12.4841 6.25817 -10.5008
v -12.2677 6.25817 -10.1015
v -12.917 6.25817 -10.5008
v -13.1334 6.25817 -10.1015
v -12.917 6.25817 -9.70221
v -12.4841 6.25817 -9.70221
v -12.4841 17.4458 -10.5008
v -12.2677 17.4458 -10.1015
v -12.917 17.4458 -10.5008
v -13.1334 17.4458 -10.1015
v -12.917 17.4458 -9.70222
v -12.4841 17.4458 -9.70222
v -19.783 5.55371 -10.1015
v -20.0612 5.55371 -10.6013
v -19.9823 5.91101 -10.7429
v -19.6253 5.91101 -10.1015
v -20.6175 5.55371 -10.6013
v -20.6964 5.91101 -10.7429
v -20.8957 5.55371 -10.1015
v -21.0534 5.91101 -10.1015
v -20.6175 5.55371 -9.60177
v -20.6964 5.91101 -9.46013
v -20.0612 5.55371 -9.60177
v -19.9823 5.91101 -9.46013
v -20.1171 6.25817 -10.5008
v -19.8948 6.25817 -10.1015
v -20.5616 6.25817 -10.5008
v -20.7839 6.25817 -10.1015
v -20.5616 6.25817 -9.70221
v -20.1171 6.25817 -9.70221
v -20.1171 17.4458 -10.5008
v -19.8948 17.4458 -10.1015
v -20.5616 17.4458 -10.5008
v -20.7839 17.4458 -10.1015
v -20.5616 17.4458 -9.70222
v -20.1171 17.4458 -9.70222
v -20.0585 14.9123 11.015
v 9.41434 14.9123 11.0149
v -20.0585 16.6264 11.0149
v 9.41434 16.6264 11.0149
v -20.0585 16.6264 11.1527
v -20.0585 14.9123 11.1527
v 9.41434 14.9123 11.1527
v 9.41434 16.6264 11.1527
v 7.52613 13.965 11.1002
v 9.28517 13.965 11.1002
v 7.52613 14.9057 11.1002
v 9.28517 14.9057 11.1002
v 2.93569 13.965 11.173
v 4.69473 13.965 11.173
v 2.93569 14.9057 11.173
v 4.69473 14.9057 11.173
v 0.445067 13.965 11.1043
v 2.20411 13.965 11.1043
v 0.445067 14.9057 11.1043
v 2.20411 14.9057 11.1043
v -12.3381 13.965 11.1539
v -10.5791 13.965 11.1539
v -12.3381 14.9057 11.1539
v -10.5791 14.9057 11.1539
v -14.795 13.965 11.0647
v -13.0359 13.965 11.0647
v -14.795 14.9057 11.0647
v -13.0359 14.9057 11.0647
v -19.7624 13.965 11.1052
v -18.0033 13.965 11.1052
v -19.7624 14.9057 11.1052
v -18.0033 14.9057 11.1052
v -20.4731 14.9143 -8.60201
v -20.4731 14.9143 -10.1088
v -20.4731 16.6264 -8.60201
v -20.4731 16.6264 -10.1088
v -20.322 16.6211 -8.61367
v -20.3354 14.9143 -8.60201
v -20.3354 14.9143 -10.1088
v -20.3354 16.6264 -10.1088
v 11.1953 5.59548 -2.15866
v 4.60128 5.59548 -2.15866
v -2.10367 5.59548 -2.15866
v -8.58669 5.59548 -2.15866
v -15.1806 5.59548 -2.15866
v -21.7747 5.59548 -2.15866
v -21.7741 5.59548 3.27499
v -15.1797 5.59548 3.27508
v -8.58539 5.59548 3.27517
v -2.10205 5.59548 3.27528
v 4.60328 5.59548 3.27537
v 11.1976 5.59548 3.27547
v -20.2286 8.59162 11.3571
v -20.2286 8.59163 1.08407
v -19.9168 8.5916 11.3571
v -19.9166 8.59177 1.08407
v -20.2286 5.46126 7.96762
v -20.2286 5.46126 4.57811
v -19.9168 5.46126 4.57811
v -19.9168 5.46126 7.96762
v -20.2286 8.59162 7.96762
v -20.2286 8.59163 4.57811
v -19.9168 8.59166 7.96762
v -19.9168 8.59171 4.57811
v -20.2286 8.59162 6.11077
v -20.2286 16.7837 6.12352
v -24.1514 17.5524 12.5693
v -21.6972 16.7021 12.5713
v -19.0216 16.1817 12.5735
v -13.5123 16.1808 12.5781
v -8.00285 16.1798 12.5826
v -2.49349 16.1789 12.5872
v 3.01586 16.178 12.5917
v 8.52527 16.1771 12.5963
v 11.2052 16.7018 12.5985
v 13.6881 17.5618 12.6005
v 13.5871 16.6239 12.4998
v 11.0951 15.98 12.5131
v 8.52527 15.5875 12.5099
v 3.01586 15.5888 12.5032
v -2.49349 15.5902 12.4965
v -8.0029 15.5916 12.4897
v -13.5123 15.5929 12.483
v -19.0217 15.5943 12.4763
v -21.6172 15.9804 12.4731
v -24.036 16.6106 12.5137
v -24.1527 16.9298 10.2508
v -24.1541 16.4097 7.72322
v -24.1567 16.6962 3.08341
v -24.1593 16.4092 -1.55638
v -24.1618 16.4089 -6.19618
v -24.1633 16.9305 -8.72521
v -24.1645 17.5561 -11.0547
v -24.0166 16.1486 10.1436
v -24.0166 15.7661 7.72324
v -24.0166 15.9767 3.08341
v -24.0166 15.7707 -1.55639
v -24.0166 15.7731 -6.19619
v -24.1155 16.6819 -8.60468
v -23.9896 16.5828 -10.8547
v -21.6986 16.702 -11.0529
v -19.0216 16.1808 -11.051
v -13.5123 16.1816 -11.047
v -8.00285 16.1824 -11.0431
v -2.49349 16.1832 -11.0391
v 3.01586 16.184 -11.0352
v 8.52527 16.1848 -11.0312
v 11.1985 16.7023 -11.0293
v 13.6395 17.548 -11.0275
v -21.5708 15.9816 -10.827
v -19.0217 15.6121 -10.8334
v -13.5123 15.6093 -10.8472
v -8.0029 15.6064 -10.8611
v -2.49349 15.6036 -10.8749
v 3.01586 15.6008 -10.8888
v 8.52527 15.598 -10.9026
v 11.0874 15.9806 -10.9091
v 13.5553 16.61 -10.9455
v 13.6442 16.9289 -8.722
v 13.6494 16.4107 -6.19618
v 13.659 16.4096 -1.55639
v 13.6685 16.695 3.08341
v 13.6781 16.4074 7.72322
v 13.6833 16.9316 10.2546
v 13.5601 16.1492 -8.61785
v 13.5654 15.7632 -6.19619
v 13.5757 15.762 -1.55639
v 13.5859 15.9749 3.08341
v 13.5961 15.7597 7.72324
v 13.6014 16.152 10.1508
v -21.8819 24.0213 10.4253
v -19.4515 23.1795 10.4307
v -16.7794 22.6631 10.4367
v -11.0138 22.6615 10.4495
v -5.25027 22.66 10.4624
v 0.517419 22.6585 10.4752
v 6.28306 22.6569 10.4881
v 8.96522 23.184 10.4941
v 11.4642 24.0498 10.4996
v 11.1587 23.4628 10.3936
v 9.08899 22.6908 10.3944
v 6.27642 22.1872 10.3955
v 0.515313 22.187 10.3979
v -5.25011 22.1867 10.4003
v -11.0449 22.1864 10.4027
v -16.7878 22.1678 10.4052
v -19.5425 22.641 10.4063
v -21.6621 23.3647 10.133
v -21.8836 23.1792 8.12878
v -21.8855 22.664 5.60505
v -21.8892 22.6636 0.763514
v -21.8928 22.6632 -4.07801
v -21.8947 23.18 -6.60331
v -21.8964 24.0266 -8.91202
v -21.8282 22.6649 8.12552
v -21.8247 22.1866 5.59873
v -21.8177 22.1874 0.762751
v -21.8108 22.1882 -4.07303
v -21.8073 22.664 -6.61071
v -21.6441 23.4055 -8.6643
v -19.4531 23.1802 -8.91385
v -16.7794 22.6623 -8.91584
v -11.0138 22.6618 -8.92014
v -5.25027 22.6613 -8.92444
v 0.517419 22.6608 -8.92874
v 6.28306 22.6603 -8.93304
v 8.96015 23.1817 -8.93503
v 11.4264 24.0361 -8.93687
v -19.5383 22.6392 -8.85403
v -16.7878 22.1711 -8.85089
v -11.0449 22.1903 -8.84382
v -5.25011 22.1911 -8.83677
v 0.515313 22.1919 -8.8297
v 6.27642 22.1928 -8.82265
v 9.08133 22.6874 -8.81951
v 11.2031 23.4359 -8.63235
v 11.4309 23.1822 -6.60792
v 11.4359 22.6587 -4.07801
v 11.4453 22.6577 0.763514
v 11.4547 22.6566 5.60505
v 11.4596 23.1841 8.13903
v 11.3159 22.6638 8.12312
v 11.3088 22.1888 5.59873
v 11.2948 22.1904 0.762747
v 11.2807 22.192 -4.07303
v 11.2737 22.6614 -6.60521
v 13.5019 16.7837 3.73789
v 13.5019 5.49877 3.7379
v 17.153 16.7837 3.73784
v 9.85224 5.49877 3.73796
v 9.85224 16.7837 3.73796
v 13.5019 8.63627 3.7379
v 9.85224 8.6363 3.73796
v 19.5252 16.7598 -9.00817
v 19.5252 17.3898 -11.289
v 19.5252 17.9065 -11.289
v 19.5252 17.2765 -9.00817
v 17.5076 17.9065 -9.00817
v 17.5076 17.2765 -11.289
v 17.5076 16.7598 -11.289
v 15.49 18.2725 -6.72735
v 15.49 16.8914 -11.289
v 15.49 16.3748 -11.289
v 19.5252 16.8914 -6.72735
v 19.5252 16.3748 -6.72735
v 15.49 18.2725 -2.43402
v 19.5252 16.8914 -2.43402
v 19.5252 16.3748 -2.43402
v 17.1516 16.6162 -8.60589
v 17.1516 16.6162 -6.72735
v 17.1516 16.6182 -2.43402
v 15.49 16.6162 -8.60589
v 9.85284 18.2725 -6.72735
v 8.52613 20.4199 -2.43404
v 9.85284 16.8809 -11.289
v 9.85284 16.3877 -11.289
v 9.84911 16.6211 -8.61541
v 15.49 20.4199 -2.43404
v 19.5252 16.7598 4.14012
v 19.5252 17.3898 6.42095
v 19.5252 17.9065 6.42095
v 19.5252 17.2765 4.14012
v 17.5076 17.9065 4.14012
v 17.5076 17.2765 6.42095
v 17.5076 16.7598 6.42095
v 15.49 18.2725 1.8593
v 15.49 16.8914 6.42095
v 15.49 16.3748 6.42095
v 19.5252 16.8914 1.8593
v 19.5252 16.3748 1.8593
v 17.1516 16.6162 3.73784
v 17.1516 16.6162 1.8593
v 15.49 16.6162 3.73784
v 9.85284 18.2725 1.8593
v 8.52613 20.4199 -2.43401
v 9.85284 18.0982 6.42096
v 9.85284 17.605 6.42096
v 9.85284 16.6253 3.73784
v 15.49 20.4199 -2.434
v 19.4073 17.8178 5.9667
v 19.859 18.0251 6.47734
v 19.7175 18.3879 6.6372
v 19.2658 18.1806 6.12656
v 19.5762 18.0251 6.79707
v 19.1245 17.8178 6.28642
v 20.091 18.7092 7.05939
v 17.5595 18.1756 4.1975
v 17.7009 17.8127 4.03764
v 17.418 17.8127 4.35738
v 15.4545 18.581 1.81789
v 15.5959 18.2181 1.65803
v 15.313 18.2181 1.97775
v 19.4073 17.8178 -10.8295
v 19.2658 18.1806 -10.9894
v 19.7175 18.3879 -11.5
v 19.859 18.0251 -11.3402
v 19.5762 18.0251 -11.6599
v 19.1245 17.8178 -11.1492
v 20.091 18.7092 -11.9222
v 17.7009 17.8127 -8.90047
v 17.5595 18.1756 -9.06033
v 17.418 17.8127 -9.22019
v 15.5959 18.2181 -6.52085
v 15.4545 18.581 -6.68071
v 15.313 18.2181 -6.84058
v 15.09 18.1369 2.9693
v 15.09 20.7321 -2.434
v 15.49 20.7321 -2.434
v 15.49 18.1369 2.9693
v 15.09 17.8248 2.9693
v 15.09 20.4199 -2.434
v 15.49 17.8248 2.9693
v 15.09 18.1369 -7.83904
v 15.49 18.1369 -7.83904
v 15.49 20.7321 -2.43574
v 15.09 20.7321 -2.43574
v 15.09 17.8248 -7.83904
v 15.09 20.4199 -2.43574
v 15.49 20.4199 -2.43574
v 15.49 17.8248 -7.83904
v 15.6558 20.2374 -2.03062
v 8.52608 20.2374 -2.03062
v 8.52608 20.7365 -2.03023
v 15.6558 20.7365 -2.03023
v 8.52608 20.2374 -2.83131
v 8.52608 20.7366 -2.83062
v 15.6558 20.2374 -2.83131
v 15.6558 20.7366 -2.83062
v 15.49 18.2725 -6.72731
v 12.8757 16.8865 6.42095
v 12.8762 18.2725 1.8593
v 12.8766 20.4199 -2.43401
v 12.8781 16.8867 -11.289
v 12.8773 18.2725 -6.72735
v 12.8766 20.4199 -2.43404
v 12.876 16.3808 6.42095
v 12.8764 16.6205 3.73784
v 12.878 16.3806 -11.289
v 12.8775 16.6204 -8.60589
v -19.9476 16.7837 -8.61149
v -23.9376 16.7837 -8.61147
v -23.9376 8.63627 -8.61148
v -19.9475 8.6363 -8.61149
v -23.9376 5.49877 -8.61148
v -19.9475 5.49877 -8.61149
v 9.39584 16.7837 -8.61551
v 9.39584 8.6363 -8.61568
v 13.5019 8.63627 -8.61544
v 13.5019 16.7837 -8.61544
v 17.153 16.7837 -8.61542
v 13.5019 5.49877 -8.61544
v 17.153 5.49876 -8.61542
v -19.9475 8.63521 -8.6115
v -19.9473 8.6322 -3.87249
v -19.9473 16.7837 -3.87248
v -19.9467 8.62919 0.629436
v -19.9473 5.49877 -3.87248
v 9.39584 16.7837 -8.61553
v 9.39584 8.63521 -8.61568
v 9.39584 8.6322 -3.87249
v 9.39584 16.7837 -3.87247
v 9.39584 8.62919 0.629426
v 9.39584 16.7837 0.629426
v 9.39584 5.49876 -3.87248
v 9.39584 5.49876 0.629433
v 9.39584 5.49876 -8.61568
v -27.6461 16.7837 -2.43389
v 17.1543 16.7837 -2.43389
v 17.1544 8.63569 -2.43389
v -27.6402 8.63667 -8.61148
v -27.6461 8.63712 -2.4339
v -27.6401 8.63668 3.73784
v -21.8759 0.101331 14.8133
v -21.8759 5.59548 14.8133
v -15.2508 0.101331 14.8086
v -8.62565 0.101331 14.8039
v -2.00056 0.101331 14.7991
v 4.62459 0.101331 14.7944
v 4.62459 5.59548 14.7944
v -2.00056 5.59548 14.7991
v -8.62565 5.59548 14.8038
v -15.2508 5.59548 14.8085
v 0.221045 0.101331 25.8267
v -10.8452 0.101331 14.8212
v 0.221045 0.101331 14.8213
v -10.8452 0.101331 25.8267
v -10.8452 5.55701 14.8167
v 0.221045 5.55701 14.8167
v -14.214 0.101331 25.8267
v -14.214 0.101331 14.821
v -14.214 5.55891 14.8137
v 10.0872 0.101331 25.8266
v 3.68652 0.101331 14.8214
v 10.0872 0.101331 14.8214
v 3.68652 0.101331 25.8266
v 3.68652 5.55701 14.8175
v 10.0872 5.55701 14.8175
v -27.6568 7.48243 8.41863
v -27.6568 7.48243 8.61864
v -21.758 7.48255 8.61868
v -21.758 7.48255 8.41866
v -27.6558 5.56007 8.61864
v -21.758 5.56704 8.61866
v -3.85699 0.101331 25.8287
v -6.76717 4.98393 14.9031
v -3.85699 4.98393 14.9031
v -6.76717 0.101331 25.8287
v -6.76717 5.61886 14.892
v -3.85699 5.61886 14.892
v -6.76717 0.382768 25.8289
v -3.85699 0.383861 25.8289
v -20.7337 8.13621 14.6999
v -20.3948 8.13621 14.6999
v -20.3948 8.13621 14.3361
v -20.7337 8.13621 14.3361
v -20.7337 5.54803 14.6999
v -20.3948 5.54803 14.6999
v -20.3948 5.54803 14.3361
v -20.7337 5.54803 14.3361
v -20.7421 6.38701 18.5669
v -20.3863 6.38701 18.5669
v -20.3863 6.38701 18.2031
v -20.7421 6.38701 18.2031
v -20.7421 3.63271 18.5669
v -20.3863 3.63271 18.5669
v -20.3863 3.63271 18.2031
v -20.7421 3.63271 18.2031
v -14.4456 2.9119 26.0335
v -14.1025 2.9119 26.0335
v -14.1025 2.9119 25.6698
v -14.4456 2.9119 25.6698
v -14.4456 0.101331 26.0336
v -14.1025 0.101331 26.0335
v -14.1025 0.101331 25.6698
v -14.4456 0.101331 25.6698
v -14.4549 8.13621 14.6999
v -14.0932 8.13621 14.6999
v -14.0932 8.13621 14.3361
v -14.4549 8.13621 14.3361
v -14.4549 5.54803 14.6999
v -14.0932 5.54803 14.6999
v -14.0932 5.54803 14.3361
v -14.4549 5.54803 14.3361
v -14.4566 6.38701 18.5669
v -14.0915 6.38701 18.5669
v -14.0915 6.38701 18.2031
v -14.4566 6.38701 18.2031
v -14.4566 3.63271 18.5669
v -14.0915 3.63271 18.5669
v -14.0915 3.63271 18.2031
v -14.4566 3.63271 18.2031
v -14.4519 4.58477 22.4341
v -14.0962 4.58477 22.4341
v -14.0962 4.58477 22.0703
v -14.4519 4.58477 22.0703
v -14.4519 1.83047 22.4341
v -14.0962 1.83047 22.4341
v -14.0962 1.83047 22.0703
v -14.4519 1.83047 22.0703
v -10.9456 2.9119 26.0335
v -10.5934 2.9119 26.0335
v -10.5934 2.9119 25.6698
v -10.9456 2.9119 25.6698
v -10.9456 0.101331 26.0335
v -10.5934 0.101331 26.0335
v -10.5934 0.101331 25.6698
v -10.9456 0.101331 25.6698
v -10.9409 8.13621 14.6999
v -10.598 8.13621 14.6999
v -10.598 8.13621 14.3361
v -10.9409 8.13621 14.3361
v -10.9409 5.54803 14.6999
v -10.598 5.54803 14.6999
v -10.598 5.54803 14.3361
v -10.9409 5.54803 14.3361
v -10.9598 6.38701 18.5669
v -10.5791 6.38701 18.5669
v -10.5791 6.38701 18.2031
v -10.9598 6.38701 18.2031
v -10.9598 3.63271 18.5669
v -10.5791 3.63271 18.5669
v -10.5791 3.63271 18.2031
v -10.9598 3.63271 18.2031
v -10.9424 4.58477 22.4341
v -10.5965 4.58477 22.4341
v -10.5965 4.58477 22.0703
v -10.9424 4.58477 22.0703
v -10.9424 1.83047 22.4341
v -10.5965 1.83047 22.4341
v -10.5965 1.83047 22.0703
v -10.9424 1.83047 22.0703
v -0.046951 2.9119 26.0335
v 0.333811 2.9119 26.0335
v 0.333811 2.9119 25.6698
v -0.046951 2.9119 25.6698
v -0.046951 0.101331 26.0336
v 0.333811 0.101331 26.0336
v 0.333811 0.101331 25.6698
v -0.046951 0.101331 25.6698
v -0.037348 8.13621 14.6999
v 0.324208 8.13621 14.6999
v 0.324208 8.13621 14.3361
v -0.037348 8.13621 14.3361
v -0.037348 5.54803 14.6999
v 0.324208 5.54803 14.6999
v 0.324208 5.54803 14.3361
v -0.037348 5.54803 14.3361
v -0.034272 6.38701 18.5669
v 0.321131 6.38701 18.5669
v 0.321131 6.38701 18.2031
v -0.034272 6.38701 18.2031
v -0.034272 3.63271 18.5669
v 0.321131 3.63271 18.5669
v 0.321131 3.63271 18.2031
v -0.034272 3.63271 18.2031
v -0.051216 4.58477 22.4341
v 0.33807 4.58477 22.4341
v 0.33807 4.58477 22.0703
v -0.051216 4.58477 22.0703
v -0.051216 1.83047 22.4341
v 0.33807 1.83047 22.4341
v 0.33807 1.83047 22.0703
v -0.051216 1.83047 22.0703
v 3.54182 2.9119 26.0335
v 3.92873 2.9119 26.0335
v 3.92873 2.9119 25.6698
v 3.54182 2.9119 25.6698
v 3.54182 0.101331 26.0336
v 3.92873 0.101331 26.0336
v 3.92873 0.101331 25.6698
v 3.54182 0.101331 25.6698
v 3.55325 8.13621 14.6999
v 3.91729 8.13621 14.6999
v 3.91729 8.13621 14.3361
v 3.55325 8.13621 14.3361
v 3.55325 5.54803 14.6999
v 3.91729 5.54803 14.6999
v 3.91729 5.54803 14.3361
v 3.55325 5.54803 14.3361
v 3.5463 6.38701 18.5669
v 3.92425 6.38701 18.5669
v 3.92425 6.38701 18.2031
v 3.5463 6.38701 18.2031
v 3.5463 3.63271 18.5669
v 3.92425 3.63271 18.5669
v 3.92425 3.63271 18.2031
v 3.5463 3.63271 18.2031
v 3.55131 4.58477 22.4341
v 3.91923 4.58477 22.4341
v 3.91923 4.58477 22.0703
v 3.55131 4.58477 22.0703
v 3.55131 1.83047 22.4341
v 3.91923 1.83047 22.4341
v 3.91923 1.83047 22.0703
v 3.55131 1.83047 22.0703
v 9.83389 2.9119 26.0335
v 10.1926 2.9119 26.0335
v 10.1926 2.9119 25.6698
v 9.83389 2.9119 25.6698
v 9.83389 0.101331 26.0335
v 10.1926 0.101331 26.0335
v 10.1926 0.101331 25.6698
v 9.83389 0.101331 25.6698
v 9.8312 8.13621 14.6999
v 10.1954 8.13621 14.6999
v 10.1954 8.13621 14.3361
v 9.8312 8.13621 14.3361
v 9.8312 5.54803 14.6999
v 10.1954 5.54803 14.6999
v 10.1954 5.54803 14.3361
v 9.8312 5.54803 14.3361
v 9.823 6.38701 18.5669
v 10.2035 6.38701 18.5669
v 10.2035 6.38701 18.2031
v 9.823 6.38701 18.2031
v 9.823 3.63271 18.5669
v 10.2035 3.63271 18.5669
v 10.2035 3.63271 18.2031
v 9.823 3.63271 18.2031
v 9.82445 4.58477 22.4341
v 10.2021 4.58477 22.4341
v 10.2021 4.58477 22.0703
v 9.82445 4.58477 22.0703
v 9.82445 1.83047 22.4341
v 10.2021 1.83047 22.4341
v 10.2021 1.83047 22.0703
v 9.82445 1.83047 22.0703
v -21.836 8.13621 14.6999
v -21.4911 8.13621 14.6999
v -21.4911 8.13621 14.3361
v -21.836 8.13621 14.3361
v -21.836 5.54803 14.6999
v -21.4911 5.54803 14.6999
v -21.4911 5.54803 14.3361
v -21.836 5.54803 14.3361
v -21.8439 8.13621 8.70166
v -21.4831 8.13621 8.70166
v -21.4831 8.13621 8.3379
v -21.8439 8.13621 8.3379
v -21.8439 5.54803 8.70166
v -21.4831 5.54803 8.70166
v -21.4831 5.54803 8.33791
v -21.8439 5.54803 8.33791
v -27.9121 8.13621 8.70167
v -27.5363 8.13621 8.70167
v -27.5363 8.13621 8.33791
v -27.9121 8.13621 8.33791
v -27.9121 5.54803 8.70166
v -27.5363 5.54803 8.70166
v -27.5363 5.54803 8.33791
v -27.9121 5.54803 8.33791
v 10.9326 8.13621 14.6999
v 11.2915 8.13621 14.6999
v 11.2915 8.13621 14.3361
v 10.9326 8.13621 14.3361
v 10.9326 5.54803 14.6999
v 11.2915 5.54803 14.6999
v 11.2915 5.54803 14.3361
v 10.9326 5.54803 14.3361
v 10.9242 8.13621 8.70166
v 11.3019 8.13621 8.70166
v 11.3019 8.13621 8.3379
v 10.9242 8.13621 8.3379
v 10.9242 5.54803 8.70166
v 11.3019 5.54803 8.70166
v 11.3019 5.54803 8.3379
v 10.9242 5.54803 8.3379
v 16.8826 8.13621 8.70166
v 17.2317 8.13621 8.70166
v 17.2317 8.13621 8.3379
v 16.8826 8.13621 8.3379
v 16.8826 5.54803 8.70166
v 17.2317 5.54803 8.70166
v 17.2317 5.54803 8.33791
v 16.8826 5.54803 8.33791
v -29.0079 0.101335 8.8109
v -21.8759 0.101335 8.81089
v 11.4237 0.101331 14.7897
v 11.4348 0.101335 8.74869
v 18.1551 0.101335 8.75403
v -29.0073 5.59548 8.81088
v -21.8759 5.59548 8.81087
v 11.4241 5.59548 14.7932
v 18.1551 5.59548 8.75399
v -29.0079 0.101335 -2.15864
v -29.0079 5.59548 -2.15865
v -13.1443 5.59548 14.2716
v 3.05477 5.59548 14.2696
v -12.2556 5.59548 14.2715
v 2.16607 5.59548 14.2697
v -8.72207 5.59548 14.2711
v -1.97083 5.59548 14.2702
v -29.0079 0.101335 3.2891
v 18.1551 0.101335 3.28765
v -29.0079 5.59548 3.28908
v 18.1551 5.59548 3.28762
v -13.157 5.59548 3.28516
v 3.04203 5.59548 3.2851
v -12.2556 5.59548 3.28515
v 2.16613 5.59548 3.28511
v -8.7109 5.59548 3.28514
v -1.96942 5.59548 3.28512
v -13.1507 5.59548 8.77839
v -12.2556 5.59548 8.77833
v -8.71651 5.59548 8.77813
v 3.0484 5.59548 8.77735
v 2.16607 5.59548 8.77741
v -1.97013 5.59548 8.77767
v -5.34016 5.59548 3.28513
v 17.803 5.59548 8.2586
v 11.154 5.59548 8.25109
v 11.1549 5.59548 14.2727
v 3.04101 5.59548 14.2716
v 3.05336 5.59548 3.28516
v 3.0478 5.59548 8.23141
v 11.1332 5.59548 3.27954
v 14.4975 5.59548 8.25485
v 14.4897 5.59548 3.27544
v 5.77404 5.59548 3.28259
v 5.7755 5.59548 14.2721
v 5.7755 5.59548 8.24126
v 17.8031 5.59548 5.76675
v 3.05056 5.59548 5.75829
v 11.1436 5.59548 5.76533
v 14.4923 5.59548 5.76604
v 5.7748 5.59548 5.76193
v 11.1544 5.59548 11.2619
v 3.04408 5.59548 11.2668
v 5.7755 5.59548 11.2567
v 8.44682 5.59548 14.2724
v 8.44639 5.59548 8.24617
v 8.43554 5.59548 3.28131
v 8.43932 5.59548 5.76363
v 8.44661 5.59548 11.2593
v -28.4029 5.59548 8.25861
v -21.4898 5.59548 8.25109
v -13.1513 5.59548 8.23141
v -21.4684 5.59548 3.27954
v -24.9289 5.59548 8.25485
v -15.9557 5.59548 3.28259
v -15.9572 5.59548 14.2721
v -15.9572 5.59548 8.24126
v -28.4029 5.59548 5.76676
v -13.1542 5.59548 5.75829
v -21.479 5.59548 5.76533
v -24.9236 5.59548 5.76604
v -15.9564 5.59548 5.76193
v -21.4902 5.59548 11.2619
v -13.1475 5.59548 11.2668
v -15.9572 5.59548 11.2567
v -18.705 5.59548 14.2724
v -18.7046 5.59548 8.24617
v -18.6934 5.59548 3.28131
v -18.6973 5.59548 5.76363
v -18.7048 5.59548 11.2593
v -24.7074 7.48249 8.61866
v -24.7074 7.48249 8.41864
v -24.7069 5.56355 8.61865
v -27.6558 5.56007 8.41794
v -24.7069 5.56355 8.41795
v -21.758 5.56704 8.41796
v -27.7959 7.48243 8.3647
v -27.5959 7.48243 8.3647
v -27.5959 7.48249 6.2462
v -27.7959 7.48249 6.2462
v -27.5959 5.56007 8.36402
v -27.5959 5.56355 6.24586
v -27.5958 7.48255 4.12768
v -27.7959 7.48255 4.12768
v -27.5959 5.56704 4.12768
v -27.7966 5.56007 8.36403
v -27.7966 5.56355 6.24586
v -27.7966 5.56704 4.12768
v -21.765 7.48243 14.3538
v -21.565 7.48243 14.3538
v -21.5649 7.48249 11.5197
v -21.765 7.48249 11.5197
v -21.565 5.56007 14.3528
v -21.5649 5.56355 11.5192
v -21.5649 7.48255 8.68558
v -21.765 7.48255 8.68558
v -21.5649 5.56704 8.68558
v -21.7657 5.56007 14.3528
v -21.7657 5.56355 11.5192
v -21.7657 5.56704 8.68558
v -14.2063 4.02933 22.0256
v -14.2063 4.89249 20.1821
v -14.3375 4.89249 20.1821
v -14.3375 4.02933 22.0256
v -14.3375 3.74331 18.339
v -14.3375 2.86253 20.182
v -14.3375 5.75565 18.3386
v -14.2063 6.61881 16.4951
v -14.2063 7.48197 14.6516
v -14.3375 7.48197 14.6516
v -14.3375 6.61881 16.4951
v -14.2063 5.75565 18.3386
v -14.3375 3.16617 23.8691
v -14.3375 2.30301 25.7126
v -14.2063 2.30301 25.7126
v -14.2063 3.16617 23.8691
v -14.3375 1.10096 23.8681
v -14.3375 0.101331 25.7111
v -14.3375 1.98174 22.025
v -14.3375 5.50487 14.653
v -14.3375 4.62409 16.496
v -14.2026 3.74331 18.339
v -14.2026 2.86253 20.182
v -14.2026 1.10096 23.8681
v -14.2026 0.101331 25.7111
v -14.2026 1.98174 22.025
v -14.2026 4.62409 16.496
v -14.2026 5.50487 14.653
v -10.7112 4.02933 22.0256
v -10.7112 4.89249 20.1821
v -10.8424 4.89249 20.1821
v -10.8424 4.02933 22.0256
v -10.8424 3.74331 18.339
v -10.8424 2.86253 20.182
v -10.8424 5.75565 18.3386
v -10.7112 6.61881 16.4951
v -10.7112 7.48197 14.6516
v -10.8424 7.48197 14.6516
v -10.8424 6.61881 16.4951
v -10.7112 5.75565 18.3386
v -10.8424 3.16617 23.8691
v -10.8424 2.30301 25.7126
v -10.7112 2.30301 25.7126
v -10.7112 3.16617 23.8691
v -10.8424 1.10096 23.8681
v -10.8424 0.101331 25.7111
v -10.8424 1.98174 22.025
v -10.8424 5.50487 14.653
v -10.8424 4.62409 16.496
v -10.7074 3.74331 18.339
v -10.7074 2.86253 20.182
v -10.7074 1.10096 23.8681
v -10.7074 0.101331 25.7111
v -10.7074 1.98174 22.025
v -10.7074 4.62409 16.496
v -10.7074 5.50487 14.653
v 0.218938 4.02933 22.0256
v 0.218938 4.89249 20.1821
v 0.087719 4.89249 20.1821
v 0.087719 4.02933 22.0256
v 0.087719 3.74331 18.339
v 0.087719 2.86253 20.182
v 0.087719 5.75565 18.3386
v 0.218938 6.61881 16.4951
v 0.218938 7.48197 14.6516
v 0.087719 7.48197 14.6516
v 0.087719 6.61881 16.4951
v 0.218938 5.75565 18.3386
v 0.087719 3.16617 23.8691
v 0.087719 2.30301 25.7126
v 0.218938 2.30301 25.7126
v 0.218938 3.16617 23.8691
v 0.087719 1.10096 23.8681
v 0.087719 0.101331 25.7111
v 0.087719 1.98174 22.0251
v 0.087719 5.50487 14.653
v 0.087719 4.62409 16.496
v 0.222663 3.74331 18.339
v 0.222663 2.86253 20.182
v 0.222663 1.10096 23.8681
v 0.222663 0.101331 25.7111
v 0.222663 1.98174 22.0251
v 0.222663 4.62409 16.496
v 0.222663 5.50487 14.653
v 3.80398 4.02933 22.0256
v 3.80398 4.89249 20.1821
v 3.67276 4.89249 20.1821
v 3.67276 4.02933 22.0256
v 3.67276 3.74331 18.339
v 3.67276 2.86253 20.182
v 3.67276 5.75565 18.3386
v 3.80398 6.61881 16.4951
v 3.80398 7.48197 14.6516
v 3.67282 7.48197 14.6516
v 3.67282 6.61881 16.4951
v 3.80398 5.75565 18.3386
v 3.67276 3.16617 23.8691
v 3.67276 2.30301 25.7126
v 3.80398 2.30301 25.7126
v 3.80398 3.16617 23.8691
v 3.67276 1.10096 23.8681
v 3.67276 0.101331 25.7111
v 3.67276 1.98174 22.0251
v 3.67282 5.50487 14.653
v 3.67276 4.62409 16.496
v 3.80776 3.74331 18.339
v 3.80776 2.86253 20.182
v 3.80776 1.10096 23.8681
v 3.80776 0.101331 25.7111
v 3.80776 1.98174 22.0251
v 3.80776 4.62409 16.496
v 3.80776 5.50487 14.653
v 10.0905 4.02933 22.0256
v 10.0905 4.89249 20.1821
v 9.95929 4.89249 20.1821
v 9.95929 4.02933 22.0256
v 9.95929 3.74331 18.339
v 9.95929 2.86253 20.182
v 9.95929 5.75565 18.3386
v 10.0905 6.61881 16.4951
v 10.0905 7.48197 14.6516
v 9.95929 7.48197 14.6516
v 9.95929 6.61881 16.4951
v 10.0905 5.75565 18.3386
v 9.95929 3.16617 23.8691
v 9.95929 2.30301 25.7126
v 10.0905 2.30301 25.7126
v 10.0905 3.16617 23.8691
v 9.95929 1.10096 23.8681
v 9.95929 0.101331 25.7111
v 9.95929 1.98174 22.0251
v 9.95929 5.50487 14.653
v 9.95929 4.62409 16.496
v 10.0942 3.74331 18.339
v 10.0942 2.86253 20.182
v 10.0942 1.10096 23.8681
v 10.0942 0.101331 25.7111
v 10.0942 1.98174 22.0251
v 10.0942 4.62409 16.496
v 10.0942 5.50487 14.653
v 11.009 7.48243 14.3538
v 11.209 7.48243 14.3538
v 11.2091 7.48249 11.5197
v 11.0091 7.48249 11.5197
v 11.209 5.56007 14.3528
v 11.2091 5.56355 11.5192
v 11.2091 7.48255 8.68557
v 11.0091 7.48255 8.68557
v 11.2091 5.56704 8.68558
v 11.0083 5.56007 14.3528
v 11.0084 5.56355 11.5192
v 11.0084 5.56704 8.68558
v 11.1355 7.48243 8.41863
v 11.1356 7.48243 8.61864
v 14.0849 7.48249 8.61866
v 14.0849 7.48249 8.41864
v 11.1365 5.56007 8.61864
v 14.0854 5.56355 8.61865
v 17.0344 7.48255 8.61869
v 17.0344 7.48255 8.41866
v 17.0344 5.56704 8.61866
v 11.1365 5.56007 8.41794
v 14.0854 5.56355 8.41795
v 17.0343 5.56704 8.41796
v 16.9534 7.48243 8.3647
v 17.1534 7.48243 8.3647
v 17.1535 7.48249 6.2462
v 16.9535 7.48249 6.2462
v 17.1534 5.56007 8.36402
v 17.1535 5.56355 6.24586
v 17.1535 7.48255 4.12768
v 16.9535 7.48255 4.12768
v 17.1535 5.56704 4.12768
v 16.9528 5.56007 8.36403
v 16.9528 5.56355 6.24586
v 16.9528 5.56704 4.12768
v -10.9286 7.48243 14.6097
v -10.9286 7.48243 14.4097
v -14.1224 7.48249 14.4096
v -14.1224 7.48249 14.6096
v -10.9294 5.56007 14.4097
v -14.1229 5.56355 14.4096
v -10.9294 5.56007 14.6103
v -14.1228 5.56355 14.6103
v 3.56934 7.48243 14.6097
v 3.56934 7.48243 14.4097
v 0.30068 7.48249 14.4096
v 0.30068 7.48249 14.6096
v 3.56842 5.56007 14.4097
v 0.30025 5.56355 14.4096
v 3.56842 5.56007 14.6104
v 0.30025 5.56355 14.6103
v -21.5311 5.56242 14.6104
v -21.5318 7.48247 14.6097
v -21.5316 7.48247 14.4096
v -20.6754 5.56142 14.6104
v -20.6746 7.48246 14.6097
v -20.6736 7.48246 14.4096
v -20.6764 5.56128 14.4096
v -21.5298 5.56218 14.4096
v 10.1332 5.56242 14.6104
v 10.9889 5.56141 14.6104
v 10.9897 7.48246 14.6097
v 10.1325 7.48247 14.6096
v 10.9907 7.48246 14.4096
v 10.1326 7.48247 14.4096
v 10.9879 5.56128 14.4096
v 10.1345 5.56218 14.4096
v 10.0743 5.54761 14.8137
v 3.67363 5.54761 14.8137
v 3.67363 2.85247 20.3197
v 10.0743 2.85247 20.3197
v 3.67363 0.101331 25.8257
v 10.0743 0.101331 25.8257
v -5.31389 5.54761 14.8137
v -10.7307 5.54761 14.8137
v -10.7307 2.85244 20.3211
v -5.31389 2.85247 20.3197
v -10.7307 2.85251 20.3183
v -10.7308 0.101331 25.8257
v -5.31389 0.101331 25.8257
v 0.102992 5.54761 14.8137
v 0.102992 2.85244 20.3211
v 0.102992 2.85251 20.3183
v 0.102992 0.101331 25.8257
v -14.2073 2.85247 -19.1836
v -20.6312 2.85247 -19.1836
v -20.6312 5.54761 -13.6729
v -14.2073 5.54761 -13.6729
v -20.6312 0.101345 -24.6896
v -14.2073 0.101335 -24.6896
v -21.8759 0.101335 -13.6728
v 11.2497 0.101335 -13.6728
v 11.2497 5.59548 -13.6728
v -15.2508 0.101335 -13.6728
v -8.62565 0.101335 -13.6728
v -2.00056 0.101335 -13.6728
v 4.62459 0.101335 -13.6728
v 4.62459 5.59548 -13.6729
v -2.00056 5.59548 -13.6729
v -8.62565 5.59548 -13.6729
v -15.2508 5.59548 -13.6729
v 0.221045 0.101331 -24.6749
v -10.8429 0.101335 -13.6728
v 0.219047 0.101335 -13.6728
v -10.8429 0.101331 -24.6749
v -10.8429 5.557 -13.6729
v 0.219047 5.557 -13.6729
v -14.2075 0.101331 -24.675
v -20.6312 0.101331 -13.6729
v -14.2073 0.101331 -13.6729
v -20.6312 0.101331 -24.675
v -20.6312 5.55891 -13.6729
v -14.2073 5.55891 -13.6729
v 10.0872 0.101331 -24.6749
v 3.68652 0.101335 -13.6728
v 10.0872 0.101331 -13.6729
v 3.68652 0.101331 -24.6749
v 3.68652 5.557 -13.6729
v 10.0872 5.557 -13.6729
v -20.6312 0.101356 -24.5359
v -20.6312 5.50487 -13.5654
v -20.6312 2.303 -24.536
v -20.5053 2.303 -24.536
v -20.5053 7.48197 -13.5652
v -20.6312 7.48197 -13.5652
v -3.85699 0.101335 -24.6914
v -6.76717 4.98392 -13.7671
v -3.85699 4.98392 -13.7671
v -6.76717 0.101335 -24.6914
v -6.76717 5.61886 -13.756
v -3.85699 5.61886 -13.756
v -6.76717 0.337585 -24.6969
v -3.85699 0.338675 -24.6967
v -20.7253 0.101345 -24.8975
v -20.4032 0.101345 -24.8975
v -20.7253 0.101345 -24.5358
v -20.4032 0.101345 -24.5358
v -20.7253 2.9119 -24.8975
v -20.4032 2.9119 -24.8975
v -20.7253 2.9119 -24.5358
v -20.4032 2.9119 -24.5358
v -20.7337 8.1362 -13.5649
v -20.3948 8.1362 -13.5649
v -20.3948 8.1362 -13.2
v -20.7337 8.1362 -13.2
v -20.7337 5.54803 -13.5649
v -20.3948 5.54803 -13.5649
v -20.3948 5.54803 -13.2
v -20.7337 5.54803 -13.2
v -20.7421 6.38701 -17.4308
v -20.3863 6.38701 -17.4308
v -20.3863 6.38701 -17.067
v -20.7421 6.38701 -17.067
v -20.7421 3.63271 -17.4308
v -20.3863 3.63271 -17.4308
v -20.3863 3.63271 -17.067
v -20.7421 3.63271 -17.067
v -20.7523 4.58477 -21.298
v -20.3762 4.58477 -21.298
v -20.3762 4.58477 -20.9127
v -20.7523 4.58477 -20.9127
v -20.7523 1.83047 -21.298
v -20.3762 1.83047 -21.298
v -20.3762 1.83047 -20.9127
v -20.7523 1.83047 -20.9127
v -14.4456 2.9119 -24.8975
v -14.1025 2.9119 -24.8975
v -14.1025 2.9119 -24.5337
v -14.4456 2.9119 -24.5337
v -14.4456 0.101335 -24.8975
v -14.1025 0.101335 -24.8975
v -14.1025 0.101335 -24.5337
v -14.4456 0.101335 -24.5337
v -14.4549 8.1362 -13.5638
v -14.0932 8.1362 -13.5638
v -14.0932 8.1362 -13.2
v -14.4549 8.1362 -13.2
v -14.4549 5.54803 -13.5638
v -14.0932 5.54803 -13.5638
v -14.0932 5.54803 -13.2
v -14.4549 5.54803 -13.2
v -14.4566 6.38701 -17.4308
v -14.0915 6.38701 -17.4308
v -14.0915 6.38701 -17.067
v -14.4566 6.38701 -17.067
v -14.4566 3.63271 -17.4308
v -14.0915 3.63271 -17.4308
v -14.0915 3.63271 -17.067
v -14.4566 3.63271 -17.067
v -14.4519 4.58477 -21.298
v -14.0962 4.58477 -21.298
v -14.0962 4.58477 -20.9342
v -14.4519 4.58477 -20.9342
v -14.4519 1.83047 -21.298
v -14.0962 1.83047 -21.298
v -14.0962 1.83047 -20.9342
v -14.4519 1.83047 -20.9342
v -10.9456 2.9119 -24.8975
v -10.5934 2.9119 -24.8975
v -10.5934 2.9119 -24.5337
v -10.9456 2.9119 -24.5337
v -10.9456 0.101335 -24.8975
v -10.5934 0.101335 -24.8975
v -10.5934 0.101335 -24.5337
v -10.9456 0.101335 -24.5337
v -10.9409 8.1362 -13.5638
v -10.598 8.1362 -13.5638
v -10.598 8.1362 -13.2
v -10.9409 8.1362 -13.2
v -10.9409 5.54803 -13.5638
v -10.598 5.54803 -13.5638
v -10.598 5.54803 -13.2
v -10.9409 5.54803 -13.2
v -10.9598 6.38701 -17.4308
v -10.5791 6.38701 -17.4308
v -10.5791 6.38701 -17.067
v -10.9598 6.38701 -17.067
v -10.9598 3.63271 -17.4308
v -10.5791 3.63271 -17.4308
v -10.5791 3.63271 -17.067
v -10.9598 3.63271 -17.067
v -10.9424 4.58477 -21.298
v -10.5965 4.58477 -21.298
v -10.5965 4.58477 -20.9342
v -10.9424 4.58477 -20.9342
v -10.9424 1.83047 -21.298
v -10.5965 1.83047 -21.298
v -10.5965 1.83047 -20.9342
v -10.9424 1.83047 -20.9342
v -0.046951 2.9119 -24.8975
v 0.333811 2.9119 -24.8975
v 0.333811 2.9119 -24.5337
v -0.046951 2.9119 -24.5337
v -0.046951 0.101335 -24.8975
v 0.333811 0.101335 -24.8975
v 0.333811 0.101335 -24.5337
v -0.046951 0.101335 -24.5337
v -0.037348 8.1362 -13.5638
v 0.324208 8.1362 -13.5638
v 0.324208 8.1362 -13.2
v -0.037348 8.1362 -13.2
v -0.037348 5.54803 -13.5638
v 0.324208 5.54803 -13.5638
v 0.324208 5.54803 -13.2
v -0.037348 5.54803 -13.2
v -0.034272 6.38701 -17.4308
v 0.321131 6.38701 -17.4308
v 0.321131 6.38701 -17.067
v -0.034272 6.38701 -17.067
v -0.034272 3.63271 -17.4308
v 0.321131 3.63271 -17.4308
v 0.321131 3.63271 -17.067
v -0.034272 3.63271 -17.067
v -0.051216 4.58477 -21.298
v 0.33807 4.58477 -21.298
v 0.33807 4.58477 -20.9342
v -0.051216 4.58477 -20.9342
v -0.051216 1.83047 -21.298
v 0.33807 1.83047 -21.298
v 0.33807 1.83047 -20.9342
v -0.051216 1.83047 -20.9342
v 3.54182 2.9119 -24.8975
v 3.92873 2.9119 -24.8975
v 3.92873 2.9119 -24.5337
v 3.54182 2.9119 -24.5337
v 3.54182 0.101335 -24.8975
v 3.92873 0.101335 -24.8975
v 3.92873 0.101335 -24.5337
v 3.54182 0.101335 -24.5337
v 3.56108 8.1362 -13.5638
v 3.91729 8.1362 -13.5638
v 3.91729 8.1362 -13.2
v 3.56108 8.1362 -13.2
v 3.56108 5.54803 -13.5638
v 3.91729 5.54803 -13.5638
v 3.91729 5.54803 -13.2
v 3.56108 5.54803 -13.2
v 3.5463 6.38701 -17.4308
v 3.92425 6.38701 -17.4308
v 3.92425 6.38701 -17.067
v 3.5463 6.38701 -17.067
v 3.5463 3.63271 -17.4308
v 3.92425 3.63271 -17.4308
v 3.92425 3.63271 -17.067
v 3.5463 3.63271 -17.067
v 3.55131 4.58477 -21.298
v 3.91923 4.58477 -21.298
v 3.91923 4.58477 -20.9342
v 3.55131 4.58477 -20.9342
v 3.55131 1.83047 -21.298
v 3.91923 1.83047 -21.298
v 3.91923 1.83047 -20.9342
v 3.55131 1.83047 -20.9342
v 9.83389 2.9119 -24.8975
v 10.1926 2.9119 -24.8975
v 10.1926 2.9119 -24.5337
v 9.83389 2.9119 -24.5337
v 9.83389 0.101335 -24.8975
v 10.1926 0.101335 -24.8975
v 10.1926 0.101335 -24.5337
v 9.83389 0.101335 -24.5337
v 9.8312 8.1362 -13.5638
v 10.1954 8.1362 -13.5638
v 10.1954 8.1362 -13.2
v 9.8312 8.1362 -13.2
v 9.8312 5.54803 -13.5638
v 10.1954 5.54803 -13.5638
v 10.1954 5.54803 -13.2
v 9.8312 5.54803 -13.2
v 9.823 6.38701 -17.4308
v 10.2035 6.38701 -17.4308
v 10.2035 6.38701 -17.067
v 9.823 6.38701 -17.067
v 9.823 3.63271 -17.4308
v 10.2035 3.63271 -17.4308
v 10.2035 3.63271 -17.067
v 9.823 3.63271 -17.067
v 9.82445 4.58477 -21.298
v 10.2021 4.58477 -21.298
v 10.2021 4.58477 -20.9342
v 9.82445 4.58477 -20.9342
v 9.82445 1.83047 -21.298
v 10.2021 1.83047 -21.298
v 10.2021 1.83047 -20.9342
v 9.82445 1.83047 -20.9342
v -21.836 8.1362 -13.5638
v -21.4911 8.1362 -13.5638
v -21.4911 8.1362 -13.2
v -21.836 8.1362 -13.2
v -21.836 5.54803 -13.5638
v -21.4911 5.54803 -13.5638
v -21.4911 5.54803 -13.2
v -21.836 5.54803 -13.2
v -21.8439 8.1362 -10.4199
v -21.4831 8.1362 -10.4199
v -21.4831 8.1362 -10.0561
v -21.8439 8.1362 -10.0561
v -21.8439 5.54803 -10.4199
v -21.4831 5.54803 -10.4199
v -21.4831 5.54803 -10.0561
v -21.8439 5.54803 -10.0561
v 10.9326 8.1362 -13.5638
v 11.2915 8.1362 -13.5638
v 11.2915 8.1362 -13.2
v 10.9326 8.1362 -13.2
v 10.9326 5.54803 -13.5638
v 11.2915 5.54803 -13.5638
v 11.2915 5.54803 -13.2
v 10.9326 5.54803 -13.2
v 10.9242 8.13621 -10.4199
v 11.3019 8.13621 -10.4199
v 11.3019 8.13621 -10.0561
v 10.9242 8.13621 -10.0561
v 10.9242 5.54803 -10.4199
v 11.3019 5.54803 -10.4199
v 11.3019 5.54803 -10.0561
v 10.9242 5.54803 -10.0561
v 16.7992 8.13621 -10.4199
v 17.1484 8.13621 -10.4199
v 17.1484 8.13621 -10.0561
v 16.7992 8.13621 -10.0561
v 16.7992 5.54803 -10.4199
v 17.1484 5.54803 -10.4199
v 17.1484 5.54803 -10.0561
v 16.7992 5.54803 -10.0561
v -13.1443 5.59548 -13.1355
v 3.05477 5.59548 -13.1335
v -12.2556 5.59548 -13.1354
v 2.16607 5.59548 -13.1336
v -8.72207 5.59548 -13.1351
v -1.97083 5.59548 -13.1342
v -13.157 5.59548 -2.14911
v 3.04203 5.59548 -2.14905
v -12.2556 5.59548 -2.1491
v 2.16607 5.59548 -2.14906
v -8.7109 5.59548 -2.1491
v -1.96942 5.59548 -2.14907
v -13.1507 5.59548 -7.64232
v -12.2556 5.59548 -7.64226
v -8.71651 5.59548 -7.64207
v 3.0484 5.59548 -7.64129
v 2.16607 5.59548 -7.64134
v -1.97013 5.59548 -7.64161
v -5.34016 5.59548 -2.14908
v 11.1549 5.59548 -13.1366
v 3.04101 5.59548 -13.1356
v 3.05336 5.59548 -2.14911
v 3.0478 5.59548 -7.09535
v 5.77404 5.59548 -2.14654
v 5.7755 5.59548 -13.1361
v 5.7755 5.59548 -7.10519
v 3.05056 5.59548 -4.62223
v 5.7748 5.59548 -4.62587
v 3.04408 5.59548 -10.1308
v 5.7755 5.59548 -10.1206
v 8.44682 5.59548 -13.1363
v 8.44639 5.59548 -7.11011
v 8.43554 5.59548 -2.14526
v 8.43932 5.59548 -4.62756
v 8.44661 5.59548 -10.1232
v -21.4898 5.59548 -7.11502
v -13.1513 5.59548 -7.09535
v -21.4684 5.59548 -2.14349
v -15.9557 5.59548 -2.14654
v -15.9572 5.59548 -13.1361
v -15.9572 5.59548 -7.1052
v -13.1542 5.59548 -4.62223
v -21.479 5.59548 -4.62926
v -15.9564 5.59548 -4.62587
v -13.1475 5.59548 -10.1308
v -15.9572 5.59548 -10.1206
v -18.705 5.59548 -13.1363
v -18.7046 5.59548 -7.11011
v -18.6934 5.59548 -2.14525
v -18.6973 5.59548 -4.62756
v -18.7048 5.59548 -10.1232
v -21.765 7.48243 -13.2177
v -21.565 7.48243 -13.2177
v -21.5649 7.48249 -10.3836
v -21.765 7.48249 -10.3836
v -21.565 5.56007 -13.2168
v -21.5649 5.56355 -10.3831
v -21.7657 5.56007 -13.2168
v -21.7657 5.56355 -10.3831
v -20.6312 4.62409 -15.3599
v -20.6312 3.74331 -17.2029
v -20.6312 2.86252 -19.046
v -20.6312 1.98174 -20.9107
v -20.6312 1.10096 -22.732
v -20.5053 3.16617 -22.733
v -20.5053 4.02933 -20.9108
v -20.5053 4.89249 -19.046
v -20.5053 5.75565 -17.2025
v -20.5053 6.6188 -15.359
v -20.6312 6.61881 -15.359
v -20.6312 5.75565 -17.2025
v -20.6312 4.89249 -19.046
v -20.6312 4.02933 -20.9108
v -20.6312 3.16617 -22.733
v -20.5052 3.74331 -17.2029
v -20.5052 2.86252 -19.046
v -20.5052 1.10096 -22.732
v -20.5052 0.101356 -24.5359
v -20.5052 1.98174 -20.9107
v -20.5052 5.50487 -13.5654
v -20.5052 4.62409 -15.3599
v -14.2073 4.02933 -20.8895
v -14.2073 4.89249 -19.046
v -14.3375 4.89249 -19.046
v -14.3375 4.02933 -20.8895
v -14.3375 3.74331 -17.2029
v -14.3375 2.86252 -19.046
v -14.3375 5.75565 -17.2025
v -14.2073 6.6188 -15.359
v -14.2073 7.48197 -13.5155
v -14.3375 7.48197 -13.5155
v -14.3375 6.6188 -15.359
v -14.2073 5.75565 -17.2025
v -14.3375 3.16617 -22.733
v -14.3375 2.30301 -24.5765
v -14.2073 2.303 -24.5765
v -14.2073 3.16617 -22.733
v -14.3375 1.10096 -22.732
v -14.3375 0.101335 -24.575
v -14.3375 1.98174 -20.889
v -14.3375 5.50487 -13.5169
v -14.3375 4.62409 -15.3599
v -14.2073 3.74331 -17.2029
v -14.2073 2.86252 -19.046
v -14.2073 1.10096 -22.732
v -14.2073 0.101335 -24.575
v -14.2073 1.98174 -20.889
v -14.2073 4.62409 -15.3599
v -14.2073 5.50487 -13.5169
v -10.7141 4.02933 -20.8895
v -10.7141 4.89249 -19.046
v -10.8429 4.89249 -19.046
v -10.8429 4.02933 -20.8895
v -10.8429 3.74331 -17.2029
v -10.8429 2.86252 -19.046
v -10.8429 5.75565 -17.2025
v -10.7141 6.6188 -15.359
v -10.7141 7.48197 -13.5155
v -10.8429 7.48197 -13.5155
v -10.8429 6.61881 -15.359
v -10.7141 5.75565 -17.2025
v -10.8429 3.16617 -22.733
v -10.8429 2.30301 -24.5765
v -10.7141 2.303 -24.5765
v -10.7141 3.16617 -22.733
v -10.8429 1.10096 -22.732
v -10.8429 0.101335 -24.575
v -10.8429 1.98174 -20.889
v -10.8429 5.50487 -13.5169
v -10.8429 4.62409 -15.3599
v -10.714 3.74331 -17.2029
v -10.714 2.86252 -19.046
v -10.714 1.10096 -22.732
v -10.7141 0.101335 -24.575
v -10.714 1.98174 -20.889
v -10.714 4.62409 -15.3599
v -10.714 5.50487 -13.5169
v 0.219047 4.02933 -20.8895
v 0.219047 4.89249 -19.046
v 0.090956 4.89249 -19.046
v 0.090956 4.02933 -20.8895
v 0.090956 3.74331 -17.203
v 0.090956 2.86252 -19.046
v 0.090956 5.75565 -17.2025
v 0.219047 6.6188 -15.359
v 0.219047 7.48197 -13.5155
v 0.090956 7.48197 -13.5155
v 0.090956 6.6188 -15.359
v 0.219047 5.75565 -17.2025
v 0.090956 3.16617 -22.733
v 0.090956 2.30301 -24.5765
v 0.219047 2.30301 -24.5765
v 0.219047 3.16617 -22.733
v 0.090956 1.10096 -22.732
v 0.090956 0.101335 -24.575
v 0.090956 1.98174 -20.889
v 0.090956 5.50487 -13.5169
v 0.090956 4.62409 -15.3599
v 0.219099 3.74331 -17.203
v 0.219099 2.86252 -19.046
v 0.219099 1.10096 -22.732
v 0.219047 0.101335 -24.575
v 0.219099 1.98174 -20.889
v 0.219099 4.62409 -15.3599
v 0.219099 5.50487 -13.5169
v 3.80398 4.02933 -20.8895
v 3.80398 4.89249 -19.046
v 3.67276 4.89249 -19.046
v 3.67276 4.02933 -20.8895
v 3.67276 3.74331 -17.203
v 3.67276 2.86252 -19.046
v 3.67276 5.75565 -17.2025
v 3.80398 6.6188 -15.359
v 3.80398 7.48197 -13.5155
v 3.67282 7.48197 -13.5155
v 3.67276 6.6188 -15.359
v 3.80398 5.75565 -17.2025
v 3.67276 3.16617 -22.733
v 3.67276 2.30301 -24.5765
v 3.80398 2.30301 -24.5765
v 3.80398 3.16617 -22.733
v 3.67276 1.10096 -22.732
v 3.67276 0.101335 -24.575
v 3.67276 1.98174 -20.889
v 3.67276 5.50487 -13.5169
v 3.67276 4.62409 -15.3599
v 3.80776 3.74331 -17.203
v 3.80776 2.86252 -19.046
v 3.80776 1.10096 -22.732
v 3.80776 0.101335 -24.575
v 3.80776 1.98174 -20.889
v 3.80776 4.62409 -15.3599
v 3.80776 5.50487 -13.5169
v 10.0905 4.02933 -20.8895
v 10.0905 4.89249 -19.046
v 9.95929 4.89249 -19.046
v 9.95929 4.02933 -20.8895
v 9.95929 3.74331 -17.203
v 9.95929 2.86252 -19.046
v 9.95929 5.75565 -17.2025
v 10.0905 6.6188 -15.359
v 10.0905 7.48197 -13.5155
v 9.95929 7.48197 -13.5155
v 9.95929 6.6188 -15.359
v 10.0905 5.75565 -17.2025
v 9.95929 3.16617 -22.733
v 9.95929 2.30301 -24.5765
v 10.0905 2.30301 -24.5765
v 10.0905 3.16617 -22.733
v 9.95929 1.10096 -22.732
v 9.95929 0.101335 -24.575
v 9.95929 1.98174 -20.889
v 9.95929 5.50487 -13.5169
v 9.95929 4.62409 -15.3599
v 10.0942 3.74331 -17.203
v 10.0942 2.86252 -19.046
v 10.0942 1.10096 -22.732
v 10.0942 0.101335 -24.575
v 10.0942 1.98174 -20.889
v 10.0942 4.62409 -15.3599
v 10.0942 5.50487 -13.5169
v 11.009 7.48243 -13.2177
v 11.209 7.48243 -13.2177
v 11.2091 7.48249 -10.3836
v 11.0091 7.48249 -10.3836
v 11.209 5.56007 -13.2168
v 11.2091 5.56355 -10.3831
v 11.0083 5.56007 -13.2168
v 11.0084 5.56355 -10.3831
v 11.1356 7.48243 -10.1369
v 11.1356 7.48243 -10.3369
v 14.085 7.48249 -10.3369
v 14.085 7.48249 -10.1369
v 11.1365 5.56007 -10.3369
v 14.0854 5.56355 -10.3369
v 16.9556 7.48255 -10.3369
v 16.9556 7.48255 -10.1369
v 16.9556 5.56704 -10.3369
v 14.0854 5.56355 -10.1362
v 16.9556 5.56704 -10.1362
v 16.8701 7.48243 -10.0829
v 17.07 7.48243 -10.0829
v 17.0701 7.48249 -7.96442
v 16.8701 7.48249 -7.96442
v 17.07 5.56007 -10.0822
v 17.0701 5.56355 -7.96408
v 16.8694 5.56007 -10.0822
v 16.8694 5.56355 -7.96409
v -10.9286 7.48243 -13.4736
v -10.9286 7.48243 -13.2736
v -14.1224 7.48249 -13.2736
v -14.1224 7.48249 -13.4736
v -10.9295 5.56007 -13.2736
v -14.1229 5.56355 -13.2736
v -10.9295 5.56007 -13.4743
v -14.1228 5.56355 -13.4743
v 3.56108 7.48243 -13.4736
v 3.56108 7.48243 -13.2736
v 0.30068 7.48249 -13.2736
v 0.30068 7.48249 -13.4736
v 3.56108 5.56007 -13.2736
v 0.30025 5.56355 -13.2736
v 3.56108 5.56007 -13.4743
v 0.30025 5.56355 -13.4743
v -21.5311 5.56242 -13.4743
v -21.5318 7.48247 -13.4736
v -21.5316 7.48247 -13.2736
v -20.6754 5.56141 -13.4743
v -20.6746 7.48246 -13.4736
v -20.6737 7.48246 -13.2736
v -20.6764 5.56128 -13.2736
v -21.5299 5.56218 -13.2736
v 10.1332 5.56242 -13.4743
v 10.9889 5.56141 -13.4743
v 10.9897 7.48246 -13.4736
v 10.1325 7.48247 -13.4736
v 10.9907 7.48246 -13.2736
v 10.1326 7.48247 -13.2736
v 10.9879 5.56128 -13.2736
v 10.1345 5.56218 -13.2736
v 10.0743 5.54761 -13.6729
v 3.67363 5.54761 -13.6729
v 3.67363 2.85247 -19.1836
v 10.0743 2.85247 -19.1836
v 3.67363 0.101335 -24.6896
v 10.0743 0.101335 -24.6896
v -5.31389 5.54761 -13.6729
v -10.7141 5.54761 -13.6729
v -10.7141 2.85243 -19.185
v -5.31389 2.85247 -19.1836
v -10.7141 2.85251 -19.1822
v -10.7141 0.101335 -24.6896
v -5.31389 0.101335 -24.6896
v 0.091552 5.54761 -13.6729
v 0.091552 2.85243 -19.185
v 0.091552 2.85251 -19.1822
v 0.091552 0.101335 -24.6896
v -21.8759 0.101335 -10.5749
v -21.8759 5.59548 -10.5652
v -29.0115 0.101335 -10.5899
v -29.0115 0.101335 -5.13177
v -29.0115 5.59548 -5.13178
v -29.0115 0.101335 -2.15877
v -29.0115 5.59548 -2.15879
v -28.4031 5.59548 -7.11877
v -25.1218 5.59548 -2.13923
v -28.403 5.59548 -4.63067
v -25.1244 5.59548 -4.62997
v -25.1245 5.59548 -7.11445
v -25.1196 5.59548 -10.1232
v -28.4031 5.59548 0.35384
v -25.1192 5.59548 0.3515
v -28.403 5.59548 -2.14258
v -21.4789 5.59548 -2.14349
v -21.4893 5.59548 -4.62926
v -21.4971 5.59548 -7.11011
v -21.8876 0.101335 -10.582
v -21.4842 5.57778 -10.1168
v -27.8864 8.13621 -10.4199
v -27.5373 8.13621 -10.4199
v -27.5373 8.1362 -10.0561
v -27.8864 8.1362 -10.0561
v -27.8864 5.54803 -10.4199
v -27.5373 5.54803 -10.4199
v -27.5373 5.54803 -10.0561
v -27.8864 5.54803 -10.0561
v -27.6166 7.48243 -10.1369
v -27.6166 7.48243 -10.3369
v -24.6672 7.48249 -10.3369
v -24.6672 7.48249 -10.1369
v -27.6157 5.56007 -10.3369
v -24.6667 5.56355 -10.3369
v -21.7966 7.48255 -10.3369
v -21.7966 7.48255 -10.1369
v -21.7966 5.56704 -10.3369
v -27.6081 5.57778 -10.1297
v -24.6667 5.56355 -10.1362
v -21.7966 5.56704 -10.1362
v -27.8156 7.48243 -10.0829
v -27.6156 7.48243 -10.0829
v -27.6155 7.48249 -7.96442
v -27.8156 7.48249 -7.96442
v -27.6156 5.56007 -10.0822
v -27.6155 5.56355 -7.96408
v -27.8163 5.56007 -10.0822
v -27.8163 5.56355 -7.96408
v -19.9168 16.7837 11.3571
v -19.9166 16.7837 1.08407
v 9.39578 5.46126 7.96763
v 9.39578 8.59166 7.96763
v 9.39087 8.59171 4.57813
v 9.3913 5.46126 4.57813
v 9.39578 8.59177 1.08088
v 9.39578 5.46125 1.08088
v 9.39578 5.46125 11.3572
v 9.39578 8.5916 11.3571
v 9.39578 8.59177 1.08193
v 9.39578 8.5916 11.3572
v 9.39578 16.7837 11.3572
v 9.39578 16.7837 1.08193
v -19.9165 6.32052 1.08407
v -18.6204 6.32052 0.629436
v -18.6204 6.32052 1.08407
v -19.9165 16.7837 1.08407
v -18.6204 16.7837 1.08407
v -18.6204 16.7837 0.629436
v -12.1908 6.32052 0.629436
v -12.1908 6.32052 1.08407
v -12.1908 16.7837 1.08407
v -12.1908 16.7837 0.629433
v -0.856495 6.32052 1.08406
v 1.18145 6.32052 1.08406
v -0.856495 6.32052 0.629436
v 1.18145 6.32052 0.629436
v -0.856495 16.7838 1.08406
v 1.18145 16.7837 1.08406
v -0.856495 16.7838 0.629436
v 1.18145 16.7837 0.629436
v -11.746 6.32052 1.08407
v -9.63412 6.32052 1.08407
v -11.746 6.32052 0.629436
v -9.63412 6.32052 0.629436
v -11.746 16.7837 1.08407
v -9.63434 16.7838 1.08407
v -11.746 16.7837 0.629433
v -9.63428 16.7838 0.629433
v -5.24946 16.784 1.08407
v -5.24946 16.784 0.629436
v -16.1248 6.32052 1.08407
v -16.1248 6.32052 0.629436
v -16.1248 16.7837 1.08407
v -16.1248 16.7837 0.629436
v -13.5124 6.32052 0.629436
v -13.5124 6.32052 1.08407
v -13.5124 16.7837 1.08407
v -13.5124 16.7837 0.629433
v -11.3257 5.52302 0.812944
v -11.6077 5.52302 0.296395
v -11.6643 17.4151 0.400201
v -11.4391 17.4151 0.812933
v -12.1715 5.52302 0.296395
v -12.1149 17.4151 0.400201
v -12.4534 5.52302 0.812948
v -12.3401 17.4151 0.812933
v -12.1715 5.52302 1.3295
v -12.1149 17.4151 1.22567
v -11.6077 5.52302 1.3295
v -11.6643 17.4151 1.22567
v -11.5278 5.88032 0.150004
v -11.1659 5.88032 0.812948
v -12.2514 5.88032 0.150008
v -12.6132 5.88032 0.812948
v -12.2514 5.88032 1.47588
v -11.5278 5.88032 1.47588
v -11.4391 6.22748 0.812944
v -11.6643 6.22748 0.400222
v -12.1149 6.22748 0.400222
v -12.3401 6.22748 0.812944
v -12.1149 6.22748 1.22567
v -11.6643 6.22748 1.22567
v -19.9464 16.7837 0.629436
v -19.9466 6.32051 0.629436
v 1.72472 6.32052 1.08406
v 1.72477 16.7837 1.08406
v 3.02018 16.7837 1.08406
v 3.02018 6.32052 1.08406
v 3.02018 16.7837 0.629436
v 3.02018 6.32052 0.629436
v 1.73028 16.7837 0.629436
v 1.65954 6.32051 0.629436
v 9.39584 16.7837 1.08193
v 9.39584 6.32052 1.08193
v 9.39584 6.32052 0.629436
v 9.39584 16.7837 0.629436
v 5.56535 16.7837 0.629433
v 5.56535 16.7837 1.08406
v 5.56535 6.32052 1.08406
v 5.56535 6.32052 0.629436
v 8.13674 16.7837 0.629433
v 8.13674 16.7837 1.08406
v 8.13674 6.32052 1.08406
v 8.13674 6.32052 0.629436
v -19.9467 5.52495 0.629436
v 3.5198 16.6264 11.0149
v -2.37479 16.6264 11.0149
v -8.26933 16.6264 11.0149
v -14.1639 16.6264 11.0149
v 3.5198 14.9123 11.0149
v -2.37479 14.9123 11.015
v -8.26933 14.9123 11.0149
v -14.1639 14.9123 11.0149
v 3.5198 14.9123 11.1527
v -2.37479 14.9123 11.1527
v -8.26933 14.9123 11.1527
v -14.1639 14.9123 11.1527
v -14.1639 16.6264 11.1527
v -8.26933 16.6264 11.1527
v -2.37479 16.6264 11.1527
v 3.5198 16.6264 11.1527
v -29.7131 17.2938 6.08465
v -27.9458 16.7419 6.08453
v -25.9727 16.4051 6.08438
v -23.3588 16.4112 6.0842
v -20.158 17.7632 6.08399
v -29.713 16.7419 4.09006
v -29.713 16.4049 1.8593
v -29.7129 16.4053 -2.43402
v -29.7128 16.4052 -6.72735
v -29.7128 16.7417 -8.95736
v -29.7127 17.2919 -10.9431
v -27.9448 16.7414 -10.9428
v -25.9727 16.4059 -10.9425
v -23.3606 16.412 -10.9422
v -20.3337 16.4188 -10.9417
v -20.158 17.2498 6.08368
v -23.4555 16.0903 6.08364
v -25.9727 15.9901 6.08518
v -27.9423 16.2076 6.08506
v -29.6303 16.6156 6.08514
v -29.7136 16.1437 4.07479
v -29.714 15.8944 1.85931
v -29.7126 15.8964 -2.43402
v -29.7133 15.8969 -6.72734
v -29.713 16.1415 -8.97438
v -29.713 16.5393 -10.9431
v -27.9407 16.1416 -10.9429
v -25.972 15.8964 -10.9423
v -23.3605 15.9005 -10.9427
v -20.3308 15.9041 -10.9418
v 9.85284 17.6816 5.57291
v 12.8762 16.4574 5.57301
v 15.49 16.4513 5.57309
v 17.3954 16.7145 5.57315
v 18.7823 17.147 5.5732
v 18.7823 16.7147 4.01388
v 18.7823 16.4505 1.8593
v 18.7823 16.4511 -2.43402
v 18.7823 16.4504 -6.72735
v 18.7823 16.7148 -8.88215
v 18.7823 17.1475 -10.4577
v 17.3965 16.715 -10.4578
v 15.49 16.4498 -10.4578
v 12.8778 16.4547 -10.4579
v 9.8517 16.4595 -10.458
v 9.85095 15.9398 -10.4579
v 12.8778 15.9358 -10.4579
v 15.49 15.9311 -10.458
v 17.4036 16.1214 -10.4578
v 18.7823 16.4324 -10.4578
v 18.7827 16.1214 -8.87988
v 18.7824 15.9313 -6.72734
v 18.7824 15.9322 -2.43402
v 18.7824 15.931 1.85931
v 18.7824 16.1216 3.99966
v 18.6202 16.5706 5.47604
v 17.4043 16.216 5.57317
v 15.49 16.0355 5.57315
v 12.8762 16.1311 5.57318
v 9.85284 17.1587 5.57322
v -2.37479 16.6264 -10.0122
v -8.26933 16.6264 -10.0122
v -8.26933 14.9123 -10.0122
v -2.37479 14.9123 -10.0122
v -8.26933 14.9123 -9.87443
v -2.37479 14.9123 -9.87443
v -8.26933 16.6264 -9.87442
v -2.37479 16.6264 -9.87442
v -14.1639 16.6264 -10.0122
v -20.0585 16.6264 -10.0122
v -20.0585 14.9123 -10.0122
v -14.1639 14.9123 -10.0122
v 3.5198 14.9123 -10.0122
v 9.56585 14.9123 -10.0122
v 9.56585 16.6264 -10.0122
v 3.5198 16.6264 -10.0122
v -20.0585 14.9123 -9.87442
v -14.1639 14.9123 -9.87442
v 3.5198 14.9123 -9.87443
v 9.56585 14.9123 -9.87443
v -20.0585 16.6264 -9.87442
v -14.1639 16.6264 -9.87442
v 3.5198 16.6264 -9.87443
v 9.56585 16.6264 -9.87443
v -9.17669 28.717 0.316253
v -1.35024 28.717 0.316253
v -9.17669 27.9697 0.315471
v -1.35024 27.9697 0.315471
v -9.17669 28.7169 1.21885
v -1.35024 28.7169 1.21885
v -1.35024 27.9697 1.21841
v -9.17669 27.9697 1.21841
v -12.1497 20.4783 8.1916
v -5.19836 20.4783 8.19473
v 1.75234 20.4783 8.19787
v 1.75234 19.7311 8.19743
v -5.19836 19.7311 8.19429
v -12.1497 19.7311 8.19115
v -12.1413 20.4783 7.32427
v -5.20301 20.4783 7.32279
v 1.73653 20.4783 7.32132
v 1.74501 20.4783 -5.57483
v -5.19988 20.4783 -5.58265
v -12.1448 20.4783 -5.59047
v -12.145 19.7311 -6.42036
v -5.19982 19.7311 -6.41963
v 1.74538 19.7311 -6.41889
v -12.145 20.4783 -6.41997
v -5.19982 20.4783 -6.41923
v 1.74538 20.4783 -6.41849
v 8.92551 20.4783 0.821427
v 8.92551 19.7311 0.82142
v 8.22555 20.4783 0.818418
v -18.4979 20.4782 0.818227
v -19.277 19.7311 0.8213
v -19.277 20.4783 0.821307
v 7.86691 14.9057 -9.98494
v 9.62595 14.9057 -9.98494
v 9.62595 13.965 -9.98494
v 7.86691 13.965 -9.98494
v 2.90844 14.9057 -9.98494
v 4.66748 14.9057 -9.98494
v 4.66748 13.965 -9.98494
v 2.90844 13.965 -9.98494
v 0.433467 14.9057 -9.98493
v 2.19251 14.9057 -9.98493
v 2.19251 13.965 -9.98494
v 0.433467 13.965 -9.98493
v -12.3692 14.9057 -9.98493
v -10.6102 14.9057 -9.98493
v -10.6102 13.965 -9.98493
v -12.3692 13.965 -9.98493
v -14.8019 14.9253 -9.98493
v -13.0429 14.9253 -9.98493
v -13.0429 13.9846 -9.98493
v -14.8019 13.9846 -9.98493
v -20.0328 14.9057 -9.98494
v -18.2737 14.9057 -9.98494
v -18.2737 13.965 -9.98494
v -20.0328 13.965 -9.98494
v 15.6547 20.1598 -1.83406
v 14.3317 21.0939 -1.96211
v 14.8417 21.0954 -1.99497
v 15.6547 20.1598 -3.00748
v 14.3954 20.1598 -2.91539
v 14.3954 20.1598 -1.92614
v 14.5618 20.5056 -2.91539
v 14.5618 20.5056 -1.92614
v 14.5446 20.7032 -2.91539
v 14.5446 20.7032 -1.92614
v 14.3303 20.8169 -2.91539
v 14.3303 20.8169 -1.92614
v 14.3317 21.0939 -2.88684
v 14.8417 21.0954 -2.84601
v 14.933 21.3645 -2.77215
v 14.933 21.3645 -2.046
v 14.7461 21.5577 -2.7489
v 14.7461 21.5577 -2.07639
v 14.7461 21.9561 -2.61554
v 14.7461 21.9561 -2.22599
v 15.3857 21.6033 -2.79755
v 15.3857 21.6033 -2.04398
v 15.6547 21.1273 -2.86701
v 15.6547 21.1273 -1.97452
v -26.2702 20.1598 -3.03415
v -24.9472 21.0939 -2.90471
v -25.4573 21.0954 -2.87151
v -26.2702 20.1598 -1.84805
v -25.0109 20.1598 -1.94113
v -25.0109 20.1598 -2.94108
v -25.1774 20.5056 -1.94113
v -25.1774 20.5056 -2.94108
v -25.1601 20.7032 -1.94113
v -25.1601 20.7032 -2.94108
v -24.9459 20.8169 -1.94113
v -24.9459 20.8169 -2.94108
v -24.9472 21.0939 -1.96999
v -25.4573 21.0954 -2.01127
v -25.5486 21.3645 -2.08592
v -25.5486 21.3645 -2.81991
v -25.3616 21.5577 -2.10943
v -25.3616 21.5577 -2.7892
v -25.3616 21.9561 -2.24423
v -25.3616 21.9561 -2.63798
v -26.0012 21.6033 -2.06024
v -26.0012 21.6033 -2.82196
v -26.2702 21.1273 -1.99003
v -26.2702 21.1273 -2.89218
v 9.87609 5.46126 4.57812
v 9.87609 8.59163 4.57812
v 9.87609 8.59162 6.11078
v 9.87609 8.59162 7.96763
v 9.87609 5.46126 7.96763
v 9.87609 16.7837 6.12353
v 9.87609 8.59163 1.18859
v 9.87609 16.7837 1.18858
v 9.87609 8.59162 11.3571
v 9.87609 5.46126 11.3572
v 9.87609 5.46126 1.1886
v 9.87609 16.7837 11.3571
v -5.24946 15.3264 1.08407
v -9.6345 15.3264 1.08406
v -5.24946 15.3264 0.629436
v -9.63445 15.3264 0.629433
v -0.856495 15.3264 0.629436
v -0.856495 15.3264 1.08406
v 2.00339 5.52302 0.812944
v 2.16321 5.88032 0.812951
v 1.80139 5.88032 0.150011
v 1.72148 5.52302 0.296402
v 1.07774 5.88032 0.150015
v 1.15765 5.52302 0.296402
v 0.715922 5.88032 0.812951
v 0.875681 5.52302 0.812951
v 1.07774 5.88032 1.47588
v 1.15765 5.52302 1.3295
v 1.80139 5.88032 1.47588
v 1.72148 5.52302 1.3295
v 1.89009 6.22748 0.812944
v 1.66483 6.22748 0.400226
v 1.2143 6.22748 0.400226
v 0.989038 6.22748 0.812944
v 1.2143 6.22748 1.22568
v 1.66483 6.22748 1.22568
v 1.89009 17.4151 0.812933
v 1.66483 17.4151 0.400201
v 1.2143 17.4151 0.400201
v 0.989038 17.4151 0.812933
v 1.2143 17.4151 1.22567
v 1.66483 17.4151 1.22567
v -0.918917 6.30519 0.971322
v -0.579488 6.30519 -3.41752
v -0.860755 6.30519 -3.43927
v -1.20019 6.30519 0.949448
v -0.918917 15.3264 0.971318
v -0.579488 15.3264 -3.41753
v -0.860755 15.3264 -3.43929
v -1.20019 15.3264 0.94943
v 10.0922 16.6211 -8.61366
v 10.0789 16.6264 -10.1088
v 10.0789 14.9143 -10.1088
v 10.0789 14.9143 -8.60201
v 9.9411 14.9143 -8.60201
v 9.9411 14.9143 -10.1088
v 9.9411 16.6264 -8.60201
v 9.9411 16.6264 -10.1088
v -28.4029 5.59548 0.662325
v -24.9184 5.59548 0.671458
v -24.921 5.59548 3.2709
v -28.4029 5.59548 3.2701
v 17.8032 5.59548 0.667378
v 17.8032 5.59548 3.27464
v 14.4871 5.59548 0.671059
v -10.406 5.53368 0.629351
v -0.496236 5.54241 0.629351
v -0.496989 5.55113 1.08471
v -10.4075 5.55113 1.08471
v -0.496989 6.32051 1.08471
v -10.4075 6.32051 1.08471
v -10.4042 6.32052 0.629313
v -0.495318 6.32052 0.629334
v -9.30149 6.30519 0.93123
v -9.30149 15.3264 0.931223
v -9.57418 15.3264 -3.46228
v -9.57418 6.30519 -3.46226
v -9.85572 15.3264 -3.44481
v -9.85572 6.30519 -3.4448
v -9.58308 15.3264 0.948578
v -9.58313 6.30519 0.948585
v -20.2304 25.295 8.61498
v -22.0991 25.3268 10.4124
v -22.7002 25.6391 10.9477
v -23.2101 26.1258 11.4321
v -20.2304 25.8701 8.61498
v -22.0991 25.8962 10.4124
v -22.7002 26.1994 10.9477
v -23.2101 26.6862 11.4321
v -23.1471 26.1258 11.4825
v -23.1471 26.6862 11.4825
v -22.6372 26.1994 10.9982
v -22.6372 25.6391 10.9982
v -22.036 25.8962 10.4628
v -22.036 25.3268 10.4628
v -20.1673 25.8701 8.66541
v -20.1673 25.295 8.66541
v 14.9684 19.5809 13.6296
v 14.9615 20.1396 13.6721
v 14.4455 19.6837 13.1646
v 14.4524 19.1251 13.122
v 13.8349 19.4134 12.6224
v 13.8419 18.8457 12.5792
v 11.9038 19.5249 10.8855
v 11.9109 18.9516 10.8418
v 14.9053 19.5809 13.68
v 14.3894 19.1251 13.1725
v 14.3825 19.6837 13.215
v 14.8984 20.1396 13.7226
v 13.7789 18.8457 12.6296
v 13.7719 19.4134 12.6728
v 11.8478 18.9516 10.8922
v 11.8408 19.525 10.9359
v -25.4348 19.5809 13.7232
v -25.4268 20.1396 13.7656
v -24.9241 19.6837 13.245
v -24.9321 19.1251 13.2027
v -24.3276 19.4134 12.6874
v -24.3357 18.8457 12.6443
v -22.4416 19.525 10.9015
v -22.4498 18.9516 10.858
v -25.3718 19.5809 13.7737
v -24.869 19.1251 13.2531
v -24.8611 19.6837 13.2955
v -25.3638 20.1396 13.816
v -24.2727 18.8457 12.6947
v -24.2645 19.4134 12.7378
v -22.3868 18.9516 10.9084
v -22.3786 19.525 10.9519
v -25.3552 19.5809 -12.1288
v -25.3475 20.1396 -12.1713
v -24.8418 19.6837 -11.6535
v -24.8496 19.1251 -11.6111
v -24.2422 19.4134 -11.0992
v -24.2501 18.8457 -11.0561
v -22.3462 19.525 -9.324
v -22.3541 18.9516 -9.28047
v -25.2912 19.581 -12.178
v -24.7855 19.1251 -11.6602
v -24.7778 19.6837 -11.7027
v -25.2834 20.1396 -12.2204
v -24.186 18.8457 -11.1053
v -24.1781 19.4134 -11.1484
v -22.2901 18.9516 -9.32962
v -22.2821 19.525 -9.37316
v -30.7989 18.8509 7.24443
v -30.7875 19.4095 7.28603
v -30.3288 18.9537 6.72626
v -30.3402 18.395 6.68467
v -29.7797 18.6834 6.12187
v -29.7913 18.1156 6.07961
v -28.0453 18.7298 4.18843
v -28.057 18.1564 4.14576
v -30.7358 18.8509 7.29486
v -30.2772 18.395 6.73508
v -30.2658 18.9537 6.77667
v -30.7244 19.4095 7.33644
v -29.7282 18.1156 6.13003
v -29.7166 18.6834 6.17229
v -27.994 18.1564 4.19618
v -27.9823 18.7298 4.23885
v -30.6566 18.8128 -11.9716
v -30.645 19.3714 -12.0131
v -30.1889 18.9156 -11.4512
v -30.2005 18.3569 -11.4097
v -29.6426 18.6453 -10.8442
v -29.6544 18.0776 -10.802
v -27.9174 18.7151 -8.90265
v -27.9293 18.1417 -8.86001
v -30.5935 18.8128 -12.022
v -30.1375 18.3569 -11.4601
v -30.1259 18.9156 -11.5016
v -30.5819 19.3714 -12.0635
v -29.5914 18.0776 -10.8524
v -29.5796 18.6453 -10.8946
v -27.8663 18.1417 -8.91043
v -27.8544 18.7151 -8.95305
v 15.0667 19.5809 -12.2954
v 15.0598 20.1396 -12.338
v 14.5439 19.6837 -11.8304
v 14.5508 19.1251 -11.7879
v 13.9332 19.4134 -11.2882
v 13.9403 18.8457 -11.245
v 12.0021 19.525 -9.55133
v 12.0092 18.9516 -9.50765
v 15.0037 19.581 -12.3458
v 14.4877 19.1251 -11.8383
v 14.4808 19.6837 -11.8809
v 14.9968 20.1396 -12.3884
v 13.8772 18.8457 -11.2954
v 13.8702 19.4134 -11.3387
v 11.9462 18.9516 -9.55806
v 11.9391 19.525 -9.60175
v -20.2521 25.295 -7.27002
v -22.1208 25.3268 -9.06741
v -22.722 25.6391 -9.60278
v -23.2318 26.1258 -10.0871
v -20.2521 25.8701 -7.27002
v -22.1208 25.8963 -9.06741
v -22.722 26.1994 -9.60278
v -23.2318 26.6862 -10.0871
v -23.1688 26.1258 -10.1376
v -23.1688 26.6862 -10.1376
v -22.6589 26.1994 -9.65319
v -22.6589 25.6391 -9.65319
v -22.0578 25.8963 -9.11782
v -22.0578 25.3268 -9.11782
v -20.189 25.8701 -7.32044
v -20.189 25.295 -7.32044
v 9.72895 25.3232 -7.25314
v 11.5976 25.3268 -9.05052
v 12.1988 25.6391 -9.58589
v 12.7087 26.1258 -10.0703
v 9.72895 25.8983 -7.25314
v 11.5976 25.8963 -9.05052
v 12.1988 26.1994 -9.58589
v 12.7087 26.6862 -10.0703
v 12.6457 26.1258 -10.1207
v 12.6457 26.6862 -10.1207
v 12.1357 26.1994 -9.63631
v 12.1357 25.6391 -9.63631
v 11.5346 25.8963 -9.10094
v 11.5346 25.3268 -9.10094
v 9.66593 25.8983 -7.30356
v 9.66593 25.3232 -7.30356
v -20.0735 16.7359 9.84139
v -20.0735 16.7359 -8.31435
v 9.57707 16.7359 -8.31435
v 9.57707 16.7359 9.84139
v 6.07668 16.7359 -8.31435
v 2.54737 16.7359 -8.31435
v -1.3504 16.7359 -8.31435
v -5.24817 16.7359 -8.31435
v -8.99902 16.7359 -8.31434
v -12.823 16.7359 -8.31434
v -16.4482 16.7359 -8.31435
v -16.4482 16.7359 9.84139
v -12.823 16.7359 9.84138
v -8.99902 16.7359 9.8414
v -5.24817 16.7359 9.8414
v -1.3504 16.7359 9.84139
v 2.54737 16.7359 9.84139
v 6.07668 16.7359 9.84139
v -20.0735 16.7359 -4.6832
v -20.0735 16.7359 -1.05206
v -20.0735 16.7359 2.57908
v -20.0735 16.7359 6.21024
v 9.57707 16.7359 6.21024
v 9.57707 16.7359 2.57909
v 9.57707 16.7359 -1.05206
v 9.57707 16.7359 -4.68321
v 6.10927 16.7359 6.21024
v 6.10927 16.7359 2.57909
v 6.10927 16.7359 -1.05206
v 6.10927 16.7359 -4.68321
v 2.5682 16.7359 6.21025
v 2.5682 16.7359 2.57909
v 2.5682 16.7359 -1.05205
v 2.5682 16.7359 -4.6832
v -1.33998 16.7359 6.21025
v -1.33998 16.7359 2.57909
v -1.33998 16.7359 -1.05205
v -1.33998 16.7359 -4.6832
v -5.24817 16.7359 6.21025
v -5.24817 16.7359 2.57909
v -5.24817 16.7359 -1.05206
v -5.24817 16.7359 -4.6832
v -16.4533 16.7359 -4.6832
v -16.4533 16.7359 -1.05205
v -16.4533 16.7359 2.57909
v -16.4533 16.7359 6.21025
v -12.8413 16.7359 -4.68319
v -12.8413 16.7359 -1.05205
v -12.8413 16.7359 2.57909
v -12.8413 16.7359 6.21025
v -9.0083 16.7359 -4.68319
v -9.0083 16.7359 -1.05205
v -9.0083 16.7359 2.5791
v -9.0083 16.7359 6.21025
v -14.214 2.85247 20.3197
v -20.6147 2.85247 20.3197
v -20.6147 5.54761 14.8137
v -14.214 5.54761 14.8137
v -20.6147 0.101342 25.8257
v -14.214 0.101331 25.8257
v -20.6147 0.101331 14.821
v -20.6147 0.101331 25.8267
v -20.6147 5.55891 14.8137
v -20.6383 0.101349 25.7111
v -20.6383 5.50487 14.6529
v -20.6383 2.30301 25.7126
v -20.5071 2.30301 25.7126
v -20.5071 7.48197 14.6516
v -20.6383 7.48197 14.6516
v -20.7253 0.101342 26.0335
v -20.4031 0.101342 26.0335
v -20.7253 0.101342 25.6697
v -20.4031 0.101342 25.6697
v -20.7253 2.9119 26.0335
v -20.4031 2.9119 26.0335
v -20.7253 2.9119 25.6697
v -20.4031 2.9119 25.6697
v -20.7523 4.58477 22.4341
v -20.3762 4.58477 22.4341
v -20.3762 4.58477 22.0703
v -20.7523 4.58477 22.0703
v -20.7523 1.83047 22.4341
v -20.3762 1.83047 22.4341
v -20.3762 1.83047 22.0703
v -20.7523 1.83047 22.0703
v -20.6383 4.62409 16.496
v -20.6383 3.74331 18.339
v -20.6383 2.86252 20.182
v -20.6383 1.98174 22.025
v -20.6383 1.10096 23.8681
v -20.5071 3.16617 23.8691
v -20.5071 4.02933 22.0256
v -20.5071 4.89249 20.1821
v -20.5071 5.75565 18.3386
v -20.5071 6.6188 16.4951
v -20.6383 6.6188 16.4951
v -20.6383 5.75565 18.3386
v -20.6383 4.89249 20.1821
v -20.6383 4.02933 22.0256
v -20.6383 3.16617 23.8691
v -20.5033 3.74331 18.339
v -20.5033 2.86252 20.182
v -20.5034 1.10096 23.8681
v -20.5034 0.101349 25.7111
v -20.5033 1.98174 22.025
v -20.5033 5.50487 14.6529
v -20.5033 4.62409 16.496
vn 0.737584 0.0650818 -0.672111
vt 0.581535 0.778881
vn 0.730309 0.0655147 -0.679968
vt 0.623581 0.778881
vn 0.745423 0.0646038 -0.663454
vt 0.623946 0.729122
vn 0.745405 0.0646224 -0.663472
vt 0.5819 0.729122
vn 0.73608 0.0651802 -0.67375
vt 0.581242 0.829999
vn 0.740979 0.0648732 -0.668387
vt 0.616416 0.829999
vn 0.743612 0.0647082 -0.665473
vt 0.580627 0.99401
vn 0.743614 0.0646942 -0.665471
vt 0.641911 0.99401
vn -0.745497 -0.0645328 0.663378
vt 0.623946 0.729122
vn -0.7303 -0.0655234 0.679977
vt 0.623581 0.778881
vn -0.737626 -0.0650416 0.672069
vt 0.581535 0.778881
vn -0.745559 -0.0644676 0.663314
vt 0.5819 0.729122
vn -0.740962 -0.0648795 0.668405
vt 0.616416 0.829999
vn -0.736065 -0.0651835 0.673765
vt 0.581242 0.829999
vn -0.743595 -0.0647075 0.665492
vt 0.641911 0.99401
vn -0.743594 -0.0647155 0.665493
vt 0.580627 0.99401
vn 0.748523 0.0646344 0.659952
vt 0.623946 0.729122
vn 0.733515 0.0655006 0.67651
vt 0.623581 0.778881
vn 0.740736 0.0650918 0.668636
vt 0.581535 0.778881
vn 0.748451 0.0647101 0.660026
vt 0.5819 0.729122
vn 0.744459 0.0648687 0.66451
vt 0.616416 0.829999
vn 0.739492 0.0651663 0.670003
vt 0.581242 0.829999
vn 0.74713 0.0646983 0.661522
vt 0.641911 0.99401
vn 0.747129 0.0647017 0.661522
vt 0.580627 0.99401
vn -0.740781 -0.065083 -0.668587
vt 0.581535 0.778881
vn -0.733536 -0.0654977 -0.676487
vt 0.623581 0.778881
vn -0.748592 -0.0646221 -0.659874
vt 0.623946 0.729122
vn -0.748526 -0.064692 -0.659943
vt 0.5819 0.729122
vn -0.739491 -0.0651659 -0.670005
vt 0.581242 0.829999
vn -0.744457 -0.064864 -0.664513
vt 0.616416 0.829999
vn -0.747127 -0.0646963 -0.661526
vt 0.580627 0.99401
vn -0.747128 -0.0646875 -0.661525
vt 0.641911 0.99401
vn 0.680226 0 -0.733002
vt 0.581535 0.778881
vn 0.672266 0 -0.74031
vt 0.623581 0.778881
vn 0.688817 0 -0.724935
vt 0.623946 0.729122
vn 0.688817 0 -0.724935
vt 0.5819 0.729122
vn 0.682584 0 -0.730807
vt 0.581242 0.829999
vn 0.68951 0 -0.724276
vt 0.616416 0.829999
vn 0.693229 0 -0.720717
vt 0.580627 0.99401
vn 0.693229 0 -0.720717
vt 0.641911 0.99401
vn -0.688671 0 0.725074
vt 0.623946 0.729122
vn -0.672312 0 0.740268
vt 0.623581 0.778881
vn -0.680179 0 0.733046
vt 0.581535 0.778881
vn -0.688671 0 0.725074
vt 0.5819 0.729122
vn -0.689512 0 0.724274
vt 0.616416 0.829999
vn -0.682622 0 0.730772
vt 0.581242 0.829999
vn -0.693212 0 0.720734
vt 0.641911 0.99401
vn -0.693212 0 0.720734
vt 0.580627 0.99401
vn 1 0 0
vt 0.380877 0.771073
vn 1 0 0
vt 0.380877 0.66774
vn 1 0 0
vt 0.551504 0.66774
vn 1 0 0
vt 0.551504 0.771073
vn -1 0 0
vt 0.551504 0.66774
vn -1 0 0
vt 0.551504 0.771073
vn -1 0 0
vt 0.380877 0.771073
vn -1 0 0
vt 0.380877 0.66774
vn 1 0 0
vt 0.380877 0.66774
vn 1 0 0
vt 0.380877 0.771073
vn 1 0 0
vt 0.551504 0.771073
vn 1 0 0
vt 0.551504 0.66774
vn -1 0 0
vt 0.551504 0.771073
vn -1 0 0
vt 0.551504 0.66774
vn -1 0 0
vt 0.380877 0.66774
vn -1 0 0
vt 0.380877 0.771073
vn 0 1 0
vt 0.345683 0.374936
vn 0 1 0
vt 0.345654 0.560515
vn 0 1 0
vt 0.299312 0.560515
vn 0 1 0
vt 0.299312 0.374936
vn 0 1 0
vt 0.345683 0.374936
vn 0 1 0
vt 0.345654 0.560515
vn 0 1 0
vt 0.299312 0.374936
vn 0 1 0
vt 0.299312 0.374936
vn 0 1 0
vt 0.345683 0.374936
vn 0 1 0
vt 0.345654 0.560515
vn 0 1 0
vt 0.299312 0.560515
vn 0 1 0
vt 0.345683 0.374936
vn 0 1 0
vt 0.345654 0.560515
vn 0 1 0
vt 0.299312 0.560515
vn 0 1 0
vt 0.299312 0.374936
vn 0 1 0
vt 0.299312 0.374936
vn 0 1 0
vt 0.345683 0.374936
vn 0 1 0
vt 0.345654 0.560515
vn 0 1 0
vt 0.299312 0.560515
vn 0 1 0
vt 0.345683 0.374936
vn 0 1 0
vt 0.345654 0.560515
vn 0 1 0
vt 0.299312 0.560515
vn 0 1 0
vt 0.299312 0.374936
vn 0 1 0
vt 0.345683 0.374936
vn 0 1 0
vt 0.345654 0.560515
vn 0 1 0
vt 0.299312 0.560515
vn 0 1 0
vt 0.345683 0.374936
vn 0 1 0
vt 0.345654 0.560515
vn 0 1 0
vt 0.299312 0.560515
vn 0 1 0
vt 0.299312 0.374936
vn 0 1 0
vt 0.345683 0.374936
vn 0 1 0
vt 0.345654 0.560515
vn 0 1 0
vt 0.299312 0.560515
vn 0 1 0
vt 0.299312 0.374936
vn 0 1 0
vt 0.299312 0.374936
vn 0 1 0
vt 0.345683 0.374936
vn 0 1 0
vt 0.345654 0.560515
vn 0 1 0
vt 0.299312 0.560515
vn 0 1 0
vt 0.345683 0.374936
vn 0 1 0
vt 0.345654 0.560515
vn 0 1 0
vt 0.299312 0.560515
vn 0 1 0
vt 0.299312 0.374936
vn 0 1 0
vt 0.345654 0.560515
vn 0 1 0
vt 0.299312 0.560515
vn 0 1 0
vt 0.299312 0.374936
vn 0 1 0
vt 0.345683 0.374936
vn 0 1 0
vt 0.299312 0.560515
vn 0 1 0
vt 0.299312 0.374936
vn 0 1 0
vt 0.345683 0.374936
vn 0 1 0
vt 0.345654 0.560515
vn 0 1 0
vt 0.299312 0.560515
vn 0 1 0
vt 0.299312 0.374936
vn 0 1 0
vt 0.299312 0.560515
vn 0 1 0
vt 0.299312 0.374936
vn 0 1 0
vt 0.345683 0.374936
vn 0 1 0
vt 0.345654 0.560515
vn 0 1 0
vt 0.345683 0.374936
vn 0 1 0
vt 0.345654 0.560515
vn 0 1 0
vt 0.299312 0.560515
vn 0 1 0
vt 0.299312 0.374936
vn 0 1 0
vt 0.299312 0.560515
vn 0 1 0
vt 0.299312 0.374936
vn 0 1 0
vt 0.345683 0.374936
vn 0 1 0
vt 0.345654 0.560515
vn 0 1 0
vt 0.299312 0.560515
vn 0 1 0
vt 0.299312 0.374936
vn 0 1 0
vt 0.345683 0.374936
vn 0 1 0
vt 0.345654 0.560515
vn 1 0 0
vt 0.646676 0.163363
vn 1 0 0
vt 0.646676 0.318139
vn 1 0 0
vt 0.783827 0.318139
vn 1 0 0
vt 0.783827 0.163363
vn 1 0 0
vt 0.715252 0.318139
vn 1 0 0
vt 0.715252 0.163363
vn 0 1 0
vt 0.345744 0.423366
vn 0 1 0
vt 0.485837 0.423366
vn 0 1 0
vt 0.485835 0.561111
vn 0 1 0
vt 0.345744 0.561111
vn 0 1 0
vt 0.345744 0.423366
vn 0 1 0
vt 0.485837 0.423366
vn 0 1 0
vt 0.485835 0.561111
vn 0 1 0
vt 0.345744 0.561111
vn 0 1 0
vt 0.345744 0.423366
vn 0 1 0
vt 0.485835 0.561111
vn 0 1 0
vt 0.345744 0.561111
vn 0 1 0
vt 0.345744 0.423366
vn 0 1 0
vt 0.485835 0.561111
vn 0 1 0
vt 0.345744 0.561111
vn -0.00382628 0 -0.999993
vt 0.646676 0.318139
vn -0.00382628 0 -0.999993
vt 0.783827 0.318139
vn -0.00382628 0 -0.999993
vt 0.783827 0.163363
vn -0.00382628 0 -0.999993
vt 0.646676 0.163363
vn 0 1 0
vt 0.345744 0.423366
vn 0 1 0
vt 0.485837 0.423366
vn 0 1 0
vt 0.485835 0.561111
vn 0 1 0
vt 0.345744 0.561111
vn -0.00264698 0.999992 -0.00293074
vt 0.345744 0.423366
vn -0.00264698 0.999992 -0.00293074
vt 0.485835 0.561111
vn 0 0.999983 -0.00586169
vt 0.345744 0.561111
vn 0 1 0
vt 0.485837 0.423366
vn 0 1 0
vt 0.485835 0.561111
vn 0 1 0
vt 0.345744 0.561111
vn -1.64533e-05 0 1
vt 0.784105 0.327603
vn -1.6462e-05 0 1
vt 0.649216 0.327603
vn -1.6462e-05 0 1
vt 0.649216 0.605507
vn -1.5531e-05 -4.09906e-07 1
vt 0.784105 0.605507
vn -1.50663e-05 -6.14539e-07 1
vt 0.649216 0.327603
vn -1.36966e-05 -1.22911e-06 1
vt 0.649216 0.605507
vn -1.64446e-05 0 1
vt 0.551107 0.668034
vn -1.64533e-05 0 1
vt 0.551107 0.77137
vn -0.974748 -1.16449e-09 0.223307
vt 0.381025 0.77137
vn -1.64359e-05 0 1
vt 0.381025 0.668034
vn -1.6462e-05 0 1
vt 0.381025 0.668034
vn -1.6462e-05 0 1
vt 0.381025 0.77137
vn -0.875765 -0.465265 -0.1287
vt 1.84499 -0.893918
vn -0.48046 0.845361 0.233501
vt 1.84499 -0.859725
vn -0.622155 0.754636 0.208442
vt 1.94891 -0.859725
vn -0.861261 -0.489821 -0.135296
vt 1.94891 -0.893918
vn -0.28821 0.923004 0.254948
vt 1.84499 -0.798917
vn 0.268717 0.860579 -0.432661
vt 1.92438 -0.859725
vn 0.244621 0.783411 -0.571339
vt 1.83046 -0.859725
vn 0.28821 0.923004 -0.254948
vt 1.92438 -0.798917
vn -0.0983496 -0.314969 -0.943992
vt 1.92438 -0.893918
vn -0.235468 -0.755077 -0.611893
vt 1.83046 -0.893918
vn 0.16177 0.946781 -0.278272
vt 1.84974 -0.725762
vn 0.179708 0.941514 -0.285056
vt 1.84974 -0.859725
vn 0.16177 0.946781 -0.278272
vt 1.94429 -0.859725
vn 0.125133 0.956329 -0.264152
vt 1.94429 -0.798917
vn 0 0 -1
vt 1.94429 -0.893918
vn 0 0 -1
vt 1.84974 -0.893918
vn 0 0 -1
vt 1.84974 -0.859725
vn 0 0 -1
vt 1.94429 -0.859725
vn -0.445296 0.885328 0.133813
vt 1.91241 -0.859725
vn -0.420691 0.894543 0.151038
vt 1.79235 -0.859725
vn -0.312116 0.939375 0.141982
vt 1.79235 -0.725762
vn -0.296256 0.948774 0.109818
vt 1.91241 -0.798917
vn -0.64321 -0.756079 -0.120934
vt 1.91241 -0.893918
vn -0.958245 -0.281961 -0.0475948
vt 1.79235 -0.893918
vn -0.323821 0.946118 0
vt 1.99888 -0.725762
vn -0.513429 0.858132 0
vt 1.99888 -0.859725
vn -0.425573 0.904924 0
vt 1.79235 -0.859725
vn -0.323821 0.946118 0
vt 1.79235 -0.725762
vn -0.611206 -0.791472 1.02795e-05
vt 1.99888 -0.893918
vn -0.959343 -0.282244 0
vt 1.79235 -0.893918
vn -0.755885 -0.630998 -0.174582
vt 1.93576 -0.900765
vn -0.975482 -0.212077 -0.0587994
vt 1.84499 -0.900765
vn -0.966738 -0.252895 -0.0382382
vt 1.91241 -0.900765
vn -0.628172 -0.768308 -0.122896
vt 1.79235 -0.900765
vn -0.851255 -0.524753 -7.68771e-06
vt 1.99888 -0.900765
vn -0.851544 -0.524283 -5.60167e-05
vt 1.79235 -0.900765
vn -0.146494 -0.811697 -0.56541
vt 1.84974 -0.900765
vn -0.0500411 -0.295432 -0.954052
vt 1.94429 -0.900765
vn -0.177639 -0.983647 0.0297012
vt 1.94429 -0.893918
vn -0.186715 -0.978481 0.0878215
vt 1.84974 -0.893918
vn -0.234061 -0.750897 -0.617551
vt 1.92438 -0.900765
vn -0.0764151 -0.245832 -0.966296
vt 1.84235 -0.900765
vn 0.000885844 0.923957 -0.382495
vt 1.99888 -0.859725
vn 0 0.915121 -0.403179
vt 1.99888 -0.725762
vn 0.000612049 0.938756 -0.344582
vt 1.86064 -0.725762
vn 0.00177195 0.924214 -0.38187
vt 1.86064 -0.859725
vn 0 0 -1
vt 1.84499 -0.859725
vn 0 0 -1
vt 1.97327 -0.859725
vn 0 0 -1
vt 1.97327 -0.893918
vn 0 0 -1
vt 1.84499 -0.893918
vn 0.0019787 -0.839165 -0.543873
vt 1.87309 -0.900765
vn 0.000749254 -0.330159 -0.943925
vt 1.99888 -0.900765
vn 0.00226389 -0.995959 0.089784
vt 1.99888 -0.893918
vn 0.00221156 -0.995924 0.0901744
vt 1.87309 -0.893918
vn 0 0.894365 -0.447338
vt 1.99888 -0.598419
vn 0 0.894365 -0.447338
vt 1.81198 -0.598419
vn -0.622155 0.754636 -0.208442
vt 1.81198 -0.859725
vn -0.480459 0.845362 -0.233501
vt 1.91889 -0.859725
vn -0.959164 -0.272641 0.0753074
vt 1.91889 -0.893918
vn -0.674128 -0.711913 0.196802
vt 1.81198 -0.893918
vn -0.288208 0.923005 -0.254948
vt 1.91889 -0.798917
vn 0.244619 0.783411 0.571339
vt 1.98995 -0.859725
vn 0.268715 0.860579 0.432661
vt 1.89574 -0.859725
vn 0.288208 0.923005 0.254948
vt 1.89574 -0.798917
vn -0.233559 -0.747938 0.62132
vt 1.98995 -0.893918
vn -0.0958826 -0.307053 0.94685
vt 1.89574 -0.893918
vn 0.16177 0.946781 0.278272
vt 1.93146 -0.859725
vn 0.179708 0.941514 0.285056
vt 1.8364 -0.859725
vn 0.16177 0.946781 0.278272
vt 1.8364 -0.725762
vn 0.125133 0.956329 0.264152
vt 1.93146 -0.798917
vn 0 0 1
vt 1.8364 -0.859725
vn -0.143479 -0.793263 0.591733
vt 1.8364 -0.893918
vn -0.0605942 -0.317545 0.946305
vt 1.93146 -0.893918
vn 0 0 1
vt 1.93146 -0.859725
vn -0.312116 0.939375 -0.141982
vt 1.99888 -0.725762
vn -0.684512 0.718828 -0.12137
vt 1.99888 -0.859725
vn -0.445296 0.885328 -0.133813
vt 1.87835 -0.859725
vn -0.296256 0.948774 -0.109818
vt 1.87835 -0.798917
vn -0.797933 -0.602369 0.0213156
vt 1.99888 -0.893918
vn -0.643557 -0.755781 0.12095
vt 1.87835 -0.893918
vn -0.323821 0.946118 0
vt 1.99888 -0.859725
vn -0.323821 0.946118 0
vt 1.79235 -0.859725
vn -0.164683 0.970017 0.178734
vt 1.79235 -0.725762
vn -0.323821 0.946118 0
vt 1.99888 -0.725762
vn -0.676394 -0.709922 0.196217
vt 1.91889 -0.900765
vn -0.954703 -0.281517 0.096382
vt 1.82525 -0.900765
vn -0.864978 -0.500127 0.0410551
vt 1.99888 -0.900765
vn -0.897647 -0.43577 0.0658315
vt 1.87835 -0.900765
vn -0.0562855 -0.329558 0.942456
vt 1.8364 -0.900765
vn -0.0594846 -0.99318 -0.100278
vt 1.8364 -0.927011
vn -0.108709 -0.984752 0.135813
vt 1.93146 -0.927011
vn -0.154546 -0.854611 0.495738
vt 1.93146 -0.900765
vn -0.161345 -0.516765 0.840786
vt 1.89574 -0.900765
vn -0.140763 -0.450944 0.881383
vt 1.97826 -0.900765
vn -0.224762 -0.930036 0.290715
vt 1.95708 -0.927011
vn -0.234889 -0.971798 0.0208648
vt 1.89574 -0.927011
vn 0.00173052 0.92329 0.384099
vt 1.79235 -0.859725
vn 0.000865529 0.923506 0.383584
vt 1.91889 -0.859725
vn 0 0.917984 0.396618
vt 1.91889 -0.725762
vn 0.00116109 -0.501288 0.86528
vt 1.81198 -0.893918
vn 8.57536e-06 -2.03033e-05 1
vt 1.94429 -0.893918
vn -0.203234 0.944366 0.258589
vt 1.94429 -0.859725
vn -0.360571 0.861582 0.357303
vt 1.81198 -0.859725
vn 0.165826 -0.39262 0.904628
vt 1.79235 -0.900765
vn 0.372776 -0.882512 0.286725
vt 1.91889 -0.900765
vn 0.329525 -0.93707 0.115379
vt 1.91889 -0.927011
vn 0.179668 -0.975384 0.12785
vt 1.79235 -0.927011
vn 0 0.894365 0.447339
vt 1.79235 -0.598419
vn 0 0.894365 0.447339
vt 1.91889 -0.598419
vn -1 3.04501e-06 4.01529e-06
vt 0.47269 0.997848
vn -1 -9.87198e-12 8.03136e-06
vt 0.47269 0.77137
vn -1 -1.19463e-09 0.000971948
vt 0.381025 0.997848
vn 0.022378 0.890634 -0.45417
vt 0.248421 0.296934
vn 0.184365 0.981685 0.0479946
vt 0.28548 0.281756
vn -0.623866 0.505676 -0.595889
vt 0.280993 0.240434
vn -0.93293 0.0495207 -0.356635
vt 0.227147 0.266732
vn 0.762741 0.48552 0.427196
vt 0.227147 0.266732
vn 0.659592 0.503088 0.558427
vt 0.280993 0.240434
vn -0.748925 0.000113958 0.662655
vt 0.206848 0.330377
vn -0.579747 -0.633056 0.512966
vt 0.248421 0.296934
vn 0.00147637 0.999998 -0.0013088
vt 0.574768 0.281756
vn -0.64619 0.504163 -0.572937
vt 0.574768 0.240434
vn 0.647546 0.504082 0.571477
vt 0.574768 0.240434
vn -0.219378 -0.956142 0.194077
vt 0.28548 0.281756
vn -0.219385 -0.956145 0.194052
vt 0.248421 0.296934
vn -0.219378 -0.956142 0.194077
vt 0.227147 0.266732
vn -0.219371 -0.956139 0.194101
vt 0.280993 0.240434
vn -0.095503 0.991836 0.0845028
vt 0.318196 0.281756
vn -0.689247 0.499808 -0.524529
vt 0.318196 0.240434
vn -0.689265 0.499738 -0.524572
vt 0.62956 0.240434
vn -0.0955151 0.991837 0.0844804
vt 0.62956 0.281756
vn 0.601168 0.506526 0.618084
vt 0.62956 0.240434
vn 0.601177 0.506513 0.618087
vt 0.318196 0.240434
vn -0.62386 0.505691 0.595882
vt 0.280993 0.240434
vn 0.184381 0.981682 -0.0479954
vt 0.28548 0.281756
vn 0.0223389 0.890633 0.454175
vt 0.248421 0.296934
vn -0.485052 0.503965 0.714663
vt 0.227147 0.266732
vn 0.496564 -0.166456 -0.85189
vt 0.227147 0.266732
vn 0.674609 0.298281 -0.675227
vt 0.280993 0.240434
vn -0.373007 -0.867141 -0.33005
vt 0.248421 0.296934
vn -0.748893 0.000195745 -0.662691
vt 0.206848 0.330377
vn -0.646186 0.504164 0.572942
vt 0.574768 0.240434
vn 0.00147631 0.999998 0.00130884
vt 0.574768 0.281756
vn 0.647552 0.504059 -0.571491
vt 0.574768 0.240434
vn -0.219367 -0.95615 -0.194048
vt 0.28548 0.281756
vn -0.689266 0.499737 0.524571
vt 0.62956 0.240434
vn -0.689248 0.499807 0.524528
vt 0.318196 0.240434
vn -0.0955062 0.991836 -0.0845033
vt 0.318196 0.281756
vn -0.095512 0.991837 -0.0844828
vt 0.62956 0.281756
vn 0.601171 0.50652 -0.618086
vt 0.62956 0.240434
vn 0.601167 0.506526 -0.618085
vt 0.318196 0.240434
vn 0.331843 0.850339 0.408417
vt 0.317878 0.240434
vn -0.815079 0.522236 0.25083
vt 0.317878 0.281756
vn -0.33175 0.850368 0.408431
vt 0.62956 0.281756
vn 0.815079 0.522236 0.25083
vt 0.62956 0.240434
vn 1 0 0
vt 0.317878 0.281756
vn 1 0 0
vt 0.62956 0.281756
vn -1 0 0
vt 0.62956 0.240434
vn -1 0 0
vt 0.317878 0.240434
vn 0 0 1
vt 0.574768 0.281756
vn 0 0 1
vt 0.62956 0.281756
vn 0 0 1
vt 0.62956 0.240434
vn 0 0 1
vt 0.574768 0.240434
vn 0 0.901418 -0.432949
vt 0.62956 0.240434
vn 0 0.901418 -0.432949
vt 0.317878 0.240434
vn 0 0.901418 -0.432949
vt 0.317878 0.281756
vn 0 0.901418 -0.432949
vt 0.62956 0.281756
vn 1 0 0
vt 0.62956 0.240434
vn 1 0 0
vt 0.317878 0.240434
vn 1 0 0
vt 0.317878 0.281756
vn 0.989217 0 -0.146461
vt 0.62956 0.281756
vn -1 0 0
vt 0.317878 0.281756
vn -1 0 0
vt 0.62956 0.281756
vn -0.999316 0 -0.0369831
vt 0.62956 0.240434
vn -1 0 0
vt 0.317878 0.240434
vn 0 0 -1
vt 0.574768 0.240434
vn 0 0 -1
vt 0.574768 0.281756
vn 0 0.625152 0.780503
vt 0.31838 0.281756
vn 0 0.954618 0.297833
vt 0.62956 0.281756
vn 0 -0.62608 0.779759
vt 0.62956 0.240434
vn 0 -0.954726 0.297486
vt 0.31838 0.240434
vn 0 0.00140223 -0.999999
vt 0.62956 0.281756
vn 0 0.00140223 -0.999999
vt 0.31838 0.281756
vn 0 0.00140223 -0.999999
vt 0.31838 0.240434
vn 0 0.00140223 -0.999999
vt 0.62956 0.240434
vn 0 1 0.000126302
vt 0.31838 0.240434
vn 0 1 0.000126302
vt 0.62956 0.240434
vn -1 0 0
vt 0.62956 0.281756
vn -1 0 0
vt 0.62956 0.240434
vn -1 0 0
vt 0.575014 0.240434
vn -1 0 0
vt 0.575014 0.281756
vn 0 -1 0
vt 0.62956 0.281756
vn 0 -1 0
vt 0.31838 0.281756
vn -1 0 0
vt 0.932579 0.552503
vn -1 0 0
vt 0.79588 0.654512
vn -1 0 0
vt 0.79588 0.552503
vn -1 0 0
vt 0.932579 0.552503
vn 0 0.970649 0.240499
vt 1.94429 -0.725762
vn -0.0958914 0.942433 0.320352
vt 1.81198 -0.725762
vn 0 0.894365 0.447339
vt 1.99888 -0.598419
vn 0 0.894365 0.447339
vt 1.81198 -0.598419
vn 0.000860817 0.956958 -0.290225
vt 1.91889 -0.859725
vn 0 0.918105 -0.396337
vt 1.91889 -0.725762
vn 0.000574337 0.93899 -0.343944
vt 1.79235 -0.725762
vn 0.00172165 0.95682 -0.290676
vt 1.79235 -0.859725
vn 0 0.894365 -0.447338
vt 1.91889 -0.598419
vn 0 0.894365 -0.447338
vt 1.79235 -0.598419
vn 0 0 1
vt 1.79235 -0.893918
vn 0.268804 -0.636429 0.722982
vt 1.91889 -0.893918
vn 0.00133002 -0.438422 0.898768
vt 1.81198 -0.900765
vn 0.00208263 -0.884735 0.46609
vt 1.94429 -0.900765
vn 0.0396666 -0.997868 0.0518223
vt 1.94429 -0.927011
vn 0.0200121 -0.984046 -0.176787
vt 1.81198 -0.927011
vn 0 0 -1
vt 1.86064 -0.893918
vn 0 0 -1
vt 1.99888 -0.893918
vn 0.00227987 -0.995968 0.0896782
vt 1.79235 -0.893918
vn 0.00233731 -0.996013 0.0891824
vt 1.93146 -0.893918
vn 0.0020203 -0.837749 -0.546051
vt 1.93146 -0.900765
vn 0.000958614 -0.328532 -0.944492
vt 1.79235 -0.900765
vn -1 0 0
vt 0.381025 0.77137
vn -1 0 0
vt 0.551107 0.668034
vn -1 0 0
vt 0.551107 0.77137
vn 1 0 0
vt 0.460425 0.77137
vn -1 0 0
vt 0.381025 0.668034
vn -3.17872e-11 1 2.1989e-05
vt 0.731569 0.660408
vn -1.6267e-11 1 2.19883e-05
vt 0.731569 0.684659
vn 1.99007e-09 1 2.19894e-05
vt 0.919542 0.684659
vn 3.37885e-07 1 1.46939e-05
vt 0.919542 0.660408
vn 0 0 1
vt 0.731569 0.660408
vn 0 0 1
vt 0.731569 0.684659
vn 9.12028e-05 0 1
vt 0.919542 0.684659
vn 0.000182514 0 1
vt 0.919542 0.660408
vn 1.2895e-06 -3.07883e-05 -1
vt 0.731569 0.660408
vn 5.82718e-07 -1.4665e-05 -1
vt 0.731569 0.684659
vn 7.29001e-07 -3.95893e-05 -1
vt 0.919542 0.684659
vn 1.46262e-06 -5.74388e-05 -1
vt 0.919542 0.660408
vn -3.63781e-07 2.86792e-06 1
vt 0.002796 0.127012
vn 0 3.82256e-06 1
vt 0.002796 0.00228602
vn 7.2691e-07 1.91128e-06 1
vt 0.25066 0.00228602
vn 7.2691e-07 0 1
vt 0.25066 0.127012
vn 0 0 -1
vt 0.002796 0.127012
vn 0 0 -1
vt 0.002796 0.00228602
vn 0 0 -1
vt 0.25066 0.00228602
vn 0 0 -1
vt 0.25066 0.127012
vn -0.896407 0 0.443232
vt 0.002796 0.127012
vn -1 0 0
vt 0.25066 0.127012
vn -1 0 0
vt 0.25066 0.00228602
vn -0.451213 1.70566e-06 0.892416
vt 0.002796 0.00228602
vn -0.451213 0 -0.892416
vt 0.002796 0.127012
vn -0.896407 0 -0.443232
vt 0.002796 0.00228602
vn -9.69361e-07 3.82256e-06 1
vt 0.25066 0.00228602
vn 0 2.54876e-06 1
vt 0.25066 0.127012
vn 0 0 -1
vt 0.25066 0.00228602
vn 0 0 -1
vt 0.25066 0.127012
vn 1 0 0
vt 0.25066 0.127012
vn 0.45024 1.7066e-06 0.892908
vt 0.002796 0.127012
vn 0.895929 1.69797e-06 0.444198
vt 0.002796 0.00228602
vn 1 0 0
vt 0.25066 0.00228602
vn 0.450239 0 -0.892908
vt 0.002796 0.00228602
vn 0.895929 0 -0.444198
vt 0.002796 0.127012
vn 0.0549592 -0.158646 0.985805
vt 1.99617 0.105042
vn -0.276877 0.799238 0.533439
vt 1.99617 0.140057
vn -0.241522 0.697182 0.674985
vt 1.89497 0.140057
vn 0.179401 -0.517861 0.836442
vt 1.89497 0.105042
vn 0.651475 0.712288 0.261203
vt 1.99617 0.140057
vn 0.509409 0.807915 0.296271
vt 1.89497 0.140057
vn 0.979773 -0.187879 -0.0688966
vt 1.89497 0.105042
vn 0.789182 -0.576614 -0.21144
vt 1.99617 0.105042
vn 0.241525 0.69718 -0.674986
vt 1.99617 0.140057
vn 0.209663 0.605208 -0.767961
vt 1.89497 0.140057
vn -0.0454817 -0.131282 -0.990301
vt 1.89497 0.105042
vn -0.203433 -0.587224 -0.783443
vt 1.99617 0.105042
vn -0.651482 0.712282 -0.261199
vt 1.99617 0.140057
vn -0.509417 0.807911 -0.296267
vt 1.89497 0.140057
vn -0.973683 -0.213973 0.0784655
vt 1.89497 0.105042
vn -0.607805 -0.779863 0.149621
vt 1.99617 0.105042
vn -0.309299 0.892827 0.327405
vt 1.89497 0.194769
vn 0.309298 0.892826 0.327409
vt 1.89497 0.223256
vn 0.309303 0.892825 -0.327407
vt 1.89497 0.194769
vn -0.309305 0.892825 -0.327406
vt 1.89497 0.223256
vn -0.173888 0.91741 0.357941
vt 1.89497 0.272956
vn -0.170678 0.806216 0.566466
vt 1.89497 0.140057
vn -0.167767 0.88512 0.434069
vt 1.99617 0.140057
vn -0.135093 0.930258 0.341131
vt 1.99617 0.194769
vn 0.0700739 -0.331 0.941025
vt 1.89497 0.105042
vn 0.0648661 -0.317636 0.945991
vt 1.99617 0.105042
vn 0 0.90255 0.430585
vt 1.79163 0.140057
vn 0 0.760836 0.648944
vt 1.99617 0.140057
vn 0 0.909597 0.415491
vt 1.99617 0.272956
vn 0 0.88942 0.45709
vt 1.79163 0.272956
vn 0 -0.186276 0.982497
vt 1.79163 0.105042
vn -4.45014e-07 -0.44763 0.894219
vt 1.99617 0.105042
vn 0.413565 0.892683 -0.179112
vt 1.79163 0.140057
vn 0.543628 0.819013 -0.183541
vt 1.89497 0.140057
vn 0.33987 0.922095 -0.185013
vt 1.89497 0.303111
vn 0.323941 0.935092 -0.143754
vt 1.79163 0.223256
vn 0.940588 -0.33188 0.0717632
vt 1.79163 0.105042
vn 0.935493 -0.344794 0.0772687
vt 1.89497 0.105042
vn 0.50941 0.807915 -0.296267
vt 1.79163 0.140057
vn 0.651474 0.712289 -0.261201
vt 1.89497 0.140057
vn 0.309299 0.892827 -0.327405
vt 1.89497 0.223256
vn 0.943867 -0.310131 0.113727
vt 1.79163 0.105042
vn 0.938405 -0.324413 0.118964
vt 1.89497 0.105042
vn 0.241527 0.69718 0.674986
vt 1.79163 0.140057
vn 0.209665 0.605209 0.76796
vt 1.89497 0.140057
vn 0.309305 0.892825 0.327406
vt 1.89497 0.194769
vn 0 0 1
vt 1.79163 0.105042
vn -0.0948567 -0.377778 0.921024
vt 1.89497 0.105042
vn 0.173887 0.91741 0.357941
vt 1.79163 0.140057
vn 0.192748 0.910471 0.365912
vt 1.89497 0.140057
vn 0.173887 0.91741 0.357941
vt 1.89497 0.272956
vn 0.135094 0.930257 0.341132
vt 1.79163 0.194769
vn -0.0137638 -0.202691 0.979146
vt 1.79163 0.105042
vn 0 0.889904 0.456147
vt 1.79163 0.140057
vn -0.339874 0.922093 -0.185015
vt 1.89497 0.303111
vn -0.453682 0.869595 -0.194876
vt 1.89497 0.140057
vn -0.479954 0.86015 -0.172587
vt 1.99617 0.140057
vn -0.323946 0.935089 -0.143762
vt 1.99617 0.223256
vn -0.910901 -0.403474 0.0864247
vt 1.89497 0.105042
vn -0.91363 -0.396707 0.088902
vt 1.99617 0.105042
vn -0.410889 0.911685 0
vt 1.79163 0.140057
vn -0.553025 0.833164 0
vt 1.99617 0.140057
vn -0.354946 0.934887 0
vt 1.99617 0.303111
vn -0.354946 0.934887 0
vt 1.79163 0.303111
vn -0.908928 -0.416953 -8.29737e-07
vt 1.79163 0.105042
vn -0.908017 -0.418933 0
vt 1.99617 0.105042
vn -0.479954 0.86015 0.172587
vt 1.79163 0.140057
vn -0.453681 0.869595 0.194876
vt 1.89497 0.140057
vn -0.339873 0.922093 0.185016
vt 1.89497 0.303111
vn -0.323946 0.935089 0.143764
vt 1.79163 0.223256
vn -0.744622 -0.652644 -0.139978
vt 1.79163 0.105042
vn -0.975541 -0.214497 -0.048069
vt 1.89497 0.105042
vn -0.651483 0.712281 0.261201
vt 1.79163 0.140057
vn -0.509417 0.80791 0.296269
vt 1.89497 0.140057
vn -0.309304 0.892824 0.327408
vt 1.89497 0.223256
vn -0.912201 -0.384693 -0.14107
vt 1.79163 0.105042
vn -0.91955 -0.36895 -0.135293
vt 1.89497 0.105042
vn 0.173887 0.91741 -0.357943
vt 1.89497 0.272956
vn 0.192748 0.91047 -0.365914
vt 1.89497 0.140057
vn 0.173887 0.91741 -0.357943
vt 1.99617 0.140057
vn 0.135093 0.930257 -0.341134
vt 1.99617 0.194769
vn 0 0 -1
vt 1.99617 0.105042
vn 0 0.904011 -0.42751
vt 1.99617 0.140057
vn 3.15105e-07 0.902549 -0.430587
vt 1.79163 0.140057
vn 0 0.760794 -0.648993
vt 1.99617 0.140057
vn 5.05934e-07 0.909597 -0.415493
vt 1.99617 0.272956
vn 5.90922e-07 0.88942 -0.457091
vt 1.79163 0.272956
vn 4.70533e-07 -0.376571 -0.926388
vt 1.79163 0.105042
vn 3.13232e-07 -0.380607 -0.924737
vt 1.99617 0.105042
vn -0.16107 0.849781 -0.501926
vt 1.79163 0.140057
vn -0.182218 0.860724 -0.475344
vt 1.89497 0.140057
vn -0.173889 0.917409 -0.357942
vt 1.89497 0.272956
vn -0.135095 0.930257 -0.341133
vt 1.79163 0.194769
vn 0.122265 -0.601342 -0.789582
vt 1.79163 0.105042
vn 0.0397168 -0.187606 -0.981441
vt 1.89497 0.105042
vn -0.24152 0.697181 -0.674987
vt 1.79163 0.140057
vn -0.276875 0.799237 -0.533442
vt 1.89497 0.140057
vn -0.309297 0.892827 -0.327408
vt 1.89497 0.194769
vn 0.118407 -0.341795 -0.932285
vt 1.79163 0.105042
vn 0.113846 -0.328626 -0.937574
vt 1.89497 0.105042
vn 0.33987 0.922095 0.185013
vt 1.89497 0.303111
vn 0.453679 0.869597 0.194877
vt 1.89497 0.140057
vn 0.47995 0.860153 0.172585
vt 1.99617 0.140057
vn 0.323941 0.935092 0.143754
vt 1.99617 0.223256
vn 0.930846 -0.357207 -0.0769947
vt 1.89497 0.105042
vn 0.932001 -0.353683 -0.0792606
vt 1.99617 0.105042
vn 0.410886 0.911687 0
vt 1.79163 0.140057
vn 0.553023 0.833166 0
vt 1.99617 0.140057
vn 0.354943 0.934888 0
vt 1.99617 0.303111
vn 0.354943 0.934888 0
vt 1.79163 0.303111
vn 0.93216 -0.362046 2.25056e-06
vt 1.79163 0.105042
vn 0.93007 -0.367382 0
vt 1.99617 0.105042
vn -0.0522801 -0.998632 0.00133744
vt 1.89497 0.00347102
vn -0.181195 -0.944914 0.272591
vt 1.96463 0.073439
vn -0.199487 -0.924448 0.324963
vt 1.89497 0.073439
vn 0.202098 -0.974198 0.100467
vt 1.99617 0.00347102
vn -0.194819 -0.963659 0.182775
vt 1.99617 0.073439
vn 0.11242 -0.98833 0.102792
vt 1.89497 0.073439
vn 0.274631 -0.96155 0
vt 1.89497 0.00347102
vn 0.274821 -0.961495 0.000119193
vt 1.99617 0.00347102
vn -0.0522358 -0.998635 0.00012372
vt 1.99617 0.073439
vn 0.194509 -0.980901 -1.14441e-06
vt 1.79163 0.073439
vn 0.275012 -0.961441 0
vt 1.79163 0.00347102
vn 0.203372 -0.974044 -0.0993885
vt 1.89497 0.00347102
vn -0.0633281 -0.980861 -0.184124
vt 1.89497 0.073439
vn 0.104678 -0.989211 -0.102492
vt 1.79163 0.073439
vn 0.115248 -0.993337 0
vt 1.79163 0.00347102
vn -0.0864656 -0.993315 -0.0764746
vt 1.89497 0.00347102
vn -0.0148176 -0.940085 -0.340619
vt 1.89497 0.073439
vn -0.185946 -0.923717 -0.33492
vt 1.82548 0.073439
vn -0.341791 -0.939773 0.00212877
vt 1.96463 0.073439
vn -0.334819 -0.921187 -0.198271
vt 1.89497 0.073439
vn -0.0911618 -0.970835 0.221742
vt 1.89497 0.00347102
vn 0 -0.991537 0.129825
vt 1.99617 0.00347102
vn -0.0937064 -0.989436 0.110617
vt 1.99617 0.073439
vn -0.168015 -0.982789 -0.0767895
vt 1.89497 0.073439
vn -0.000109714 -0.9575 0.288433
vt 1.99617 0.00347102
vn 0.000153027 -0.978434 -0.206558
vt 1.99617 0.073439
vn -3.68882e-06 -0.978926 0.204216
vt 1.79163 0.073439
vn 0 -0.957434 0.288653
vt 1.79163 0.00347102
vn 0.0951677 -0.972483 0.212651
vt 1.89497 0.00347102
vn 0.1738 -0.983083 -0.0577997
vt 1.89497 0.073439
vn 0.0987997 -0.989471 0.105762
vt 1.79163 0.073439
vn 0 -0.993533 0.113543
vt 1.79163 0.00347102
vn 0.081901 -0.992316 -0.0927419
vt 1.89497 0.00347102
vn 0.333739 -0.942562 -0.0139446
vt 1.89497 0.073439
vn 0.326747 -0.92545 -0.191776
vt 1.82548 0.073439
vn 0.798353 -0.560076 -0.22124
vt 1.98607 0.097944
vn 0.533131 -0.793988 -0.292154
vt 1.89497 0.097944
vn 0.173466 -0.920131 -0.351096
vt 1.89497 0.073439
vn 0.000554314 -0.934135 -0.35692
vt 1.96463 0.073439
vn 0.184256 -0.966153 -0.180548
vt 1.99617 0.073439
vn 0.543283 -0.820775 -0.176558
vt 1.99617 0.097944
vn 0.839278 -0.532614 -0.109246
vt 1.89497 0.097944
vn -0.114008 -0.988212 -0.102174
vt 1.89497 0.073439
vn 0.045475 -0.998965 -0.000308346
vt 1.99617 0.073439
vn 0.481692 -0.87634 -0.0011208
vt 1.99617 0.097944
vn 0.837299 -0.546742 -0.00217845
vt 1.79163 0.097944
vn -0.194438 -0.980915 -9.58921e-07
vt 1.79163 0.073439
vn 0.0601043 -0.980814 0.185451
vt 1.89497 0.073439
vn 0.532316 -0.827933 0.176541
vt 1.89497 0.097944
vn 0.867551 -0.487804 0.0969681
vt 1.79163 0.097944
vn -0.103501 -0.989223 0.103561
vt 1.79163 0.073439
vn 0.175517 -0.928022 0.328586
vt 1.89497 0.073439
vn 0.574169 -0.769037 0.280913
vt 1.89497 0.097944
vn 0.80722 -0.545998 0.224237
vt 1.80126 0.097944
vn 0.0257543 -0.942423 0.333429
vt 1.82548 0.073439
vn 0.185182 -0.539713 0.821229
vt 1.89497 0.097944
vn 0.206768 -0.593719 0.777654
vt 1.98607 0.097944
vn 0.160557 -0.797435 0.581652
vt 1.89497 0.097944
vn 0.0770625 -0.404351 0.911352
vt 1.99617 0.097944
vn -0.000770203 -0.623695 0.781667
vt 1.79163 0.097944
vn -0.00124389 -0.508425 0.861106
vt 1.99617 0.097944
vn -0.179242 -0.514775 0.838379
vt 1.89497 0.097944
vn -0.0426369 -0.667509 0.74338
vt 1.79163 0.097944
vn -0.623969 -0.641324 0.446504
vt 1.98607 0.097944
vn -7.41018e-08 1 -0.000206831
vt 1.99617 0.402395
vn -1.4823e-07 1 -0.00010299
vt 1.79163 0.402395
vn -8.61143e-08 0.88942 0.45709
vt 1.79163 0.272956
vn 0 0.909597 0.415491
vt 1.99617 0.272956
vn 0 1 -0.000101791
vt 1.79163 0.402395
vn 0 0.889419 -0.457092
vt 1.79163 0.272956
vn 2.26064e-07 0.909596 -0.415493
vt 1.99617 0.272956
vn 0 0.818222 0.574902
vt 1.99617 0.140057
vn 0 0.909597 0.415491
vt 1.99617 0.272956
vn 0 0.88942 0.45709
vt 1.79163 0.272956
vn 0 0.90255 0.430585
vt 1.79163 0.140057
vn 0 0.818222 0.574902
vt 1.99617 0.140057
vn 0 0.909597 0.415491
vt 1.99617 0.272956
vn 0 0.88942 0.457091
vt 1.79163 0.272956
vn 0 0.92787 0.372905
vt 1.79163 0.140057
vn 0 0.92787 0.372905
vt 1.99617 0.140057
vn -3.87246e-06 -0.658162 0.752877
vt 1.99617 0.105042
vn 0 -0.194531 0.980896
vt 1.79163 0.105042
vn 2.26777e-06 -0.640399 0.768043
vt 1.99617 0.105042
vn 0 0 1
vt 1.79163 0.140057
vn 0 -0.331816 0.943344
vt 1.79163 0.105042
vn -4.53451e-07 0.902549 -0.430587
vt 1.79163 0.140057
vn -1.04602e-06 0.818221 -0.574904
vt 1.99617 0.140057
vn -2.26144e-07 0.909596 -0.415493
vt 1.99617 0.272956
vn 0 0.88942 -0.457092
vt 1.79163 0.272956
vn 4.5329e-07 0.902549 -0.430587
vt 1.79163 0.140057
vn 1.04565e-06 0.818221 -0.574904
vt 1.99617 0.140057
vn 0 0.909596 -0.415493
vt 1.99617 0.272956
vn 0 0.88942 -0.457091
vt 1.79163 0.272956
vn 0 0.927869 -0.372907
vt 1.79163 0.140057
vn -1.32176e-06 -0.36681 -0.930296
vt 1.79163 0.105042
vn -1.69089e-06 -0.369253 -0.929329
vt 1.99617 0.105042
vn 2.1964e-06 -0.3717 -0.928353
vt 1.79163 0.105042
vn 1.68673e-06 -0.374141 -0.927372
vt 1.99617 0.105042
vn 0 0 -1
vt 1.79163 0.140057
vn 0 -0.383823 -0.923407
vt 1.79163 0.105042
vn -0.000102193 -0.957238 0.289301
vt 1.99617 0.00347102
vn -0.000116281 -0.998764 -0.0496982
vt 1.99617 0.073439
vn 5.03138e-06 -0.978851 0.204577
vt 1.79163 0.073439
vn 0 -0.957176 0.289506
vt 1.79163 0.00347102
vn -0.000110576 -0.957367 0.288874
vt 1.99617 0.00347102
vn -0.000133796 -0.99872 -0.0505786
vt 1.99617 0.073439
vn -3.74331e-06 -0.978864 0.204511
vt 1.79163 0.073439
vn 0 -0.9573 0.289096
vt 1.79163 0.00347102
vn 0.00141727 -0.956714 0.291026
vt 1.99617 0.073439
vn 0.0028465 -0.957572 0.288181
vt 1.79163 0.073439
vn 0.00141727 -0.956714 0.291026
vt 1.79163 0.00347102
vn 0 -0.955853 0.293844
vt 1.99617 0.00347102
vn -0.00191493 -0.619211 0.785222
vt 1.99617 0.097944
vn -0.000777898 -0.619775 0.784779
vt 1.79163 0.097944
vn -0.00191431 -0.622191 0.782863
vt 1.99617 0.097944
vn -0.00144409 -0.839843 0.542828
vt 1.79163 0.097944
vn 0 0.867493 0.49745
vt 1.99617 0.402395
vn 0 1 0.000101791
vt 1.99617 0.402395
vn 1.48204e-07 1 0.000206831
vt 1.79163 0.402395
vn 3.23142e-07 1 0.00010299
vt 1.99617 0.402395
vn 0 0.867493 0.497449
vt 1.79163 0.402395
vn 0 0.867493 -0.49745
vt 1.99617 0.402395
vn 0 0.867492 -0.497451
vt 1.79163 0.402395
vn -0.410889 0.911685 0
vt 1.79163 0.140057
vn -0.553025 0.833164 0
vt 1.99617 0.140057
vn -0.354946 0.934887 0
vt 1.99617 0.303111
vn -0.354946 0.934887 0
vt 1.79163 0.303111
vn -0.910717 -0.41303 -2.59382e-07
vt 1.79163 0.105042
vn -0.909836 -0.414968 0
vt 1.99617 0.105042
vn 0.410886 0.911687 0
vt 1.79163 0.140057
vn 0.553023 0.833166 0
vt 1.99617 0.140057
vn 0.354943 0.934888 0
vt 1.99617 0.303111
vn 0.354943 0.934888 0
vt 1.79163 0.303111
vn 0.936275 -0.351269 -1.33108e-06
vt 1.79163 0.105042
vn 0.934226 -0.356681 0
vt 1.99617 0.105042
vn 0.275198 -0.961387 0.000116793
vt 1.99617 0.00347102
vn -0.0514511 -0.998676 0.000117846
vt 1.99617 0.073439
vn 0.194557 -0.980891 -2.12365e-06
vt 1.79163 0.073439
vn 0.275386 -0.961334 0
vt 1.79163 0.00347102
vn 0.0452357 -0.998976 -0.000310728
vt 1.99617 0.073439
vn 0.496351 -0.868121 -0.00115812
vt 1.99617 0.097944
vn 0.845834 -0.533441 -0.00219441
vt 1.79163 0.097944
vn -0.194112 -0.980979 -1.91798e-06
vt 1.79163 0.073439
vn 0.0229741 0.827862 -0.560461
vt 0.248421 0.296934
vn 0.203542 0.97701 0.0634149
vt 0.28548 0.281756
vn -0.593386 0.433522 -0.678198
vt 0.280993 0.240434
vn -0.908566 0.0433647 -0.415485
vt 0.227147 0.266732
vn 0.749864 0.430243 0.502588
vt 0.227147 0.266732
vn 0.632548 0.43494 0.640866
vt 0.280993 0.240434
vn -0.68663 -0.000129682 0.727007
vt 0.206848 0.330377
vn -0.56891 -0.559909 0.602365
vt 0.248421 0.296934
vn 0.00163659 0.999997 -0.00170744
vt 0.574768 0.281756
vn -0.617759 0.434503 -0.655425
vt 0.574768 0.240434
vn 0.619199 0.434649 0.653966
vt 0.574768 0.240434
vn -0.238666 -0.937665 0.252633
vt 0.28548 0.281756
vn -0.238681 -0.937675 0.252581
vt 0.248421 0.296934
vn -0.238666 -0.937665 0.252633
vt 0.227147 0.266732
vn -0.238652 -0.937654 0.252686
vt 0.280993 0.240434
vn -0.105551 0.988116 0.111743
vt 0.318263 0.281756
vn -0.6657 0.435036 -0.606289
vt 0.318263 0.240434
vn -0.6657 0.435036 -0.606289
vt 0.62956 0.240434
vn -0.105551 0.988116 0.111742
vt 0.62956 0.281756
vn 0.568778 0.432147 0.699815
vt 0.62956 0.240434
vn 0.568777 0.432148 0.699815
vt 0.318263 0.240434
vn -0.593387 0.433508 0.678205
vt 0.280993 0.240434
vn 0.203561 0.977006 -0.0634169
vt 0.28548 0.281756
vn 0.0230123 0.827873 0.560444
vt 0.248421 0.296934
vn -0.447934 0.419381 0.789604
vt 0.227147 0.266732
vn 0.434174 -0.131097 -0.891239
vt 0.227147 0.266732
vn 0.620935 0.247601 -0.743729
vt 0.280993 0.240434
vn -0.391912 -0.821142 -0.414887
vt 0.248421 0.296934
vn -0.686671 -6.27478e-05 -0.726968
vt 0.206848 0.330377
vn -0.617762 0.434503 0.655422
vt 0.574768 0.240434
vn 0.0016301 0.999997 0.00170749
vt 0.574768 0.281756
vn 0.619196 0.43465 -0.653969
vt 0.574768 0.240434
vn -0.238675 -0.937671 -0.252602
vt 0.28548 0.281756
vn -0.665699 0.435036 0.60629
vt 0.62956 0.240434
vn -0.665699 0.435036 0.606291
vt 0.318263 0.240434
vn -0.105549 0.988116 -0.111744
vt 0.318263 0.281756
vn -0.105551 0.988116 -0.111742
vt 0.62956 0.281756
vn 0.568779 0.432142 -0.699817
vt 0.62956 0.240434
vn 0.568782 0.432138 -0.699817
vt 0.318263 0.240434
vn -0.0230182 0.827875 0.56044
vt 0.248421 0.296934
vn -0.203538 0.977011 -0.0634179
vt 0.28548 0.281756
vn 0.641013 0.356392 0.67977
vt 0.280993 0.240434
vn 0.768461 -0.632613 0.096274
vt 0.227147 0.266732
vn -0.749854 0.430308 -0.502547
vt 0.227147 0.266732
vn -0.632548 0.43496 -0.640853
vt 0.280993 0.240434
vn 0.68668 -6.96434e-05 -0.72696
vt 0.206848 0.330377
vn 0.451472 -0.75348 -0.477955
vt 0.248421 0.296934
vn -0.00163007 0.999997 0.00173517
vt 0.574768 0.281756
vn 0.61776 0.434494 0.655429
vt 0.574768 0.240434
vn -0.619234 0.434596 -0.653969
vt 0.574768 0.240434
vn 0.238643 -0.937669 -0.252638
vt 0.28548 0.281756
vn 0.105555 0.988115 -0.111743
vt 0.318263 0.281756
vn 0.665694 0.435075 0.606268
vt 0.318263 0.240434
vn 0.665696 0.435051 0.606283
vt 0.62956 0.240434
vn 0.10556 0.988116 -0.111732
vt 0.62956 0.281756
vn -0.5688 0.432092 -0.699831
vt 0.62956 0.240434
vn -0.568803 0.432087 -0.699832
vt 0.318263 0.240434
vn 0.593385 0.433506 -0.678208
vt 0.280993 0.240434
vn -0.203527 0.977013 0.0634153
vt 0.28548 0.281756
vn -0.0229741 0.827862 -0.560461
vt 0.248421 0.296934
vn 0.448013 0.419305 -0.789599
vt 0.227147 0.266732
vn -0.528549 0.191121 0.827109
vt 0.227147 0.266732
vn -0.632543 0.43497 0.640851
vt 0.280993 0.240434
vn 0.568909 -0.559909 0.602366
vt 0.248421 0.296934
vn 0.686629 3.76193e-06 0.727008
vt 0.206848 0.330377
vn 0.617758 0.434494 -0.655432
vt 0.574768 0.240434
vn -0.00163656 0.999997 -0.00173513
vt 0.574768 0.281756
vn -0.619237 0.434595 0.653967
vt 0.574768 0.240434
vn 0.238642 -0.937669 0.252641
vt 0.248421 0.296934
vn 0.23865 -0.937674 0.252614
vt 0.227147 0.266732
vn 0.238642 -0.937669 0.252641
vt 0.280993 0.240434
vn 0.238634 -0.937663 0.252668
vt 0.28548 0.281756
vn 0.665697 0.435051 -0.606282
vt 0.62956 0.240434
vn 0.665695 0.435076 -0.606267
vt 0.318263 0.240434
vn 0.105557 0.988115 0.111742
vt 0.318263 0.281756
vn 0.10556 0.988116 0.111732
vt 0.62956 0.281756
vn -0.568798 0.432096 0.69983
vt 0.62956 0.240434
vn -0.568798 0.432097 0.69983
vt 0.318263 0.240434
vn 0.613406 0.434417 -0.659557
vt 0.280993 0.240434
vn -0.165782 0.980612 0.104485
vt 0.28548 0.281756
vn -0.0231029 0.8279 -0.5604
vt 0.248421 0.296934
vn 0.447832 0.419474 -0.789613
vt 0.227147 0.266732
vn -0.528571 0.190976 0.827128
vt 0.227147 0.266732
vn -0.610578 0.434277 0.662267
vt 0.280993 0.240434
vn 0.568965 -0.559969 0.602257
vt 0.248421 0.296934
vn 0.68673 6.32653e-05 0.726913
vt 0.206848 0.330377
vn 0.642381 0.435154 -0.630863
vt 0.574768 0.240434
vn 0.0531539 0.996999 0.0562885
vt 0.574768 0.281756
vn -0.593997 0.433461 0.677701
vt 0.574768 0.240434
vn 0.238666 -0.937665 0.252634
vt 0.248421 0.296934
vn 0.238666 -0.937664 0.252635
vt 0.227147 0.266732
vn 0.238666 -0.937665 0.252634
vt 0.280993 0.240434
vn 0.238667 -0.937665 0.252632
vt 0.28548 0.281756
vn 0.711863 0.433523 -0.552548
vt 0.62956 0.240434
vn 0.711864 0.43348 -0.55258
vt 0.318263 0.240434
vn 0.208623 0.95273 0.220867
vt 0.318263 0.281756
vn 0.20861 0.95273 0.220878
vt 0.62956 0.281756
vn -0.514832 0.427429 0.743136
vt 0.62956 0.240434
vn -0.514794 0.427482 0.743133
vt 0.318263 0.240434
vn 0.0231062 0.827919 -0.560372
vt 0.248421 0.296934
vn 0.165761 0.980614 0.104493
vt 0.28548 0.281756
vn -0.613417 0.43441 -0.659551
vt 0.280993 0.240434
vn -0.908533 0.0433123 -0.415562
vt 0.227147 0.266732
vn 0.749867 0.430276 0.502556
vt 0.227147 0.266732
vn 0.610562 0.434329 0.662248
vt 0.280993 0.240434
vn -0.686825 0 0.726823
vt 0.206848 0.330377
vn -0.569033 -0.559991 0.602172
vt 0.248421 0.296934
vn -0.0531507 0.997 0.0562764
vt 0.574768 0.281756
vn -0.64238 0.435155 -0.630863
vt 0.574768 0.240434
vn 0.594011 0.433462 0.677689
vt 0.574768 0.240434
vn -0.238666 -0.937664 0.252634
vt 0.28548 0.281756
vn -0.238651 -0.937654 0.252687
vt 0.248421 0.296934
vn -0.238666 -0.937664 0.252634
vt 0.227147 0.266732
vn -0.238681 -0.937675 0.252581
vt 0.280993 0.240434
vn -0.208622 0.95273 0.220869
vt 0.318263 0.281756
vn -0.711856 0.433541 -0.552543
vt 0.318263 0.240434
vn -0.711855 0.433554 -0.552533
vt 0.62956 0.240434
vn -0.208608 0.952731 0.220876
vt 0.62956 0.281756
vn 0.514834 0.427419 0.743141
vt 0.62956 0.240434
vn 0.514802 0.427462 0.743138
vt 0.318263 0.240434
vn -0.613395 0.43446 0.659538
vt 0.280993 0.240434
vn 0.165713 0.980624 -0.104483
vt 0.28548 0.281756
vn 0.0230212 0.827894 0.560412
vt 0.248421 0.296934
vn -0.447872 0.419481 0.789586
vt 0.227147 0.266732
vn 0.434162 -0.131161 -0.891235
vt 0.227147 0.266732
vn 0.595797 0.246573 -0.764348
vt 0.280993 0.240434
vn -0.391849 -0.821179 -0.414871
vt 0.248421 0.296934
vn -0.686629 -3.70967e-06 -0.727008
vt 0.206848 0.330377
vn -0.642376 0.435135 0.630881
vt 0.574768 0.240434
vn -0.0531499 0.997 -0.0562701
vt 0.574768 0.281756
vn 0.593975 0.433543 -0.677669
vt 0.574768 0.240434
vn -0.23865 -0.937674 -0.252614
vt 0.28548 0.281756
vn -0.711855 0.433546 0.55254
vt 0.62956 0.240434
vn -0.711855 0.433541 0.552544
vt 0.318263 0.240434
vn -0.208624 0.952731 -0.22086
vt 0.318263 0.281756
vn -0.208626 0.952731 -0.220859
vt 0.62956 0.281756
vn 0.51481 0.427462 -0.743133
vt 0.62956 0.240434
vn 0.51481 0.427462 -0.743133
vt 0.318263 0.240434
vn -0.0230212 0.827894 0.560412
vt 0.248421 0.296934
vn -0.165733 0.980621 -0.104476
vt 0.28548 0.281756
vn 0.661317 0.356894 0.659763
vt 0.280993 0.240434
vn 0.768528 -0.632508 0.0964263
vt 0.227147 0.266732
vn -0.749878 0.430193 -0.50261
vt 0.227147 0.266732
vn -0.610559 0.434312 -0.662262
vt 0.280993 0.240434
vn 0.68663 -4.33666e-06 -0.727007
vt 0.206848 0.330377
vn 0.451432 -0.753489 -0.477978
vt 0.248421 0.296934
vn 0.0531512 0.996999 -0.0562827
vt 0.574768 0.281756
vn 0.642377 0.435125 0.630886
vt 0.574768 0.240434
vn -0.593961 0.433542 -0.677681
vt 0.574768 0.240434
vn 0.238667 -0.937665 -0.252633
vt 0.28548 0.281756
vn 0.208628 0.952731 -0.220858
vt 0.318263 0.281756
vn 0.711864 0.43348 0.552579
vt 0.318263 0.240434
vn 0.711863 0.433511 0.552557
vt 0.62956 0.240434
vn 0.208626 0.95273 -0.220864
vt 0.62956 0.281756
vn -0.514804 0.427478 -0.743128
vt 0.62956 0.240434
vn -0.514794 0.427493 -0.743127
vt 0.318263 0.240434
vn 0.0594387 -0.171598 0.983372
vt 1.99617 0.105042
vn -0.265193 0.765603 0.586109
vt 1.99617 0.140057
vn -0.230567 0.665638 0.709764
vt 1.89497 0.140057
vn 0.193528 -0.55868 0.806488
vt 1.89497 0.105042
vn 0.662022 0.723832 0.194406
vt 1.99617 0.140057
vn 0.520095 0.824875 0.221544
vt 1.89497 0.140057
vn 0.977228 -0.204928 -0.0550393
vt 1.89497 0.105042
vn 0.77482 -0.610544 -0.163983
vt 1.99617 0.105042
vn 0.230577 0.665645 -0.709754
vt 1.99617 0.140057
vn 0.265204 0.765608 -0.586099
vt 1.89497 0.140057
vn -0.0639129 -0.184508 -0.980751
vt 1.89497 0.105042
vn -0.201973 -0.583055 -0.786927
vt 1.99617 0.105042
vn -0.662035 0.72382 -0.194407
vt 1.99617 0.140057
vn -0.520109 0.824866 -0.221546
vt 1.89497 0.140057
vn -0.978835 -0.197648 0.0530851
vt 1.89497 0.105042
vn -0.786988 -0.595853 0.160028
vt 1.99617 0.105042
vn -0.299674 0.86515 0.402133
vt 1.89497 0.194769
vn 0.317278 0.915875 0.245984
vt 1.89497 0.223256
vn 0.299685 0.86515 -0.402124
vt 1.89497 0.194769
vn -0.317288 0.91587 -0.245989
vt 1.89497 0.223256
vn -0.10775 0.868327 0.484147
vt 1.89497 0.272956
vn -0.155096 0.732596 0.662758
vt 1.89497 0.140057
vn -0.103117 0.830997 0.546636
vt 1.99617 0.140057
vn 0.046335 0.905852 0.421052
vt 1.99617 0.194769
vn 0.074505 -0.351926 0.933058
vt 1.89497 0.105042
vn 0.0691791 -0.339344 0.938115
vt 1.99617 0.105042
vn 0 0.827265 0.561812
vt 1.79163 0.140057
vn 0 0.741569 0.670876
vt 1.99617 0.140057
vn 0 0.856003 0.516972
vt 1.99617 0.272956
vn 0 0.856003 0.516972
vt 1.79163 0.272956
vn 0 -0.187764 0.982214
vt 1.79163 0.105042
vn 1.91143e-06 -0.650753 0.759289
vt 1.99617 0.105042
vn 0.48656 0.869427 -0.0857645
vt 1.79163 0.140057
vn 0.619283 0.766165 -0.171697
vt 1.89497 0.140057
vn 0.419919 0.903178 -0.0890938
vt 1.89497 0.303111
vn 0.323999 0.935278 0.142406
vt 1.79163 0.223256
vn 0.932932 -0.351959 0.0759166
vt 1.79163 0.105042
vn 0.926934 -0.366143 0.0820523
vt 1.89497 0.105042
vn 0.520095 0.824874 -0.221549
vt 1.79163 0.140057
vn 0.662021 0.723832 -0.19441
vt 1.89497 0.140057
vn 0.317277 0.915873 -0.24599
vt 1.89497 0.223256
vn 0.940657 -0.327743 0.088026
vt 1.79163 0.105042
vn 0.934621 -0.343473 0.0922516
vt 1.89497 0.105042
vn 0.230575 0.665637 0.709762
vt 1.79163 0.140057
vn 0.265202 0.765602 0.586108
vt 1.89497 0.140057
vn 0.299684 0.865147 0.402132
vt 1.89497 0.194769
vn -0.206454 -0.595992 0.775996
vt 1.79163 0.105042
vn -0.0657738 -0.18988 0.979602
vt 1.89497 0.105042
vn 0.0984051 0.793041 0.601167
vt 1.79163 0.140057
vn 0.166648 0.787184 0.593776
vt 1.89497 0.140057
vn 0.107747 0.868327 0.484147
vt 1.89497 0.272956
vn -0.0463338 0.905852 0.421052
vt 1.79163 0.194769
vn -0.128984 -0.634998 0.76167
vt 1.79163 0.105042
vn -0.0409894 -0.193619 0.98022
vt 1.89497 0.105042
vn -0.419924 0.903175 -0.0891029
vt 1.89497 0.303111
vn -0.545059 0.818106 -0.183337
vt 1.89497 0.140057
vn -0.545684 0.833943 -0.0822728
vt 1.99617 0.140057
vn -0.324011 0.935277 0.142384
vt 1.99617 0.223256
vn -0.922847 -0.376561 0.0809621
vt 1.89497 0.105042
vn -0.925113 -0.370503 0.0830294
vt 1.99617 0.105042
vn -0.511472 0.8593 0
vt 1.79163 0.140057
vn -0.599984 0.800012 0
vt 1.99617 0.140057
vn -0.464275 0.885691 0
vt 1.99617 0.303111
vn -0.464275 0.885691 0
vt 1.79163 0.303111
vn -0.887186 -0.460436 0.029991
vt 1.79163 0.105042
vn -0.823717 -0.565678 0.0387214
vt 1.99617 0.105042
vn -0.545684 0.833943 0.0822734
vt 1.79163 0.140057
vn -0.545059 0.818106 0.183338
vt 1.89497 0.140057
vn -0.419924 0.903175 0.0891035
vt 1.89497 0.303111
vn -0.324011 0.935277 -0.142385
vt 1.79163 0.223256
vn -0.772142 -0.621221 -0.133724
vt 1.79163 0.105042
vn -0.979294 -0.197542 -0.0442693
vt 1.89497 0.105042
vn -0.662036 0.723821 0.194403
vt 1.79163 0.140057
vn -0.520109 0.824867 0.221542
vt 1.89497 0.140057
vn -0.317288 0.915871 0.245983
vt 1.89497 0.223256
vn -0.928395 -0.358877 -0.0963866
vt 1.79163 0.105042
vn -0.934069 -0.344873 -0.0926196
vt 1.89497 0.105042
vn 0.107743 0.86833 -0.484143
vt 1.89497 0.272956
vn 0.166649 0.787186 -0.593773
vt 1.89497 0.140057
vn 0.0984013 0.793045 -0.601163
vt 1.99617 0.140057
vn -0.0463461 0.905855 -0.421044
vt 1.99617 0.194769
vn 0 0 -1
vt 1.89497 0.105042
vn 0 0 -1
vt 1.99617 0.105042
vn 0 0.827267 -0.561809
vt 1.79163 0.140057
vn 0 0.741572 -0.670873
vt 1.99617 0.140057
vn 0 0.856004 -0.516969
vt 1.99617 0.272956
vn 0 0.856004 -0.516969
vt 1.79163 0.272956
vn -3.70207e-07 -0.387039 -0.922063
vt 1.79163 0.105042
vn 0 -0.384651 -0.923062
vt 1.99617 0.105042
vn -0.0984038 0.793045 -0.601163
vt 1.79163 0.140057
vn -0.166653 0.787185 -0.593773
vt 1.89497 0.140057
vn -0.107745 0.86833 -0.484142
vt 1.89497 0.272956
vn 0.0463473 0.905855 -0.421044
vt 1.79163 0.194769
vn 0.132779 -0.655097 -0.743786
vt 1.79163 0.105042
vn 0.0431209 -0.203682 -0.978087
vt 1.89497 0.105042
vn -0.230569 0.665646 -0.709756
vt 1.79163 0.140057
vn -0.265195 0.76561 -0.5861
vt 1.89497 0.140057
vn -0.299675 0.865153 -0.402125
vt 1.89497 0.194769
vn 0 0 -1
vt 1.79163 0.105042
vn 0 0 -1
vt 1.89497 0.105042
vn 0.419919 0.903178 0.0890945
vt 1.89497 0.303111
vn 0.545057 0.818108 0.183339
vt 1.89497 0.140057
vn 0.545678 0.833947 0.0822652
vt 1.99617 0.140057
vn 0.323999 0.935278 -0.142407
vt 1.99617 0.223256
vn 0.918317 -0.387027 -0.0830864
vt 1.89497 0.105042
vn 0.91997 -0.382501 -0.0857188
vt 1.99617 0.105042
vn 0.492691 0.870204 0
vt 1.79163 0.140057
vn 0.665771 0.746156 2.28752e-06
vt 1.99617 0.140057
vn 0.464273 0.885692 0
vt 1.99617 0.303111
vn 0.464273 0.885692 0
vt 1.79163 0.303111
vn 0.888566 -0.457785 0.0297208
vt 1.79163 0.105042
vn 0.919766 -0.392369 0.00883165
vt 1.99617 0.105042
vn -0.0102133 -0.998052 -0.0615438
vt 1.89497 0.00347102
vn -0.0705626 -0.979188 0.190294
vt 1.96463 0.073439
vn -0.238146 -0.95294 0.187595
vt 1.89497 0.073439
vn 0.20119 -0.976092 0.0822636
vt 1.89497 0.00347102
vn 0.151224 -0.9885 0
vt 1.99617 0.00347102
vn 0.0972752 -0.991627 0.08493
vt 1.99617 0.073439
vn -0.111169 -0.981352 0.156809
vt 1.89497 0.073439
vn 0.21908 -0.975467 0.0216546
vt 1.79163 0.00347102
vn 0.194003 -0.981001 0
vt 1.99617 0.00347102
vn 0.127454 -0.991591 0.022407
vt 1.99617 0.073439
vn -0.0947724 -0.994489 0.044841
vt 1.79163 0.073439
vn 0.13434 -0.970978 -0.197875
vt 1.89497 0.00347102
vn 0.0764803 -0.931828 -0.354749
vt 1.89497 0.073439
vn 0.0182364 -0.979721 -0.199535
vt 1.79163 0.073439
vn 0.0137118 -0.999906 0
vt 1.79163 0.00347102
vn -0.0785134 -0.973559 0.21452
vt 1.89497 0.00347102
vn -0.0529396 -0.997756 0.040983
vt 1.89497 0.073439
vn -0.267755 -0.963115 0.0267917
vt 1.82548 0.073439
vn -0.241421 -0.968478 0.06137
vt 1.96463 0.073439
vn -0.245095 -0.954613 -0.169239
vt 1.89497 0.073439
vn -0.0915435 -0.924362 0.37037
vt 1.79163 0.00347102
vn -0.0997417 -0.976311 0.19201
vt 1.89499 0.073439
vn -0.146424 -0.987507 -0.0582164
vt 1.79163 0.073439
vn 0.000274774 -0.914349 0.404926
vt 1.99617 0.00347102
vn 0.000153584 -0.999959 -0.0090198
vt 1.99617 0.073439
vn -7.17915e-08 -0.952669 0.304008
vt 1.79163 0.073439
vn 0 -0.914568 0.404431
vt 1.79163 0.00347102
vn 0.0927243 -0.92771 0.361604
vt 1.89497 0.00347102
vn 0.149941 -0.98673 -0.0622973
vt 1.89497 0.073439
vn 0.0984878 -0.975331 0.197559
vt 1.79163 0.073439
vn 0 -0.960149 0.279488
vt 1.79163 0.00347102
vn 0.0102724 -0.998001 0.0623514
vt 1.89497 0.00347102
vn 0.246682 -0.9593 0.13745
vt 1.96463 0.073439
vn 0.247704 -0.952711 -0.176022
vt 1.89497 0.073439
vn 0.0702783 -0.978509 -0.193858
vt 1.96463 0.073439
vn 0.247593 -0.950048 -0.190016
vt 1.89497 0.073439
vn -0.206269 -0.974998 -0.0826587
vt 1.99617 0.00347102
vn 0.198503 -0.967663 -0.155644
vt 1.99617 0.073439
vn -0.116721 -0.989524 -0.0849601
vt 1.89497 0.073439
vn -0.251142 -0.96795 0
vt 1.89497 0.00347102
vn -0.224494 -0.974213 0.022598
vt 1.99617 0.00347102
vn 0.251216 -0.966965 0.0432245
vt 1.99617 0.073439
vn -0.132123 -0.990966 0.0230245
vt 1.79163 0.073439
vn -0.197892 -0.980224 0
vt 1.79163 0.00347102
vn -0.204574 -0.975206 0.0843997
vt 1.89497 0.00347102
vn 0.114785 -0.980551 0.159197
vt 1.89497 0.073439
vn -0.100018 -0.991227 0.086404
vt 1.79163 0.073439
vn -0.152464 -0.988309 0
vt 1.79163 0.00347102
vn 0.0123512 -0.998148 -0.0595718
vt 1.89497 0.00347102
vn 0.244723 -0.950339 0.192268
vt 1.89497 0.073439
vn 0.0683165 -0.978041 0.196898
vt 1.82548 0.073439
vn 0.159882 -0.463621 0.871489
vt 1.89497 0.097944
vn 0.145509 -0.427667 0.892148
vt 1.98607 0.097944
vn 0.153726 -0.761067 0.630194
vt 1.89497 0.097944
vn 0.0606672 -0.328429 0.942578
vt 1.99617 0.097944
vn -0.000965198 -0.575895 0.817523
vt 1.79163 0.097944
vn -0.000778463 -0.571877 0.820339
vt 1.99617 0.097944
vn -0.0677636 -0.359915 0.930521
vt 1.79163 0.097944
vn -0.160558 -0.792442 0.588436
vt 1.89497 0.097944
vn -0.128749 -0.369441 0.920292
vt 1.80126 0.097944
vn -0.142868 -0.443814 0.884657
vt 1.89497 0.097944
vn 0 0.827265 0.561812
vt 1.79163 0.140057
vn 0 0.741569 0.670876
vt 1.99617 0.140057
vn 0 0.856003 0.516972
vt 1.99617 0.272956
vn 0 0.856003 0.516972
vt 1.79163 0.272956
vn 0 0.827265 0.561812
vt 1.79163 0.140057
vn 0 0.74157 0.670876
vt 1.99617 0.140057
vn 0 0.856003 0.516972
vt 1.99617 0.272956
vn 0 0.856003 0.516972
vt 1.79163 0.272956
vn 0 0.856003 0.516972
vt 1.99617 0.272956
vn 0 0.856003 0.516972
vt 1.79163 0.272956
vn 0 0.827265 0.561812
vt 1.79163 0.140057
vn 0 0.741569 0.670876
vt 1.99617 0.140057
vn 0 0.856003 0.516972
vt 1.99617 0.272956
vn 0 0.856003 0.516972
vt 1.79163 0.272956
vn 0 0.827265 0.561812
vt 1.79163 0.140057
vn 0 0.741569 0.670876
vt 1.99617 0.140057
vn 0 -0.193782 0.981045
vt 1.79163 0.105042
vn 2.00486e-06 -0.664746 0.74707
vt 1.99617 0.105042
vn 0 -0.190748 0.981639
vt 1.79163 0.105042
vn -5.18661e-06 -0.657814 0.75318
vt 1.99617 0.105042
vn 1.06887e-06 -0.355719 0.934593
vt 1.79163 0.105042
vn 0 -0.352907 0.935659
vt 1.99617 0.105042
vn 4.00976e-07 -0.36127 0.932461
vt 1.79163 0.105042
vn 0 -0.358526 0.93352
vt 1.99617 0.105042
vn 0 0.827267 -0.561809
vt 1.79163 0.140057
vn 0 0.741572 -0.670873
vt 1.99617 0.140057
vn 0 0.856004 -0.516969
vt 1.99617 0.272956
vn 0 0.856004 -0.516969
vt 1.79163 0.272956
vn 0 0.827267 -0.561809
vt 1.79163 0.140057
vn 0 0.741572 -0.670873
vt 1.99617 0.140057
vn 0 0.856004 -0.516969
vt 1.99617 0.272956
vn 0 0.856004 -0.516969
vt 1.79163 0.272956
vn 0 0.856004 -0.516969
vt 1.99617 0.272956
vn 0 0.856004 -0.516969
vt 1.79163 0.272956
vn 0 0.827267 -0.561809
vt 1.79163 0.140057
vn 0 0.741572 -0.670873
vt 1.99617 0.140057
vn 0 0.856004 -0.516969
vt 1.99617 0.272956
vn 0 0.856004 -0.516969
vt 1.79163 0.272956
vn 0 0.827267 -0.561809
vt 1.79163 0.140057
vn 0 0.741572 -0.670873
vt 1.99617 0.140057
vn -4.39279e-07 -0.396426 -0.918067
vt 1.79163 0.105042
vn 0 -0.394059 -0.919085
vt 1.99617 0.105042
vn 2.87171e-07 -0.391743 -0.920075
vt 1.79163 0.105042
vn 0 -0.389421 -0.92106
vt 1.99617 0.105042
vn -3.55647e-07 -0.377573 -0.92598
vt 1.79163 0.105042
vn 0 -0.375166 -0.926958
vt 1.99617 0.105042
vn 2.79135e-07 -0.382315 -0.924032
vt 1.79163 0.105042
vn 0 -0.379974 -0.924997
vt 1.99617 0.105042
vn 0.00027211 -0.915223 0.402949
vt 1.99617 0.00347102
vn 0.000155926 -0.999925 -0.0122466
vt 1.99617 0.073439
vn -5.2355e-08 -0.95279 0.30363
vt 1.79163 0.073439
vn 0 -0.915436 0.402463
vt 1.79163 0.00347102
vn 0.000277091 -0.914789 0.403933
vt 1.99617 0.00347102
vn 0.000154522 -0.999944 -0.0106224
vt 1.99617 0.073439
vn 1.73428e-06 -0.95273 0.303819
vt 1.79163 0.073439
vn 0 -0.915008 0.403436
vt 1.79163 0.00347102
vn 7.9596e-05 -0.980041 0.198793
vt 1.99617 0.073439
vn -1.1052e-07 -0.980041 0.198795
vt 1.79163 0.073439
vn 0.000277521 -0.913468 0.40691
vt 1.79163 0.00347102
vn 0 -0.913242 0.407417
vt 1.99617 0.00347102
vn 7.07203e-05 -0.980041 0.198794
vt 1.99617 0.073439
vn -1.43518e-05 -0.980042 0.198792
vt 1.79163 0.073439
vn 0.000271504 -0.913912 0.405913
vt 1.79163 0.00347102
vn 0 -0.913692 0.406407
vt 1.99617 0.00347102
vn -0.00094877 -0.591443 0.806347
vt 1.79163 0.097944
vn -0.000771699 -0.587598 0.809152
vt 1.99617 0.097944
vn -0.000949444 -0.583758 0.811927
vt 1.79163 0.097944
vn -0.000770539 -0.579886 0.814698
vt 1.99617 0.097944
vn -0.00102677 -0.372345 0.928094
vt 1.79163 0.097944
vn -0.000636078 -0.797603 0.603182
vt 1.99617 0.097944
vn -0.00101851 -0.379105 0.925353
vt 1.79163 0.097944
vn -0.00061781 -0.803965 0.594676
vt 1.99617 0.097944
vn -0.511472 0.8593 0
vt 1.79163 0.140057
vn -0.62862 0.777712 0
vt 1.99617 0.140057
vn -0.464275 0.885691 0
vt 1.99617 0.303111
vn -0.464275 0.885691 0
vt 1.79163 0.303111
vn -0.464275 0.885691 0
vt 1.99617 0.303111
vn -0.464275 0.885691 0
vt 1.79163 0.303111
vn -0.492611 0.87025 0
vt 1.79163 0.140057
vn -0.599984 0.800012 0
vt 1.99617 0.140057
vn -0.923743 -0.383012 7.64782e-07
vt 1.79163 0.105042
vn -0.923162 -0.384412 0
vt 1.99617 0.105042
vn -0.885514 -0.463631 -0.0301904
vt 1.79163 0.105042
vn -0.920422 -0.390013 -0.0266969
vt 1.99617 0.105042
vn 0.51147 0.859301 0
vt 1.79163 0.140057
vn 0.600111 0.799917 -2.45233e-06
vt 1.99617 0.140057
vn 0.464273 0.885692 0
vt 1.99617 0.303111
vn 0.464273 0.885692 0
vt 1.79163 0.303111
vn 0.464273 0.885692 0
vt 1.99617 0.303111
vn 0.464273 0.885692 0
vt 1.79163 0.303111
vn 0.464273 0.885692 0
vt 1.79163 0.140057
vn 0.464273 0.885692 0
vt 1.99617 0.140057
vn 0.89468 -0.445766 -0.0289881
vt 1.79163 0.105042
vn 0.831314 -0.554515 -0.0378199
vt 1.99617 0.105042
vn 1 0 0
vt 1.79163 0.140057
vn 0.916761 -0.399436 0
vt 1.79163 0.105042
vn 0.243546 -0.969889 -0.000250786
vt 1.79163 0.00347102
vn 0.243831 -0.969818 0
vt 1.99617 0.00347102
vn 0.162686 -0.986678 -0.000259783
vt 1.99617 0.073439
vn -0.0752659 -0.997163 -0.000412461
vt 1.79163 0.073439
vn 0.137522 -0.990235 -0.0228686
vt 1.99617 0.073439
vn -0.144995 -0.988394 -0.0453163
vt 1.79163 0.073439
vn 0.219634 -0.975331 -0.022135
vt 1.79163 0.00347102
vn 0.244924 -0.969542 0
vt 1.99617 0.00347102
vn -0.224201 -0.974287 -0.0223479
vt 1.99617 0.00347102
vn 0.152274 -0.987247 -0.0464244
vt 1.99617 0.073439
vn -0.141299 -0.989697 -0.0231353
vt 1.79163 0.073439
vn -0.25007 -0.968228 0
vt 1.79163 0.00347102
vn -0.250964 -0.967996 0.000153404
vt 1.99617 0.073439
vn -0.250787 -0.968042 0.000306401
vt 1.79163 0.073439
vn -0.250964 -0.967996 0.000153404
vt 1.79163 0.00347102
vn -0.251142 -0.96795 0
vt 1.99617 0.00347102
vn 0 0.870405 0.492336
vt 0.318263 0.240434
vn 0 0.870405 0.492336
vt 0.318263 0.281756
vn 0 0.84138 0.540444
vt 0.62956 0.281756
vn 0 0.84138 0.540444
vt 0.62956 0.240434
vn 1 0 0
vt 0.318263 0.240434
vn 1 0 0
vt 0.318263 0.281756
vn 1 0 0
vt 0.62956 0.281756
vn 1 0 0
vt 0.62956 0.240434
vn -1 0 0
vt 0.318263 0.240434
vn -1 0 0
vt 0.318263 0.281756
vn -1 0 0
vt 0.62956 0.281756
vn -1 0 0
vt 0.62956 0.240434
vn 0 0 1
vt 0.574768 0.281756
vn 0 0 1
vt 0.574768 0.240434
vn 5.92674e-06 0.870405 0.492336
vt 0.318263 0.240434
vn 2.71869e-06 0.870406 0.492335
vt 0.318263 0.281756
vn 6.92632e-06 0.84138 0.540444
vt 0.62956 0.281756
vn 1.00274e-05 0.84138 0.540444
vt 0.62956 0.240434
vn 1 0 0
vt 0.318263 0.240434
vn 1 0 0
vt 0.318263 0.281756
vn 1 0 0
vt 0.62956 0.281756
vn 1 0 0
vt 0.62956 0.240434
vn -1 0 0
vt 0.318263 0.240434
vn -1 0 0
vt 0.318263 0.281756
vn -1 0 0
vt 0.62956 0.281756
vn -1 0 0
vt 0.62956 0.240434
vn 1.8554e-05 0 1
vt 0.574768 0.281756
vn 1.8554e-05 0 1
vt 0.574768 0.240434
vn 0 0.870405 -0.492336
vt 0.62956 0.240434
vn 0 0.870405 -0.492336
vt 0.318263 0.240434
vn 0 0.870405 -0.492336
vt 0.318263 0.281756
vn 0 0.870405 -0.492336
vt 0.62956 0.281756
vn 1 0 0
vt 0.62956 0.240434
vn 1 0 0
vt 0.318263 0.240434
vn 1 0 0
vt 0.318263 0.281756
vn 0.98467 0 -0.17443
vt 0.62956 0.281756
vn -1 0 0
vt 0.62956 0.240434
vn -1 0 0
vt 0.318263 0.240434
vn -1 0 0
vt 0.318263 0.281756
vn -1 0 0
vt 0.62956 0.281756
vn 0 0 -1
vt 0.62956 0.240434
vn 0 0 -1
vt 0.574768 0.240434
vn 0 0 -1
vt 0.574768 0.281756
vn -1.35917e-06 0.870405 -0.492337
vt 0.62956 0.240434
vn -2.71834e-06 0.870405 -0.492336
vt 0.318263 0.240434
vn -1.35917e-06 0.870405 -0.492337
vt 0.318263 0.281756
vn 0 0.870405 -0.492337
vt 0.62956 0.281756
vn 1 0 0
vt 0.62956 0.240434
vn 1 0 0
vt 0.318263 0.240434
vn 1 0 0
vt 0.318263 0.281756
vn 0.984666 0 -0.174453
vt 0.62956 0.281756
vn -1 0 0
vt 0.62956 0.240434
vn -1 0 0
vt 0.318263 0.240434
vn -1 0 0
vt 0.318263 0.281756
vn -1 0 0
vt 0.62956 0.281756
vn 0 0 -1
vt 0.62956 0.240434
vn 0 0 -1
vt 0.574768 0.240434
vn 0 0 -1
vt 0.574768 0.281756
vn 0 -0.000588867 1
vt 0.62956 0.281756
vn 0 -0.000588867 1
vt 0.62956 0.240434
vn 0 -0.000588867 1
vt 0.31827 0.240434
vn 0 -0.000588867 1
vt 0.31827 0.281756
vn 0 0.00104645 -0.999999
vt 0.31827 0.281756
vn 0 0.00104645 -0.999999
vt 0.31827 0.240434
vn 0 0.00104645 -0.999999
vt 0.62956 0.240434
vn 0 0.00104645 -0.999999
vt 0.62956 0.281756
vn 0 1 0.000109885
vt 0.31827 0.281756
vn 0 1 0.000109885
vt 0.31827 0.240434
vn 0 1 0.000109885
vt 0.62956 0.240434
vn 0 1 0.000109885
vt 0.62956 0.281756
vn 1 0 0
vt 0.932579 0.552503
vn 1 0 0
vt 0.79588 0.654512
vn 1 0 0
vt 0.79588 0.552503
vn -1 0 0
vt 0.932579 0.552503
vn -1 0 0
vt 0.79588 0.654512
vn -1 0 0
vt 0.79588 0.552503
vn 1 0 0
vt 0.932579 0.552503
vn -1 0 0
vt 0.932579 0.552503
vn -0.000447367 -0.000597788 1
vt 0.62956 0.240434
vn -0.000443572 -0.000598137 1
vt 0.62956 0.281756
vn -0.000451241 -0.000593068 1
vt 0.370951 0.281756
vn -0.000451255 -0.000588814 1
vt 0.370951 0.240434
vn 0 1 0
vt 0.62956 0.281756
vn 0 1 0
vt 0.370951 0.281756
vn 0 1 0
vt 0.370951 0.240434
vn -4.84473e-06 1 -4.00258e-05
vt 0.62956 0.240434
vn 0.000104894 0.000535421 -1
vt 0.62956 0.240434
vn 0.000103738 0.000530904 -1
vt 0.62956 0.281756
vn 0.000106195 0.00053207 -1
vt 0.370951 0.281756
vn 0.000106556 0.000535421 -1
vt 0.370951 0.240434
vn 0 1 0
vt 0.370951 0.240434
vn -4.87635e-06 1 4.18669e-05
vt 0.370951 0.281756
vn 0 1 0
vt 0.62956 0.281756
vn 0 1 0
vt 0.62956 0.240434
vn 0.493009 0.870024 -1.46538e-05
vt 0.62956 0.240434
vn 0 1 0
vt 0.370275 0.240434
vn 0 1 0
vt 0.370276 0.281756
vn 0 1 0
vt 0.62956 0.281756
vn 1 9.09204e-09 -2.97241e-05
vt 0.62956 0.281756
vn 1 2.77429e-10 -2.9725e-05
vt 0.370275 0.281756
vn 0.916701 0.399574 -2.75689e-05
vt 0.370276 0.240434
vn 0.000127605 1 1.01164e-07
vt 0.370275 0.240434
vn 0.00012711 1 9.0678e-08
vt 0.370276 0.281756
vn 0.000127605 1 1.01164e-07
vt 0.62956 0.281756
vn 0.000127949 1 1.37631e-07
vt 0.62956 0.240434
vn -1 1.46727e-07 -0.000552278
vt 0.370276 0.281756
vn -1 5.1105e-09 -0.000547563
vt 0.62956 0.281756
vn -1 1.46727e-07 -0.000552278
vt 0.629559 0.240434
vn -1 2.88307e-07 -0.000552292
vt 0.370276 0.240434
vn 0.0311383 0.14699 0.988648
vt 0.262951 0.175773
vn 0.0236651 0.129373 0.991314
vt 0.307036 0.175719
vn -0.0177564 0.0864575 0.996097
vt 0.192735 0.130895
vn 0 -1 0
vt 686.489 -40.0496
vn 0 -1 0
vt 630.55 -40.0496
vn 0 -1 0
vt 630.55 -40.0496
vn 0 -1 0
vt 686.489 -40.0496
vn -0.901073 0.433668 0
vt 0.604906 0.694832
vn -0.984518 0.175283 0
vt 0.561186 0.695255
vn -0.942395 0.334502 0
vt 0.56101 0.672922
vn -0.901073 0.433668 0
vt 0.60473 0.672499
vn -0.690161 -0.723656 0
vt 0.570153 0.695169
vn -0.898393 -0.439193 0
vt 0.569977 0.672835
vn -0.469045 -0.883174 0
vt 0.637008 0.694522
vn -0.469045 -0.883174 0
vt 0.636832 0.672189
vn -0.999988 0.00483519 0
vt 0.561271 0.704341
vn -0.274423 0.961609 0
vt 0.580556 0.702863
vn -0.746159 0.665768 0
vt 0.580557 0.664854
vn -0.999988 0.00483519 0
vt 0.561271 0.66368
vn -0.593061 0.805157 0
vt 0.598771 0.701513
vn -0.229385 0.973336 0
vt 0.598771 0.666533
vn -0.922255 -0.386582 0
vt 0.617489 0.699415
vn -0.999894 0.0145588 0
vt 0.61749 0.669569
vn -0.975138 -0.2216 0
vt 0.636661 0.698166
vn -0.899477 -0.436968 0
vt 0.636661 0.670525
vn -1 0 0
vt 0.64478 0.692018
vn -1 0 0
vt 0.64478 0.676007
vn 0.483037 0.8756 0
vt 0.645282 0.67403
vn 0.750268 0.661134 0
vt 0.598685 0.666414
vn 0.632249 0.774765 0
vt 0.598578 0.701753
vn 0.483037 0.8756 0
vt 0.645282 0.688815
vn 0.995129 0.0985803 0
vt 0.588036 0.664487
vn 0.965708 0.259632 0
vt 0.588036 0.69836
vn 1 0 0
vt 0.55953 0.659156
vn 1 0 0
vt 0.559529 0.703691
vn -0.022914 0.0878814 -0.995867
vt 0.288855 0.157446
vn -0.065923 0.138587 -0.988154
vt 0.215824 0.200849
vn -0.00785142 0.100585 -0.994897
vt 0.192735 0.178024
vn -0.0251329 0.0678848 -0.997377
vt 0.192735 0.130895
vn -0.0961985 0.188441 -0.977362
vt 0.255324 0.189098
vn 0.150224 0.22713 -0.962208
vt 0.271081 0.198642
vn -0.0645103 0.163444 -0.984441
vt 0.271081 0.214573
vn 0.118002 0.0344179 -0.992417
vt 0.262951 0.175773
vn 0.0383978 0.0723001 -0.996644
vt 0.307036 0.162848
vn 0.0519162 0.079605 -0.995474
vt 0.307036 0.175719
vn -0.0546003 0.0149901 -0.998396
vt 0.301496 0.130895
vn 0 0 1
vt 0.287241 0.147623
vn -0.0545947 0.0149885 0.998396
vt 0.287241 0.147623
vn -0.0913934 -0.06796 0.993493
vt 0.288855 0.157446
vn -0.0514934 0.0247827 0.998366
vt 0.301496 0.130895
vn -0.0230187 0.0522883 0.998367
vt 0.307036 0.162848
vn -0.0470001 0.146321 0.98812
vt 0.271081 0.198642
vn -0.0242788 0.106131 0.994056
vt 0.255324 0.189098
vn -0.0386008 0.0920857 0.995003
vt 0.192735 0.178024
vn -0.0466709 0.159861 0.986036
vt 0.215824 0.200849
vn -0.0527685 0.255618 0.965337
vt 0.271081 0.214573
vn -0.0236584 0.129364 0.991315
vt 0.307036 0.175719
vn -0.0311386 0.146991 0.988648
vt 0.262951 0.175773
vn 0.0177603 0.0864541 0.996098
vt 0.192735 0.130895
vn 0 -1 0
vt 1270.96 -40.0496
vn 0 -1 0
vt 1270.96 -40.0496
vn 0 -1 0
vt 1326.9 -40.0496
vn 0 -1 0
vt 1326.9 -40.0496
vn 0.942389 0.33452 0
vt 0.558005 0.696596
vn 0.984518 0.175281 0
vt 0.558005 0.670639
vn 0.901059 0.433696 0
vt 0.608823 0.67064
vn 0.901059 0.433696 0
vt 0.608823 0.696596
vn 0.898387 -0.439204 0
vt 0.568428 0.696596
vn 0.690167 -0.723651 0
vt 0.568428 0.67064
vn 0.469057 -0.883168 0
vt 0.646133 0.696597
vn 0.469057 -0.883168 0
vt 0.646134 0.67064
vn 0.746174 0.665751 0
vt 0.588509 0.698148
vn 0.274438 0.961605 0
vt 0.588509 0.665624
vn 0.999988 0.00483519 0
vt 0.560467 0.664649
vn 0.999988 0.00483519 0
vt 0.560863 0.704189
vn 0.229393 0.973334 0
vt 0.605699 0.695861
vn 0.593069 0.805151 0
vt 0.6057 0.667802
vn 0.999894 0.0145869 0
vt 0.617461 0.699372
vn 0.922266 -0.386556 0
vt 0.617675 0.669386
vn 0.899484 -0.436954 0
vt 0.636898 0.698537
vn 0.975139 -0.221592 0
vt 0.636718 0.670321
vn 1 0 0
vt 0.645055 0.691726
vn 1 0 0
vt 0.644874 0.675774
vn -0.632231 0.77478 0
vt 0.602739 0.668003
vn -0.750272 0.661129 0
vt 0.602738 0.701429
vn -0.483002 0.875619 0
vt 0.642084 0.693358
vn -0.483002 0.875619 0
vt 0.642084 0.676079
vn -0.965716 0.259601 0
vt 0.58544 0.664921
vn -0.99513 0.0985682 0
vt 0.58544 0.704509
vn -1 0 0
vt 0.55974 0.658689
vn -1 0 0
vt 0.559739 0.710738
vn 0.0229102 0.0878806 -0.995868
vt 0.288855 0.157446
vn 0 0 1
vt 0.287241 0.147623
vn 0.0545939 0.0149889 -0.998396
vt 0.301496 0.130895
vn 0.0251281 0.0678814 -0.997377
vt 0.192735 0.130895
vn -0.118012 0.0344213 -0.992415
vt 0.262951 0.175773
vn -0.0519246 0.0796019 -0.995473
vt 0.307036 0.175719
vn -0.038394 0.0722905 -0.996644
vt 0.307036 0.162848
vn 0.0961845 0.188439 -0.977364
vt 0.255324 0.189098
vn 0.0659179 0.13859 -0.988154
vt 0.215824 0.200849
vn 0.0645044 0.163447 -0.984441
vt 0.271081 0.214573
vn -0.150229 0.22713 -0.962207
vt 0.271081 0.198642
vn 0.00784851 0.100583 -0.994898
vt 0.192735 0.178024
vn 0.0545995 0.0149905 0.998396
vt 0.287241 0.147623
vn 0.0914002 -0.0679651 0.993492
vt 0.288855 0.157446
vn 0.0514976 0.0247867 0.998365
vt 0.301496 0.130895
vn 0.0230367 0.0522618 0.998368
vt 0.307036 0.162848
vn 0.0385984 0.0920873 0.995003
vt 0.192735 0.178024
vn 0.0242775 0.106131 0.994056
vt 0.255324 0.189098
vn 0.046996 0.146326 0.988119
vt 0.271081 0.198642
vn 0.0466668 0.159866 0.986035
vt 0.215824 0.200849
vn 0.0527638 0.255623 0.965336
vt 0.271081 0.214573
vn 0.615431 0.143354 -0.775045
vt 0.692839 0.67713
vn 0.978629 0.14359 0.147198
vt 0.706104 0.67713
vn 0.890202 -0.408594 -0.201471
vt 0.706104 0.661308
vn 0.270561 -0.407687 -0.872117
vt 0.692958 0.661308
vn -0.361344 0.143235 -0.921365
vt 0.665756 0.67713
vn -0.61835 -0.40808 -0.67165
vt 0.665637 0.661308
vn -0.978618 0.143638 -0.147225
vt 0.652491 0.67713
vn -0.89018 -0.408639 0.201479
vt 0.652491 0.661308
vn -0.61542 0.143362 0.775052
vt 0.665756 0.67713
vn -0.270593 -0.407728 0.872088
vt 0.665637 0.661308
vn 0.361294 0.143239 0.921384
vt 0.692839 0.67713
vn 0.618353 -0.408132 0.671616
vt 0.692958 0.661308
vn 0.984333 0.028575 0.173991
vt 0.706104 0.692502
vn 0.641413 0.0285276 -0.766665
vt 0.692747 0.692502
vn -0.34106 0.0285083 -0.939609
vt 0.665849 0.692502
vn -0.98433 0.0285814 -0.174005
vt 0.652491 0.692502
vn -0.641506 0.0285271 0.766587
vt 0.665849 0.692502
vn 0.34113 0.0285081 0.939584
vt 0.692747 0.692502
vn 0.981882 0 -0.189492
vt 0.706104 0.985093
vn 0.326492 0 -0.9452
vt 0.692259 0.985093
vn -0.653582 0 -0.756856
vt 0.666336 0.985093
vn -0.981885 0 0.189477
vt 0.652491 0.985093
vn -0.326565 0 0.945175
vt 0.666336 0.985093
vn 0.653675 0 0.756776
vt 0.692259 0.985093
vn 0.647286 0.138711 -0.74952
vt 0.692839 0.67713
vn 0.981833 0.132516 0.13581
vt 0.706104 0.67713
vn 0.904823 -0.381899 -0.188276
vt 0.706104 0.661308
vn 0.292336 -0.405036 -0.866305
vt 0.692958 0.661308
vn -0.388369 0.141678 -0.910548
vt 0.665756 0.67713
vn -0.650193 -0.394528 -0.649305
vt 0.665637 0.661308
vn -0.981832 0.132543 -0.135786
vt 0.652491 0.67713
vn -0.904838 -0.381858 0.18829
vt 0.652491 0.661308
vn -0.647292 0.138724 0.749512
vt 0.665756 0.67713
vn -0.292347 -0.405003 0.866318
vt 0.665637 0.661308
vn 0.388373 0.141678 0.910546
vt 0.692839 0.67713
vn 0.650179 -0.394566 0.649295
vt 0.692958 0.661308
vn 0.986701 0.0263468 0.160397
vt 0.706104 0.692502
vn 0.672735 0.0275233 -0.739371
vt 0.692747 0.692502
vn -0.367059 0.0282174 -0.929769
vt 0.665849 0.692502
vn -0.986708 0.0263468 -0.160351
vt 0.652491 0.692502
vn -0.672786 0.0275227 0.739325
vt 0.665849 0.692502
vn 0.367043 0.0282172 0.929776
vt 0.692747 0.692502
vn 0.984615 0 -0.174738
vt 0.706104 0.985093
vn 0.35167 0 -0.936124
vt 0.692259 0.985093
vn -0.684633 0 -0.728888
vt 0.666336 0.985093
vn -0.984623 0 0.174691
vt 0.652491 0.985093
vn -0.351688 0 0.936117
vt 0.666336 0.985093
vn 0.684583 0 0.728935
vt 0.692259 0.985093
vn 0.647439 0.138677 -0.749394
vt 0.692839 0.67713
vn 0.98185 0.132464 0.135736
vt 0.706104 0.67713
vn 0.904873 -0.381789 -0.188261
vt 0.706104 0.661308
vn 0.292438 -0.404994 -0.866291
vt 0.692958 0.661308
vn -0.388476 0.141593 -0.910515
vt 0.665756 0.67713
vn -0.65029 -0.394415 -0.649277
vt 0.665637 0.661308
vn -0.981844 0.132506 -0.135735
vt 0.652491 0.67713
vn -0.904924 -0.381662 0.188274
vt 0.652491 0.661308
vn -0.647427 0.138652 0.749409
vt 0.665756 0.67713
vn -0.292402 -0.405014 0.866294
vt 0.665637 0.661308
vn 0.388465 0.141621 0.910515
vt 0.692839 0.67713
vn 0.650276 -0.394509 0.649233
vt 0.692958 0.661308
vn 0.986713 0.0263369 0.160324
vt 0.706104 0.692502
vn 0.672859 0.0275133 -0.739259
vt 0.692747 0.692502
vn -0.36715 0.0282084 -0.929734
vt 0.665849 0.692502
vn -0.986726 0.0263318 -0.160246
vt 0.652491 0.692502
vn -0.672933 0.0275125 0.739191
vt 0.665849 0.692502
vn 0.367112 0.0282118 0.929749
vt 0.692747 0.692502
vn 0.984629 -1.63775e-07 -0.174659
vt 0.706104 0.985093
vn 0.351747 -8.77757e-07 -0.936095
vt 0.692259 0.985093
vn -0.684789 -6.67802e-07 -0.728742
vt 0.666336 0.985093
vn -0.984643 1.4882e-07 0.174582
vt 0.652491 0.985093
vn -0.351768 7.97955e-07 0.936087
vt 0.666336 0.985093
vn 0.684695 6.21281e-07 0.72883
vt 0.692259 0.985093
vn 0.65069 0.138155 -0.74667
vt 0.692839 0.67713
vn 0.982148 0.131365 0.13464
vt 0.706104 0.67713
vn 0.906326 -0.378997 -0.186909
vt 0.706104 0.661308
vn 0.294747 -0.404767 -0.865614
vt 0.692958 0.661308
vn -0.39136 0.141421 -0.909306
vt 0.665756 0.67713
vn -0.653513 -0.393096 -0.646836
vt 0.665637 0.661308
vn -0.982148 0.131366 -0.13464
vt 0.652491 0.67713
vn -0.906255 -0.379147 0.186948
vt 0.652491 0.661308
vn -0.650665 0.138149 0.746693
vt 0.665756 0.67713
vn -0.294744 -0.404787 0.865606
vt 0.665637 0.661308
vn 0.391387 0.14142 0.909295
vt 0.692839 0.67713
vn 0.653562 -0.393036 0.646823
vt 0.692958 0.661308
vn 0.986932 0.026111 0.159005
vt 0.706104 0.692502
vn 0.676065 0.0274064 -0.736333
vt 0.692747 0.692502
vn -0.369941 0.028184 -0.928628
vt 0.665849 0.692502
vn -0.986933 0.0261186 -0.159003
vt 0.652491 0.692502
vn -0.676064 0.0274074 0.736333
vt 0.665849 0.692502
vn 0.369942 0.0281799 0.928628
vt 0.692747 0.692502
vn 0.984882 0 -0.173227
vt 0.706104 0.985093
vn 0.354485 0 -0.935062
vt 0.692259 0.985093
vn -0.687869 0 -0.725835
vt 0.666336 0.985093
vn -0.984882 0 0.173227
vt 0.652491 0.985093
vn -0.354485 0 0.935062
vt 0.666336 0.985093
vn 0.687869 0 0.725835
vt 0.692259 0.985093
vn 0.640546 0.139776 -0.755092
vt 0.692839 0.67713
vn 0.981189 0.134853 0.138137
vt 0.706104 0.67713
vn 0.901828 -0.38755 -0.191081
vt 0.706104 0.661308
vn 0.287599 -0.405585 -0.867633
vt 0.692958 0.661308
vn -0.382478 0.142032 -0.912983
vt 0.665756 0.67713
vn -0.643425 -0.397444 -0.65425
vt 0.665637 0.661308
vn -0.981191 0.13481 -0.138166
vt 0.652491 0.67713
vn -0.901881 -0.387419 0.191093
vt 0.652491 0.661308
vn -0.640536 0.139729 0.755109
vt 0.665756 0.67713
vn -0.287583 -0.405584 0.867639
vt 0.665637 0.661308
vn 0.382475 0.142086 0.912975
vt 0.692839 0.67713
vn 0.643429 -0.397525 0.654197
vt 0.692958 0.661308
vn 0.98623 0.0268141 0.163192
vt 0.706104 0.692502
vn 0.666122 0.0277439 -0.745327
vt 0.692747 0.692502
vn -0.361361 0.0282777 -0.931997
vt 0.665849 0.692502
vn -0.98623 0.0268039 -0.163192
vt 0.652491 0.692502
vn -0.666123 0.0277409 0.745326
vt 0.665849 0.692502
vn 0.361361 0.0282855 0.931997
vt 0.692747 0.692502
vn 0.984072 0 -0.177772
vt 0.706104 0.985093
vn 0.346159 0 -0.938176
vt 0.692259 0.985093
vn -0.678047 0 -0.735018
vt 0.666336 0.985093
vn -0.984072 0 0.177772
vt 0.652491 0.985093
vn -0.34616 0 0.938175
vt 0.666336 0.985093
vn 0.678048 0 0.735018
vt 0.692259 0.985093
vn 0.630417 0.14133 -0.763282
vt 0.692839 0.67713
vn 0.980175 0.13842 0.141761
vt 0.706104 0.67713
vn 0.897341 -0.395816 -0.195216
vt 0.706104 0.661308
vn 0.280608 -0.406475 -0.869504
vt 0.692958 0.661308
vn -0.373847 0.142582 -0.916465
vt 0.665756 0.67713
vn -0.633342 -0.401924 -0.661314
vt 0.665637 0.661308
vn -0.980195 0.138279 -0.141765
vt 0.652491 0.67713
vn -0.897251 -0.396028 0.195197
vt 0.652491 0.661308
vn -0.630425 0.141238 0.763293
vt 0.665756 0.67713
vn -0.2806 -0.40654 0.869476
vt 0.665637 0.661308
vn 0.373845 0.142633 0.916458
vt 0.692839 0.67713
vn 0.633388 -0.401775 0.66136
vt 0.692958 0.661308
vn 0.985485 0.0275133 0.167518
vt 0.706104 0.692502
vn 0.656196 0.0280718 -0.754068
vt 0.692747 0.692502
vn -0.353091 0.0283814 -0.935158
vt 0.665849 0.692502
vn -0.985485 0.0275133 -0.16752
vt 0.652491 0.692502
vn -0.656195 0.0280717 0.754069
vt 0.665849 0.692502
vn 0.353092 0.0283814 0.935158
vt 0.692747 0.692502
vn 0.983213 0 -0.182459
vt 0.706104 0.985093
vn 0.338143 0 -0.941095
vt 0.692259 0.985093
vn -0.668228 0 -0.743957
vt 0.666336 0.985093
vn -0.983213 0 0.182461
vt 0.652491 0.985093
vn -0.338144 0 0.941095
vt 0.666336 0.985093
vn 0.66823 0 0.743954
vt 0.692259 0.985093
vn 0.643726 0.139244 -0.752481
vt 0.692839 0.67713
vn 0.981493 0.133749 0.137047
vt 0.706104 0.67713
vn 0.90329 -0.384789 -0.189748
vt 0.706104 0.661308
vn 0.289788 -0.405389 -0.866997
vt 0.692958 0.661308
vn -0.385262 0.141819 -0.911845
vt 0.665756 0.67713
vn -0.646616 -0.396111 -0.651908
vt 0.665637 0.661308
vn -0.981493 0.133749 -0.137047
vt 0.652491 0.67713
vn -0.903287 -0.384798 0.189748
vt 0.652491 0.661308
vn -0.643728 0.13925 0.752479
vt 0.665756 0.67713
vn -0.28979 -0.405411 0.866985
vt 0.665637 0.661308
vn 0.385261 0.141831 0.911843
vt 0.692839 0.67713
vn 0.646614 -0.396128 0.6519
vt 0.692958 0.661308
vn 0.986454 0.0265873 0.161869
vt 0.706104 0.692502
vn 0.669268 0.0276373 -0.742506
vt 0.692747 0.692502
vn -0.364057 0.0282492 -0.930948
vt 0.665849 0.692502
vn -0.986454 0.0265876 -0.161868
vt 0.652491 0.692502
vn -0.669264 0.02764 0.74251
vt 0.665849 0.692502
vn 0.364057 0.0282514 0.930948
vt 0.692747 0.692502
vn 0.98433 -1.57829e-07 -0.176334
vt 0.706104 0.985093
vn 0.348782 -8.38852e-07 -0.937204
vt 0.692259 0.985093
vn -0.681158 -4.91479e-07 -0.732137
vt 0.666336 0.985093
vn -0.98433 0 0.176334
vt 0.652491 0.985093
vn -0.348775 0 0.937207
vt 0.666336 0.985093
vn 0.681153 0 0.732141
vt 0.692259 0.985093
vn 0.640203 0.139721 -0.755393
vt 0.692839 0.67713
vn 0.98116 0.134891 0.138306
vt 0.706104 0.67713
vn 0.901718 -0.387758 -0.191177
vt 0.706104 0.661308
vn 0.287302 -0.405763 -0.867649
vt 0.692958 0.661308
vn -0.382202 0.142029 -0.913099
vt 0.665756 0.67713
vn -0.643139 -0.397705 -0.654372
vt 0.665637 0.661308
vn -0.981174 0.134853 -0.13825
vt 0.652491 0.67713
vn -0.901695 -0.387811 0.191175
vt 0.652491 0.661308
vn -0.640221 0.139732 0.755376
vt 0.665756 0.67713
vn -0.287332 -0.405717 0.86766
vt 0.665637 0.661308
vn 0.382201 0.141963 0.91311
vt 0.692839 0.67713
vn 0.643074 -0.397706 0.654435
vt 0.692958 0.661308
vn 0.986206 0.0268264 0.163335
vt 0.706104 0.692502
vn 0.665799 0.0277526 -0.745615
vt 0.692747 0.692502
vn -0.361087 0.0282798 -0.932103
vt 0.665849 0.692502
vn -0.986206 0.0268258 -0.163335
vt 0.652491 0.692502
vn -0.665788 0.0277541 0.745625
vt 0.665849 0.692502
vn 0.361079 0.0282811 0.932106
vt 0.692747 0.692502
vn 0.984044 -1.51668e-07 -0.177923
vt 0.706104 0.985093
vn 0.345893 -7.99819e-07 -0.938274
vt 0.692259 0.985093
vn -0.677727 -6.42476e-07 -0.735314
vt 0.666336 0.985093
vn -0.984044 1.5167e-07 0.177926
vt 0.652491 0.985093
vn -0.345886 7.99821e-07 0.938277
vt 0.666336 0.985093
vn 0.677719 6.42483e-07 0.735321
vt 0.692259 0.985093
vn 0.615431 0.14335 -0.775045
vt 0.692839 0.67713
vn 0.978629 0.143596 0.147194
vt 0.706104 0.67713
vn 0.890181 -0.408641 -0.20147
vt 0.706104 0.661308
vn 0.270533 -0.407892 -0.87203
vt 0.692958 0.661308
vn -0.361344 0.143226 -0.921367
vt 0.665756 0.67713
vn -0.618302 -0.408238 -0.671598
vt 0.665637 0.661308
vn -0.97862 0.143634 -0.147217
vt 0.652491 0.67713
vn -0.89018 -0.408644 0.20147
vt 0.652491 0.661308
vn -0.615433 0.143399 0.775035
vt 0.665756 0.67713
vn -0.270571 -0.407789 0.872066
vt 0.665637 0.661308
vn 0.36134 0.1433 0.921357
vt 0.692839 0.67713
vn 0.618375 -0.408127 0.671598
vt 0.692958 0.661308
vn 0.984329 0.0285793 0.174012
vt 0.706104 0.692502
vn 0.641412 0.0285379 -0.766666
vt 0.692747 0.692502
vn -0.34106 0.0285158 -0.939609
vt 0.665849 0.692502
vn -0.984328 0.0285848 -0.174016
vt 0.652491 0.692502
vn -0.641435 0.0285362 0.766646
vt 0.665849 0.692502
vn 0.341074 0.0285104 0.939604
vt 0.692747 0.692502
vn 0.98188 0 -0.189503
vt 0.706104 0.985093
vn 0.326492 0 -0.9452
vt 0.692259 0.985093
vn -0.653581 0 -0.756857
vt 0.666336 0.985093
vn -0.981881 -1.7769e-07 0.1895
vt 0.652491 0.985093
vn -0.326514 -8.86289e-07 0.945192
vt 0.666336 0.985093
vn 0.653605 -5.32251e-07 0.756836
vt 0.692259 0.985093
vn 0.647288 0.138687 -0.749523
vt 0.692839 0.67713
vn 0.981836 0.132504 0.135794
vt 0.706104 0.67713
vn 0.904826 -0.381879 -0.188306
vt 0.706104 0.661308
vn 0.292341 -0.405016 -0.866313
vt 0.692958 0.661308
vn -0.388376 0.141689 -0.910543
vt 0.665756 0.67713
vn -0.650202 -0.394568 -0.649272
vt 0.665637 0.661308
vn -0.981836 0.132497 -0.135802
vt 0.652491 0.67713
vn -0.904821 -0.381909 0.188269
vt 0.652491 0.661308
vn -0.647282 0.13867 0.749531
vt 0.665756 0.67713
vn -0.292305 -0.405097 0.866288
vt 0.665637 0.661308
vn 0.388351 0.141588 0.910569
vt 0.692839 0.67713
vn 0.650142 -0.394574 0.649328
vt 0.692958 0.661308
vn 0.986712 0.0263456 0.160332
vt 0.706104 0.692502
vn 0.67279 0.0275218 -0.739322
vt 0.692747 0.692502
vn -0.367016 0.0282149 -0.929786
vt 0.665849 0.692502
vn -0.986702 0.0263445 -0.160392
vt 0.652491 0.692502
vn -0.672708 0.0275224 0.739396
vt 0.665849 0.692502
vn 0.36703 0.0282139 0.929781
vt 0.692747 0.692502
vn 0.984627 0 -0.17467
vt 0.706104 0.985093
vn 0.351668 0 -0.936125
vt 0.692259 0.985093
vn -0.68457 0 -0.728947
vt 0.666336 0.985093
vn -0.984616 1.4895e-07 0.174735
vt 0.652491 0.985093
vn -0.351629 7.97999e-07 0.936139
vt 0.666336 0.985093
vn 0.684623 4.66042e-07 0.728897
vt 0.692259 0.985093
vn 0.640546 0.139776 -0.755091
vt 0.692839 0.67713
vn 0.981189 0.134847 0.138143
vt 0.706104 0.67713
vn 0.901826 -0.387549 -0.191089
vt 0.706104 0.661308
vn 0.2876 -0.405585 -0.867633
vt 0.692958 0.661308
vn -0.382478 0.142032 -0.912983
vt 0.665756 0.67713
vn -0.643425 -0.397444 -0.65425
vt 0.665637 0.661308
vn -0.981191 0.13481 -0.138168
vt 0.652491 0.67713
vn -0.90187 -0.38744 0.191102
vt 0.652491 0.661308
vn -0.640515 0.139686 0.755134
vt 0.665756 0.67713
vn -0.287535 -0.405665 0.867617
vt 0.665637 0.661308
vn 0.382464 0.142008 0.912992
vt 0.692839 0.67713
vn 0.643386 -0.39757 0.654212
vt 0.692958 0.661308
vn 0.986229 0.0268147 0.163196
vt 0.706104 0.692502
vn 0.666123 0.0277439 -0.745326
vt 0.692747 0.692502
vn -0.361361 0.0282777 -0.931997
vt 0.665849 0.692502
vn -0.98623 0.0268031 -0.163193
vt 0.652491 0.692502
vn -0.666108 0.0277399 0.74534
vt 0.665849 0.692502
vn 0.361352 0.0282847 0.932
vt 0.692747 0.692502
vn 0.984071 0 -0.177775
vt 0.706104 0.985093
vn 0.34616 0 -0.938175
vt 0.692259 0.985093
vn -0.678048 0 -0.735018
vt 0.666336 0.985093
vn -0.984071 1.51543e-07 0.177777
vt 0.652491 0.985093
vn -0.346144 7.9974e-07 0.938181
vt 0.666336 0.985093
vn 0.678033 4.69944e-07 0.735031
vt 0.692259 0.985093
vn 0.630426 0.141238 -0.763292
vt 0.692839 0.67713
vn 0.980195 0.138273 0.14177
vt 0.706104 0.67713
vn 0.897249 -0.39603 -0.195205
vt 0.706104 0.661308
vn 0.280616 -0.406541 -0.86947
vt 0.692958 0.661308
vn -0.373857 0.142597 -0.916459
vt 0.665756 0.67713
vn -0.633371 -0.40192 -0.661288
vt 0.665637 0.661308
vn -0.980194 0.138281 -0.141767
vt 0.652491 0.67713
vn -0.89724 -0.396049 0.195207
vt 0.652491 0.661308
vn -0.630405 0.141196 0.763318
vt 0.665756 0.67713
vn -0.280568 -0.406622 0.869448
vt 0.665637 0.661308
vn 0.373846 0.142519 0.916476
vt 0.692839 0.67713
vn 0.633328 -0.401967 0.661301
vt 0.692958 0.661308
vn 0.985484 0.0275141 0.167522
vt 0.706104 0.692502
vn 0.656197 0.0280717 -0.754067
vt 0.692747 0.692502
vn -0.353092 0.0283815 -0.935158
vt 0.665849 0.692502
vn -0.985485 0.0275127 -0.16752
vt 0.652491 0.692502
vn -0.656182 0.0280707 0.75408
vt 0.665849 0.692502
vn 0.353083 0.0283807 0.935161
vt 0.692747 0.692502
vn 0.983213 0 -0.182462
vt 0.706104 0.985093
vn 0.338144 0 -0.941094
vt 0.692259 0.985093
vn -0.66823 0 -0.743954
vt 0.666336 0.985093
vn -0.983213 1.55539e-07 0.182464
vt 0.652491 0.985093
vn -0.338129 8.02228e-07 0.9411
vt 0.666336 0.985093
vn 0.668215 4.75621e-07 0.743968
vt 0.692259 0.985093
vn 0 0 1
vt 0.377421 0.643515
vn 0 -0.0267878 0.999641
vt 0.377421 0.572448
vn 0 0 1
vt 0.64117 0.572448
vn 0 0 1
vt 0.64117 0.643515
vn 0 -1 0
vt 0.377421 0.578223
vn 0 -0.0801332 -0.996784
vt 0.377421 0.572448
vn 0 -1 0
vt 0.64117 0.572448
vn 0 -1 0
vt 0.64117 0.578223
vn 8.49395e-06 -2.92094e-05 -1
vt 0.377421 0.643515
vn 0 0 -1
vt 0.377421 0.572448
vn 8.49395e-06 -2.92094e-05 -1
vt 0.64117 0.572448
vn 1.69879e-05 -5.84189e-05 -1
vt 0.64117 0.643515
vn 0 0 1
vt 0.490572 0.558128
vn 0 0 1
vt 0.490571 0.423856
vn 0 0 1
vt 0.631545 0.423855
vn 0 0 1
vt 0.631546 0.558127
vn 0 0 1
vt 0.631545 0.558128
vn 0 0 1
vt 0.631546 0.423856
vn 0 0 1
vt 0.490572 0.423855
vn 0 0 1
vt 0.490571 0.558127
vn 0 0 1
vt 0.490572 0.558128
vn 0 0 1
vt 0.490571 0.423856
vn 0 0 1
vt 0.631545 0.423855
vn 0 0 1
vt 0.631546 0.558127
vn 0 0 1
vt 0.631545 0.558128
vn 0 0 1
vt 0.631546 0.423856
vn 0 0 1
vt 0.490572 0.423855
vn 0 0 1
vt 0.490571 0.558127
vn 0 0 1
vt 0.490572 0.558128
vn 0 0 1
vt 0.490571 0.423856
vn 0 0 1
vt 0.631545 0.423855
vn 0 0 1
vt 0.631546 0.558127
vn 0 0 1
vt 0.631545 0.558128
vn 0 0 1
vt 0.631546 0.423856
vn 0 0 1
vt 0.490572 0.423855
vn 0 0 1
vt 0.490571 0.558127
vn 0.999982 -0.00393431 -0.00447039
vt 0.467306 0.643515
vn 0.99996 0 -0.00896149
vt 0.467306 0.578278
vn 0.999982 -0.00393431 -0.00447039
vt 0.545665 0.578278
vn 0.999969 -0.0078502 0
vt 0.545665 0.643515
vn 0 -1 0
vt 0.467419 0.578508
vn 0 -1 0
vt 0.467419 0.572408
vn 0 -1 0
vt 0.545737 0.572408
vn 0 -1 0
vt 0.545737 0.578508
vn -1 0 0
vt 0.467306 0.578278
vn -1 0 0
vt 0.545665 0.578278
vn -1 0 0
vt 0.545665 0.643515
vn -1 0 0
vt 0.467306 0.643515
vn 0 1 0
vt 0.262872 0.00626302
vn 0 1 0
vt 0.262872 0.125019
vn 0 1 0
vt 0.3281 0.125019
vn 0 1 0
vt 0.3281 0.00606602
vn 0 1 0
vt 0.262872 0.00626302
vn 0 1 0
vt 0.262872 0.125019
vn 0 1 0
vt 0.3281 0.125019
vn 0 1 0
vt 0.3281 0.00606602
vn 0 1 0
vt 0.262871 0.12492
vn 0 1 0
vt 0.262873 0.00616401
vn 0 1 0
vt 0.328101 0.00616503
vn 0 1 0
vt 0.328099 0.125118
vn 0 1 0
vt 0.328099 0.125118
vn 0 1 0
vt 0.262871 0.12492
vn 0 1 0
vt 0.262873 0.00616401
vn 0 1 0
vt 0.328101 0.00616503
vn 0 1 0
vt 0.262872 0.00626302
vn 0 1 0
vt 0.262872 0.125019
vn 0 1 0
vt 0.3281 0.125019
vn 0 1 0
vt 0.3281 0.00606602
vn -1 0 0
vt 0.381025 0.77137
vn 1 0 0
vt 0.437134 0.77137
vn -1 0 0
vt 0.467006 0.77137
vn -1 0 0
vt 0.467006 0.997848
vn -1 0 0
vt 0.381025 0.997848
vn 1 0 1.94949e-05
vt 0.551107 0.77137
vn 1 0 0
vt 0.381025 0.77137
vn 1 0 0
vt 0.381025 0.668034
vn 1 0 3.85971e-05
vt 0.551107 0.668034
vn -1 0 0
vt 0.381025 0.77137
vn -1 0 0
vt 0.381025 0.668034
vn -1 0 0
vt 0.381025 0.668034
vn -1 0 0
vt 0.551107 0.668034
vn -1 0 0
vt 0.551107 0.77137
vn 1 0 5.73181e-05
vt 0.381025 0.77137
vn 1 0 5.73181e-05
vt 0.381025 0.668034
vn 1 0 0
vt 0.551107 0.668034
vn 1 0 0
vt 0.551107 0.77137
vn -1 0 0
vt 0.435972 0.77137
vn -1 0 0
vt 0.381025 0.997848
vn -0.251587 -0.955843 -0.15188
vt 1.89497 0.073439
vn -0.252703 -0.952935 0.167501
vt 1.82548 0.073439
vn -0.0951982 -0.92797 -0.36029
vt 1.89497 0.00347102
vn -0.148419 -0.987071 0.0605227
vt 1.89497 0.073439
vn -0.101491 -0.976126 -0.192035
vt 1.79163 0.073439
vn 0 -0.961177 -0.275931
vt 1.79163 0.00347102
vn 0.000124988 -0.917676 -0.397331
vt 1.99617 0.00347102
vn -0.000185876 -0.999935 0.0113926
vt 1.99617 0.073439
vn -3.60846e-06 -0.953571 -0.301169
vt 1.79163 0.073439
vn 0 -0.91758 -0.397551
vt 1.79163 0.00347102
vn 0.000133061 -0.917872 -0.396877
vt 1.99617 0.00347102
vn -0.000164921 -0.999937 0.0112123
vt 1.99617 0.073439
vn 5.2114e-06 -0.95364 -0.30095
vt 1.79163 0.073439
vn 0 -0.917771 -0.397111
vt 1.79163 0.00347102
vn 0.000127985 -0.918069 -0.39642
vt 1.99617 0.00347102
vn -0.000181985 -0.99994 0.0109878
vt 1.99617 0.073439
vn -1.80791e-06 -0.953699 -0.300761
vt 1.79163 0.073439
vn 0 -0.917973 -0.396644
vt 1.79163 0.00347102
vn 0.000124091 -0.91826 -0.395979
vt 1.99617 0.00347102
vn -0.000181638 -0.999941 0.0108399
vt 1.99617 0.073439
vn -3.60007e-06 -0.953763 -0.300559
vt 1.79163 0.073439
vn 0 -0.918166 -0.396196
vt 1.79163 0.00347102
vn 0.000132095 -0.918452 -0.395531
vt 1.99617 0.00347102
vn -0.000167853 -0.999943 0.0106899
vt 1.99617 0.073439
vn 5.13077e-06 -0.95383 -0.300346
vt 1.79163 0.073439
vn 0 -0.918353 -0.395762
vt 1.79163 0.00347102
vn 0.0948617 -0.930255 -0.354439
vt 1.89497 0.00347102
vn 0 -0.962229 -0.272241
vt 1.99617 0.00347102
vn 0.100292 -0.975454 -0.196039
vt 1.99617 0.073439
vn 0.152047 -0.986582 0.0594759
vt 1.89497 0.073439
vn 0.249406 -0.966497 -0.060669
vt 1.96463 0.073439
vn 0.248457 -0.953839 0.1687
vt 1.89497 0.073439
vn -0.681388 -0.706781 0.190188
vt 1.89497 0.097944
vn -0.94626 -0.314449 0.0755974
vt 1.98607 0.097944
vn -0.797744 -0.590535 0.121956
vt 1.89497 0.097944
vn -0.826844 -0.550892 0.113342
vt 1.99617 0.097944
vn -0.845828 -0.532471 -0.0324051
vt 1.79163 0.097944
vn -0.826277 -0.562214 -0.0343701
vt 1.99617 0.097944
vn -0.801013 -0.597478 0.0374064
vt 1.79163 0.097944
vn -0.825352 -0.563543 0.0348199
vt 1.99617 0.097944
vn -0.80043 -0.599425 0.000470311
vt 1.79163 0.097944
vn -0.801003 -0.59866 0.0001858
vt 1.99617 0.097944
vn -0.548314 -0.819099 -0.16861
vt 1.79163 0.097944
vn -0.701865 -0.696895 -0.147387
vt 1.89497 0.097944
vn -0.744601 -0.644761 -0.172781
vt 1.80126 0.097944
vn -0.905775 -0.409874 -0.107586
vt 1.89497 0.097944
vn -0.264592 -0.765161 -0.586959
vt 1.89497 0.097944
vn -0.12368 -0.406911 -0.905056
vt 1.98607 0.097944
vn -0.197784 -0.9728 0.120592
vt 1.89472 0.105042
vn -0.203147 -0.959595 0.194701
vt 1.79163 0.105042
vn -0.167851 -0.837322 -0.520306
vt 1.79163 0.097944
vn -0.0916873 -0.504879 -0.858307
vt 1.89499 0.097944
vn -0.000843175 -0.549175 -0.835707
vt 1.79163 0.097944
vn 0.000483463 -0.871394 -0.490583
vt 1.99617 0.097944
vn -0.000869021 -0.529437 -0.848349
vt 1.79163 0.097944
vn 0.000477103 -0.867815 -0.496886
vt 1.99617 0.097944
vn -0.000857992 -0.509106 -0.860703
vt 1.79163 0.097944
vn 0.000491786 -0.864083 -0.503349
vt 1.99617 0.097944
vn -0.000881003 -0.488117 -0.872778
vt 1.79163 0.097944
vn 0.000485145 -0.860287 -0.509811
vt 1.99617 0.097944
vn -0.000871701 -0.466565 -0.884486
vt 1.79163 0.097944
vn 0.00049985 -0.856376 -0.516352
vt 1.99617 0.097944
vn 0.0736678 -0.40464 -0.911504
vt 1.79163 0.097944
vn 0.164848 -0.817344 -0.552063
vt 1.89497 0.097944
vn 0.326654 -0.943009 0.0634978
vt 1.99617 0.105042
vn 0.326643 -0.943007 0.0635766
vt 1.89497 0.105042
vn 0.220639 -0.63529 -0.740084
vt 1.89497 0.097944
vn 0.0936631 -0.305875 -0.947453
vt 1.98607 0.097944
vn 0.690669 -0.698075 -0.188859
vt 1.89497 0.097944
vn 0.956138 -0.28325 -0.0746266
vt 1.98607 0.097944
vn 0.938053 -0.339538 -0.0690726
vt 1.89497 0.097944
vn 0.697023 -0.700927 -0.151195
vt 1.99617 0.097944
vn 0.846159 -0.53261 0.0184836
vt 1.99617 0.097944
vn 0.62639 -0.779508 -0.00147985
vt 1.79163 0.097944
vn 0.945713 -0.324556 0.0170569
vt 1.79163 0.097944
vn 0.945852 -0.323906 -0.0211869
vt 1.79163 0.097944
vn 0.709279 -0.703359 -0.0470151
vt 1.99617 0.097944
vn 0.950226 -0.305942 0.058903
vt 1.79163 0.097944
vn 0.67596 -0.720822 0.153276
vt 1.89497 0.097944
vn 0.961294 -0.266497 0.0699574
vt 1.80126 0.097944
vn 0.73837 -0.65168 0.173557
vt 1.89497 0.097944
vn 0.991757 -0.128115 -0.00215861
vt 1.79163 0.073439
vn -0.167518 -0.983239 -0.0719573
vt 1.89497 0.073439
vn -0.042448 -0.964831 -0.259421
vt 1.79163 0.00347102
vn -0.0320343 -0.988052 -0.150757
vt 1.79163 0.073439
vn 0.0014839 -0.957249 -0.289263
vt 1.99617 0.00347102
vn 0.00274124 -0.998067 0.0620865
vt 1.99617 0.073439
vn -3.42534e-05 -0.958105 -0.286417
vt 1.99617 0.00347102
vn -0.000381035 -0.998641 0.0521059
vt 1.99617 0.073439
vn 1.49877e-06 -0.97901 -0.203813
vt 1.79163 0.073439
vn 4.97503e-07 -0.958126 -0.286348
vt 1.79163 0.00347102
vn -3.47651e-05 -0.958064 -0.286555
vt 1.99617 0.00347102
vn -0.000291546 -0.978054 0.208351
vt 1.99617 0.073439
vn 1.09278e-06 -0.978995 -0.203886
vt 1.79163 0.073439
vn 0 -0.958084 -0.286486
vt 1.79163 0.00347102
vn -4.3286e-05 -0.958018 -0.286708
vt 1.99617 0.00347102
vn -8.6144e-05 -0.957993 -0.286793
vt 1.99617 0.073439
vn -4.3286e-05 -0.958018 -0.286708
vt 1.79163 0.073439
vn -4.97798e-07 -0.958043 -0.286623
vt 1.79163 0.00347102
vn 0.0968873 -0.972946 -0.209734
vt 1.89497 0.00347102
vn 0 -0.9939 -0.110285
vt 1.99617 0.00347102
vn 0.100167 -0.989424 -0.104917
vt 1.99617 0.073439
vn 0.176116 -0.98277 0.056085
vt 1.89497 0.073439
vn 0.0838439 -0.992035 0.0939991
vt 1.89497 0.00347102
vn 0.349453 -0.936885 -0.0113391
vt 1.96463 0.073439
vn 0.341499 -0.919497 0.194688
vt 1.89497 0.073439
vn -0.00091809 -0.177635 0.984096
vt 1.79163 0.073439
vn -0.533281 -0.794098 0.291583
vt 1.89497 0.097944
vn -0.898703 -0.429918 0.0866257
vt 1.89497 0.097944
vn -0.540507 -0.822717 0.176038
vt 1.99617 0.097944
vn -0.890443 -0.455095 -0.000322842
vt 1.79163 0.097944
vn -0.478864 -0.877889 0.000439868
vt 1.99617 0.097944
vn -0.883032 -0.469312 -0.000319973
vt 1.79163 0.097944
vn -0.476797 -0.879013 0.000427669
vt 1.99617 0.097944
vn -0.892044 -0.442973 -0.0896298
vt 1.79163 0.097944
vn -0.504714 -0.844358 -0.179788
vt 1.89497 0.097944
vn -0.472221 -0.827703 -0.303176
vt 1.80126 0.097944
vn -0.812372 -0.537441 -0.226291
vt 1.89497 0.097944
vn -0.259878 -0.748867 -0.60964
vt 1.89497 0.097944
vn -0.208343 -0.493677 -0.84432
vt 1.98607 0.097944
vn -0.198571 -0.9793 0.0392548
vt 1.99617 0.105042
vn -0.205711 -0.9717 0.116109
vt 1.89497 0.105042
vn -0.164887 -0.814479 -0.55627
vt 1.89497 0.097944
vn -0.0708825 -0.373589 -0.924882
vt 1.99617 0.097944
vn 5.97673e-05 -0.645336 -0.763899
vt 1.99617 0.097944
vn -0.000468299 -0.849287 -0.527931
vt 1.79163 0.097944
vn 0.000225249 -0.453337 -0.891339
vt 1.79163 0.097944
vn 0.000225878 -0.469087 -0.883152
vt 1.79163 0.097944
vn -0.000453782 -0.861807 -0.507236
vt 1.99617 0.097944
vn 0.000224489 -0.483901 -0.875122
vt 1.79163 0.097944
vn -0.000452771 -0.862872 -0.505422
vt 1.99617 0.097944
vn 0.0863182 -0.452053 -0.887805
vt 1.79163 0.097944
vn 0.167288 -0.830409 -0.531447
vt 1.89497 0.097944
vn 0.285872 -0.826222 -0.485421
vt 1.80126 0.097944
vn 0.224701 -0.552784 -0.802458
vt 1.89497 0.097944
vn 0.00047412 -0.145208 -0.989401
vt 1.79163 0.073439
vn -0.203085 -0.974044 0.0999691
vt 1.89497 0.00347102
vn -0.115118 -0.993352 0
vt 1.79163 0.00347102
vn -0.276099 -0.961129 0.000240675
vt 1.99617 0.00347102
vn -0.275712 -0.96124 0
vt 1.79163 0.00347102
vn -0.276882 -0.960904 0.000244526
vt 1.99617 0.00347102
vn -0.276487 -0.961018 0
vt 1.79163 0.00347102
vn -0.205519 -0.973736 -0.0979783
vt 1.99617 0.00347102
vn -0.277278 -0.96079 0
vt 1.89497 0.00347102
vn 1.78341e-05 6.14525e-07 1
vt 0.649216 0.605507
vn 1.64622e-05 0 1
vt 0.649216 0.327603
vn 1.73745e-05 8.1942e-07 1
vt 0.784105 0.327603
vn 1.64579e-05 8.19301e-07 1
vt 0.784105 0.605507
vn 1.50844e-05 6.14512e-07 1
vt 0.649216 0.327603
vn 1.37131e-05 0 1
vt 0.649216 0.605507
vn 0.909932 0 0.414757
vt 0.381025 0.77137
vn 1.646e-05 0 1
vt 0.551107 0.77137
vn 1.64579e-05 0 1
vt 0.551107 0.668034
vn 1.64557e-05 0 1
vt 0.381025 0.668034
vn 1.64622e-05 0 1
vt 0.381025 0.77137
vn 1.64622e-05 0 1
vt 0.381025 0.668034
vn 0.622156 0.754635 0.208442
vt 1.94891 -0.859725
vn 0.48046 0.845361 0.233501
vt 1.84499 -0.859725
vn 1 0 0
vt 1.84499 -0.893918
vn 1 0 0
vt 1.94891 -0.893918
vn 0.28821 0.923004 0.254948
vt 1.84499 -0.798917
vn -0.244622 0.783411 -0.571339
vt 1.83046 -0.859725
vn -0.268717 0.860579 -0.432661
vt 1.92438 -0.859725
vn -0.28821 0.923004 -0.254948
vt 1.92438 -0.798917
vn 0 0 -1
vt 1.83046 -0.893918
vn 0 0 -1
vt 1.92438 -0.893918
vn -0.16177 0.946781 -0.278272
vt 1.94429 -0.859725
vn -0.179708 0.941514 -0.285056
vt 1.84974 -0.859725
vn -0.16177 0.946781 -0.278272
vt 1.84974 -0.725762
vn -0.125133 0.956329 -0.264152
vt 1.94429 -0.798917
vn 0 0 -1
vt 1.84974 -0.859725
vn 0 0 -1
vt 1.84974 -0.893918
vn 0 0 -1
vt 1.94429 -0.893918
vn 0 0 -1
vt 1.94429 -0.859725
vn 0.312116 0.939375 0.141982
vt 1.79235 -0.725762
vn 0.420691 0.894543 0.151038
vt 1.79235 -0.859725
vn 0.445297 0.885328 0.133813
vt 1.91241 -0.859725
vn 0.296256 0.948774 0.109819
vt 1.91241 -0.798917
vn 1 0 0
vt 1.79235 -0.893918
vn 1 0 0
vt 1.91241 -0.893918
vn 0.425573 0.904924 0
vt 1.79235 -0.859725
vn 0.513429 0.858132 0
vt 1.99888 -0.859725
vn 0.323821 0.946118 0
vt 1.99888 -0.725762
vn 0.323821 0.946118 0
vt 1.79235 -0.725762
vn 1 0 0
vt 1.79235 -0.893918
vn 1 0 0
vt 1.99888 -0.893918
vn 0.578585 -0.786292 -0.216756
vt 1.91636 -0.900765
vn 0.616666 -0.759118 -0.208479
vt 1.84499 -0.900765
vn 0.41502 -0.892639 -0.17594
vt 1.84499 -0.927011
vn 0.099541 -0.976248 -0.192438
vt 1.89629 -0.927011
vn 0.83637 -0.54409 -0.0667112
vt 1.91241 -0.900765
vn 0.290176 -0.946879 -0.13863
vt 1.79235 -0.900765
vn 0.252971 -0.963723 -0.0851163
vt 1.79235 -0.927011
vn -0.16878 -0.98456 -0.0464255
vt 1.91241 -0.927011
vn 0.791671 -0.610948 9.96069e-05
vt 1.99888 -0.900765
vn 0.512244 -0.85884 6.75136e-06
vt 1.79235 -0.900765
vn -0.101736 -0.994811 -0.000177752
vt 1.79235 -0.927011
vn -0.252692 -0.967547 0.000326898
vt 1.99888 -0.927011
vn 0.0814977 -0.585564 -0.806519
vt 1.94429 -0.900765
vn 0.0525631 -0.98751 0.148529
vt 1.94429 -0.927011
vn 0.0964546 -0.970006 -0.223124
vt 1.84974 -0.927011
vn 0.157805 -0.952373 -0.260928
vt 1.84974 -0.900765
vn 0.252948 -0.810178 -0.528799
vt 1.92438 -0.900765
vn 0.228928 -0.733378 -0.640117
vt 1.85987 -0.900765
vn 0.204215 -0.905221 -0.372655
vt 1.87802 -0.927011
vn 0.219987 -0.975233 -0.0229379
vt 1.92438 -0.927011
vn -0.000612057 0.938756 -0.344582
vt 1.86064 -0.725762
vn 0 0.915121 -0.403179
vt 1.99888 -0.725762
vn -0.000885856 0.923957 -0.382495
vt 1.99888 -0.859725
vn -0.00177197 0.924214 -0.38187
vt 1.86064 -0.859725
vn 0 0 -1
vt 1.97327 -0.893918
vn 0 0 -1
vt 1.97327 -0.859725
vn 0 0 -1
vt 1.84499 -0.859725
vn 0 0 -1
vt 1.84499 -0.893918
vn -0.00175347 -0.982361 -0.186988
vt 1.99888 -0.927011
vn -0.00165848 -0.974618 0.223868
vt 1.87309 -0.927011
vn -0.00122727 -0.653072 -0.757295
vt 1.87309 -0.900765
vn -0.00198938 -0.976152 -0.217078
vt 1.99888 -0.900765
vn 0 0.894365 -0.447338
vt 1.81198 -0.598419
vn 0 0.894365 -0.447338
vt 1.99888 -0.598419
vn 1 0 0
vt 1.91889 -0.893918
vn 0.48046 0.845361 -0.233501
vt 1.91889 -0.859725
vn 0.622156 0.754635 -0.208441
vt 1.81198 -0.859725
vn 1 0 0
vt 1.81198 -0.893918
vn 0.28821 0.923004 -0.254948
vt 1.91889 -0.798917
vn -0.268717 0.860579 0.432661
vt 1.89574 -0.859725
vn -0.244622 0.783411 0.571339
vt 1.98995 -0.859725
vn -0.28821 0.923004 0.254948
vt 1.89574 -0.798917
vn 0 0 1
vt 1.89574 -0.893918
vn 0 0 1
vt 1.98995 -0.893918
vn -0.16177 0.946781 0.278272
vt 1.8364 -0.725762
vn -0.179708 0.941514 0.285056
vt 1.8364 -0.859725
vn -0.16177 0.946781 0.278272
vt 1.93146 -0.859725
vn -0.125133 0.956329 0.264152
vt 1.93146 -0.798917
vn 0 0 1
vt 1.93146 -0.893918
vn 0 0 1
vt 1.8364 -0.893918
vn 0 0 1
vt 1.8364 -0.859725
vn 0 0 1
vt 1.93146 -0.859725
vn 0.445297 0.885328 -0.133813
vt 1.87835 -0.859725
vn 0.68451 0.718829 -0.121369
vt 1.99888 -0.859725
vn 0.312116 0.939375 -0.141982
vt 1.99888 -0.725762
vn 0.296256 0.948774 -0.109819
vt 1.87835 -0.798917
vn 1 0 0
vt 1.87835 -0.893918
vn 1 0 0
vt 1.99888 -0.893918
vn 0.164685 0.970017 0.178731
vt 1.79235 -0.725762
vn 0.323821 0.946118 0
vt 1.79235 -0.859725
vn 0.323821 0.946118 0
vt 1.99888 -0.859725
vn 0.323821 0.946118 0
vt 1.99888 -0.725762
vn 0.296769 -0.914048 0.276484
vt 1.86645 -0.927011
vn 0.00837873 -0.956444 0.291797
vt 1.91938 -0.927011
vn 0.476361 -0.840431 0.258371
vt 1.91957 -0.900765
vn 0.510284 -0.828747 0.229758
vt 1.84622 -0.900765
vn 0.429949 -0.902581 0.0221476
vt 1.99888 -0.900765
vn 0.330301 -0.933925 0.136698
vt 1.87835 -0.900765
vn 0.342546 -0.935798 0.0833315
vt 1.87835 -0.927011
vn 0.0171547 -0.999593 0.0227767
vt 1.99888 -0.927011
vn 0.0917139 -0.664052 0.74204
vt 1.8364 -0.900765
vn 0.15966 -0.966318 0.201839
vt 1.93146 -0.900765
vn 0.0923752 -0.979773 0.177515
vt 1.93146 -0.927011
vn 0.0500237 -0.991029 -0.123933
vt 1.8364 -0.927011
vn 0.269605 -0.917426 0.292648
vt 1.89574 -0.927011
vn 0.281855 -0.959078 0.0269468
vt 1.94238 -0.927011
vn 0.286204 -0.872071 0.396963
vt 1.96038 -0.900765
vn 0.257945 -0.827215 0.499179
vt 1.89574 -0.900765
vn -0.000865545 0.923505 0.383585
vt 1.91889 -0.859725
vn -0.00173052 0.92329 0.384099
vt 1.79235 -0.859725
vn -5.74406e-07 0.917984 0.396618
vt 1.91889 -0.725762
vn 0.189464 0.945398 0.26519
vt 1.94429 -0.859725
vn 3.31229e-06 0 1
vt 1.94429 -0.893918
vn 3.31286e-06 9.96303e-10 1
vt 1.81198 -0.893918
vn 0.347231 0.866242 0.359243
vt 1.81198 -0.859725
vn -0.286699 -0.708003 0.645395
vt 1.91889 -0.900765
vn -0.367897 -0.908531 0.198048
vt 1.79235 -0.900765
vn -0.261967 -0.770764 0.580772
vt 1.79235 -0.927011
vn -0.167462 -0.980901 0.0989453
vt 1.91889 -0.927011
vn -8.56952e-07 0.894365 0.447338
vt 1.79235 -0.598419
vn -1.71403e-06 0.894365 0.447338
vt 1.91889 -0.598419
vn 1 6.08638e-06 0.000218804
vt 0.381025 0.997848
vn 1 8.11728e-06 7.02177e-05
vt 0.47269 0.77137
vn 1 8.11307e-06 -7.55316e-05
vt 0.47269 0.997848
vn 0.623848 0.50574 -0.595853
vt 0.280993 0.240434
vn -0.184374 0.981683 0.0480103
vt 0.28548 0.281756
vn -0.0223805 0.890655 -0.454129
vt 0.248421 0.296934
vn 0.932907 0.0495996 -0.356687
vt 0.227147 0.266732
vn -0.762776 0.48537 0.427303
vt 0.227147 0.266732
vn -0.659597 0.503069 0.558439
vt 0.280993 0.240434
vn 0.749042 0.000214336 0.662522
vt 0.206848 0.330377
vn 0.579859 -0.633022 0.512881
vt 0.248421 0.296934
vn 0.64619 0.504163 -0.572938
vt 0.574768 0.240434
vn -0.00147625 0.999998 -0.00129244
vt 0.574768 0.281756
vn -0.647471 0.504216 0.571444
vt 0.574768 0.240434
vn 0.219409 -0.956136 0.194069
vt 0.227147 0.266732
vn 0.219408 -0.956136 0.194072
vt 0.248421 0.296934
vn 0.219409 -0.956136 0.194069
vt 0.28548 0.281756
vn 0.21941 -0.956137 0.194066
vt 0.280993 0.240434
vn 0.689284 0.499667 -0.524614
vt 0.62956 0.240434
vn 0.689284 0.499667 -0.524614
vt 0.318196 0.240434
vn 0.0954942 0.991837 0.0844966
vt 0.318196 0.281756
vn 0.0954984 0.991837 0.0844953
vt 0.62956 0.281756
vn -0.601102 0.50665 0.618047
vt 0.62956 0.240434
vn -0.601111 0.506638 0.618049
vt 0.318196 0.240434
vn -0.0223413 0.890653 0.454134
vt 0.248421 0.296934
vn -0.18439 0.98168 -0.0480111
vt 0.28548 0.281756
vn 0.623842 0.505755 0.595846
vt 0.280993 0.240434
vn 0.485086 0.503966 0.71464
vt 0.227147 0.266732
vn -0.49657 -0.166505 -0.851877
vt 0.227147 0.266732
vn -0.674606 0.298293 -0.675224
vt 0.280993 0.240434
vn 0.749011 0.000296237 -0.662558
vt 0.206848 0.330377
vn 0.373068 -0.86713 -0.330008
vt 0.248421 0.296934
vn -0.00147619 0.999998 0.00129249
vt 0.574768 0.281756
vn 0.646185 0.504164 0.572942
vt 0.574768 0.240434
vn -0.647477 0.504192 -0.571458
vt 0.574768 0.240434
vn 0.219389 -0.956141 -0.194068
vt 0.28548 0.281756
vn 0.0954974 0.991837 -0.0844971
vt 0.318196 0.281756
vn 0.689285 0.499667 0.524613
vt 0.318196 0.240434
vn 0.689285 0.499667 0.524613
vt 0.62956 0.240434
vn 0.0954953 0.991837 -0.0844977
vt 0.62956 0.281756
vn -0.601105 0.506644 -0.618049
vt 0.62956 0.240434
vn -0.601101 0.506651 -0.618048
vt 0.318196 0.240434
vn 0.33175 0.850368 0.408431
vt 0.62956 0.281756
vn 0.815079 0.522236 0.25083
vt 0.317659 0.281756
vn -0.331843 0.850339 0.408417
vt 0.317659 0.240434
vn -0.815079 0.522236 0.25083
vt 0.62956 0.240434
vn -1 0 0
vt 0.317659 0.281756
vn -1 0 0
vt 0.62956 0.281756
vn 1 0 0
vt 0.62956 0.240434
vn 1 0 0
vt 0.317659 0.240434
vn 0 0 1
vt 0.62956 0.240434
vn 0 0 1
vt 0.62956 0.281756
vn 0 0 1
vt 0.574768 0.281756
vn 0 0 1
vt 0.574768 0.240434
vn 0 0.901418 -0.43295
vt 0.317968 0.281756
vn 0 0.901418 -0.43295
vt 0.317968 0.240434
vn 0 0.901418 -0.43295
vt 0.62956 0.240434
vn 0 0.901418 -0.43295
vt 0.62956 0.281756
vn -1 0 0
vt 0.317968 0.281756
vn -1 0 0
vt 0.317968 0.240434
vn -1 0 0
vt 0.62956 0.240434
vn -0.989216 0 -0.146461
vt 0.62956 0.281756
vn 1 0 0
vt 0.317968 0.281756
vn 1 0 0
vt 0.317968 0.240434
vn 1 0 0
vt 0.62956 0.240434
vn 1 0 0
vt 0.62956 0.281756
vn 0 0 -1
vt 0.574768 0.240434
vn 0 0 -1
vt 0.62956 0.240434
vn 0 0 -1
vt 0.574768 0.281756
vn 0 -0.62608 0.779759
vt 0.62956 0.240434
vn 0 0.954619 0.297829
vt 0.62956 0.281756
vn 0 0.625157 0.780499
vt 0.31838 0.281756
vn 0 -0.954726 0.297486
vt 0.31838 0.240434
vn 0 0.00138217 -0.999999
vt 0.31838 0.240434
vn 0 0.00138217 -0.999999
vt 0.31838 0.281756
vn 0 0.00138217 -0.999999
vt 0.62956 0.281756
vn 0 0.00138217 -0.999999
vt 0.62956 0.240434
vn 0 1 0.0001263
vt 0.62956 0.240434
vn 0 1 0.0001263
vt 0.31838 0.240434
vn 1 0 0
vt 0.575014 0.240434
vn 1 0 0
vt 0.62956 0.240434
vn 1 0 0
vt 0.62956 0.281756
vn 1 0 0
vt 0.575014 0.281756
vn 0 -1 0
vt 0.31838 0.281756
vn 0 -1 0
vt 0.62956 0.281756
vn 1 0 0
vt 0.79588 0.654512
vn 1 0 0
vt 0.932579 0.552503
vn 1 0 0
vt 0.79588 0.552503
vn 1 0 0
vt 0.932579 0.552503
vn 0.0878115 0.941109 0.3265
vt 1.81198 -0.725762
vn 0 0.967304 0.253619
vt 1.94429 -0.725762
vn 0 0.894365 0.447338
vt 1.81198 -0.598419
vn 0 0.894365 0.447338
vt 1.99888 -0.598419
vn -0.000574337 0.93899 -0.343944
vt 1.79235 -0.725762
vn 0 0.918105 -0.396337
vt 1.91889 -0.725762
vn -0.000860817 0.956958 -0.290225
vt 1.91889 -0.859725
vn -0.00172165 0.95682 -0.290676
vt 1.79235 -0.859725
vn 0 0.894365 -0.447338
vt 1.79235 -0.598419
vn 0 0.894365 -0.447338
vt 1.91889 -0.598419
vn 0 0 1
vt 1.91889 -0.893918
vn 0 0 1
vt 1.79235 -0.893918
vn -0.00183617 -0.786495 0.617594
vt 1.94429 -0.900765
vn -0.00230709 -0.994822 0.101609
vt 1.81198 -0.900765
vn -0.0362185 -0.990002 0.136322
vt 1.81198 -0.927011
vn -0.0188113 -0.984308 -0.175454
vt 1.94429 -0.927011
vn 0 0 -1
vt 1.99888 -0.893918
vn 0 0 -1
vt 1.86064 -0.893918
vn -0.00102207 -0.651831 -0.758364
vt 1.93146 -0.900765
vn -0.0019098 -0.97572 -0.219015
vt 1.79235 -0.900765
vn -0.00128914 -0.982231 -0.18767
vt 1.79235 -0.927011
vn -0.00132325 -0.974752 0.223288
vt 1.93146 -0.927011
vn 0.765046 5.03207e-06 -0.643975
vt 0.649216 0.605507
vn -2.62911e-06 -3.20054e-11 -1
vt 0.649216 0.327603
vn -2.61216e-06 7.70733e-07 -1
vt 0.784105 0.327603
vn -1.75751e-06 1.17054e-06 -1
vt 0.784105 0.605507
vn 6.33153e-11 1.17055e-06 -1
vt 0.649216 0.327603
vn 0 1.17058e-06 -1
vt 0.649216 0.605507
vn -0.974171 5.93108e-06 -0.225814
vt 0.381025 0.77137
vn -1.79588e-06 0 -1
vt 0.551107 0.77137
vn -9.20561e-07 0 -1
vt 0.551107 0.668034
vn 0 0 -1
vt 0.381025 0.668034
vn -2.62911e-06 0 -1
vt 0.381025 0.77137
vn 0.764685 -1.00765e-10 -0.644404
vt 0.381025 0.668034
vn 2.69304e-05 7.21145e-06 -1
vt 0.784105 0.327603
vn 5.82975e-05 2.08354e-05 -1
vt 0.649216 0.327603
vn 3.76262e-05 1.04177e-05 -1
vt 0.649216 0.605507
vn 8.77744e-06 3.74609e-07 -1
vt 0.784105 0.605507
vn 4.17926e-06 5.8525e-07 -1
vt 0.649216 0.327603
vn 5.48524e-06 1.17048e-06 -1
vt 0.649216 0.605507
vn 2.3658e-05 -9.72823e-07 -1
vt 0.551107 0.668034
vn 4.12397e-05 0 -1
vt 0.551107 0.77137
vn 0.975054 5.59763e-06 -0.221968
vt 0.381025 0.77137
vn 5.48523e-06 -3.03989e-06 -1
vt 0.381025 0.668034
vn -0.755778 0 -0.654828
vt 0.381025 0.668034
vn 5.82973e-05 0 -1
vt 0.381025 0.77137
vn 1 4.12518e-06 -7.87247e-05
vt 0.784105 0.327603
vn 1 1.21719e-05 -4.22525e-05
vt 0.649216 0.327603
vn 1 8.04627e-11 -0.000109229
vt 0.784105 0.605507
vn 1 8.19567e-11 -0.000133457
vt 0.649216 0.327603
vn 1 0 -0.000133458
vt 0.649216 0.605507
vn 1 -1.86853e-10 -0.000101913
vt 0.551107 0.668034
vn 1 -2.2665e-10 -7.16186e-05
vt 0.551107 0.77137
vn 1 -2.14245e-10 -0.000133457
vt 0.381025 0.77137
vn 1 0 -0.000133458
vt 0.381025 0.668034
vn 1 -1.28498e-10 -4.22602e-05
vt 0.381025 0.77137
vn -1 0 0
vt 0.649216 0.605507
vn -1 0 0
vt 0.649216 0.327603
vn -1 0 0
vt 0.784105 0.327603
vn -1 0 0
vt 0.784105 0.605507
vn -1 0 0
vt 0.649216 0.327603
vn -1 0 0
vt 0.649216 0.605507
vn -1 0 0
vt 0.381025 0.77137
vn -1 0 0
vt 0.551107 0.77137
vn -1 0 0
vt 0.551107 0.668034
vn -1 0 0
vt 0.381025 0.668034
vn -1 0 0
vt 0.381025 0.77137
vn -1 1.21752e-05 -0.000971029
vt 0.381025 0.997848
vn 1 2.4631e-10 -0.000210435
vt 0.381025 0.997848
vn 0.000714416 6.07528e-06 1
vt 0.646676 0.318139
vn 0.000709472 1.82259e-05 1
vt 0.783827 0.318139
vn 0.000714464 1.21506e-05 1
vt 0.783827 0.163363
vn 0.000714414 0 1
vt 0.646676 0.163363
vn 0.663912 -0.000201919 0.747811
vt 0.646676 0.318139
vn 0.000528688 0 1
vt 0.783827 0.318139
vn 0.000524187 -0.000214185 1
vt 0.783827 0.163363
vn 0.663885 -0.000524684 0.747835
vt 0.646676 0.163363
vn -0.67113 6.75579e-06 0.741339
vt 0.783827 0.163363
vn 0.000709471 1.82259e-05 1
vt 0.646676 0.163363
vn 0.000714463 1.21506e-05 1
vt 0.646676 0.318139
vn -0.671128 0 0.741341
vt 0.783827 0.318139
vn 1 0 0
vt 0.352775 0.29037
vn 1 0 0
vt 0.352775 0.409878
vn 1 0 0
vt 0.617685 0.29037
vn -1 0 0
vt 0.617685 0.29037
vn -1 0 0
vt 0.352775 0.409878
vn -1 0 0
vt 0.352775 0.29037
vn 1 0 0
vt 0.352775 0.29037
vn 1 0 0
vt 0.352775 0.409878
vn 1 0 0
vt 0.617685 0.29037
vn 1 0 0
vt 0.352775 0.29037
vn 1 0 0
vt 0.352775 0.409878
vn 1 0 0
vt 0.617685 0.29037
vn -1 0 0
vt 0.617685 0.29037
vn -1 0 0
vt 0.352775 0.409878
vn -1 0 0
vt 0.352775 0.29037
vn -2.03707e-05 1 0
vt 0.787617 0.131587
vn -2.03707e-05 1 0
vt 0.787617 0.161373
vn -2.03707e-05 1 0
vt 0.569547 0.161374
vn -2.03707e-05 1 0
vt 0.569547 0.131587
vn -7.10908e-06 0.0692822 0.997597
vt 0.569547 0.131587
vn -6.79025e-06 -3.53031e-09 1
vt 0.787617 0.131587
vn -5.17247e-06 -2.4847e-06 1
vt 0.787617 0.00235301
vn -4.52201e-06 -6.7969e-06 1
vt 0.569547 0.00235301
vn 0.139769 0.893125 0.427543
vt 0.002038 0.996029
vn 0 0.901961 0.431818
vt 0.184881 0.996029
vn -0.000169382 0.901978 0.431781
vt 0.18488 0.568207
vn 0.0869294 0.898581 0.43011
vt 0.002038 0.568207
vn 1 0 0
vt 0.049627 0.568207
vn 1 0 0
vt 0.049627 0.996029
vn 0 -0.0174793 -0.999847
vt 0.184935 0.575655
vn 0 -0.0174793 -0.999847
vt 0.00205 0.575655
vn 0 -0.0174793 -0.999847
vt 0.002053 0.568207
vn 0 -0.0174793 -0.999847
vt 0.184936 0.568207
vn -1 0 0
vt 0.002038 0.996029
vn -1 0 0
vt 0.049627 0.996029
vn -1 0 0
vt 0.049627 0.568207
vn -1 0 0
vt 0.002038 0.568207
vn 1.33372e-07 -0.000710224 1
vt 0.001957 0.575738
vn 2.66229e-07 -0.000708851 1
vt 0.001956 0.568149
vn 1.33372e-07 -0.000710224 1
vt 0.18496 0.568265
vn 0 -0.000711603 1
vt 0.184961 0.575738
vn 0 1 0
vt 0.74784 0.161223
vn 0 1 0
vt 0.74784 0.131512
vn 0 1 0
vt 0.778134 0.131512
vn 0 1 0
vt 0.778134 0.161223
vn 0 0 1
vt 0.996081 0.579687
vn 0 0 1
vt 0.996081 0.997409
vn 0 0 1
vt 0.940094 0.997409
vn 0 0 1
vt 0.940094 0.579687
vn 1 0 0
vt 0.996081 0.579687
vn 1 0 0
vt 0.996081 0.997409
vn 1 0 0
vt 0.940094 0.997409
vn 1 0 0
vt 0.940094 0.579687
vn 0 0 -1
vt 0.996081 0.579687
vn 0 0 -1
vt 0.996081 0.997409
vn 0 0 -1
vt 0.940094 0.997409
vn 0 0 -1
vt 0.940094 0.579687
vn -1 0 0
vt 0.996081 0.579687
vn -1 0 0
vt 0.996081 0.997409
vn -1 0 0
vt 0.940094 0.997409
vn -1 0 0
vt 0.940094 0.579687
vn 0 1 0
vt 0.74784 0.161223
vn 0 1 0
vt 0.74784 0.131512
vn 0 1 0
vt 0.778134 0.131512
vn 0 1 0
vt 0.778134 0.161223
vn 0 0 1
vt 0.996081 0.579687
vn 0 0 1
vt 0.996081 0.997409
vn 0 0 1
vt 0.940094 0.997409
vn 0 0 1
vt 0.940094 0.579687
vn 1 0 0
vt 0.996081 0.579687
vn 1 0 0
vt 0.996081 0.997409
vn 1 0 0
vt 0.940094 0.997409
vn 1 0 0
vt 0.940094 0.579687
vn 0 0 -1
vt 0.996081 0.579687
vn 0 0 -1
vt 0.996081 0.997409
vn 0 0 -1
vt 0.940094 0.997409
vn 0 0 -1
vt 0.940094 0.579687
vn -1 0 0
vt 0.996081 0.579687
vn -1 0 0
vt 0.996081 0.997409
vn -1 0 0
vt 0.940094 0.997409
vn -1 0 0
vt 0.940094 0.579687
vn 0 1 0
vt 0.74784 0.161223
vn 0 1 0
vt 0.74784 0.131512
vn 0 1 0
vt 0.778134 0.131512
vn 0 1 0
vt 0.778134 0.161223
vn 0.000144538 1.76445e-05 1
vt 0.996081 0.579687
vn 0 0 1
vt 0.996081 0.997409
vn 0.000144538 1.76445e-05 1
vt 0.940094 0.997409
vn 0.000289077 3.5289e-05 1
vt 0.940094 0.579687
vn 1 0 0
vt 0.996081 0.579687
vn 1 0 0
vt 0.996081 0.997409
vn 1 0 0
vt 0.940094 0.997409
vn 1 0 0
vt 0.940094 0.579687
vn 0 0 -1
vt 0.996081 0.579687
vn 0 0 -1
vt 0.996081 0.997409
vn 0 0 -1
vt 0.940094 0.997409
vn 0 0 -1
vt 0.940094 0.579687
vn -1 0 0
vt 0.996081 0.579687
vn -1 0 0
vt 0.996081 0.997409
vn -1 0 0
vt 0.940094 0.997409
vn -1 0 0
vt 0.940094 0.579687
vn 0 1 0
vt 0.74784 0.161223
vn 0 1 0
vt 0.74784 0.131512
vn 0 1 0
vt 0.778134 0.131512
vn 0 1 0
vt 0.778134 0.161223
vn 0 0 1
vt 0.996081 0.579687
vn 0 0 1
vt 0.996081 0.997409
vn 0 0 1
vt 0.940094 0.997409
vn 0 0 1
vt 0.940094 0.579687
vn 1 0 0
vt 0.996081 0.579687
vn 1 0 0
vt 0.996081 0.997409
vn 1 0 0
vt 0.940094 0.997409
vn 1 0 0
vt 0.940094 0.579687
vn 0 0 -1
vt 0.996081 0.579687
vn 0 0 -1
vt 0.996081 0.997409
vn 0 0 -1
vt 0.940094 0.997409
vn 0 0 -1
vt 0.940094 0.579687
vn -1 0 0
vt 0.996081 0.579687
vn -1 0 0
vt 0.996081 0.997409
vn -1 0 0
vt 0.940094 0.997409
vn -1 0 0
vt 0.940094 0.579687
vn 0 1 0
vt 0.74784 0.161223
vn 0 1 0
vt 0.74784 0.131512
vn 0 1 0
vt 0.778134 0.131512
vn 0 1 0
vt 0.778134 0.161223
vn 0 0 1
vt 0.996081 0.579687
vn 0 0 1
vt 0.996081 0.997409
vn 0 0 1
vt 0.940094 0.997409
vn 0 0 1
vt 0.940094 0.579687
vn 1 0 0
vt 0.996081 0.579687
vn 1 0 0
vt 0.996081 0.997409
vn 1 0 0
vt 0.940094 0.997409
vn 1 0 0
vt 0.940094 0.579687
vn 0 0 -1
vt 0.996081 0.579687
vn 0 0 -1
vt 0.996081 0.997409
vn 0 0 -1
vt 0.940094 0.997409
vn 0 0 -1
vt 0.940094 0.579687
vn -1 0 0
vt 0.996081 0.579687
vn -1 0 0
vt 0.996081 0.997409
vn -1 0 0
vt 0.940094 0.997409
vn -1 0 0
vt 0.940094 0.579687
vn 0 1 0
vt 0.74784 0.161223
vn 0 1 0
vt 0.74784 0.131512
vn 0 1 0
vt 0.778134 0.131512
vn 0 1 0
vt 0.778134 0.161223
vn 0 0 1
vt 0.996081 0.579687
vn 0 0 1
vt 0.996081 0.997409
vn 0 0 1
vt 0.940094 0.997409
vn 0 0 1
vt 0.940094 0.579687
vn 1 0 0
vt 0.996081 0.579687
vn 1 0 0
vt 0.996081 0.997409
vn 1 0 0
vt 0.940094 0.997409
vn 1 0 0
vt 0.940094 0.579687
vn 0 0 -1
vt 0.996081 0.579687
vn 0 0 -1
vt 0.996081 0.997409
vn 0 0 -1
vt 0.940094 0.997409
vn 0 0 -1
vt 0.940094 0.579687
vn -1 0 0
vt 0.996081 0.579687
vn -1 0 0
vt 0.996081 0.997409
vn -1 0 0
vt 0.940094 0.997409
vn -1 0 0
vt 0.940094 0.579687
vn 0 1 0
vt 0.74784 0.161223
vn 0 1 0
vt 0.74784 0.131512
vn 0 1 0
vt 0.778134 0.131512
vn 0 1 0
vt 0.778134 0.161223
vn 0 0 1
vt 0.996081 0.579687
vn 0 0 1
vt 0.996081 0.997409
vn 0 0 1
vt 0.940094 0.997409
vn 0 0 1
vt 0.940094 0.579687
vn 1 0 0
vt 0.996081 0.579687
vn 1 0 0
vt 0.996081 0.997409
vn 1 0 0
vt 0.940094 0.997409
vn 1 0 0
vt 0.940094 0.579687
vn 0 0 -1
vt 0.996081 0.579687
vn 0 0 -1
vt 0.996081 0.997409
vn 0 0 -1
vt 0.940094 0.997409
vn 0 0 -1
vt 0.940094 0.579687
vn -1 0 0
vt 0.996081 0.579687
vn -1 0 0
vt 0.996081 0.997409
vn -1 0 0
vt 0.940094 0.997409
vn -1 0 0
vt 0.940094 0.579687
vn 0 1 0
vt 0.74784 0.161223
vn 0 1 0
vt 0.74784 0.131512
vn 0 1 0
vt 0.778134 0.131512
vn 0 1 0
vt 0.778134 0.161223
vn 0 0 1
vt 0.996081 0.579687
vn 0 0 1
vt 0.996081 0.997409
vn 0 0 1
vt 0.940094 0.997409
vn 0 0 1
vt 0.940094 0.579687
vn 1 0 0
vt 0.996081 0.579687
vn 1 0 0
vt 0.996081 0.997409
vn 1 0 0
vt 0.940094 0.997409
vn 1 0 0
vt 0.940094 0.579687
vn 0 0 -1
vt 0.996081 0.579687
vn 0 0 -1
vt 0.996081 0.997409
vn 0 0 -1
vt 0.940094 0.997409
vn 0 0 -1
vt 0.940094 0.579687
vn -1 0 0
vt 0.996081 0.579687
vn -1 0 0
vt 0.996081 0.997409
vn -1 0 0
vt 0.940094 0.997409
vn -1 0 0
vt 0.940094 0.579687
vn 0 1 0
vt 0.74784 0.161223
vn 0 1 0
vt 0.74784 0.131512
vn 0 1 0
vt 0.778134 0.131512
vn 0 1 0
vt 0.778134 0.161223
vn 0 0 1
vt 0.996081 0.579687
vn 0 0 1
vt 0.996081 0.997409
vn 0 0 1
vt 0.940094 0.997409
vn 0 0 1
vt 0.940094 0.579687
vn 1 0 0
vt 0.996081 0.579687
vn 1 0 0
vt 0.996081 0.997409
vn 1 0 0
vt 0.940094 0.997409
vn 1 0 0
vt 0.940094 0.579687
vn 0 0 -1
vt 0.996081 0.579687
vn 0 0 -1
vt 0.996081 0.997409
vn 0 0 -1
vt 0.940094 0.997409
vn 0 0 -1
vt 0.940094 0.579687
vn -1 0 0
vt 0.996081 0.579687
vn -1 0 0
vt 0.996081 0.997409
vn -1 0 0
vt 0.940094 0.997409
vn -1 0 0
vt 0.940094 0.579687
vn 0 1 0
vt 0.74784 0.161223
vn 0 1 0
vt 0.74784 0.131512
vn 0 1 0
vt 0.778134 0.131512
vn 0 1 0
vt 0.778134 0.161223
vn 0 0 1
vt 0.996081 0.579687
vn 0 0 1
vt 0.996081 0.997409
vn 0 0 1
vt 0.940094 0.997409
vn 0 0 1
vt 0.940094 0.579687
vn 1 0 0
vt 0.996081 0.579687
vn 1 0 0
vt 0.996081 0.997409
vn 1 0 0
vt 0.940094 0.997409
vn 1 0 0
vt 0.940094 0.579687
vn 0 0 -1
vt 0.996081 0.579687
vn 0 0 -1
vt 0.996081 0.997409
vn 0 0 -1
vt 0.940094 0.997409
vn 0 0 -1
vt 0.940094 0.579687
vn -1 0 0
vt 0.996081 0.579687
vn -1 0 0
vt 0.996081 0.997409
vn -1 0 0
vt 0.940094 0.997409
vn -1 0 0
vt 0.940094 0.579687
vn 0 1 0
vt 0.74784 0.161223
vn 0 1 0
vt 0.74784 0.131512
vn 0 1 0
vt 0.778134 0.131512
vn 0 1 0
vt 0.778134 0.161223
vn 0 3.5289e-05 1
vt 0.996081 0.579687
vn 0 3.5289e-05 1
vt 0.996081 0.997409
vn 0 3.5289e-05 1
vt 0.940094 0.997409
vn 0 3.5289e-05 1
vt 0.940094 0.579687
vn 1 0 0
vt 0.996081 0.579687
vn 1 0 0
vt 0.996081 0.997409
vn 1 0 0
vt 0.940094 0.997409
vn 1 0 0
vt 0.940094 0.579687
vn 0 0 -1
vt 0.996081 0.579687
vn 0 0 -1
vt 0.996081 0.997409
vn 0 0 -1
vt 0.940094 0.997409
vn 0 0 -1
vt 0.940094 0.579687
vn -1 0 0
vt 0.996081 0.579687
vn -1 0 0
vt 0.996081 0.997409
vn -1 0 0
vt 0.940094 0.997409
vn -1 0 0
vt 0.940094 0.579687
vn 0 1 0
vt 0.74784 0.161223
vn 0 1 0
vt 0.74784 0.131512
vn 0 1 0
vt 0.778134 0.131512
vn 0 1 0
vt 0.778134 0.161223
vn 0 0 1
vt 0.996081 0.579687
vn 0 0 1
vt 0.996081 0.997409
vn 0 0 1
vt 0.940094 0.997409
vn 0 0 1
vt 0.940094 0.579687
vn 1 0 0
vt 0.996081 0.579687
vn 1 0 0
vt 0.996081 0.997409
vn 1 0 0
vt 0.940094 0.997409
vn 1 0 0
vt 0.940094 0.579687
vn 0 0 -1
vt 0.996081 0.579687
vn 0 0 -1
vt 0.996081 0.997409
vn 0 0 -1
vt 0.940094 0.997409
vn 0 0 -1
vt 0.940094 0.579687
vn -1 0 0
vt 0.996081 0.579687
vn -1 0 0
vt 0.996081 0.997409
vn -1 0 0
vt 0.940094 0.997409
vn -1 0 0
vt 0.940094 0.579687
vn 0 1 0
vt 0.74784 0.161223
vn 0 1 0
vt 0.74784 0.131512
vn 0 1 0
vt 0.778134 0.131512
vn 0 1 0
vt 0.778134 0.161223
vn 0 0 1
vt 0.996081 0.579687
vn 0 0 1
vt 0.996081 0.997409
vn 0 0 1
vt 0.940094 0.997409
vn 0 0 1
vt 0.940094 0.579687
vn 1 0 0
vt 0.996081 0.579687
vn 1 0 0
vt 0.996081 0.997409
vn 1 0 0
vt 0.940094 0.997409
vn 1 0 0
vt 0.940094 0.579687
vn 0 0 -1
vt 0.996081 0.579687
vn 0 0 -1
vt 0.996081 0.997409
vn 0 0 -1
vt 0.940094 0.997409
vn 0 0 -1
vt 0.940094 0.579687
vn -1 0 0
vt 0.996081 0.579687
vn -1 0 0
vt 0.996081 0.997409
vn -1 0 0
vt 0.940094 0.997409
vn -1 0 0
vt 0.940094 0.579687
vn 0 1 0
vt 0.74784 0.161223
vn 0 1 0
vt 0.74784 0.131512
vn 0 1 0
vt 0.778134 0.131512
vn 0 1 0
vt 0.778134 0.161223
vn 0 0 1
vt 0.996081 0.579687
vn 0 0 1
vt 0.996081 0.997409
vn 0 0 1
vt 0.940094 0.997409
vn 0 0 1
vt 0.940094 0.579687
vn 1 0 0
vt 0.996081 0.579687
vn 1 0 0
vt 0.996081 0.997409
vn 1 0 0
vt 0.940094 0.997409
vn 1 0 0
vt 0.940094 0.579687
vn 0 0 -1
vt 0.996081 0.579687
vn 0 0 -1
vt 0.996081 0.997409
vn 0 0 -1
vt 0.940094 0.997409
vn 0 0 -1
vt 0.940094 0.579687
vn -1 0 0
vt 0.996081 0.579687
vn -1 0 0
vt 0.996081 0.997409
vn -1 0 0
vt 0.940094 0.997409
vn -1 0 0
vt 0.940094 0.579687
vn 0 1 0
vt 0.74784 0.161223
vn 0 1 0
vt 0.74784 0.131512
vn 0 1 0
vt 0.778134 0.131512
vn 0 1 0
vt 0.778134 0.161223
vn 0 3.5289e-05 1
vt 0.996081 0.579687
vn 0 3.5289e-05 1
vt 0.996081 0.997409
vn 0 3.5289e-05 1
vt 0.940094 0.997409
vn 0 3.5289e-05 1
vt 0.940094 0.579687
vn 1 0 0
vt 0.996081 0.579687
vn 1 0 0
vt 0.996081 0.997409
vn 1 0 0
vt 0.940094 0.997409
vn 1 0 0
vt 0.940094 0.579687
vn 0 0 -1
vt 0.996081 0.579687
vn 0 0 -1
vt 0.996081 0.997409
vn 0 0 -1
vt 0.940094 0.997409
vn 0 0 -1
vt 0.940094 0.579687
vn -1 0 0
vt 0.996081 0.579687
vn -1 0 0
vt 0.996081 0.997409
vn -1 0 0
vt 0.940094 0.997409
vn -1 0 0
vt 0.940094 0.579687
vn 0 1 0
vt 0.74784 0.161223
vn 0 1 0
vt 0.74784 0.131512
vn 0 1 0
vt 0.778134 0.131512
vn 0 1 0
vt 0.778134 0.161223
vn 0 0 1
vt 0.996081 0.579687
vn 0 0 1
vt 0.996081 0.997409
vn 0 0 1
vt 0.940094 0.997409
vn 0 0 1
vt 0.940094 0.579687
vn 1 0 0
vt 0.996081 0.579687
vn 1 0 0
vt 0.996081 0.997409
vn 1 0 0
vt 0.940094 0.997409
vn 1 0 0
vt 0.940094 0.579687
vn 0 0 -1
vt 0.996081 0.579687
vn 0 0 -1
vt 0.996081 0.997409
vn 0 0 -1
vt 0.940094 0.997409
vn 0 0 -1
vt 0.940094 0.579687
vn -1 0 0
vt 0.996081 0.579687
vn -1 0 0
vt 0.996081 0.997409
vn -1 0 0
vt 0.940094 0.997409
vn -1 0 0
vt 0.940094 0.579687
vn 0 1 0
vt 0.74784 0.161223
vn 0 1 0
vt 0.74784 0.131512
vn 0 1 0
vt 0.778134 0.131512
vn 0 1 0
vt 0.778134 0.161223
vn 0 0 1
vt 0.996081 0.579687
vn 0 0 1
vt 0.996081 0.997409
vn 0 0 1
vt 0.940094 0.997409
vn 0 0 1
vt 0.940094 0.579687
vn 1 0 0
vt 0.996081 0.579687
vn 1 0 0
vt 0.996081 0.997409
vn 1 0 0
vt 0.940094 0.997409
vn 1 0 0
vt 0.940094 0.579687
vn 0 0 -1
vt 0.996081 0.579687
vn 0 0 -1
vt 0.996081 0.997409
vn 0 0 -1
vt 0.940094 0.997409
vn 0 0 -1
vt 0.940094 0.579687
vn -1 0 0
vt 0.996081 0.579687
vn -1 0 0
vt 0.996081 0.997409
vn -1 0 0
vt 0.940094 0.997409
vn -1 0 0
vt 0.940094 0.579687
vn 0 1 0
vt 0.74784 0.161223
vn 0 1 0
vt 0.74784 0.131512
vn 0 1 0
vt 0.778134 0.131512
vn 0 1 0
vt 0.778134 0.161223
vn 0 0 1
vt 0.996081 0.579687
vn 0 0 1
vt 0.996081 0.997409
vn 0 0 1
vt 0.940094 0.997409
vn 0 0 1
vt 0.940094 0.579687
vn 1 0 0
vt 0.996081 0.579687
vn 1 0 0
vt 0.996081 0.997409
vn 1 0 0
vt 0.940094 0.997409
vn 1 0 0
vt 0.940094 0.579687
vn 0 0 -1
vt 0.996081 0.579687
vn 0 0 -1
vt 0.996081 0.997409
vn 0 0 -1
vt 0.940094 0.997409
vn 0 0 -1
vt 0.940094 0.579687
vn -1 0 0
vt 0.996081 0.579687
vn -1 0 0
vt 0.996081 0.997409
vn -1 0 0
vt 0.940094 0.997409
vn -1 0 0
vt 0.940094 0.579687
vn 0 1 0
vt 0.74784 0.161223
vn 0 1 0
vt 0.74784 0.131512
vn 0 1 0
vt 0.778134 0.131512
vn 0 1 0
vt 0.778134 0.161223
vn 0 0 1
vt 0.996081 0.579687
vn 0 0 1
vt 0.996081 0.997409
vn 0 0 1
vt 0.940094 0.997409
vn 0 0 1
vt 0.940094 0.579687
vn 1 0 0
vt 0.996081 0.579687
vn 1 0 0
vt 0.996081 0.997409
vn 1 0 0
vt 0.940094 0.997409
vn 1 0 0
vt 0.940094 0.579687
vn 0 0 -1
vt 0.996081 0.579687
vn 0 0 -1
vt 0.996081 0.997409
vn 0 0 -1
vt 0.940094 0.997409
vn 0 0 -1
vt 0.940094 0.579687
vn -1 0 0
vt 0.996081 0.579687
vn -1 0 0
vt 0.996081 0.997409
vn -1 0 0
vt 0.940094 0.997409
vn -1 0 0
vt 0.940094 0.579687
vn 0 1 0
vt 0.74784 0.161223
vn 0 1 0
vt 0.74784 0.131512
vn 0 1 0
vt 0.778134 0.131512
vn 0 1 0
vt 0.778134 0.161223
vn 0 0 1
vt 0.996081 0.579687
vn 0 0 1
vt 0.996081 0.997409
vn 0 0 1
vt 0.940094 0.997409
vn 0 0 1
vt 0.940094 0.579687
vn 1 0 0
vt 0.996081 0.579687
vn 1 0 0
vt 0.996081 0.997409
vn 1 0 0
vt 0.940094 0.997409
vn 1 0 0
vt 0.940094 0.579687
vn 0 0 -1
vt 0.996081 0.579687
vn 0 0 -1
vt 0.996081 0.997409
vn 0 0 -1
vt 0.940094 0.997409
vn 0 0 -1
vt 0.940094 0.579687
vn -1 0 0
vt 0.996081 0.579687
vn -1 0 0
vt 0.996081 0.997409
vn -1 0 0
vt 0.940094 0.997409
vn -1 0 0
vt 0.940094 0.579687
vn 0 1 0
vt 0.74784 0.161223
vn 0 1 0
vt 0.74784 0.131512
vn 0 1 0
vt 0.778134 0.131512
vn 0 1 0
vt 0.778134 0.161223
vn 0 0 1
vt 0.996081 0.579687
vn 0 0 1
vt 0.996081 0.997409
vn 0 0 1
vt 0.940094 0.997409
vn 0 0 1
vt 0.940094 0.579687
vn 1 0 0
vt 0.996081 0.579687
vn 1 0 0
vt 0.996081 0.997409
vn 1 0 0
vt 0.940094 0.997409
vn 1 0 0
vt 0.940094 0.579687
vn 0 0 -1
vt 0.996081 0.579687
vn 0 0 -1
vt 0.996081 0.997409
vn 0 0 -1
vt 0.940094 0.997409
vn 0 0 -1
vt 0.940094 0.579687
vn -1 0 0
vt 0.996081 0.579687
vn -1 0 0
vt 0.996081 0.997409
vn -1 0 0
vt 0.940094 0.997409
vn -1 0 0
vt 0.940094 0.579687
vn 0 1 0
vt 0.74784 0.161223
vn 0 1 0
vt 0.74784 0.131512
vn 0 1 0
vt 0.778134 0.131512
vn 0 1 0
vt 0.778134 0.161223
vn 0 0 1
vt 0.996081 0.579687
vn 0 0 1
vt 0.996081 0.997409
vn 0 0 1
vt 0.940094 0.997409
vn 0 0 1
vt 0.940094 0.579687
vn 1 0 0
vt 0.996081 0.579687
vn 1 0 0
vt 0.996081 0.997409
vn 1 0 0
vt 0.940094 0.997409
vn 1 0 0
vt 0.940094 0.579687
vn 0 0 -1
vt 0.996081 0.579687
vn 0 0 -1
vt 0.996081 0.997409
vn 0 0 -1
vt 0.940094 0.997409
vn 0 0 -1
vt 0.940094 0.579687
vn -1 0 0
vt 0.996081 0.579687
vn -1 0 0
vt 0.996081 0.997409
vn -1 0 0
vt 0.940094 0.997409
vn -1 0 0
vt 0.940094 0.579687
vn 0 1 0
vt 0.996081 0.579687
vn 0.991237 0.132092 0
vt 0.996081 0.997409
vn -0.991237 0.132092 0
vt 0.940094 0.997409
vn 0 1 0
vt 0.940094 0.579687
vn 0 0 1
vt 0.996081 0.579687
vn 0 0 1
vt 0.996081 0.997409
vn 0 0 1
vt 0.940094 0.997409
vn 0 0 1
vt 0.940094 0.579687
vn 1 0 0
vt 0.996081 0.579687
vn 1 0 0
vt 0.940094 0.997409
vn 1 0 0
vt 0.940094 0.579687
vn 0 0 -1
vt 0.996081 0.579687
vn 0 0 -1
vt 0.996081 0.997409
vn 0 0 -1
vt 0.940094 0.997409
vn 0 0 -1
vt 0.940094 0.579687
vn -1 0 0
vt 0.996081 0.579687
vn -1 0 0
vt 0.996081 0.997409
vn -1 0 0
vt 0.940094 0.579687
vn 0 1 0
vt 0.74784 0.161223
vn 0 1 0
vt 0.74784 0.131512
vn 0 1 0
vt 0.778134 0.131512
vn 0 1 0
vt 0.778134 0.161223
vn 0 0 1
vt 0.996081 0.579687
vn 0 0 1
vt 0.996081 0.997409
vn 0 0 1
vt 0.940094 0.997409
vn 0 0 1
vt 0.940094 0.579687
vn 1 0 0
vt 0.996081 0.579687
vn 1 0 0
vt 0.996081 0.997409
vn 1 0 0
vt 0.940094 0.997409
vn 1 0 0
vt 0.940094 0.579687
vn 0 -3.68473e-06 -1
vt 0.996081 0.579687
vn 0 -3.68473e-06 -1
vt 0.996081 0.997409
vn 0 -3.68473e-06 -1
vt 0.940094 0.997409
vn 0 -3.68473e-06 -1
vt 0.940094 0.579687
vn -1 0 0
vt 0.996081 0.579687
vn -1 0 0
vt 0.996081 0.997409
vn -1 0 0
vt 0.940094 0.997409
vn -1 0 0
vt 0.940094 0.579687
vn 0 1 0
vt 0.74784 0.161223
vn 0 1 0
vt 0.74784 0.131512
vn 0 1 0
vt 0.778134 0.131512
vn 0 1 0
vt 0.778134 0.161223
vn 0 -3.68473e-06 1
vt 0.996081 0.579687
vn 0 -3.68473e-06 1
vt 0.996081 0.997409
vn 0 -3.68473e-06 1
vt 0.940094 0.997409
vn 0 -3.68473e-06 1
vt 0.940094 0.579687
vn 1 0 0
vt 0.996081 0.579687
vn 1 0 0
vt 0.996081 0.997409
vn 1 0 0
vt 0.940094 0.997409
vn 1 0 0
vt 0.940094 0.579687
vn 0 0 -1
vt 0.996081 0.579687
vn 0 0 -1
vt 0.996081 0.997409
vn 0 0 -1
vt 0.940094 0.997409
vn 0 0 -1
vt 0.940094 0.579687
vn -1 0 0
vt 0.996081 0.579687
vn -1 0 0
vt 0.996081 0.997409
vn -1 0 0
vt 0.940094 0.997409
vn -1 0 0
vt 0.940094 0.579687
vn 0 1 0
vt 0.74784 0.161223
vn 0 1 0
vt 0.74784 0.131512
vn 0 1 0
vt 0.778134 0.131512
vn 0 1 0
vt 0.778134 0.161223
vn 0 0 1
vt 0.996081 0.579687
vn 0 0 1
vt 0.996081 0.997409
vn 0 0 1
vt 0.940094 0.997409
vn 0 0 1
vt 0.940094 0.579687
vn 1 0 0
vt 0.996081 0.579687
vn 1 0 0
vt 0.996081 0.997409
vn 1 0 0
vt 0.940094 0.997409
vn 1 0 0
vt 0.940094 0.579687
vn 0 0 -1
vt 0.996081 0.579687
vn 0 0 -1
vt 0.996081 0.997409
vn 0 0 -1
vt 0.940094 0.997409
vn 0 0 -1
vt 0.940094 0.579687
vn -1 0 0
vt 0.996081 0.579687
vn -1 0 0
vt 0.996081 0.997409
vn -1 0 0
vt 0.940094 0.997409
vn -1 0 0
vt 0.940094 0.579687
vn 0 1 0
vt 0.74784 0.161223
vn 0 1 0
vt 0.74784 0.131512
vn 0 1 0
vt 0.778134 0.131512
vn 0 1 0
vt 0.778134 0.161223
vn 0 0 1
vt 0.996081 0.579687
vn 0 0 1
vt 0.996081 0.997409
vn 0 0 1
vt 0.940094 0.997409
vn 0 0 1
vt 0.940094 0.579687
vn 1 0 0
vt 0.996081 0.579687
vn 1 0 0
vt 0.996081 0.997409
vn 1 0 0
vt 0.940094 0.997409
vn 1 0 0
vt 0.940094 0.579687
vn 0 0 -1
vt 0.996081 0.579687
vn 0 0 -1
vt 0.996081 0.997409
vn 0 0 -1
vt 0.940094 0.997409
vn 0 0 -1
vt 0.940094 0.579687
vn -1 0 0
vt 0.996081 0.579687
vn -1 0 0
vt 0.996081 0.997409
vn -1 0 0
vt 0.940094 0.997409
vn -1 0 0
vt 0.940094 0.579687
vn 0 1 0
vt 0.74784 0.161223
vn 0 1 0
vt 0.74784 0.131512
vn 0 1 0
vt 0.778134 0.131512
vn 0 1 0
vt 0.778134 0.161223
vn 0 0 1
vt 0.996081 0.579687
vn 0 0 1
vt 0.996081 0.997409
vn 0 0 1
vt 0.940094 0.997409
vn 0 0 1
vt 0.940094 0.579687
vn 1 0 0
vt 0.996081 0.579687
vn 1 0 0
vt 0.996081 0.997409
vn 1 0 0
vt 0.940094 0.997409
vn 1 0 0
vt 0.940094 0.579687
vn 0 -3.68473e-06 -1
vt 0.996081 0.579687
vn 0 -3.68473e-06 -1
vt 0.996081 0.997409
vn 0 -3.68473e-06 -1
vt 0.940094 0.997409
vn 0 -3.68473e-06 -1
vt 0.940094 0.579687
vn -1 0 0
vt 0.996081 0.579687
vn -1 0 0
vt 0.996081 0.997409
vn -1 0 0
vt 0.940094 0.997409
vn -1 0 0
vt 0.940094 0.579687
vn -1 1.33401e-10 3.65965e-05
vt 0.783827 0.318139
vn -1 0 0
vt 0.646676 0.318139
vn -1 0 0
vt 0.646676 0.163363
vn -1 3.66157e-05 3.64321e-05
vt 0.783827 0.163363
vn -0.387879 3.35974e-06 0.92171
vt 0.646676 0.163363
vn -0.859744 1.86169e-06 0.510726
vt 0.646676 0.318139
vn 1.33723e-06 3.64511e-06 1
vt 0.783827 0.318139
vn 1.33718e-06 3.64504e-06 1
vt 0.783827 0.163363
vn 0.999999 5.41309e-05 0.00172103
vt 0.783827 0.163363
vn 0.999999 0.000182088 0.00160473
vt 0.783827 0.318139
vn -0.000792363 4.44094e-06 1
vt 0.783827 0.163363
vn -0.000790034 7.29036e-06 1
vt 0.783827 0.318139
vn -0.000792363 4.44094e-06 1
vt 0.646676 0.318139
vn -0.000794693 1.5911e-06 1
vt 0.646676 0.163363
vn 1 0 0
vt 0.783827 0.318139
vn 1 0 0
vt 0.646676 0.318139
vn 1 0 0
vt 0.646676 0.163363
vn 1 0 0
vt 0.783827 0.163363
vn 0 1 0
vt 0.299531 0.374672
vn 0 1 0
vt 0.299531 0.561111
vn 0 1 0
vt 0.345744 0.561111
vn 0 1 0
vt 0.345744 0.374672
vn 0 1 0
vt 0.157874 0.561111
vn 0 1 0
vt 0.157874 0.374672
vn 0 1 0
vt 0.299531 0.374672
vn 0 1 0
vt 0.299531 0.561111
vn 0 1 0
vt 0.345744 0.561111
vn 0 1 0
vt 0.345744 0.374672
vn 0 1 0
vt 0.000812 0.561111
vn 0 -1 0
vt 0.079426 0.561111
vn 0 1 0
vt 0.157874 0.561111
vn 0 1 0
vt 0.157874 0.374672
vn 0 1 0
vt 0.000812 0.374672
vn 0 1 0
vt 0.157874 0.561111
vn 0 1 0
vt 0.299531 0.374672
vn 0 1 0
vt 0.299531 0.561111
vn 0 1 0
vt 0.157874 0.374672
vn -1 5.46779e-05 5.44039e-05
vt 0.646676 0.318139
vn -1 0.000109355 0
vt 0.646676 0.163363
vn 1 0 0
vt 0.646676 0.318139
vn 1 0 0
vt 0.646676 0.163363
vn 0 1 0
vt 0.345744 0.374672
vn 0 1 0
vt 0.299531 0.374672
vn 0 1 0
vt 0.157874 0.374672
vn 0 1 0
vt 0.345744 0.374672
vn 0 1 0
vt 0.299531 0.374672
vn 0 1 0
vt 0.299531 0.374672
vn 0 1 0
vt 0.157874 0.374672
vn 0 1 0
vt 0.000812 0.561111
vn 0 1 0
vt 0.157874 0.561111
vn 0 1 0
vt 0.485835 0.561111
vn 0 1 0
vt 0.485837 0.423366
vn 0 1 0
vt 0.345744 0.423366
vn 0 1 0
vt 0.345744 0.561111
vn 0 1 0
vt 0.485835 0.561111
vn 0 1 0
vt 0.485837 0.423366
vn 0 1 0
vt 0.345744 0.423366
vn 0 1 0
vt 0.345744 0.561111
vn 0 1 0
vt 0.485837 0.423366
vn 0 1 0
vt 0.345744 0.423366
vn 0 1 0
vt 0.345744 0.561111
vn 0 1 0
vt 0.485835 0.561111
vn 0 1 0
vt 0.485837 0.423366
vn 0 1 0
vt 0.345744 0.423366
vn 0 1 0
vt 0.345744 0.561111
vn 0 1 0
vt 0.485835 0.561111
vn 0 1 0
vt 0.485837 0.423366
vn 0 1 0
vt 0.345744 0.423366
vn 0 1 0
vt 0.345744 0.561111
vn 0 1 0
vt 0.485835 0.561111
vn 0 1 0
vt 0.485837 0.423366
vn 0 1 0
vt 0.345744 0.423366
vn 0 1 0
vt 0.345744 0.561111
vn 0 1 0
vt 0.485835 0.561111
vn 0 1 0
vt 0.345744 0.423366
vn 0 1 0
vt 0.345744 0.561111
vn 0 1 0
vt 0.485837 0.423366
vn 0 1 0
vt 0.345744 0.423366
vn 0 1 0
vt 0.345744 0.561111
vn 0 1 0
vt 0.485835 0.561111
vn 0 1 0
vt 0.485835 0.561111
vn 0 1 0
vt 0.345744 0.423366
vn 0 1 0
vt 0.345744 0.561111
vn 0 1 0
vt 0.485835 0.561111
vn 0 1 0
vt 0.345744 0.423366
vn 0 1 0
vt 0.345744 0.561111
vn 0 1 0
vt 0.485835 0.561111
vn 0 1 0
vt 0.485837 0.423366
vn 0 1 0
vt 0.345744 0.423366
vn 0 1 0
vt 0.345744 0.561111
vn 0 1 0
vt 0.485835 0.561111
vn 0 1 0
vt 0.345744 0.423366
vn 0 1 0
vt 0.485835 0.561111
vn 0 1 0
vt 0.345744 0.561111
vn 0 1 0
vt 0.485835 0.561111
vn 0 1 0
vt 0.345744 0.423366
vn 0 1 0
vt 0.345744 0.561111
vn 0 1 0
vt 0.485835 0.561111
vn 0 1 0
vt 0.485835 0.561111
vn 0 1 0
vt 0.345744 0.423366
vn 0 1 0
vt 0.345744 0.561111
vn 0 1 0
vt 0.345744 0.423366
vn 0 1 0
vt 0.485837 0.423366
vn 0 1 0
vt 0.485835 0.561111
vn 0 1 0
vt 0.345744 0.561111
vn 0 1 0
vt 0.345744 0.423366
vn 0 1 0
vt 0.485837 0.423366
vn 0 1 0
vt 0.485835 0.561111
vn 0 1 0
vt 0.345744 0.561111
vn 0 1 0
vt 0.345744 0.423366
vn 0 1 0
vt 0.485837 0.423366
vn 0 1 0
vt 0.345744 0.561111
vn 0 1 0
vt 0.345744 0.423366
vn 0 1 0
vt 0.485837 0.423366
vn 0 1 0
vt 0.485835 0.561111
vn 0 1 0
vt 0.345744 0.561111
vn 0 1 0
vt 0.345744 0.423366
vn 0 1 0
vt 0.485837 0.423366
vn 0 1 0
vt 0.485835 0.561111
vn 0 1 0
vt 0.345744 0.561111
vn 0 1 0
vt 0.345744 0.423366
vn 0 1 0
vt 0.485837 0.423366
vn 0 1 0
vt 0.485835 0.561111
vn 0 1 0
vt 0.345744 0.561111
vn 0 1 0
vt 0.345744 0.423366
vn 0 1 0
vt 0.485835 0.561111
vn 0 1 0
vt 0.345744 0.561111
vn 0 1 0
vt 0.345744 0.561111
vn 0 1 0
vt 0.345744 0.423366
vn 0 1 0
vt 0.485837 0.423366
vn 0 1 0
vt 0.485835 0.561111
vn 0 1 0
vt 0.345744 0.423366
vn 0 1 0
vt 0.485835 0.561111
vn 0 1 0
vt 0.345744 0.561111
vn 0 1 0
vt 0.345744 0.423366
vn 0 1 0
vt 0.485835 0.561111
vn 0 1 0
vt 0.345744 0.561111
vn 0 1 0
vt 0.345744 0.423366
vn 0 1 0
vt 0.485837 0.423366
vn 0 1 0
vt 0.485835 0.561111
vn 0 1 0
vt 0.345744 0.561111
vn 0 1 0
vt 0.345744 0.423366
vn 0 1 0
vt 0.485835 0.561111
vn 0 1 0
vt 0.485835 0.561111
vn 0 1 0
vt 0.345744 0.561111
vn 0 1 0
vt 0.345744 0.423366
vn 0 1 0
vt 0.485835 0.561111
vn 0 1 0
vt 0.345744 0.561111
vn 0 1 0
vt 0.485835 0.561111
vn 0 1 0
vt 0.345744 0.423366
vn 0 1 0
vt 0.485835 0.561111
vn 0 1 0
vt 0.345744 0.561111
vn -2.03707e-05 1 0
vt 0.787617 0.161372
vn -2.03707e-05 1 0
vt 0.569547 0.161373
vn -6.0621e-06 0.0520898 0.998642
vt 0.787617 0.131587
vn -3.22163e-06 -1.04553e-05 1
vt 0.787617 0.00235301
vn 3.1798e-06 0.000359246 -1
vt 0.787617 0.00235301
vn 3.54949e-06 0.000358679 -1
vt 0.787617 0.131587
vn 4.38019e-06 0.000359436 -1
vt 0.569547 0.131587
vn 4.23988e-06 0.000361686 -1
vt 0.569547 0.00235301
vn 4.95571e-06 0.000362623 -1
vt 0.787617 0.131587
vn 3.12491e-06 0.000365436 -1
vt 0.787617 0.00235301
vn 0 1 2.83604e-05
vt 0.787617 0.131587
vn 0 1 2.83604e-05
vt 0.787617 0.161373
vn 0 1 2.83604e-05
vt 0.569547 0.161374
vn 0 1 2.83604e-05
vt 0.569547 0.131587
vn 0.997596 0.0692962 1.7525e-05
vt 0.569547 0.131587
vn 1 0 0
vt 0.787617 0.131587
vn 1 0 0
vt 0.787617 0.00235301
vn 1 -1.72408e-05 1.55882e-05
vt 0.569547 0.00235301
vn 0 1 2.83601e-05
vt 0.787617 0.161372
vn 0 1 2.83601e-05
vt 0.569547 0.161373
vn 0.998642 0.0520923 2.48349e-05
vt 0.787617 0.131587
vn 1 -5.17784e-05 -8.53116e-08
vt 0.787617 0.00235301
vn -1 0.000364458 3.04531e-07
vt 0.787617 0.00235301
vn -1 0.000364134 1.0327e-08
vt 0.787617 0.131587
vn -1 0.000364567 2.06521e-07
vt 0.569547 0.131587
vn -1 0.000365001 4.03778e-07
vt 0.569547 0.00235301
vn -1 0.000365109 3.05936e-07
vt 0.787617 0.131587
vn -1 0.000365436 6.02103e-07
vt 0.787617 0.00235301
vn 0 1 2.11995e-05
vt 0.787617 0.131587
vn 0 1 2.11995e-05
vt 0.787617 0.161373
vn 0 1 2.11995e-05
vt 0.569547 0.161374
vn 0 1 2.11995e-05
vt 0.569547 0.131587
vn 0.997595 0.0693135 2.51999e-05
vt 0.569547 0.131587
vn 1 -1.85446e-08 3.5669e-05
vt 0.787617 0.131587
vn 1 -1.39221e-08 3.56721e-05
vt 0.787617 0.00235301
vn 1 -3.09847e-09 1.18981e-05
vt 0.569547 0.00235301
vn 0 1 2.11993e-05
vt 0.787617 0.161372
vn 0 1 2.11993e-05
vt 0.569547 0.161373
vn 0.998641 0.0521184 1.10488e-06
vt 0.787617 0.131587
vn 1 0 0
vt 0.787617 0.00235301
vn -1 0.000364458 2.2764e-07
vt 0.787617 0.00235301
vn -1 0.000364134 7.71946e-09
vt 0.787617 0.131587
vn -1 0.000364566 1.54377e-07
vt 0.569547 0.131587
vn -1 0.000365001 3.0183e-07
vt 0.569547 0.00235301
vn -1 0.000365109 2.2869e-07
vt 0.787617 0.131587
vn -1 0.000365436 4.50082e-07
vt 0.787617 0.00235301
vn 0 0.905644 0.424039
vt 0.787617 0.131587
vn 0 0.905644 0.424039
vt 0.569547 0.131587
vn 0 0.905644 0.424039
vt 0.569547 0.16153
vn 0 0.905644 0.424039
vt 0.787617 0.16153
vn -1 0 0
vt 0.620972 0.00235301
vn -1 0 0
vt 0.620972 0.131587
vn -1 0 0
vt 0.787617 0.131587
vn -1 0 0
vt 0.787617 0.00235301
vn 0 0.905644 0.424039
vt 0.569547 0.131587
vn 0 0.905644 0.424039
vt 0.787617 0.131587
vn 0 0.905644 0.424039
vt 0.787617 0.16153
vn 0 0.905644 0.424039
vt 0.569547 0.16153
vn 0 0.905644 0.424039
vt 0.569547 0.131587
vn 0 0.905644 0.424039
vt 0.569547 0.16153
vn 0 0.905644 0.424039
vt 0.569547 0.16153
vn 0 0.905644 0.424039
vt 0.787617 0.16153
vn 0 0.905644 0.424039
vt 0.787617 0.131587
vn 0 0.905644 0.424039
vt 0.569547 0.131587
vn -1 0 0
vt 0.787617 0.00235301
vn -1 0 0
vt 0.787617 0.131587
vn -1 0 0
vt 0.620972 0.131587
vn -1 0 0
vt 0.620972 0.00235301
vn -1 0 0
vt 0.787617 0.131587
vn -1 0 0
vt 0.787617 0.00235301
vn -1 0 0
vt 0.787617 0.131587
vn -1 0 0
vt 0.787617 0.00235301
vn -1 0 0
vt 0.620972 0.00235301
vn -1 0 0
vt 0.620972 0.131587
vn 0.999998 0.00183353 0.000864411
vt 0.787617 0.131587
vn 0.999998 0.00181744 0.000856831
vt 0.620972 0.131587
vn 0.999998 0.00182814 0.000867776
vt 0.620972 0.00235301
vn 0.999998 0.00184441 0.000875497
vt 0.787617 0.00235301
vn 0.999998 0.00175261 0.00086393
vt 0.620972 0.131587
vn 0.999998 0.00168011 0.000786659
vt 0.787617 0.131587
vn 0.999998 0.00173389 0.000876134
vt 0.787617 0.00235301
vn 0.999998 0.00179644 0.000891321
vt 0.620972 0.00235301
vn 0.999998 0.00180165 0.000849367
vt 0.787617 0.131587
vn 0.999998 0.00181214 0.000860168
vt 0.787617 0.00235301
vn 0.999998 0.00186097 0.000883359
vt 0.620972 0.00235301
vn 0.999998 0.00187219 0.000894728
vt 0.787617 0.00235301
vn 0.999998 0.00186376 0.000881673
vt 0.787617 0.131587
vn 0.999998 0.0018499 0.000872127
vt 0.620972 0.131587
vn 0 0.905644 0.424039
vt 0.787617 0.131587
vn 0 0.905644 0.424039
vt 0.569547 0.131587
vn 0 0.905644 0.424039
vt 0.569547 0.16153
vn 0 0.905644 0.424039
vt 0.787617 0.16153
vn -1 0 0
vt 0.620972 0.00235301
vn -1 0 0
vt 0.620972 0.131587
vn -1 0 0
vt 0.787617 0.131587
vn -1 0 0
vt 0.787617 0.00235301
vn 0 0.905644 0.424039
vt 0.569547 0.131587
vn 0 0.905644 0.424039
vt 0.787617 0.131587
vn 0 0.905644 0.424039
vt 0.787617 0.16153
vn 0 0.905644 0.424039
vt 0.569547 0.16153
vn 0 0.905644 0.424039
vt 0.569547 0.131587
vn 0 0.905644 0.424039
vt 0.569547 0.16153
vn 0 0.905644 0.424039
vt 0.569547 0.16153
vn 0 0.905644 0.424039
vt 0.787617 0.16153
vn 0 0.905644 0.424039
vt 0.787617 0.131587
vn 0 0.905644 0.424039
vt 0.569547 0.131587
vn -1 0 0
vt 0.787617 0.00235301
vn -1 0 0
vt 0.787617 0.131587
vn -1 0 0
vt 0.620972 0.131587
vn -1 0 0
vt 0.620972 0.00235301
vn -1 0 0
vt 0.787617 0.131587
vn -1 0 0
vt 0.787617 0.00235301
vn -1 0 0
vt 0.787617 0.131587
vn -1 0 0
vt 0.787617 0.00235301
vn -1 0 0
vt 0.620972 0.00235301
vn -1 0 0
vt 0.620972 0.131587
vn 0.999998 0.00188267 0.000887581
vt 0.787617 0.131587
vn 0.999998 0.00186616 0.000879798
vt 0.620972 0.131587
vn 0.999998 0.00187714 0.000891035
vt 0.620972 0.00235301
vn 0.999998 0.00189385 0.000898963
vt 0.787617 0.00235301
vn 0.999998 0.00179959 0.000887087
vt 0.620972 0.131587
vn 0.999998 0.00172515 0.000807745
vt 0.787617 0.131587
vn 0.999998 0.00178036 0.000899618
vt 0.787617 0.00235301
vn 0.999998 0.00184459 0.000915212
vt 0.620972 0.00235301
vn 0.999998 0.00184994 0.000872134
vt 0.787617 0.131587
vn 0.999998 0.00186072 0.000883224
vt 0.787617 0.00235301
vn 0.999998 0.00191085 0.000907036
vt 0.620972 0.00235301
vn 0.999998 0.00192237 0.000918711
vt 0.787617 0.00235301
vn 0.999998 0.00191372 0.000905305
vt 0.787617 0.131587
vn 0.999998 0.00189948 0.000895503
vt 0.620972 0.131587
vn 0 0.905644 0.424039
vt 0.787617 0.131587
vn 0 0.905644 0.424039
vt 0.569547 0.131587
vn 0 0.905644 0.424039
vt 0.569547 0.16153
vn 0 0.905644 0.424039
vt 0.787617 0.16153
vn -1 0 0
vt 0.620972 0.00235301
vn -1 0 0
vt 0.620972 0.131587
vn -1 0 0
vt 0.787617 0.131587
vn -1 0 0
vt 0.787617 0.00235301
vn 0 0.905644 0.424039
vt 0.569547 0.131587
vn 0 0.905644 0.424039
vt 0.787617 0.131587
vn 0 0.905644 0.424039
vt 0.787617 0.16153
vn 0 0.905644 0.424039
vt 0.569547 0.16153
vn 0 0.905644 0.424039
vt 0.569547 0.131587
vn 0 0.905644 0.424039
vt 0.569547 0.16153
vn 0 0.905644 0.424039
vt 0.569547 0.16153
vn 0 0.905644 0.424039
vt 0.787617 0.16153
vn 0 0.905644 0.424039
vt 0.787617 0.131587
vn 0 0.905644 0.424039
vt 0.569547 0.131587
vn -1 0 0
vt 0.787617 0.00235301
vn -1 0 0
vt 0.787617 0.131587
vn -1 0 0
vt 0.620972 0.131587
vn -1 0 0
vt 0.620972 0.00235301
vn -1 0 0
vt 0.787617 0.131587
vn -1 0 0
vt 0.787617 0.00235301
vn -1 0 0
vt 0.787617 0.131587
vn -1 0 0
vt 0.787617 0.00235301
vn -1 0 0
vt 0.620972 0.00235301
vn -1 0 0
vt 0.620972 0.131587
vn 0.999998 0.00184579 0.000870193
vt 0.787617 0.131587
vn 0.999998 0.00182962 0.000862554
vt 0.620972 0.131587
vn 0.999998 0.00184036 0.000873564
vt 0.620972 0.00235301
vn 0.999998 0.00185675 0.000881353
vt 0.787617 0.00235301
vn 0.999998 0.00176434 0.000869709
vt 0.620972 0.131587
vn 0.999998 0.00169135 0.000791921
vt 0.787617 0.131587
vn 0.999998 0.00174549 0.000881994
vt 0.787617 0.00235301
vn 0.999998 0.00180847 0.000897307
vt 0.620972 0.00235301
vn 0.999998 0.00181373 0.000855078
vt 0.787617 0.131587
vn 0.999998 0.00182429 0.000865935
vt 0.787617 0.00235301
vn 0.999998 0.00187342 0.000889267
vt 0.620972 0.00235301
vn 0.999998 0.00188471 0.000900713
vt 0.787617 0.00235301
vn 0.999998 0.00187623 0.00088757
vt 0.787617 0.131587
vn 0.999998 0.00186227 0.00087796
vt 0.620972 0.131587
vn 0 0.905644 0.424039
vt 0.787617 0.131587
vn 0 0.905644 0.424039
vt 0.569547 0.131587
vn 0 0.905644 0.424039
vt 0.569547 0.16153
vn 0 0.905644 0.424039
vt 0.787617 0.16153
vn -1 0 0
vt 0.620972 0.00235301
vn -1 0 0
vt 0.620972 0.131587
vn -1 -2.15636e-09 -1.08336e-05
vt 0.787617 0.131587
vn -1 9.97958e-06 -6.12856e-06
vt 0.787617 0.00235301
vn 0 0.905644 0.424039
vt 0.569547 0.131587
vn 0 0.905644 0.424039
vt 0.787617 0.131587
vn 0 0.905644 0.424039
vt 0.787617 0.16153
vn 0 0.905644 0.424039
vt 0.569547 0.16153
vn 0 0.905644 0.424039
vt 0.569547 0.131587
vn 0 0.905644 0.424039
vt 0.569547 0.16153
vn 0 0.905644 0.424039
vt 0.569547 0.16153
vn 0 0.905644 0.424039
vt 0.787617 0.16153
vn 0 0.905644 0.424039
vt 0.787617 0.131587
vn 0 0.905644 0.424039
vt 0.569547 0.131587
vn -1 0 0
vt 0.787617 0.00235301
vn -1 0 0
vt 0.787617 0.131587
vn -1 0 0
vt 0.620972 0.131587
vn -1 0 0
vt 0.620972 0.00235301
vn -1 0 0
vt 0.787617 0.131587
vn -1 0 0
vt 0.787617 0.00235301
vn -1 1.51216e-05 -9.14424e-06
vt 0.787617 0.131587
vn -1 -2.30919e-08 -3.26109e-05
vt 0.787617 0.00235301
vn -1 2.01379e-05 -1.27414e-06
vt 0.620972 0.00235301
vn -1 2.00216e-05 -1.45786e-06
vt 0.620972 0.131587
vn 0.999998 0.00187299 0.000883013
vt 0.787617 0.131587
vn 0.999998 0.00185657 0.000875262
vt 0.620972 0.131587
vn 0.999998 0.00186748 0.000886434
vt 0.620972 0.00235301
vn 0.999998 0.0018841 0.000894338
vt 0.787617 0.00235301
vn 0.999998 0.00179033 0.000882522
vt 0.620972 0.131587
vn 0.999998 0.00171627 0.000803588
vt 0.787617 0.131587
vn 0.999998 0.0017712 0.000894988
vt 0.787617 0.00235301
vn 0.999998 0.00183511 0.000910527
vt 0.620972 0.00235301
vn 0.999998 0.00184045 0.000867675
vt 0.787617 0.131587
vn 0.999998 0.00185117 0.000878693
vt 0.787617 0.00235301
vn 0.999998 0.00190102 0.000902369
vt 0.620972 0.00235301
vn 0.999998 0.00191248 0.000913983
vt 0.787617 0.00235301
vn 0.999998 0.00190387 0.000900647
vt 0.787617 0.131587
vn 0.999998 0.00188971 0.000890895
vt 0.620972 0.131587
vn 0 0.905644 0.424039
vt 0.787617 0.131587
vn 0 0.905644 0.424039
vt 0.569547 0.131587
vn 0 0.905644 0.424039
vt 0.569547 0.16153
vn 0 0.905644 0.424039
vt 0.787617 0.16153
vn -1 0 0
vt 0.620972 0.00235301
vn -1 0 0
vt 0.620972 0.131587
vn -1 0 0
vt 0.787617 0.131587
vn -1 0 0
vt 0.787617 0.00235301
vn 0 0.905644 0.424039
vt 0.569547 0.131587
vn 0 0.905644 0.424039
vt 0.787617 0.131587
vn 0 0.905644 0.424039
vt 0.787617 0.16153
vn 0 0.905644 0.424039
vt 0.569547 0.16153
vn 0 0.905644 0.424039
vt 0.569547 0.131587
vn 0 0.905644 0.424039
vt 0.569547 0.16153
vn 0 0.905644 0.424039
vt 0.569547 0.16153
vn 0 0.905644 0.424039
vt 0.787617 0.16153
vn 0 0.905644 0.424039
vt 0.787617 0.131587
vn 0 0.905644 0.424039
vt 0.569547 0.131587
vn -1 0 0
vt 0.787617 0.00235301
vn -1 0 0
vt 0.787617 0.131587
vn -1 0 0
vt 0.620972 0.131587
vn -1 0 0
vt 0.620972 0.00235301
vn -1 0 0
vt 0.787617 0.131587
vn -1 0 0
vt 0.787617 0.00235301
vn -1 0 0
vt 0.787617 0.131587
vn -1 0 0
vt 0.787617 0.00235301
vn -1 0 0
vt 0.620972 0.00235301
vn -1 0 0
vt 0.620972 0.131587
vn 0.999998 0.00183353 0.000864411
vt 0.787617 0.131587
vn 0.999998 0.00181746 0.000856822
vt 0.620972 0.131587
vn 0.999998 0.00182814 0.00086776
vt 0.620972 0.00235301
vn 0.999998 0.00184441 0.000875497
vt 0.787617 0.00235301
vn 0.999998 0.00175261 0.00086393
vt 0.620972 0.131587
vn 0.999998 0.00168011 0.000786659
vt 0.787617 0.131587
vn 0.999998 0.00173389 0.000876134
vt 0.787617 0.00235301
vn 0.999998 0.00179645 0.000891345
vt 0.620972 0.00235301
vn 0.999998 0.00180168 0.000849396
vt 0.787617 0.131587
vn 0.999998 0.00181217 0.000860181
vt 0.787617 0.00235301
vn 0.999998 0.00186097 0.000883359
vt 0.620972 0.00235301
vn 0.999998 0.00187219 0.000894728
vt 0.787617 0.00235301
vn 0.999998 0.00186376 0.000881673
vt 0.787617 0.131587
vn 0.999998 0.0018499 0.000872127
vt 0.620972 0.131587
vn 0 1 2.11995e-05
vt 0.787617 0.131587
vn 0 1 2.11995e-05
vt 0.787617 0.161373
vn 0 1 2.11995e-05
vt 0.569547 0.161374
vn 0 1 2.11995e-05
vt 0.569547 0.131587
vn 0.997597 0.0692792 2.49753e-05
vt 0.569547 0.131587
vn 1 -1.83697e-08 3.53325e-05
vt 0.787617 0.131587
vn 1 -1.37907e-08 3.53356e-05
vt 0.787617 0.00235301
vn 1 -3.06924e-09 1.17858e-05
vt 0.569547 0.00235301
vn 0 1 2.11993e-05
vt 0.787617 0.161372
vn 0 1 2.11993e-05
vt 0.569547 0.161373
vn 0.998642 0.0520925 1.10432e-06
vt 0.787617 0.131587
vn 1 0 0
vt 0.787617 0.00235301
vn -1 0.000364472 -3.5108e-05
vt 0.787617 0.00235301
vn -1 0.000364153 -3.53248e-05
vt 0.787617 0.131587
vn -1 0.000364576 -2.34089e-05
vt 0.569547 0.131587
vn -1 0.000365004 -1.1484e-05
vt 0.569547 0.00235301
vn -1 0.000365109 2.2869e-07
vt 0.787617 0.131587
vn -1 0.000365436 4.50082e-07
vt 0.787617 0.00235301
vn -2.03711e-05 1 5.0993e-09
vt 0.787617 0.131587
vn -2.03707e-05 1 0
vt 0.787617 0.161373
vn -2.03711e-05 1 5.0993e-09
vt 0.569547 0.161374
vn -2.03714e-05 1 1.0199e-08
vt 0.569547 0.131587
vn -8.18376e-06 0.0692862 0.997597
vt 0.569547 0.131587
vn -6.79048e-06 -3.18008e-09 1
vt 0.787617 0.131587
vn -5.17256e-06 -2.48457e-06 1
vt 0.787617 0.00235301
vn -5.5985e-06 -8.45471e-06 1
vt 0.569547 0.00235301
vn -2.037e-05 1 0
vt 0.787617 0.161372
vn -2.037e-05 1 0
vt 0.569547 0.161373
vn -7.67506e-06 0.0520898 0.998642
vt 0.787617 0.131587
vn -3.21562e-06 -1.5434e-05 1
vt 0.787617 0.00235301
vn 3.1798e-06 0.000359246 -1
vt 0.787617 0.00235301
vn 3.54949e-06 0.000358679 -1
vt 0.787617 0.131587
vn 4.38014e-06 0.000359436 -1
vt 0.569547 0.131587
vn 4.23983e-06 0.000361686 -1
vt 0.569547 0.00235301
vn 4.95562e-06 0.000362623 -1
vt 0.787617 0.131587
vn 3.12491e-06 0.000365436 -1
vt 0.787617 0.00235301
vn 0 1 2.83604e-05
vt 0.787617 0.131587
vn 0 1 2.83604e-05
vt 0.787617 0.161373
vn 0 1 2.83604e-05
vt 0.569547 0.161374
vn 0 1 2.83604e-05
vt 0.569547 0.131587
vn 0.997597 0.0692784 3.3112e-05
vt 0.569547 0.131587
vn 1 -1.656e-08 4.68171e-05
vt 0.787617 0.131587
vn 1 -1.2432e-08 4.68209e-05
vt 0.787617 0.00235301
vn 1 -2.76684e-09 1.56166e-05
vt 0.569547 0.00235301
vn 0 1 2.83601e-05
vt 0.787617 0.161372
vn 0 1 2.83601e-05
vt 0.569547 0.161373
vn 0.998642 0.0520918 1.47733e-06
vt 0.787617 0.131587
vn 1 0 0
vt 0.787617 0.00235301
vn -1 0.000338148 -2.3578e-05
vt 0.787617 0.00235301
vn -1 0.000311565 -4.77086e-05
vt 0.787617 0.131587
vn -1 0.000347022 -1.57195e-05
vt 0.569547 0.131587
vn -1 0.000365001 4.03778e-07
vt 0.569547 0.00235301
vn -1 0.000365109 3.05936e-07
vt 0.787617 0.131587
vn -1 0.000365436 6.02103e-07
vt 0.787617 0.00235301
vn 1.88119e-05 1 0
vt 0.787617 0.131587
vn 1.88119e-05 1 0
vt 0.787617 0.161373
vn 1.88119e-05 1 0
vt 0.569547 0.161374
vn 1.88119e-05 1 0
vt 0.569547 0.131587
vn 3.13547e-05 -1.06101e-08 -1
vt 0.569547 0.131587
vn 3.13532e-05 -1.305e-08 -1
vt 0.787617 0.131587
vn 3.13547e-05 -1.06101e-08 -1
vt 0.787617 0.00235301
vn 3.13561e-05 -8.16568e-09 -1
vt 0.569547 0.00235301
vn -1.549e-05 0.000338395 1
vt 0.787617 0.00235301
vn -3.13473e-05 0.000312057 1
vt 0.787617 0.131587
vn -1.549e-05 0.000338395 1
vt 0.569547 0.131587
vn 3.97517e-07 0.000364783 1
vt 0.569547 0.00235301
vn 1.83811e-05 1 0
vt 0.787617 0.131587
vn 1.83811e-05 1 0
vt 0.787617 0.161373
vn 1.83811e-05 1 0
vt 0.569547 0.161374
vn 1.83811e-05 1 0
vt 0.569547 0.131587
vn 3.06374e-05 -1.07679e-08 -1
vt 0.569547 0.131587
vn 3.06351e-05 -1.46622e-08 -1
vt 0.787617 0.131587
vn 3.06374e-05 -1.07679e-08 -1
vt 0.787617 0.00235301
vn 3.06397e-05 -6.86609e-09 -1
vt 0.569547 0.00235301
vn -3.044e-05 0.000364469 1
vt 0.787617 0.00235301
vn -3.06284e-05 0.000364149 1
vt 0.787617 0.131587
vn -3.044e-05 0.000364469 1
vt 0.569547 0.131587
vn -3.02513e-05 0.00036479 1
vt 0.569547 0.00235301
vn 2.149e-07 0.000364478 1
vt 0.661082 0.131587
vn 4.25884e-09 0.000364572 1
vt 0.587909 0.131587
vn 2.149e-07 0.000364478 1
vt 0.587909 0.00235301
vn 4.25801e-07 0.000364384 1
vt 0.661082 0.00235301
vn 1.16763e-05 1 3.50032e-08
vt 0.652897 0.131587
vn 1.16708e-05 1 1.15696e-08
vt 0.712162 0.131587
vn 1.16763e-05 1 3.50032e-08
vt 0.712162 0.161373
vn 1.16817e-05 1 5.84589e-08
vt 0.652897 0.161373
vn 0 0 -1
vt 0.661082 0.00235301
vn 0 0 -1
vt 0.587909 0.00235301
vn 0 0 -1
vt 0.587909 0.131587
vn 0 0 -1
vt 0.661082 0.131587
vn -5.82272e-05 0.000390548 1
vt 0.661082 0.131587
vn -0.000116812 0.000416682 1
vt 0.587909 0.131587
vn -5.82272e-05 0.000390548 1
vt 0.587909 0.00235301
vn 4.30062e-07 0.000364382 1
vt 0.661082 0.00235301
vn 1.16756e-05 1 3.20878e-08
vt 0.652897 0.131587
vn 1.16695e-05 1 5.84267e-09
vt 0.712162 0.131587
vn 1.16756e-05 1 3.20878e-08
vt 0.712162 0.161373
vn 1.16817e-05 1 5.83473e-08
vt 0.652897 0.161373
vn 0 0 -1
vt 0.661082 0.00235301
vn 0 0 -1
vt 0.587909 0.00235301
vn 0 0 -1
vt 0.587909 0.131587
vn 0 0 -1
vt 0.661082 0.131587
vn 0 0.898171 0.439647
vt 0.005145 0.137427
vn 0 0.898171 0.439647
vt 0.005145 0.323778
vn 0 0.898171 0.439647
vt 0.183098 0.323778
vn 0 0.898171 0.439647
vt 0.183098 0.137427
vn 0 0.894548 0.446972
vt 0.005145 0.137427
vn 0 0.894548 0.446972
vt 0.005145 0.323778
vn 0 0.894548 0.446972
vt 0.183098 0.323778
vn 0 0.894548 0.446972
vt 0.183098 0.137427
vn 5.43377e-05 0.898192 0.439604
vt 0.005145 0.137427
vn 0.000108664 0.898213 0.439561
vt 0.005145 0.323778
vn 5.43377e-05 0.898192 0.439604
vt 0.183098 0.323778
vn 0 0.898171 0.439647
vt 0.183098 0.137427
vn -5.44472e-05 0.89457 0.446929
vt 0.005145 0.137427
vn 0 0.894591 0.446886
vt 0.005145 0.323778
vn -5.44472e-05 0.89457 0.446929
vt 0.183098 0.323778
vn -0.000108907 0.894548 0.446972
vt 0.183098 0.137427
vn -5.4337e-05 0.898192 0.439604
vt 0.005145 0.137427
vn -0.000108685 0.898171 0.439647
vt 0.005145 0.323778
vn -5.4337e-05 0.898192 0.439604
vt 0.183098 0.323778
vn 0 0.898213 0.439561
vt 0.183098 0.137427
vn 5.4447e-05 0.89457 0.446929
vt 0.005145 0.137427
vn 0 0.894548 0.446972
vt 0.005145 0.323778
vn 5.4447e-05 0.89457 0.446929
vt 0.183098 0.323778
vn 0.000108883 0.894591 0.446886
vt 0.183098 0.137427
vn 0 0.898319 -0.439344
vt 0.183098 0.323778
vn 0 0.898319 -0.439344
vt 0.005145 0.323778
vn 0 0.898319 -0.439344
vt 0.005145 0.137427
vn 0 0.898319 -0.439344
vt 0.183098 0.137427
vn 6.96693e-07 0.894549 -0.44697
vt 0.183098 0.323778
vn 1.39339e-06 0.894549 -0.44697
vt 0.005145 0.323778
vn 6.96693e-07 0.894549 -0.44697
vt 0.005145 0.137427
vn 0 0.894548 -0.446971
vt 0.183098 0.137427
vn 0 -1.82259e-05 -1
vt 0.783827 0.163363
vn 0 -1.82259e-05 -1
vt 0.783827 0.318139
vn 0 -1.82259e-05 -1
vt 0.646676 0.318139
vn 0 -1.82259e-05 -1
vt 0.646676 0.163363
vn 5.03819e-06 -1.21506e-05 -1
vt 0.783827 0.163363
vn 5.03818e-06 -1.82259e-05 -1
vt 0.783827 0.318139
vn 0.228365 -8.8682e-06 -0.973576
vt 0.646676 0.318139
vn 0.683736 0 -0.729729
vt 0.646676 0.163363
vn 0 -1.82259e-05 -1
vt 0.646676 0.318139
vn 0 -1.82259e-05 -1
vt 0.646676 0.163363
vn -0.227661 -1.77473e-05 -0.973741
vt 0.783827 0.163363
vn -0.683623 -1.33019e-05 -0.729836
vt 0.783827 0.318139
vn 1 3.33321e-09 0.000181602
vt 0.352775 0.409878
vn 1 3.33321e-09 0.000181602
vt 0.352775 0.29037
vn 1 3.33321e-09 0.000181602
vt 0.617685 0.29037
vn -1 0 0
vt 0.352775 0.409878
vn -1 0 0
vt 0.617685 0.29037
vn -1 0 0
vt 0.352775 0.29037
vn 1 0 -1.8203e-05
vt 0.352775 0.409878
vn 1 0 -1.8203e-05
vt 0.352775 0.29037
vn 1 0 -1.8203e-05
vt 0.617685 0.29037
vn -1 0 0
vt 0.352775 0.409878
vn -1 0 0
vt 0.617685 0.29037
vn -1 0 0
vt 0.352775 0.29037
vn 1 0 0
vt 0.352775 0.409878
vn 1 0 0
vt 0.352775 0.29037
vn 1 0 0
vt 0.617685 0.29037
vn -1 0 0
vt 0.352775 0.409878
vn -1 0 0
vt 0.617685 0.29037
vn -1 0 0
vt 0.352775 0.29037
vn 0 0.906268 -0.422703
vt 0.569547 0.16153
vn 0 0.905014 -0.425382
vt 0.569547 0.131587
vn 0 0.906887 -0.421375
vt 0.787617 0.131587
vn 0 0.906268 -0.422703
vt 0.787617 0.16153
vn -1 0 0
vt 0.787617 0.131587
vn -1 0 0
vt 0.620972 0.131587
vn -1 0 0
vt 0.620972 0.00235301
vn -1 0 0
vt 0.787617 0.00235301
vn -0.000153698 0.900585 -0.43468
vt 0.18488 0.568207
vn 0 0.900569 -0.434713
vt 0.184881 0.996029
vn 0.1331 0.892572 -0.430812
vt 0.002038 0.996029
vn 0.0737313 0.89815 -0.433464
vt 0.002038 0.568207
vn 1 0 0
vt 0.049627 0.996029
vn 1 0 0
vt 0.049627 0.568207
vn 0 -0.0174805 0.999847
vt 0.002053 0.568207
vn 0 -0.0174805 0.999847
vt 0.00205 0.575655
vn 0 -0.0174805 0.999847
vt 0.184935 0.575655
vn 0 -0.0174805 0.999847
vt 0.184936 0.568207
vn -1 0 0
vt 0.049627 0.568207
vn -1 0 0
vt 0.049627 0.996029
vn -1 0 0
vt 0.002038 0.996029
vn -1 0 0
vt 0.002038 0.568207
vn 3.86684e-05 -0.0227933 -0.99974
vt 0.001956 0.568149
vn 7.71601e-05 -0.0223194 -0.999751
vt 0.18496 0.568265
vn 3.86684e-05 -0.0227933 -0.99974
vt 0.184961 0.575738
vn 0 -0.0232694 -0.999729
vt 0.001957 0.575738
vn 0 1 0
vt 0.778134 0.131512
vn 0 1 0
vt 0.74784 0.131512
vn 0 1 0
vt 0.74784 0.161223
vn 0 1 0
vt 0.778134 0.161223
vn 0 0 -1
vt 0.940094 0.997409
vn 0 0 -1
vt 0.996081 0.997409
vn 0 0 -1
vt 0.996081 0.579687
vn 0 0 -1
vt 0.940094 0.579687
vn 1 0 0
vt 0.940094 0.997409
vn 1 0 0
vt 0.996081 0.997409
vn 1 0 0
vt 0.996081 0.579687
vn 1 0 0
vt 0.940094 0.579687
vn 0 0 1
vt 0.940094 0.997409
vn 0 0 1
vt 0.996081 0.997409
vn 0 0 1
vt 0.996081 0.579687
vn 0 0 1
vt 0.940094 0.579687
vn -1 0 0
vt 0.940094 0.997409
vn -1 0 0
vt 0.996081 0.997409
vn -1 0 0
vt 0.996081 0.579687
vn -1 0 0
vt 0.940094 0.579687
vn 0 1 0
vt 0.778134 0.131512
vn 0 1 0
vt 0.74784 0.131512
vn 0 1 0
vt 0.74784 0.161223
vn 0 1 0
vt 0.778134 0.161223
vn 0 0 -1
vt 0.940094 0.997409
vn 0 0 -1
vt 0.996081 0.997409
vn 0 0 -1
vt 0.996081 0.579687
vn 0 0 -1
vt 0.940094 0.579687
vn 1 0 0
vt 0.940094 0.997409
vn 1 0 0
vt 0.996081 0.997409
vn 1 0 0
vt 0.996081 0.579687
vn 1 0 0
vt 0.940094 0.579687
vn 0 0 1
vt 0.940094 0.997409
vn 0 0 1
vt 0.996081 0.997409
vn 0 0 1
vt 0.996081 0.579687
vn 0 0 1
vt 0.940094 0.579687
vn -1 0 0
vt 0.940094 0.997409
vn -1 0 0
vt 0.996081 0.997409
vn -1 0 0
vt 0.996081 0.579687
vn -1 0 0
vt 0.940094 0.579687
vn 0 1 0
vt 0.778134 0.131512
vn 0 1 0
vt 0.74784 0.131512
vn 0 1 0
vt 0.74784 0.161223
vn 0 1 0
vt 0.778134 0.161223
vn 0 0 -1
vt 0.940094 0.997409
vn 0 0 -1
vt 0.996081 0.997409
vn 0 0 -1
vt 0.996081 0.579687
vn 0 0 -1
vt 0.940094 0.579687
vn 1 0 0
vt 0.940094 0.997409
vn 1 0 0
vt 0.996081 0.997409
vn 1 0 0
vt 0.996081 0.579687
vn 1 0 0
vt 0.940094 0.579687
vn 0 0 1
vt 0.940094 0.997409
vn 0 0 1
vt 0.996081 0.997409
vn 0 0 1
vt 0.996081 0.579687
vn 0 0 1
vt 0.940094 0.579687
vn -1 0 0
vt 0.940094 0.997409
vn -1 0 0
vt 0.996081 0.997409
vn -1 0 0
vt 0.996081 0.579687
vn -1 0 0
vt 0.940094 0.579687
vn 0 1 0
vt 0.778134 0.131512
vn 0 1 0
vt 0.74784 0.131512
vn 0 1 0
vt 0.74784 0.161223
vn 0 1 0
vt 0.778134 0.161223
vn 0 0 -1
vt 0.940094 0.997409
vn 0 0 -1
vt 0.996081 0.997409
vn 0 0 -1
vt 0.996081 0.579687
vn 0 0 -1
vt 0.940094 0.579687
vn 1 0 0
vt 0.940094 0.997409
vn 1 0 0
vt 0.996081 0.997409
vn 1 0 0
vt 0.996081 0.579687
vn 1 0 0
vt 0.940094 0.579687
vn 0 0 1
vt 0.940094 0.997409
vn 0 0 1
vt 0.996081 0.997409
vn 0 0 1
vt 0.996081 0.579687
vn 0 0 1
vt 0.940094 0.579687
vn -1 0 0
vt 0.940094 0.997409
vn -1 0 0
vt 0.996081 0.997409
vn -1 0 0
vt 0.996081 0.579687
vn -1 0 0
vt 0.940094 0.579687
vn 0 1 0
vt 0.778134 0.131512
vn 0 1 0
vt 0.74784 0.131512
vn 0 1 0
vt 0.74784 0.161223
vn 0 1 0
vt 0.778134 0.161223
vn 0 0 -1
vt 0.940094 0.997409
vn 0 0 -1
vt 0.996081 0.997409
vn 0 0 -1
vt 0.996081 0.579687
vn 0 0 -1
vt 0.940094 0.579687
vn 1 0 0
vt 0.940094 0.997409
vn 1 0 0
vt 0.996081 0.997409
vn 1 0 0
vt 0.996081 0.579687
vn 1 0 0
vt 0.940094 0.579687
vn 0 0 1
vt 0.940094 0.997409
vn 0 0 1
vt 0.996081 0.997409
vn 0 0 1
vt 0.996081 0.579687
vn 0 0 1
vt 0.940094 0.579687
vn -1 0 0
vt 0.940094 0.997409
vn -1 0 0
vt 0.996081 0.997409
vn -1 0 0
vt 0.996081 0.579687
vn -1 0 0
vt 0.940094 0.579687
vn 0 1 0
vt 0.778134 0.131512
vn 0 1 0
vt 0.74784 0.131512
vn 0 1 0
vt 0.74784 0.161223
vn 0 1 0
vt 0.778134 0.161223
vn 0 0 -1
vt 0.940094 0.997409
vn 0 0 -1
vt 0.996081 0.997409
vn 0 0 -1
vt 0.996081 0.579687
vn 0 0 -1
vt 0.940094 0.579687
vn 1 0 0
vt 0.940094 0.997409
vn 1 0 0
vt 0.996081 0.997409
vn 1 0 0
vt 0.996081 0.579687
vn 1 0 0
vt 0.940094 0.579687
vn 0 0 1
vt 0.940094 0.997409
vn 0 0 1
vt 0.996081 0.997409
vn 0 0 1
vt 0.996081 0.579687
vn 0 0 1
vt 0.940094 0.579687
vn -1 0 0
vt 0.940094 0.997409
vn -1 0 0
vt 0.996081 0.997409
vn -1 0 0
vt 0.996081 0.579687
vn -1 0 0
vt 0.940094 0.579687
vn 0 1 0
vt 0.778134 0.131512
vn 0 1 0
vt 0.74784 0.131512
vn 0 1 0
vt 0.74784 0.161223
vn 0 1 0
vt 0.778134 0.161223
vn 0 0 -1
vt 0.940094 0.997409
vn 0 0 -1
vt 0.996081 0.997409
vn 0 0 -1
vt 0.996081 0.579687
vn 0 0 -1
vt 0.940094 0.579687
vn 1 0 0
vt 0.940094 0.997409
vn 1 0 0
vt 0.996081 0.997409
vn 1 0 0
vt 0.996081 0.579687
vn 1 0 0
vt 0.940094 0.579687
vn 0 0 1
vt 0.940094 0.997409
vn 0 0 1
vt 0.996081 0.997409
vn 0 0 1
vt 0.996081 0.579687
vn 0 0 1
vt 0.940094 0.579687
vn -1 0 0
vt 0.940094 0.997409
vn -1 0 0
vt 0.996081 0.997409
vn -1 0 0
vt 0.996081 0.579687
vn -1 0 0
vt 0.940094 0.579687
vn 0 1 0
vt 0.778134 0.131512
vn 0 1 0
vt 0.74784 0.131512
vn 0 1 0
vt 0.74784 0.161223
vn 0 1 0
vt 0.778134 0.161223
vn 0 0 -1
vt 0.940094 0.997409
vn 0 0 -1
vt 0.996081 0.997409
vn 0 0 -1
vt 0.996081 0.579687
vn 0 0 -1
vt 0.940094 0.579687
vn 1 0 0
vt 0.940094 0.997409
vn 1 0 0
vt 0.996081 0.997409
vn 1 0 0
vt 0.996081 0.579687
vn 1 0 0
vt 0.940094 0.579687
vn 0 0 1
vt 0.940094 0.997409
vn 0 0 1
vt 0.996081 0.997409
vn 0 0 1
vt 0.996081 0.579687
vn 0 0 1
vt 0.940094 0.579687
vn -1 0 0
vt 0.940094 0.997409
vn -1 0 0
vt 0.996081 0.997409
vn -1 0 0
vt 0.996081 0.579687
vn -1 0 0
vt 0.940094 0.579687
vn 0 1 0
vt 0.778134 0.131512
vn 0 1 0
vt 0.74784 0.131512
vn 0 1 0
vt 0.74784 0.161223
vn 0 1 0
vt 0.778134 0.161223
vn 0 0 -1
vt 0.940094 0.997409
vn 0 0 -1
vt 0.996081 0.997409
vn 0 0 -1
vt 0.996081 0.579687
vn 0 0 -1
vt 0.940094 0.579687
vn 1 0 0
vt 0.940094 0.997409
vn 1 0 0
vt 0.996081 0.997409
vn 1 0 0
vt 0.996081 0.579687
vn 1 0 0
vt 0.940094 0.579687
vn 0 0 1
vt 0.940094 0.997409
vn 0 0 1
vt 0.996081 0.997409
vn 0 0 1
vt 0.996081 0.579687
vn 0 0 1
vt 0.940094 0.579687
vn -1 0 0
vt 0.940094 0.997409
vn -1 0 0
vt 0.996081 0.997409
vn -1 0 0
vt 0.996081 0.579687
vn -1 0 0
vt 0.940094 0.579687
vn 0 1 0
vt 0.778134 0.131512
vn 0 1 0
vt 0.74784 0.131512
vn 0 1 0
vt 0.74784 0.161223
vn 0 1 0
vt 0.778134 0.161223
vn 0 0 -1
vt 0.940094 0.997409
vn 0 0 -1
vt 0.996081 0.997409
vn 0 0 -1
vt 0.996081 0.579687
vn 0 0 -1
vt 0.940094 0.579687
vn 1 0 0
vt 0.940094 0.997409
vn 1 0 0
vt 0.996081 0.997409
vn 1 0 0
vt 0.996081 0.579687
vn 1 0 0
vt 0.940094 0.579687
vn 0 0 1
vt 0.940094 0.997409
vn 0 0 1
vt 0.996081 0.997409
vn 0 0 1
vt 0.996081 0.579687
vn 0 0 1
vt 0.940094 0.579687
vn -1 0 0
vt 0.940094 0.997409
vn -1 0 0
vt 0.996081 0.997409
vn -1 0 0
vt 0.996081 0.579687
vn -1 0 0
vt 0.940094 0.579687
vn 0 1 0
vt 0.778134 0.131512
vn 0 1 0
vt 0.74784 0.131512
vn 0 1 0
vt 0.74784 0.161223
vn 0 1 0
vt 0.778134 0.161223
vn 0 0 -1
vt 0.940094 0.997409
vn 0 0 -1
vt 0.996081 0.997409
vn 0 0 -1
vt 0.996081 0.579687
vn 0 0 -1
vt 0.940094 0.579687
vn 1 0 0
vt 0.940094 0.997409
vn 1 0 0
vt 0.996081 0.997409
vn 1 0 0
vt 0.996081 0.579687
vn 1 0 0
vt 0.940094 0.579687
vn 0 0 1
vt 0.940094 0.997409
vn 0 0 1
vt 0.996081 0.997409
vn 0 0 1
vt 0.996081 0.579687
vn 0 0 1
vt 0.940094 0.579687
vn -1 0 0
vt 0.940094 0.997409
vn -1 0 0
vt 0.996081 0.997409
vn -1 0 0
vt 0.996081 0.579687
vn -1 0 0
vt 0.940094 0.579687
vn 0 1 0
vt 0.778134 0.131512
vn 0 1 0
vt 0.74784 0.131512
vn 0 1 0
vt 0.74784 0.161223
vn 0 1 0
vt 0.778134 0.161223
vn 0 0 -1
vt 0.940094 0.997409
vn 0 0 -1
vt 0.996081 0.997409
vn 0 0 -1
vt 0.996081 0.579687
vn 0 0 -1
vt 0.940094 0.579687
vn 1 0 0
vt 0.940094 0.997409
vn 1 0 0
vt 0.996081 0.997409
vn 1 0 0
vt 0.996081 0.579687
vn 1 0 0
vt 0.940094 0.579687
vn 0 0 1
vt 0.940094 0.997409
vn 0 0 1
vt 0.996081 0.997409
vn 0 0 1
vt 0.996081 0.579687
vn 0 0 1
vt 0.940094 0.579687
vn -1 0 0
vt 0.940094 0.997409
vn -1 0 0
vt 0.996081 0.997409
vn -1 0 0
vt 0.996081 0.579687
vn -1 0 0
vt 0.940094 0.579687
vn 0 1 0
vt 0.778134 0.131512
vn 0 1 0
vt 0.74784 0.131512
vn 0 1 0
vt 0.74784 0.161223
vn 0 1 0
vt 0.778134 0.161223
vn 0 0 -1
vt 0.940094 0.997409
vn 0 0 -1
vt 0.996081 0.997409
vn 0 0 -1
vt 0.996081 0.579687
vn 0 0 -1
vt 0.940094 0.579687
vn 1 0 0
vt 0.940094 0.997409
vn 1 0 0
vt 0.996081 0.997409
vn 1 0 0
vt 0.996081 0.579687
vn 1 0 0
vt 0.940094 0.579687
vn 0 0 1
vt 0.940094 0.997409
vn 0 0 1
vt 0.996081 0.997409
vn 0 0 1
vt 0.996081 0.579687
vn 0 0 1
vt 0.940094 0.579687
vn -1 0 0
vt 0.940094 0.997409
vn -1 0 0
vt 0.996081 0.997409
vn -1 0 0
vt 0.996081 0.579687
vn -1 0 0
vt 0.940094 0.579687
vn 0 1 0
vt 0.778134 0.131512
vn 0 1 0
vt 0.74784 0.131512
vn 0 1 0
vt 0.74784 0.161223
vn 0 1 0
vt 0.778134 0.161223
vn 0 0 -1
vt 0.940094 0.997409
vn 0 0 -1
vt 0.996081 0.997409
vn 0 0 -1
vt 0.996081 0.579687
vn 0 0 -1
vt 0.940094 0.579687
vn 1 0 0
vt 0.940094 0.997409
vn 1 0 0
vt 0.996081 0.997409
vn 1 0 0
vt 0.996081 0.579687
vn 1 0 0
vt 0.940094 0.579687
vn 0 0 1
vt 0.940094 0.997409
vn 0 0 1
vt 0.996081 0.997409
vn 0 0 1
vt 0.996081 0.579687
vn 0 0 1
vt 0.940094 0.579687
vn -1 0 0
vt 0.940094 0.997409
vn -1 0 0
vt 0.996081 0.997409
vn -1 0 0
vt 0.996081 0.579687
vn -1 0 0
vt 0.940094 0.579687
vn 0 1 0
vt 0.778134 0.131512
vn 0 1 0
vt 0.74784 0.131512
vn 0 1 0
vt 0.74784 0.161223
vn 0 1 0
vt 0.778134 0.161223
vn 0 0 -1
vt 0.940094 0.997409
vn 0 0 -1
vt 0.996081 0.997409
vn 0 0 -1
vt 0.996081 0.579687
vn 0 0 -1
vt 0.940094 0.579687
vn 1 0 0
vt 0.940094 0.997409
vn 1 0 0
vt 0.996081 0.997409
vn 1 0 0
vt 0.996081 0.579687
vn 1 0 0
vt 0.940094 0.579687
vn 0 0 1
vt 0.940094 0.997409
vn 0 0 1
vt 0.996081 0.997409
vn 0 0 1
vt 0.996081 0.579687
vn 0 0 1
vt 0.940094 0.579687
vn -1 0 0
vt 0.940094 0.997409
vn -1 0 0
vt 0.996081 0.997409
vn -1 0 0
vt 0.996081 0.579687
vn -1 0 0
vt 0.940094 0.579687
vn 0 1 0
vt 0.778134 0.131512
vn 0 1 0
vt 0.74784 0.131512
vn 0 1 0
vt 0.74784 0.161223
vn 0 1 0
vt 0.778134 0.161223
vn 0 0 -1
vt 0.940094 0.997409
vn 0 0 -1
vt 0.996081 0.997409
vn 0 0 -1
vt 0.996081 0.579687
vn 0 0 -1
vt 0.940094 0.579687
vn 1 0 0
vt 0.940094 0.997409
vn 1 0 0
vt 0.996081 0.997409
vn 1 0 0
vt 0.996081 0.579687
vn 1 0 0
vt 0.940094 0.579687
vn 0 0 1
vt 0.940094 0.997409
vn 0 0 1
vt 0.996081 0.997409
vn 0 0 1
vt 0.996081 0.579687
vn 0 0 1
vt 0.940094 0.579687
vn -1 0 0
vt 0.940094 0.997409
vn -1 0 0
vt 0.996081 0.997409
vn -1 0 0
vt 0.996081 0.579687
vn -1 0 0
vt 0.940094 0.579687
vn 0 1 0
vt 0.778134 0.131512
vn 0 1 0
vt 0.74784 0.131512
vn 0 1 0
vt 0.74784 0.161223
vn 0 1 0
vt 0.778134 0.161223
vn 0 0 -1
vt 0.940094 0.997409
vn 0 0 -1
vt 0.996081 0.997409
vn 0 0 -1
vt 0.996081 0.579687
vn 0 0 -1
vt 0.940094 0.579687
vn 1 0 0
vt 0.940094 0.997409
vn 1 0 0
vt 0.996081 0.997409
vn 1 0 0
vt 0.996081 0.579687
vn 1 0 0
vt 0.940094 0.579687
vn 0 0 1
vt 0.940094 0.997409
vn 0 0 1
vt 0.996081 0.997409
vn 0 0 1
vt 0.996081 0.579687
vn 0 0 1
vt 0.940094 0.579687
vn -1 0 0
vt 0.940094 0.997409
vn -1 0 0
vt 0.996081 0.997409
vn -1 0 0
vt 0.996081 0.579687
vn -1 0 0
vt 0.940094 0.579687
vn 0 1 0
vt 0.778134 0.131512
vn 0 1 0
vt 0.74784 0.131512
vn 0 1 0
vt 0.74784 0.161223
vn 0 1 0
vt 0.778134 0.161223
vn 0 0 -1
vt 0.940094 0.997409
vn 0 0 -1
vt 0.996081 0.997409
vn 0 0 -1
vt 0.996081 0.579687
vn 0 0 -1
vt 0.940094 0.579687
vn 1 0 0
vt 0.940094 0.997409
vn 1 0 0
vt 0.996081 0.997409
vn 1 0 0
vt 0.996081 0.579687
vn 1 0 0
vt 0.940094 0.579687
vn 0 0 1
vt 0.940094 0.997409
vn 0 0 1
vt 0.996081 0.997409
vn 0 0 1
vt 0.996081 0.579687
vn 0 0 1
vt 0.940094 0.579687
vn -1 0 0
vt 0.940094 0.997409
vn -1 0 0
vt 0.996081 0.997409
vn -1 0 0
vt 0.996081 0.579687
vn -1 0 0
vt 0.940094 0.579687
vn 0 1 0
vt 0.778134 0.131512
vn 0 1 0
vt 0.74784 0.131512
vn 0 1 0
vt 0.74784 0.161223
vn 0 1 0
vt 0.778134 0.161223
vn 0 0 -1
vt 0.940094 0.997409
vn 0 0 -1
vt 0.996081 0.997409
vn 0 0 -1
vt 0.996081 0.579687
vn 0 0 -1
vt 0.940094 0.579687
vn 1 0 0
vt 0.940094 0.997409
vn 1 0 0
vt 0.996081 0.997409
vn 1 0 0
vt 0.996081 0.579687
vn 1 0 0
vt 0.940094 0.579687
vn 0 0 1
vt 0.940094 0.997409
vn 0 0 1
vt 0.996081 0.997409
vn 0 0 1
vt 0.996081 0.579687
vn 0 0 1
vt 0.940094 0.579687
vn -1 0 0
vt 0.940094 0.997409
vn -1 0 0
vt 0.996081 0.997409
vn -1 0 0
vt 0.996081 0.579687
vn -1 0 0
vt 0.940094 0.579687
vn 0 1 0
vt 0.778134 0.131512
vn 0 1 0
vt 0.74784 0.131512
vn 0 1 0
vt 0.74784 0.161223
vn 0 1 0
vt 0.778134 0.161223
vn 0 0 -1
vt 0.940094 0.997409
vn 0 0 -1
vt 0.996081 0.997409
vn 0 0 -1
vt 0.996081 0.579687
vn 0 0 -1
vt 0.940094 0.579687
vn 1 0 0
vt 0.940094 0.997409
vn 1 0 0
vt 0.996081 0.997409
vn 1 0 0
vt 0.996081 0.579687
vn 1 0 0
vt 0.940094 0.579687
vn 0 0 1
vt 0.940094 0.997409
vn 0 0 1
vt 0.996081 0.997409
vn 0 0 1
vt 0.996081 0.579687
vn 0 0 1
vt 0.940094 0.579687
vn -1 0 0
vt 0.940094 0.997409
vn -1 0 0
vt 0.996081 0.997409
vn -1 0 0
vt 0.996081 0.579687
vn -1 0 0
vt 0.940094 0.579687
vn 0 1 0
vt 0.778134 0.131512
vn 0 1 0
vt 0.74784 0.131512
vn 0 1 0
vt 0.74784 0.161223
vn 0 1 0
vt 0.778134 0.161223
vn 0 0 -1
vt 0.940094 0.997409
vn 0 0 -1
vt 0.996081 0.997409
vn 0 0 -1
vt 0.996081 0.579687
vn 0 0 -1
vt 0.940094 0.579687
vn 1 0 0
vt 0.940094 0.997409
vn 1 0 0
vt 0.996081 0.997409
vn 1 0 0
vt 0.996081 0.579687
vn 1 0 0
vt 0.940094 0.579687
vn 0 0 1
vt 0.940094 0.997409
vn 0 0 1
vt 0.996081 0.997409
vn 0 0 1
vt 0.996081 0.579687
vn 0 0 1
vt 0.940094 0.579687
vn -1 0 0
vt 0.940094 0.997409
vn -1 0 0
vt 0.996081 0.997409
vn -1 0 0
vt 0.996081 0.579687
vn -1 0 0
vt 0.940094 0.579687
vn 0 1 0
vt 0.778134 0.131512
vn 0 1 0
vt 0.74784 0.131512
vn 0 1 0
vt 0.74784 0.161223
vn 0 1 0
vt 0.778134 0.161223
vn 0 0 -1
vt 0.940094 0.997409
vn 0 0 -1
vt 0.996081 0.997409
vn 0 0 -1
vt 0.996081 0.579687
vn 0 0 -1
vt 0.940094 0.579687
vn 1 0 0
vt 0.940094 0.997409
vn 1 0 0
vt 0.996081 0.997409
vn 1 0 0
vt 0.996081 0.579687
vn 1 0 0
vt 0.940094 0.579687
vn 0 0 1
vt 0.940094 0.997409
vn 0 0 1
vt 0.996081 0.997409
vn 0 0 1
vt 0.996081 0.579687
vn 0 0 1
vt 0.940094 0.579687
vn -1 0 0
vt 0.940094 0.997409
vn -1 0 0
vt 0.996081 0.997409
vn -1 0 0
vt 0.996081 0.579687
vn -1 0 0
vt 0.940094 0.579687
vn 0 1 0
vt 0.778134 0.131512
vn 0 1 0
vt 0.74784 0.131512
vn 0 1 0
vt 0.74784 0.161223
vn 0 1 0
vt 0.778134 0.161223
vn 0 0 -1
vt 0.940094 0.997409
vn 0 0 -1
vt 0.996081 0.997409
vn 0 0 -1
vt 0.996081 0.579687
vn 0 0 -1
vt 0.940094 0.579687
vn 1 0 0
vt 0.940094 0.997409
vn 1 0 0
vt 0.996081 0.997409
vn 1 0 0
vt 0.996081 0.579687
vn 1 0 0
vt 0.940094 0.579687
vn 0 0 1
vt 0.940094 0.997409
vn 0 0 1
vt 0.996081 0.997409
vn 0 0 1
vt 0.996081 0.579687
vn 0 0 1
vt 0.940094 0.579687
vn -1 0 0
vt 0.940094 0.997409
vn -1 0 0
vt 0.996081 0.997409
vn -1 0 0
vt 0.996081 0.579687
vn -1 0 0
vt 0.940094 0.579687
vn 0 1 0
vt 0.778134 0.131512
vn 0 1 0
vt 0.74784 0.131512
vn 0 1 0
vt 0.74784 0.161223
vn 0 1 0
vt 0.778134 0.161223
vn 0 0 -1
vt 0.940094 0.997409
vn 0 0 -1
vt 0.996081 0.997409
vn 0 0 -1
vt 0.996081 0.579687
vn 0 0 -1
vt 0.940094 0.579687
vn 1 0 0
vt 0.940094 0.997409
vn 1 0 0
vt 0.996081 0.997409
vn 1 0 0
vt 0.996081 0.579687
vn 1 0 0
vt 0.940094 0.579687
vn 0 0 1
vt 0.940094 0.997409
vn 0 0 1
vt 0.996081 0.997409
vn 0 0 1
vt 0.996081 0.579687
vn 0 0 1
vt 0.940094 0.579687
vn -1 0 0
vt 0.940094 0.997409
vn -1 0 0
vt 0.996081 0.997409
vn -1 0 0
vt 0.996081 0.579687
vn -1 0 0
vt 0.940094 0.579687
vn -0.991237 0.132093 0
vt 0.940094 0.997409
vn 0.991237 0.132093 0
vt 0.996081 0.997409
vn 0 1 0
vt 0.996081 0.579687
vn 0 1 0
vt 0.940094 0.579687
vn 0 0 -1
vt 0.940094 0.997409
vn 0 0 -1
vt 0.996081 0.997409
vn 0 0 -1
vt 0.996081 0.579687
vn 0 0 -1
vt 0.940094 0.579687
vn 1 0 0
vt 0.940094 0.997409
vn 1 0 0
vt 0.996081 0.579687
vn 1 0 0
vt 0.940094 0.579687
vn 0 0 1
vt 0.940094 0.997409
vn 0 0 1
vt 0.996081 0.997409
vn 0 0 1
vt 0.996081 0.579687
vn 0 0 1
vt 0.940094 0.579687
vn -1 0 0
vt 0.996081 0.997409
vn -1 0 0
vt 0.996081 0.579687
vn -1 0 0
vt 0.940094 0.579687
vn 0 1 0
vt 0.778134 0.131512
vn 0 1 0
vt 0.74784 0.131512
vn 0 1 0
vt 0.74784 0.161223
vn 0 1 0
vt 0.778134 0.161223
vn 0 0 -1
vt 0.940094 0.997409
vn 0 0 -1
vt 0.996081 0.997409
vn 0 0 -1
vt 0.996081 0.579687
vn 0 0 -1
vt 0.940094 0.579687
vn 1 0 0
vt 0.940094 0.997409
vn 1 0 0
vt 0.996081 0.997409
vn 1 0 0
vt 0.996081 0.579687
vn 1 0 0
vt 0.940094 0.579687
vn 0 0 1
vt 0.940094 0.997409
vn 0 0 1
vt 0.996081 0.997409
vn 0 0 1
vt 0.996081 0.579687
vn 0 0 1
vt 0.940094 0.579687
vn -1 0 0
vt 0.940094 0.997409
vn -1 0 0
vt 0.996081 0.997409
vn -1 0 0
vt 0.996081 0.579687
vn -1 0 0
vt 0.940094 0.579687
vn 0 1 0
vt 0.778134 0.131512
vn 0 1 0
vt 0.74784 0.131512
vn 0 1 0
vt 0.74784 0.161223
vn 0 1 0
vt 0.778134 0.161223
vn 0 0 -1
vt 0.940094 0.997409
vn 0 0 -1
vt 0.996081 0.997409
vn 0 0 -1
vt 0.996081 0.579687
vn 0 0 -1
vt 0.940094 0.579687
vn 1 0 0
vt 0.940094 0.997409
vn 1 0 0
vt 0.996081 0.997409
vn 1 0 0
vt 0.996081 0.579687
vn 1 0 0
vt 0.940094 0.579687
vn 0 0 1
vt 0.940094 0.997409
vn 0 0 1
vt 0.996081 0.997409
vn 0 0 1
vt 0.996081 0.579687
vn 0 0 1
vt 0.940094 0.579687
vn -1 0 0
vt 0.940094 0.997409
vn -1 0 0
vt 0.996081 0.997409
vn -1 0 0
vt 0.996081 0.579687
vn -1 0 0
vt 0.940094 0.579687
vn 0 1 0
vt 0.778134 0.131512
vn 0 1 0
vt 0.74784 0.131512
vn 0 1 0
vt 0.74784 0.161223
vn 0 1 0
vt 0.778134 0.161223
vn 0 0 -1
vt 0.940094 0.997409
vn 0 0 -1
vt 0.996081 0.997409
vn 0 0 -1
vt 0.996081 0.579687
vn 0 0 -1
vt 0.940094 0.579687
vn 1 0 0
vt 0.940094 0.997409
vn 1 0 0
vt 0.996081 0.997409
vn 1 0 0
vt 0.996081 0.579687
vn 1 0 0
vt 0.940094 0.579687
vn 0 0 1
vt 0.940094 0.997409
vn 0 0 1
vt 0.996081 0.997409
vn 0 0 1
vt 0.996081 0.579687
vn 0 0 1
vt 0.940094 0.579687
vn -1 0 0
vt 0.940094 0.997409
vn -1 0 0
vt 0.996081 0.997409
vn -1 0 0
vt 0.996081 0.579687
vn -1 0 0
vt 0.940094 0.579687
vn 0 1 0
vt 0.778134 0.131512
vn 0 1 0
vt 0.74784 0.131512
vn 0 1 0
vt 0.74784 0.161223
vn 0 1 0
vt 0.778134 0.161223
vn 0 0 -1
vt 0.940094 0.997409
vn 0 0 -1
vt 0.996081 0.997409
vn 0 0 -1
vt 0.996081 0.579687
vn 0 0 -1
vt 0.940094 0.579687
vn 1 0 0
vt 0.940094 0.997409
vn 1 0 0
vt 0.996081 0.997409
vn 1 0 0
vt 0.996081 0.579687
vn 1 0 0
vt 0.940094 0.579687
vn 0 0 1
vt 0.940094 0.997409
vn 0 0 1
vt 0.996081 0.997409
vn 0 0 1
vt 0.996081 0.579687
vn 0 0 1
vt 0.940094 0.579687
vn -1 0 0
vt 0.940094 0.997409
vn -1 0 0
vt 0.996081 0.997409
vn -1 0 0
vt 0.996081 0.579687
vn -1 0 0
vt 0.940094 0.579687
vn 0.999998 0 -0.00189765
vt 0.715252 0.318139
vn 0.999998 0 -0.00189765
vt 0.715252 0.163363
vn 0 1 0
vt 0.345744 0.561111
vn 0 1 0
vt 0.299531 0.561111
vn 0 1 0
vt 0.299531 0.374672
vn 0 1 0
vt 0.345744 0.374672
vn 0 1 0
vt 0.157874 0.561111
vn 0 1 0
vt 0.157874 0.374672
vn 0 1 0
vt 0.345744 0.561111
vn 0 1 0
vt 0.299531 0.561111
vn 0 1 0
vt 0.299531 0.374672
vn 0 1 0
vt 0.345744 0.374672
vn 0 1 0
vt 0.000812 0.374672
vn 0 1 0
vt 0.157874 0.374672
vn 0 1 0
vt 0.079426 0.374672
vn 0 1 0
vt 0.000812 0.561111
vn 0 1 0
vt 0.299531 0.561111
vn 0 1 0
vt 0.157874 0.561111
vn 0 1 0
vt 0.157874 0.374672
vn 0 1 0
vt 0.299531 0.374672
vn 0 1 0
vt 0.345744 0.374672
vn 0 1 0
vt 0.299531 0.374672
vn 0 1 0
vt 0.345744 0.374672
vn 0 1 0
vt 0.299531 0.374672
vn 0 1 0
vt 0.299531 0.374672
vn 0 1 0
vt 0.157874 0.374672
vn 0 1 0
vt 0.157874 0.374672
vn 0 1 0
vt 0.000812 0.374672
vn 0 1 0
vt 0.000812 0.561111
vn 0 1 0
vt 0.157874 0.561111
vn 0.00327279 0.99999 -0.00293792
vt 0.345744 0.423366
vn 0 1 0
vt 0.485837 0.423366
vn 0.0017945 0.999997 -0.00161089
vt 0.485835 0.561111
vn 0 1 0
vt 0.345744 0.423366
vn 0 1 0
vt 0.485837 0.423366
vn 0 1 0
vt 0.345744 0.561111
vn 0 1 0
vt 0.345744 0.423366
vn 0 1 0
vt 0.485837 0.423366
vn 0 1 0
vt 0.485835 0.561111
vn 0 1 0
vt 0.345744 0.561111
vn 0 1 0
vt 0.345744 0.423366
vn 0 1 0
vt 0.485837 0.423366
vn 0 1 0
vt 0.485835 0.561111
vn 0 1 0
vt 0.345744 0.561111
vn 0 1 0
vt 0.345744 0.561111
vn 0 1 0
vt 0.345744 0.423366
vn 0 1 0
vt 0.485837 0.423366
vn 0 1 0
vt 0.485835 0.561111
vn 0 1 0
vt 0.345744 0.423366
vn 0 1 0
vt 0.485835 0.561111
vn 0 1 0
vt 0.345744 0.561111
vn 0.00327817 0.99999 0.00294625
vt 0.345744 0.423366
vn 0.00329703 0.999995 2.29579e-07
vt 0.485837 0.423366
vn 0.00327817 0.99999 0.00294625
vt 0.485835 0.561111
vn 6.50909e-07 0.999983 0.00588643
vt 0.345744 0.561111
vn 0 1 0
vt 0.345744 0.423366
vn 0 1 0
vt 0.485835 0.561111
vn 0 1 0
vt 0.485835 0.561111
vn 0 1 0
vt 0.345744 0.561111
vn 0 1 0
vt 0.345744 0.423366
vn 0 1 0
vt 0.485835 0.561111
vn 0 1 0
vt 0.345744 0.561111
vn 0 1 0
vt 0.485835 0.561111
vn 0 1 0
vt 0.345744 0.423366
vn 0 1 0
vt 0.485835 0.561111
vn 0 1 0
vt 0.345744 0.561111
vn 0 1 0
vt 0.485835 0.561111
vn 0 1 0
vt 0.485837 0.423366
vn 0 1 0
vt 0.345744 0.423366
vn 0 1 0
vt 0.345744 0.561111
vn 0 1 0
vt 0.485837 0.423366
vn 0 1 0
vt 0.345744 0.423366
vn 0 1 0
vt 0.345744 0.561111
vn 0 1 0
vt 0.485835 0.561111
vn 0 1 0
vt 0.485837 0.423366
vn 0 1 0
vt 0.345744 0.423366
vn 0 1 0
vt 0.345744 0.561111
vn 0 1 0
vt 0.485835 0.561111
vn 0 1 0
vt 0.485837 0.423366
vn 0 1 0
vt 0.345744 0.423366
vn 0 1 0
vt 0.345744 0.561111
vn 0 1 0
vt 0.485837 0.423366
vn 0 1 0
vt 0.345744 0.423366
vn 0 1 0
vt 0.345744 0.561111
vn 0 1 0
vt 0.485835 0.561111
vn 0 1 0
vt 0.485835 0.561111
vn 0 1 0
vt 0.345744 0.423366
vn 0 1 0
vt 0.345744 0.561111
vn 0 1 0
vt 0.485835 0.561111
vn 0 1 0
vt 0.485837 0.423366
vn 0 1 0
vt 0.345744 0.423366
vn 0 1 0
vt 0.345744 0.561111
vn 0 1 0
vt 0.485835 0.561111
vn 0 1 0
vt 0.345744 0.423366
vn 0 1 0
vt 0.485835 0.561111
vn 0 1 0
vt 0.345744 0.561111
vn 0 1 0
vt 0.485835 0.561111
vn 0 1 0
vt 0.345744 0.423366
vn 0 1 0
vt 0.345744 0.561111
vn 0 1 0
vt 0.345744 0.423366
vn 0 1 0
vt 0.345744 0.561111
vn 0 1 0
vt 0.485835 0.561111
vn 0 1 0
vt 0.485835 0.561111
vn 0 1 0
vt 0.345744 0.423366
vn 0 1 0
vt 0.345744 0.561111
vn 0 1 -2.11995e-05
vt 0.569547 0.161374
vn 0 1 -2.11995e-05
vt 0.787617 0.161373
vn 0 1 -2.11995e-05
vt 0.787617 0.131587
vn 0 1 -2.11995e-05
vt 0.569547 0.131587
vn 1 -1.30096e-08 -3.56715e-05
vt 0.787617 0.00235301
vn 1 -1.67043e-08 -3.5669e-05
vt 0.787617 0.131587
vn 1 -1.30096e-08 -3.56715e-05
vt 0.569547 0.131587
vn 1 -9.30786e-09 -3.5674e-05
vt 0.569547 0.00235301
vn -1 0.000364458 -2.27636e-07
vt 0.569547 0.131587
vn -1 0.000364134 -7.71946e-09
vt 0.787617 0.131587
vn -1 0.000364458 -2.27636e-07
vt 0.787617 0.00235301
vn -1 0.000364783 -4.47976e-07
vt 0.569547 0.00235301
vn 3.59268e-05 0.903412 -0.428774
vt 0.787617 0.16153
vn 7.18536e-05 0.903412 -0.428774
vt 0.787617 0.131587
vn 3.5835e-05 0.901103 -0.433605
vt 0.569547 0.131587
vn 0 0.901102 -0.433607
vt 0.569547 0.16153
vn 1.80078e-05 0.905644 -0.424038
vt 0.569547 0.131587
vn 0 0.905645 -0.424037
vt 0.569547 0.16153
vn 0 0.902561 -0.430563
vt 0.787617 0.131587
vn 0 0.90315 -0.429324
vt 0.787617 0.16153
vn 0 0.901966 -0.431808
vt 0.569547 0.16153
vn 0 0.901966 -0.431808
vt 0.569547 0.131587
vn -1 0 0
vt 0.620972 0.131587
vn -1 0 0
vt 0.787617 0.131587
vn -1 0 0
vt 0.787617 0.00235301
vn -1 0 0
vt 0.620972 0.00235301
vn -1 0 0
vt 0.787617 0.131587
vn -1 0 0
vt 0.787617 0.00235301
vn -1 0 0
vt 0.620972 0.00235301
vn -1 0 0
vt 0.787617 0.00235301
vn -1 0 0
vt 0.787617 0.131587
vn -1 0 0
vt 0.620972 0.131587
vn 1 4.99441e-05 -2.36142e-05
vt 0.620972 0.00235301
vn 1 4.96539e-05 -2.32285e-05
vt 0.620972 0.131587
vn 1 5.00916e-05 -2.36151e-05
vt 0.787617 0.131587
vn 1 5.03887e-05 -2.39179e-05
vt 0.787617 0.00235301
vn 1 4.73773e-05 -2.44679e-05
vt 0.787617 0.00235301
vn 1 4.59145e-05 -2.19811e-05
vt 0.787617 0.131587
vn 1 4.78898e-05 -2.40453e-05
vt 0.620972 0.131587
vn 1 4.90803e-05 -2.47189e-05
vt 0.620972 0.00235301
vn 1 4.92253e-05 -2.32985e-05
vt 0.787617 0.131587
vn 1 4.95123e-05 -2.34121e-05
vt 0.787617 0.00235301
vn 1 5.09103e-05 -2.47429e-05
vt 0.787617 0.131587
vn 1 5.11327e-05 -2.50971e-05
vt 0.787617 0.00235301
vn 1 5.08353e-05 -2.45666e-05
vt 0.620972 0.00235301
vn 1 5.05374e-05 -2.40418e-05
vt 0.620972 0.131587
vn 0 0.905644 -0.424039
vt 0.569547 0.16153
vn 0 0.905644 -0.424039
vt 0.569547 0.131587
vn 0 0.905644 -0.424039
vt 0.787617 0.131587
vn 0 0.905644 -0.424039
vt 0.787617 0.16153
vn -1 0 0
vt 0.787617 0.131587
vn -1 0 0
vt 0.620972 0.131587
vn -1 0 0
vt 0.620972 0.00235301
vn -1 0 0
vt 0.787617 0.00235301
vn 0 0.905644 -0.424039
vt 0.787617 0.16153
vn 0 0.905644 -0.424039
vt 0.787617 0.131587
vn 0 0.905642 -0.424043
vt 0.569547 0.131587
vn 0 0.905642 -0.424043
vt 0.569547 0.16153
vn 0 0.905645 -0.424037
vt 0.569547 0.131587
vn 0 0.905645 -0.424037
vt 0.569547 0.16153
vn 2.32175e-05 0.905643 -0.42404
vt 0.787617 0.131587
vn 0 0.905643 -0.42404
vt 0.787617 0.16153
vn 3.48263e-05 0.905643 -0.424041
vt 0.569547 0.16153
vn 6.96527e-05 0.905644 -0.424039
vt 0.569547 0.131587
vn -1 0 0
vt 0.620972 0.131587
vn -1 0 0
vt 0.787617 0.131587
vn -1 0 0
vt 0.787617 0.00235301
vn -1 0 0
vt 0.620972 0.00235301
vn -1 0 0
vt 0.787617 0.131587
vn -1 0 0
vt 0.787617 0.00235301
vn -1 0 0
vt 0.620972 0.00235301
vn -1 0 0
vt 0.787617 0.00235301
vn -1 0 0
vt 0.787617 0.131587
vn -1 0 0
vt 0.620972 0.131587
vn 1 0 0
vt 0.620972 0.00235301
vn 1 0 0
vt 0.620972 0.131587
vn 1 0 0
vt 0.787617 0.131587
vn 1 0 0
vt 0.787617 0.00235301
vn 1 0 0
vt 0.787617 0.00235301
vn 1 0 0
vt 0.787617 0.131587
vn 1 0 0
vt 0.620972 0.131587
vn 1 0 0
vt 0.620972 0.00235301
vn 1 0 0
vt 0.787617 0.131587
vn 1 0 0
vt 0.787617 0.00235301
vn 1 0 0
vt 0.787617 0.131587
vn 1 0 0
vt 0.787617 0.00235301
vn 1 0 0
vt 0.620972 0.00235301
vn 1 0 0
vt 0.620972 0.131587
vn 0 0.905644 -0.424039
vt 0.569547 0.16153
vn 0 0.905644 -0.424039
vt 0.569547 0.131587
vn 0 0.905644 -0.424039
vt 0.787617 0.131587
vn 0 0.905644 -0.424039
vt 0.787617 0.16153
vn -1 0 0
vt 0.787617 0.131587
vn -1 0 0
vt 0.620972 0.131587
vn -1 0 0
vt 0.620972 0.00235301
vn -1 0 0
vt 0.787617 0.00235301
vn 3.52046e-05 0.905644 -0.424039
vt 0.787617 0.16153
vn 7.04093e-05 0.905644 -0.424039
vt 0.787617 0.131587
vn 3.52046e-05 0.905643 -0.424041
vt 0.569547 0.131587
vn 0 0.905642 -0.424043
vt 0.569547 0.16153
vn 1.76023e-05 0.905644 -0.424038
vt 0.569547 0.131587
vn 0 0.905645 -0.424037
vt 0.569547 0.16153
vn 2.34697e-05 0.905643 -0.42404
vt 0.787617 0.131587
vn 0 0.905643 -0.42404
vt 0.787617 0.16153
vn 3.52046e-05 0.905643 -0.424041
vt 0.569547 0.16153
vn 7.04092e-05 0.905644 -0.424039
vt 0.569547 0.131587
vn -1 0 0
vt 0.620972 0.131587
vn -1 0 0
vt 0.787617 0.131587
vn -1 0 0
vt 0.787617 0.00235301
vn -1 0 0
vt 0.620972 0.00235301
vn -1 0 0
vt 0.787617 0.131587
vn -1 0 0
vt 0.787617 0.00235301
vn -1 0 0
vt 0.620972 0.00235301
vn -1 0 0
vt 0.787617 0.00235301
vn -1 0 0
vt 0.787617 0.131587
vn -1 0 0
vt 0.620972 0.131587
vn 1 4.94735e-05 -2.34835e-05
vt 0.620972 0.00235301
vn 1 4.91845e-05 -2.31879e-05
vt 0.620972 0.131587
vn 1 4.96191e-05 -2.33923e-05
vt 0.787617 0.131587
vn 1 4.99133e-05 -2.36922e-05
vt 0.787617 0.00235301
vn 1 2.34453e-05 -3.90098e-05
vt 0.787617 0.00235301
vn 1 0 0
vt 0.787617 0.131587
vn 1 3.16095e-05 -3.36893e-05
vt 0.620972 0.131587
vn 1 4.86066e-05 -4.22788e-05
vt 0.620972 0.00235301
vn 1 4.87569e-05 -2.29863e-05
vt 0.787617 0.131587
vn 1 4.90411e-05 -2.32786e-05
vt 0.787617 0.00235301
vn 1 5.04371e-05 -2.38599e-05
vt 0.787617 0.131587
vn 1 5.0665e-05 -2.42131e-05
vt 0.787617 0.00235301
vn 1 5.03617e-05 -2.39056e-05
vt 0.620972 0.00235301
vn 1 5.00619e-05 -2.36015e-05
vt 0.620972 0.131587
vn 0 0.905644 -0.424039
vt 0.569547 0.16153
vn 0 0.905644 -0.424039
vt 0.569547 0.131587
vn 0 0.905644 -0.424039
vt 0.787617 0.131587
vn 0 0.905644 -0.424039
vt 0.787617 0.16153
vn -1 0 0
vt 0.787617 0.131587
vn -1 0 0
vt 0.620972 0.131587
vn -1 0 0
vt 0.620972 0.00235301
vn -1 0 0
vt 0.787617 0.00235301
vn 0 0.905644 -0.424039
vt 0.787617 0.16153
vn 0 0.905644 -0.424039
vt 0.787617 0.131587
vn 0 0.905642 -0.424043
vt 0.569547 0.131587
vn 0 0.905642 -0.424043
vt 0.569547 0.16153
vn 0 0.905645 -0.424037
vt 0.569547 0.131587
vn 0 0.905645 -0.424037
vt 0.569547 0.16153
vn 0 0.905644 -0.424039
vt 0.787617 0.131587
vn 0 0.905644 -0.424039
vt 0.787617 0.16153
vn 0 0.905644 -0.424039
vt 0.569547 0.16153
vn 0 0.905644 -0.424039
vt 0.569547 0.131587
vn -1 0 0
vt 0.620972 0.131587
vn -1 0 0
vt 0.787617 0.131587
vn -1 0 0
vt 0.787617 0.00235301
vn -1 0 0
vt 0.620972 0.00235301
vn -1 0 0
vt 0.787617 0.131587
vn -1 0 0
vt 0.787617 0.00235301
vn -1 0 0
vt 0.620972 0.00235301
vn -1 0 0
vt 0.787617 0.00235301
vn -1 0 0
vt 0.787617 0.131587
vn -1 0 0
vt 0.620972 0.131587
vn 1 2.5694e-05 -1.21964e-05
vt 0.620972 0.00235301
vn 1 2.55437e-05 -1.20425e-05
vt 0.620972 0.131587
vn 1 2.57698e-05 -1.21491e-05
vt 0.787617 0.131587
vn 1 2.59226e-05 -1.23046e-05
vt 0.787617 0.00235301
vn 1 1.21762e-05 -2.02595e-05
vt 0.787617 0.00235301
vn 1 0 0
vt 0.787617 0.131587
vn 1 1.64162e-05 -1.74963e-05
vt 0.620972 0.131587
vn 1 2.52436e-05 -2.19573e-05
vt 0.620972 0.00235301
vn 1 2.53217e-05 -1.19378e-05
vt 0.787617 0.131587
vn 1 2.54693e-05 -1.20896e-05
vt 0.787617 0.00235301
vn 1 2.61943e-05 -1.23916e-05
vt 0.787617 0.131587
vn 1 2.63126e-05 -1.25749e-05
vt 0.787617 0.00235301
vn 1 2.61551e-05 -1.2415e-05
vt 0.620972 0.00235301
vn 1 2.59996e-05 -1.22572e-05
vt 0.620972 0.131587
vn 0 0.905644 -0.424039
vt 0.569547 0.16153
vn 0 0.905644 -0.424039
vt 0.569547 0.131587
vn 0 0.905644 -0.424039
vt 0.787617 0.131587
vn 0 0.905644 -0.424039
vt 0.787617 0.16153
vn -1 0 0
vt 0.787617 0.131587
vn -1 0 0
vt 0.620972 0.131587
vn -1 0 0
vt 0.620972 0.00235301
vn -1 0 0
vt 0.787617 0.00235301
vn 0 0.905644 -0.424039
vt 0.787617 0.16153
vn 0 0.905644 -0.424039
vt 0.787617 0.131587
vn 0 0.905642 -0.424043
vt 0.569547 0.131587
vn 0 0.905642 -0.424043
vt 0.569547 0.16153
vn 0 0.905645 -0.424037
vt 0.569547 0.131587
vn 0 0.905645 -0.424037
vt 0.569547 0.16153
vn 0 0.905644 -0.424039
vt 0.787617 0.131587
vn 0 0.905644 -0.424039
vt 0.787617 0.16153
vn 0 0.905644 -0.424039
vt 0.569547 0.16153
vn 0 0.905644 -0.424039
vt 0.569547 0.131587
vn -1 0 0
vt 0.620972 0.131587
vn -1 0 0
vt 0.787617 0.131587
vn -1 0 0
vt 0.787617 0.00235301
vn -1 0 0
vt 0.620972 0.00235301
vn -1 0 0
vt 0.787617 0.131587
vn -1 0 0
vt 0.787617 0.00235301
vn -1 1.00663e-05 6.08717e-06
vt 0.620972 0.00235301
vn -1 3.0399e-05 -1.45278e-05
vt 0.787617 0.00235301
vn -1 1.51217e-05 9.14418e-06
vt 0.787617 0.131587
vn -1 -4.88991e-09 1.08345e-05
vt 0.620972 0.131587
vn 0.999998 0.00186752 -0.000886468
vt 0.620972 0.00235301
vn 0.999998 0.00185659 -0.000875285
vt 0.620972 0.131587
vn 0.999998 0.00187303 -0.000883032
vt 0.787617 0.131587
vn 0.999998 0.00188413 -0.000894337
vt 0.787617 0.00235301
vn 0.999998 0.0017712 -0.000894988
vt 0.787617 0.00235301
vn 0.999998 0.00171627 -0.00080359
vt 0.787617 0.131587
vn 0.999998 0.00179033 -0.000882522
vt 0.620972 0.131587
vn 0.999998 0.00183511 -0.000910526
vt 0.620972 0.00235301
vn 0.999998 0.00184045 -0.000867675
vt 0.787617 0.131587
vn 0.999998 0.00185118 -0.000878711
vt 0.787617 0.00235301
vn 0.999998 0.00190388 -0.000900654
vt 0.787617 0.131587
vn 0.999998 0.00191248 -0.000913983
vt 0.787617 0.00235301
vn 0.999998 0.00190103 -0.00090236
vt 0.620972 0.00235301
vn 0.999998 0.00188973 -0.00089089
vt 0.620972 0.131587
vn 0 0.905644 -0.424039
vt 0.569547 0.16153
vn 0 0.905644 -0.424039
vt 0.569547 0.131587
vn 0 0.905644 -0.424039
vt 0.787617 0.131587
vn 0 0.905644 -0.424039
vt 0.787617 0.16153
vn -1 0 0
vt 0.787617 0.131587
vn -1 0 0
vt 0.620972 0.131587
vn -1 0 0
vt 0.620972 0.00235301
vn -1 0 0
vt 0.787617 0.00235301
vn 0 0.905644 -0.424039
vt 0.787617 0.16153
vn 0 0.905644 -0.424039
vt 0.787617 0.131587
vn 0 0.905642 -0.424043
vt 0.569547 0.131587
vn 0 0.905642 -0.424043
vt 0.569547 0.16153
vn 0 0.905645 -0.424037
vt 0.569547 0.131587
vn 0 0.905645 -0.424037
vt 0.569547 0.16153
vn 0 0.905644 -0.424039
vt 0.787617 0.131587
vn 0 0.905644 -0.424039
vt 0.787617 0.16153
vn 0 0.905644 -0.424039
vt 0.569547 0.16153
vn 0 0.905644 -0.424039
vt 0.569547 0.131587
vn -1 0 0
vt 0.620972 0.131587
vn -1 0 0
vt 0.787617 0.131587
vn -1 0 0
vt 0.787617 0.00235301
vn -1 0 0
vt 0.620972 0.00235301
vn -1 0 0
vt 0.787617 0.131587
vn -1 0 0
vt 0.787617 0.00235301
vn -1 0 0
vt 0.620972 0.00235301
vn -1 0 0
vt 0.787617 0.00235301
vn -1 0 0
vt 0.787617 0.131587
vn -1 0 0
vt 0.620972 0.131587
vn 0.999998 0.00182817 -0.000867793
vt 0.620972 0.00235301
vn 0.999998 0.00181748 -0.000856845
vt 0.620972 0.131587
vn 0.999998 0.00183357 -0.000864429
vt 0.787617 0.131587
vn 0.999998 0.00184444 -0.000875496
vt 0.787617 0.00235301
vn 0.999998 0.00173389 -0.000876133
vt 0.787617 0.00235301
vn 0.999998 0.00168012 -0.000786661
vt 0.787617 0.131587
vn 0.999998 0.00175262 -0.00086393
vt 0.620972 0.131587
vn 0.999998 0.00179645 -0.000891343
vt 0.620972 0.00235301
vn 0.999998 0.00180168 -0.000849396
vt 0.787617 0.131587
vn 0.999998 0.00181218 -0.000860199
vt 0.787617 0.00235301
vn 0.999998 0.00186377 -0.00088168
vt 0.787617 0.131587
vn 0.999998 0.00187219 -0.000894728
vt 0.787617 0.00235301
vn 0.999998 0.00186098 -0.00088335
vt 0.620972 0.00235301
vn 0.999998 0.00184992 -0.000872121
vt 0.620972 0.131587
vn 0 1 -2.11995e-05
vt 0.569547 0.161374
vn 0 1 -2.11995e-05
vt 0.787617 0.161373
vn 0 1 -2.11995e-05
vt 0.787617 0.131587
vn 0 1 -2.11995e-05
vt 0.569547 0.131587
vn 1 -1.28869e-08 -3.5335e-05
vt 0.787617 0.00235301
vn 1 -1.65467e-08 -3.53325e-05
vt 0.787617 0.131587
vn 1 -1.28869e-08 -3.5335e-05
vt 0.569547 0.131587
vn 1 -9.22005e-09 -3.53375e-05
vt 0.569547 0.00235301
vn -1 0.000364471 3.51073e-05
vt 0.569547 0.131587
vn -1 0.000364151 3.53248e-05
vt 0.787617 0.131587
vn -1 0.000364471 3.51073e-05
vt 0.787617 0.00235301
vn -1 0.000364792 3.48895e-05
vt 0.569547 0.00235301
vn -2.03707e-05 1 0
vt 0.569547 0.161374
vn -2.03707e-05 1 0
vt 0.787617 0.161373
vn -2.03707e-05 1 0
vt 0.787617 0.131587
vn -2.03707e-05 1 0
vt 0.569547 0.131587
vn 0 0 -1
vt 0.787617 0.00235301
vn 0 0 -1
vt 0.787617 0.131587
vn -1.42405e-06 0.068039 -0.997683
vt 0.569547 0.131587
vn 0 0 -1
vt 0.569547 0.00235301
vn -2.09299e-05 1 0
vt 0.569547 0.161373
vn -2.09299e-05 1 0
vt 0.787617 0.161372
vn -1.09027e-06 0.0520915 -0.998642
vt 0.787617 0.131587
vn 0 0 -1
vt 0.787617 0.00235301
vn 0.000744348 0.00150904 0.999999
vt 0.569547 0.131587
vn -7.7008e-08 0.00378032 0.999993
vt 0.787617 0.131587
vn 0.00110843 0.00206873 0.999997
vt 0.787617 0.00235301
vn 0.000749578 0.000365155 1
vt 0.569547 0.00235301
vn -2.2578e-07 0.000365109 1
vt 0.787617 0.131587
vn -4.44346e-07 0.000365436 1
vt 0.787617 0.00235301
vn 0 1 -2.83607e-05
vt 0.569547 0.161374
vn 0 1 -2.83607e-05
vt 0.787617 0.161373
vn 0 1 -2.83607e-05
vt 0.787617 0.131587
vn 0 1 -2.83607e-05
vt 0.569547 0.131587
vn 1 -1.29201e-08 -4.7722e-05
vt 0.787617 0.00235301
vn 1 -1.73757e-08 -4.77179e-05
vt 0.787617 0.131587
vn 1 -1.29201e-08 -4.7722e-05
vt 0.569547 0.131587
vn 1 -8.45577e-09 -4.7726e-05
vt 0.569547 0.00235301
vn -1 0.000364458 -3.04537e-07
vt 0.569547 0.131587
vn -1 0.000364134 -1.03271e-08
vt 0.787617 0.131587
vn -1 0.000364458 -3.04537e-07
vt 0.787617 0.00235301
vn -1 0.000364783 -5.99322e-07
vt 0.569547 0.00235301
vn 1.88119e-05 1 0
vt 0.569547 0.161374
vn 1.88119e-05 1 0
vt 0.787617 0.161373
vn 1.88119e-05 1 0
vt 0.787617 0.131587
vn 1.88119e-05 1 0
vt 0.569547 0.131587
vn 0 0 1
vt 0.787617 0.00235301
vn 0 0 1
vt 0.787617 0.131587
vn 0 0 1
vt 0.569547 0.131587
vn 0 0 1
vt 0.569547 0.00235301
vn 2.02e-07 0.000364458 -1
vt 0.569547 0.131587
vn 6.85006e-09 0.000364134 -1
vt 0.787617 0.131587
vn 2.02e-07 0.000364458 -1
vt 0.787617 0.00235301
vn 3.97529e-07 0.000364783 -1
vt 0.569547 0.00235301
vn 1.84276e-05 1 0
vt 0.569547 0.161374
vn 1.84276e-05 1 0
vt 0.787617 0.161373
vn 1.84276e-05 1 0
vt 0.787617 0.131587
vn 1.84276e-05 1 0
vt 0.569547 0.131587
vn 0 0 1
vt 0.787617 0.00235301
vn 0 0 1
vt 0.787617 0.131587
vn 0 0 1
vt 0.569547 0.131587
vn 0 0 1
vt 0.569547 0.00235301
vn 1.97846e-07 0.000364458 -1
vt 0.569547 0.131587
vn 6.71013e-09 0.000364134 -1
vt 0.787617 0.131587
vn 1.97846e-07 0.000364458 -1
vt 0.787617 0.00235301
vn 3.89296e-07 0.000364783 -1
vt 0.569547 0.00235301
vn 2.1703e-07 0.000364477 -1
vt 0.587909 0.00235301
vn 4.25884e-09 0.000364572 -1
vt 0.587909 0.131587
vn 2.1703e-07 0.000364477 -1
vt 0.661082 0.131587
vn 4.30063e-07 0.000364382 -1
vt 0.661082 0.00235301
vn 1.1677e-05 1 -3.20716e-08
vt 0.712162 0.161373
vn 1.16722e-05 1 -1.15767e-08
vt 0.712162 0.131587
vn 1.1677e-05 1 -3.20716e-08
vt 0.652897 0.131587
vn 1.16817e-05 1 -5.25834e-08
vt 0.652897 0.161373
vn 0 0 1
vt 0.587909 0.131587
vn 0 0 1
vt 0.587909 0.00235301
vn 0 0 1
vt 0.661082 0.00235301
vn 0 0 1
vt 0.661082 0.131587
vn 2.1703e-07 0.000364477 -1
vt 0.587909 0.00235301
vn 4.25883e-09 0.000364572 -1
vt 0.587909 0.131587
vn 2.1703e-07 0.000364477 -1
vt 0.661082 0.131587
vn 4.30062e-07 0.000364382 -1
vt 0.661082 0.00235301
vn 1.16756e-05 1 -3.20957e-08
vt 0.712162 0.161373
vn 1.16695e-05 1 -5.84264e-09
vt 0.712162 0.131587
vn 1.16756e-05 1 -3.20957e-08
vt 0.652897 0.131587
vn 1.16817e-05 1 -5.83763e-08
vt 0.652897 0.161373
vn 0 0 1
vt 0.587909 0.131587
vn 0 0 1
vt 0.587909 0.00235301
vn 0 0 1
vt 0.661082 0.00235301
vn 0 0 1
vt 0.661082 0.131587
vn 0 0.898319 -0.439344
vt 0.183098 0.323778
vn 0 0.898319 -0.439344
vt 0.005145 0.323778
vn 0 0.898319 -0.439344
vt 0.005145 0.137427
vn 0 0.898319 -0.439344
vt 0.183098 0.137427
vn 0 0.894548 -0.446971
vt 0.183098 0.323778
vn 0 0.894548 -0.446971
vt 0.005145 0.323778
vn 0 0.894548 -0.446971
vt 0.005145 0.137427
vn 0 0.894548 -0.446971
vt 0.183098 0.137427
vn 5.36323e-05 0.898339 -0.439302
vt 0.183098 0.323778
vn 0.000107254 0.89836 -0.43926
vt 0.005145 0.323778
vn 5.36323e-05 0.898339 -0.439302
vt 0.005145 0.137427
vn 0 0.898319 -0.439344
vt 0.183098 0.137427
vn -5.46151e-05 0.89457 -0.446928
vt 0.183098 0.323778
vn 0 0.894591 -0.446885
vt 0.005145 0.323778
vn -5.46151e-05 0.89457 -0.446928
vt 0.005145 0.137427
vn -0.000109241 0.894548 -0.446971
vt 0.183098 0.137427
vn -5.35804e-05 0.898339 -0.439302
vt 0.183098 0.323778
vn -0.000107172 0.898319 -0.439344
vt 0.005145 0.323778
vn -5.35804e-05 0.898339 -0.439302
vt 0.005145 0.137427
vn 0 0.89836 -0.43926
vt 0.183098 0.137427
vn 5.45622e-05 0.89457 -0.446928
vt 0.183098 0.323778
vn 0 0.894548 -0.446971
vt 0.005145 0.323778
vn 5.45622e-05 0.89457 -0.446928
vt 0.005145 0.137427
vn 0.000109113 0.894591 -0.446885
vt 0.183098 0.137427
vn -1 0 0
vt 0.715252 0.163363
vn -1 0 0
vt 0.715252 0.318139
vn -1 0 0
vt 0.783827 0.318139
vn -1 0 0
vt 0.646676 0.318139
vn -1 0 0
vt 0.646676 0.163363
vn -1 0 0
vt 0.783827 0.163363
vn -1 0 0
vt 0.715252 0.318139
vn -1 0 0
vt 0.715252 0.163363
vn 0 1 0
vt 0.485835 0.561111
vn 0 1 0
vt 0.485837 0.423366
vn 0 1 0
vt 0.345744 0.423366
vn 0 1 0
vt 0.345744 0.561111
vn 0 1 0
vt 0.485835 0.561111
vn 0 1 0
vt 0.485837 0.423366
vn 0 1 0
vt 0.345744 0.423366
vn 0 1 0
vt 0.345744 0.561111
vn 0 1 0
vt 0.485835 0.561111
vn 0 1 0
vt 0.345744 0.423366
vn 0 1 0
vt 0.345744 0.561111
vn 0 1 0
vt 0.485835 0.561111
vn 0 1 0
vt 0.345744 0.423366
vn 0 1 0
vt 0.345744 0.561111
vn 0.00110898 0 -0.999999
vt 0.783827 0.163363
vn 0.00110898 0 -0.999999
vt 0.783827 0.318139
vn 0.00110898 0 -0.999999
vt 0.646676 0.318139
vn 0.00110898 0 -0.999999
vt 0.646676 0.163363
vn 0 1 0
vt 0.485835 0.561111
vn 0 1 0
vt 0.485837 0.423366
vn 0 1 0
vt 0.345744 0.423366
vn 0 1 0
vt 0.345744 0.561111
vn 0.00244143 0.999993 -0.00293521
vt 0.485835 0.561111
vn 0.00244143 0.999993 -0.00293521
vt 0.345744 0.423366
vn 0.00487903 0.999971 -0.00586583
vt 0.345744 0.561111
vn 0 1 0
vt 0.485835 0.561111
vn 0 1 0
vt 0.485837 0.423366
vn 0 1 0
vt 0.345744 0.561111
vn 0 1 2.88357e-05
vt 0.778134 0.131512
vn 0 1 2.88357e-05
vt 0.74784 0.131512
vn 0 1 2.88357e-05
vt 0.74784 0.161223
vn 0 1 2.88357e-05
vt 0.778134 0.161223
vn 0 0 -1
vt 0.940094 0.997409
vn 0 0 -1
vt 0.996081 0.997409
vn 0 0 -1
vt 0.996081 0.579687
vn 0 0 -1
vt 0.940094 0.579687
vn 1 0 0
vt 0.940094 0.997409
vn 1 0 0
vt 0.996081 0.997409
vn 1 0 0
vt 0.996081 0.579687
vn 1 0 0
vt 0.940094 0.579687
vn 0 0 1
vt 0.940094 0.997409
vn 0 0 1
vt 0.996081 0.997409
vn 0 0 1
vt 0.996081 0.579687
vn 0 0 1
vt 0.940094 0.579687
vn -1 0 0
vt 0.940094 0.997409
vn -1 0 0
vt 0.996081 0.997409
vn -1 0 0
vt 0.996081 0.579687
vn -1 0 0
vt 0.940094 0.579687
vn -2.03707e-05 1 0
vt 0.569547 0.161374
vn -2.03707e-05 1 0
vt 0.787617 0.161373
vn -2.03707e-05 1 0
vt 0.787617 0.131587
vn -2.03707e-05 1 0
vt 0.569547 0.131587
vn 0 0 -1
vt 0.787617 0.00235301
vn 0 0 -1
vt 0.787617 0.131587
vn -1.42404e-06 0.0680382 -0.997683
vt 0.569547 0.131587
vn 0 0 -1
vt 0.569547 0.00235301
vn -2.09299e-05 1 0
vt 0.569547 0.161373
vn -2.09299e-05 1 0
vt 0.787617 0.161372
vn -1.09029e-06 0.0520924 -0.998642
vt 0.787617 0.131587
vn 0 0 -1
vt 0.787617 0.00235301
vn 0.000744348 0.00150908 0.999999
vt 0.569547 0.131587
vn -7.7008e-08 0.00378032 0.999993
vt 0.787617 0.131587
vn 0.00110843 0.00206879 0.999997
vt 0.787617 0.00235301
vn 0.000749587 0.000365194 1
vt 0.569547 0.00235301
vn -2.25784e-07 0.000365109 1
vt 0.787617 0.131587
vn -4.44362e-07 0.000365436 1
vt 0.787617 0.00235301
vn 0 1 -2.83607e-05
vt 0.569547 0.161374
vn 0 1 -2.83607e-05
vt 0.787617 0.161373
vn 0 1 -2.83607e-05
vt 0.787617 0.131587
vn 0 1 -2.83607e-05
vt 0.569547 0.131587
vn 1 -1.29201e-08 -4.7722e-05
vt 0.787617 0.00235301
vn 1 -1.73757e-08 -4.77179e-05
vt 0.787617 0.131587
vn 1 -1.29201e-08 -4.7722e-05
vt 0.569547 0.131587
vn 1 -8.45577e-09 -4.7726e-05
vt 0.569547 0.00235301
vn -1 0.000364458 -3.04536e-07
vt 0.569547 0.131587
vn -1 0.000364134 -1.03271e-08
vt 0.787617 0.131587
vn -1 0.000364458 -3.04536e-07
vt 0.787617 0.00235301
vn -1 0.000364783 -5.99319e-07
vt 0.569547 0.00235301
vn 1 0 1.94949e-05
vt 0.573687 0.77137
vn 1 0 1.94949e-05
vt 0.573688 0.997848
vn 1 0 1.94949e-05
vt 0.381025 0.997848
vn 1 0 1.94949e-05
vt 0.381025 0.77137
vn -1 -4.57984e-05 0.00092333
vt 0.381025 0.668034
vn -1 0 0.000482817
vt 0.381025 0.77137
vn -1 -9.20771e-05 0.000435893
vt 0.551107 0.77137
vn -1 -9.11205e-05 -0.000472803
vt 0.551107 0.668034
vn -0.999999 -6.86965e-05 -0.00134233
vt 0.381025 0.77137
vn -0.999999 0 -0.00128084
vt 0.381025 0.668034
vn -1 0 0
vt 0.551107 0.668034
vn -1 0 0
vt 0.551107 0.77137
vn -1 0 0
vt 0.381025 0.997848
vn -1 0 0
vt 0.573688 0.997848
vn -1 0 0
vt 0.573687 0.77137
vn -1 0 0
vt 0.381025 0.77137
vn 0 0 1
vt 0.826453 0.687754
vn 0 0 1
vt 0.826453 0.99842
vn 0 0 1
vt 0.729339 0.99842
vn 0 0 1
vt 0.729339 0.687754
vn 0 0 -1
vt 0.729339 0.687754
vn 0 0 -1
vt 0.729339 0.99842
vn 0 0 -1
vt 0.826453 0.99842
vn 0 0 -1
vt 0.826453 0.687754
vn 0 0 1
vt 0.729339 0.687754
vn 0 0 1
vt 0.729339 0.99842
vn 0 0 1
vt 0.826453 0.99842
vn 0 0 1
vt 0.826453 0.687754
vn 0 -2.90527e-07 -1
vt 0.826453 0.687754
vn 0 -2.90527e-07 -1
vt 0.826453 0.99842
vn 0 -2.90527e-07 -1
vt 0.729339 0.99842
vn 0 -2.90527e-07 -1
vt 0.729339 0.687754
vn 0 0 1
vt 0.729339 0.687754
vn 0 0 1
vt 0.729339 0.99842
vn 5.26389e-07 0 1
vt 0.820521 0.99842
vn 0 0 1
vt 0.820521 0.687754
vn 0 0 -1
vt 0.820521 0.687754
vn 0 0 -1
vt 0.820521 0.99842
vn 0 0 -1
vt 0.729339 0.99842
vn 0 0 -1
vt 0.729339 0.687754
vn -1 0 0
vt 0.727591 0.688485
vn -1 0 0
vt 0.727591 0.998294
vn -1 0 0
vt 0.716803 0.998294
vn -1 0 0
vt 0.716803 0.688485
vn 0 0 1
vt 0.729339 0.687754
vn 0 0 1
vt 0.729339 0.99842
vn 0 0 1
vt 0.820521 0.99842
vn 0 0 1
vt 0.820521 0.687754
vn 1 1.81834e-05 6.60766e-05
vt 0.727591 0.688485
vn 1 1.53124e-05 0.000132153
vt 0.727591 0.998294
vn 1 1.81834e-05 6.60766e-05
vt 0.716803 0.998294
vn 1 2.10545e-05 0
vt 0.716803 0.688485
vn 6.82237e-12 -2.90526e-07 -1
vt 0.729339 0.687754
vn 1.36453e-11 -2.90527e-07 -1
vt 0.729339 0.99842
vn 1.55533e-07 -2.25356e-07 -1
vt 0.820521 0.99842
vn 0 -2.90524e-07 -1
vt 0.820521 0.687754
vn 0 0 1
vt 0.920755 0.687754
vn 0 0 1
vt 0.920755 0.99842
vn 0 0 1
vt 0.855154 0.99842
vn 0 0 1
vt 0.855154 0.687754
vn 0 0 -1
vt 0.855154 0.687754
vn 0 0 -1
vt 0.855154 0.99842
vn -3.99789e-07 0 -1
vt 0.920756 0.99842
vn -3.93741e-07 -9.83075e-08 -1
vt 0.920756 0.687754
vn 0 0 1
vt 0.855154 0.687754
vn 0 0 1
vt 0.855154 0.99842
vn -5.81809e-07 -1.45264e-07 -1
vt 0.855154 0.99842
vn 0 -2.90527e-07 -1
vt 0.855154 0.687754
vn 0.63746 0.144708 -0.756772
vt 0.692839 0.67713
vn 0.980314 0.140215 0.139013
vt 0.706104 0.67713
vn 0.896016 -0.400751 -0.19119
vt 0.706104 0.661308
vn 0.284126 -0.417219 -0.86325
vt 0.692958 0.661308
vn -0.37997 0.1468 -0.913276
vt 0.665756 0.67713
vn -0.637371 -0.409873 -0.652505
vt 0.665637 0.661308
vn -0.98033 0.140125 -0.138988
vt 0.652491 0.67713
vn -0.896034 -0.400734 0.191143
vt 0.652491 0.661308
vn -0.637503 0.14468 0.756741
vt 0.665756 0.67713
vn -0.284148 -0.417201 0.863251
vt 0.665637 0.661308
vn 0.379944 0.146804 0.913286
vt 0.692839 0.67713
vn 0.637321 -0.409856 0.652565
vt 0.692958 0.661308
vn 0.986021 0.0278985 0.164266
vt 0.706104 0.692502
vn 0.663546 0.0287598 -0.747582
vt 0.692747 0.692502
vn -0.359166 0.0292508 -0.932815
vt 0.665849 0.692502
vn -0.986021 0.0278906 -0.16427
vt 0.652491 0.692502
vn -0.66355 0.0287604 0.747579
vt 0.665849 0.692502
vn 0.359168 0.0292571 0.932814
vt 0.692747 0.692502
vn 0.98386 -3.36058e-07 -0.178942
vt 0.706104 0.985093
vn 0.344048 -1.76338e-06 -0.938952
vt 0.692259 0.985093
vn -0.675518 -1.2193e-06 -0.737343
vt 0.666336 0.985093
vn -0.98386 0 0.178943
vt 0.652491 0.985093
vn -0.344052 0 0.938951
vt 0.666336 0.985093
vn 0.675523 1.80664e-07 0.737339
vt 0.692259 0.985093
vn 0 0 1
vt 0.826453 0.687754
vn 0 0 1
vt 0.826453 0.99842
vn 0 0 1
vt 0.729339 0.99842
vn 0 0 1
vt 0.729339 0.687754
vn 0 0 -1
vt 0.729339 0.687754
vn 0 0 -1
vt 0.729339 0.99842
vn 0 0 -1
vt 0.826453 0.99842
vn 0 0 -1
vt 0.826453 0.687754
vn 0.00169161 0 0.999999
vt 0.729339 0.687754
vn 0.00169161 0 0.999999
vt 0.729339 0.99842
vn 0.00169161 0 0.999999
vt 0.826453 0.99842
vn 0.00169161 0 0.999999
vt 0.826453 0.687754
vn 1.20715e-06 -1.45264e-07 -1
vt 0.826453 0.687754
vn 2.41429e-06 -2.90527e-07 -1
vt 0.826453 0.99842
vn 1.20715e-06 -1.45264e-07 -1
vt 0.729339 0.99842
vn 0 0 -1
vt 0.729339 0.687754
vn 0 0 1
vt 0.920755 0.687754
vn 0 0 1
vt 0.920755 0.99842
vn 0 0 1
vt 0.855154 0.99842
vn 0 0 1
vt 0.855154 0.687754
vn -5.97178e-07 -1.45264e-07 -1
vt 0.855154 0.687754
vn -1.19436e-06 0 -1
vt 0.855154 0.99842
vn -3.96756e-07 -1.94016e-07 -1
vt 0.920756 0.99842
vn 0 -2.90527e-07 -1
vt 0.920756 0.687754
vn 0 0 1
vt 0.855154 0.687754
vn 0 0 1
vt 0.855154 0.99842
vn 0 -2.90527e-07 -1
vt 0.855154 0.99842
vn 0 -2.90527e-07 -1
vt 0.855154 0.687754
vn 0 0 1
vt 0.377421 0.643515
vn 0 0 1
vt 0.377421 0.572448
vn 0 0 1
vt 0.64117 0.572448
vn 0 0 1
vt 0.64117 0.643515
vn 0 0 1
vt 0.377421 0.643515
vn 0 0 1
vt 0.377421 0.572448
vn 0 0 1
vt 0.64117 0.572448
vn 0 0 1
vt 0.64117 0.643515
vn 0 -0.0401637 0.999193
vt 0.377421 0.572448
vn 0 0 1
vt 0.377421 0.643515
vn 0 0 1
vt 0.64117 0.643515
vn 0 -0.158689 0.987329
vt 0.64117 0.572448
vn 0 0 1
vt 0.64117 0.643515
vn 0 -0.158746 0.98732
vt 0.64117 0.572448
vn 0 -1 0
vt 0.377421 0.578223
vn 0 -1 0
vt 0.377421 0.572448
vn 0 -1 0
vt 0.64117 0.572448
vn 0 -1 0
vt 0.64117 0.578223
vn 0 -1 0
vt 0.377421 0.578223
vn 0 -1 0
vt 0.377421 0.572448
vn 0 -1 0
vt 0.64117 0.572448
vn 0 -1 0
vt 0.64117 0.578223
vn 0 -1 0
vt 0.377421 0.578223
vn 0 -1 0
vt 0.64117 0.578223
vn 0 -1 0
vt 0.377421 0.578223
vn 0 -1 0
vt 0.64117 0.578223
vn 0 0 -1
vt 0.377421 0.643515
vn 0 0 -1
vt 0.377421 0.572448
vn 0 0 -1
vt 0.64117 0.572448
vn 0 0 -1
vt 0.64117 0.643515
vn -8.49387e-06 -2.92094e-05 -1
vt 0.377421 0.643515
vn 0 -5.84189e-05 -1
vt 0.377421 0.572448
vn -8.49387e-06 -2.92094e-05 -1
vt 0.64117 0.572448
vn -1.69877e-05 0 -1
vt 0.64117 0.643515
vn -8.49386e-06 -2.92094e-05 -1
vt 0.377421 0.643515
vn -1.69877e-05 0 -1
vt 0.377421 0.572448
vn -8.49386e-06 -2.92094e-05 -1
vt 0.64117 0.572448
vn 0 -5.84189e-05 -1
vt 0.64117 0.643515
vn 0 0 -1
vt 0.377421 0.643515
vn 0 0 -1
vt 0.64117 0.572448
vn 0 0 -1
vt 0.64117 0.643515
vn 0.00228628 -0.995969 -0.0896635
vt 1.94429 -0.893918
vn 0.387746 -0.918013 -0.0830997
vt 1.79235 -0.893918
vn -0.304992 -0.926659 0.219733
vt 1.91889 -0.927011
vn -0.0565696 -0.971455 0.230379
vt 1.84928 -0.927011
vn 0.00310175 -0.998148 0.0607488
vt 1.87835 -0.927011
vn 0.101402 -0.994589 0.022593
vt 1.99888 -0.927011
vn 0.180593 -0.983558 -3.26544e-05
vt 1.79235 -0.927011
vn -0.141848 -0.989888 -0.000137286
vt 1.99888 -0.927011
vn 0.00252501 -0.998245 -0.0591699
vt 1.79235 -0.927011
vn -0.0416872 -0.993263 -0.108127
vt 1.91241 -0.927011
vn -0.358245 -0.915132 -0.184919
vt 1.91065 -0.927011
vn -0.025683 -0.979867 -0.197992
vt 1.84499 -0.927011
vn -0.207458 -0.924743 -0.319078
vt 1.92438 -0.927011
vn -0.218113 -0.972033 -0.0870508
vt 1.86504 -0.927011
vn -0.121921 -0.979007 -0.163343
vt 1.84974 -0.927011
vn -0.0669049 -0.990545 0.119768
vt 1.94429 -0.927011
vn 0.00159554 -0.991791 -0.12786
vt 1.87309 -0.927011
vn 0.00156498 -0.980756 0.195231
vt 1.99888 -0.927011
vn 0.00118806 -0.991315 -0.1315
vt 1.93146 -0.927011
vn 0.00107302 -0.980853 0.194747
vt 1.79235 -0.927011
vn 0.18112 -0.98332 0.0166333
vt 1.91889 -0.997624
vn 0.00153377 -0.966371 0.257147
vt 1.79235 -0.997624
vn 0.0197024 -0.970869 -0.238799
vt 1.94429 -0.997624
vn 0.00160518 -0.975409 -0.220397
vt 1.81198 -0.997624
vn 0 -0.985184 -0.171499
vt 1.8364 -0.997624
vn -0.0583398 -0.974087 -0.218521
vt 1.93146 -0.997624
vn -0.230386 -0.953123 -0.196159
vt 1.89574 -0.997624
vn 0.249034 -0.945112 0.211533
vt 1.91889 -0.997624
vn 0.304845 -0.951989 0.0280546
vt 1.99888 -0.997624
vn 0.22158 -0.975142 0
vt 1.87835 -0.997624
vn 0.328 -0.944678 -0.000111162
vt 1.79235 -0.997624
vn 0.327509 -0.944848 0.000138476
vt 1.99888 -0.997624
vn 0.28021 -0.958257 -0.0567934
vt 1.91241 -0.997624
vn 0.326952 -0.945041 0
vt 1.79235 -0.997624
vn 0.25067 -0.948896 -0.191734
vt 1.84499 -0.997624
vn -0.213551 -0.951549 0.221248
vt 1.92438 -0.997624
vn -0.065273 -0.96576 0.251093
vt 1.84974 -0.997624
vn 0 -0.979996 0.199018
vt 1.94429 -0.997624
vn 0.00154094 -0.955675 0.294419
vt 1.87309 -0.997624
vn 0.00153639 -0.955674 0.294424
vt 1.99888 -0.997624
vn 0.00101441 -0.95569 0.294375
vt 1.93146 -0.997624
vn 0.000980856 -0.955677 0.294415
vt 1.79235 -0.997624
vn -0.374013 -0.923659 -0.0834788
vt 1.91889 -0.859725
vn -0.374026 -0.923658 -0.0834304
vt 1.79235 -0.859725
vn -0.00230383 -0.995947 -0.0899157
vt 1.94429 -0.859725
vn -0.00228622 -0.995942 -0.0899695
vt 1.81198 -0.859725
vn 0.162953 -0.98621 -0.028929
vt 1.8364 -0.859725
vn 0.186707 -0.978441 -0.0882819
vt 1.93146 -0.859725
vn 0.298037 -0.954476 0.0121914
vt 1.98995 -0.859725
vn 0.297894 -0.954524 0.011954
vt 1.89574 -0.859725
vn 0.0132719 -0.963821 0.266222
vt 1.91989 -0.859725
vn 0.0119769 -0.963734 0.266597
vt 1.81297 -0.859725
vn -0.0665728 -0.995033 0.0740058
vt 1.99888 -0.859725
vn 0.0315608 -0.98556 0.166362
vt 1.87835 -0.859725
vn -0.101903 -0.994794 -4.62571e-05
vt 1.79235 -0.859725
vn -0.101704 -0.994815 8.10987e-05
vt 1.99888 -0.859725
vn -0.0326467 -0.988925 -0.144784
vt 1.91241 -0.859725
vn -0.0998422 -0.981124 -0.165613
vt 1.79235 -0.859725
vn 0.0152414 -0.963953 -0.265635
vt 1.84499 -0.859725
vn 0.0164534 -0.963775 -0.266209
vt 1.94891 -0.859725
vn 0.297983 -0.954499 -0.011765
vt 1.83046 -0.859725
vn 0.298039 -0.954483 -0.0116075
vt 1.92438 -0.859725
vn 0.186707 -0.978441 0.0882866
vt 1.84974 -0.859725
vn 0.163397 -0.986139 0.0288354
vt 1.94429 -0.859725
vn -0.00204172 -0.995999 0.0893367
vt 1.87309 -0.859725
vn -0.00221163 -0.995951 0.0898666
vt 1.99888 -0.859725
vn -0.00196012 -0.996168 0.087443
vt 1.93146 -0.859725
vn -0.00233742 -0.996046 0.0888065
vt 1.79235 -0.859725
vn -0.00127329 -0.937949 0.34677
vt 1.79235 -0.997624
vn -0.001307 -0.937931 0.346818
vt 1.93146 -0.997624
vn -0.00159101 -0.937929 0.346825
vt 1.99888 -0.997624
vn -0.00150792 -0.937967 0.346721
vt 1.87309 -0.997624
vn 0 -0.966111 0.258128
vt 1.94429 -0.997624
vn 0.0505817 -0.950606 0.306252
vt 1.84974 -0.997624
vn 0.211305 -0.936744 0.279036
vt 1.92438 -0.997624
vn -0.313464 -0.931692 -0.183552
vt 1.84499 -0.997624
vn -0.343054 -0.938272 -0.0442732
vt 1.79235 -0.997624
vn -0.29029 -0.956939 0
vt 1.91241 -0.997624
vn -0.387567 -0.921841 6.44338e-05
vt 1.79235 -0.997624
vn -0.387215 -0.921989 0.000429672
vt 1.99888 -0.997624
vn -0.387517 -0.921863 -0.000282014
vt 1.99888 -0.997624
vn -0.342975 -0.93829 0.0444992
vt 1.87835 -0.997624
vn -0.317115 -0.916492 0.243887
vt 1.91889 -0.997624
vn 0.254169 -0.93708 -0.239329
vt 1.89574 -0.997624
vn 0.0486669 -0.964114 -0.260989
vt 1.93146 -0.997624
vn 0 -0.977042 -0.213047
vt 1.8364 -0.997624
vn -0.0183458 -0.959874 -0.279832
vt 1.81198 -0.997624
vn -0.00156898 -0.953413 -0.301664
vt 1.94429 -0.997624
vn -0.168285 -0.985668 0.0118059
vt 1.79235 -0.997624
vn -0.00153358 -0.966237 -0.257651
vt 1.91889 -0.997624
vn 0 0 -1
vt 0.377421 0.643515
vn 0 -0.0267821 -0.999641
vt 0.377421 0.572448
vn 0 0 -1
vt 0.64117 0.572448
vn 0 0 -1
vt 0.64117 0.643515
vn 0 -1 0
vt 0.377421 0.578223
vn 0 -0.0801214 0.996785
vt 0.377421 0.572448
vn 0 -1 0
vt 0.64117 0.572448
vn 0 -1 0
vt 0.64117 0.578223
vn 0 -5.5637e-06 1
vt 0.377421 0.643515
vn 0 -5.5637e-06 1
vt 0.377421 0.572448
vn 0 -5.5637e-06 1
vt 0.64117 0.572448
vn 0 -5.5637e-06 1
vt 0.64117 0.643515
vn 0 0 -1
vt 0.377421 0.643515
vn 0 0 -1
vt 0.377421 0.572448
vn 0 0 -1
vt 0.64117 0.572448
vn 0 0 -1
vt 0.64117 0.643515
vn 0 0 -1
vt 0.377421 0.643515
vn 0 0 -1
vt 0.377421 0.572448
vn 0 0 -1
vt 0.64117 0.572448
vn 0 0 -1
vt 0.64117 0.643515
vn 0 -0.040155 -0.999193
vt 0.377421 0.572448
vn 0 0 -1
vt 0.377421 0.643515
vn 0 0 -1
vt 0.64117 0.643515
vn 0 -0.158712 -0.987325
vt 0.64117 0.572448
vn 0 0 -1
vt 0.64117 0.643515
vn 0 -0.158712 -0.987325
vt 0.64117 0.572448
vn 0 -1 0
vt 0.377421 0.578223
vn 0 -1 0
vt 0.377421 0.572448
vn 0 -1 0
vt 0.64117 0.572448
vn 0 -1 0
vt 0.64117 0.578223
vn 0 -1 0
vt 0.377421 0.578223
vn 0 -1 0
vt 0.377421 0.572448
vn 0 -1 0
vt 0.64117 0.572448
vn 0 -1 0
vt 0.64117 0.578223
vn 0 -1 0
vt 0.377421 0.578223
vn 0 -1 0
vt 0.64117 0.578223
vn 0 -1 0
vt 0.377421 0.578223
vn 0 -1 0
vt 0.64117 0.578223
vn 0 0 1
vt 0.377421 0.643515
vn 0 0 1
vt 0.377421 0.572448
vn 0 0 1
vt 0.64117 0.572448
vn 0 0 1
vt 0.64117 0.643515
vn 8.08943e-07 -2.78185e-06 1
vt 0.377421 0.643515
vn 0 -5.5637e-06 1
vt 0.377421 0.572448
vn 8.08943e-07 -2.78185e-06 1
vt 0.64117 0.572448
vn 1.61789e-06 0 1
vt 0.64117 0.643515
vn 0 0 1
vt 0.377421 0.643515
vn 0 0 1
vt 0.377421 0.572448
vn 0 0 1
vt 0.64117 0.572448
vn 0 0 1
vt 0.64117 0.643515
vn 8.0894e-07 -2.78185e-06 1
vt 0.377421 0.643515
vn 8.0894e-07 -2.78185e-06 1
vt 0.64117 0.572448
vn 1.61788e-06 0 1
vt 0.64117 0.643515
vn 0 -0.000588867 1
vt 0.318269 0.240434
vn 0 -0.000588867 1
vt 0.62956 0.240434
vn 0 -0.000588867 1
vt 0.62956 0.281756
vn 0 -0.000588867 1
vt 0.31827 0.281756
vn 0 -0.000588867 1
vt 0.31827 0.240434
vn 0 0.00104645 -0.999999
vt 0.31827 0.240434
vn 0 0.00104645 -0.999999
vt 0.31827 0.281756
vn 0 0.00104645 -0.999999
vt 0.62956 0.281756
vn 0 0.00104645 -0.999999
vt 0.62956 0.240434
vn 0 1 0.000109885
vt 0.318269 0.240434
vn 0 1 0.000109885
vt 0.318269 0.281756
vn 0 1 0.000109885
vt 0.62956 0.281756
vn 0 1 0.000109885
vt 0.62956 0.240434
vn -0.000441832 -0.000593964 1
vt 0.62956 0.240434
vn -0.0004465 -0.000589244 1
vt 0.62956 0.281756
vn -0.000436994 -0.000596046 1
vt 0.370951 0.281756
vn -0.000437659 -0.000602428 1
vt 0.370951 0.240434
vn -0.000439573 -0.000596046 1
vt 0.370951 0.240434
vn -0.000438904 -0.000589665 1
vt 0.370951 0.281756
vn 0 1 0
vt 0.62956 0.240434
vn 0 1 0
vt 0.62956 0.281756
vn 0 1 0
vt 0.370951 0.281756
vn 0 1 0
vt 0.370951 0.240434
vn -1.56157e-05 1 -0.000129012
vt 0.370951 0.240434
vn -7.3421e-06 1 -6.06583e-05
vt 0.370951 0.281756
vn 0.000104816 0.000525326 -1
vt 0.62956 0.240434
vn 0.00010446 0.000522019 -1
vt 0.62956 0.281756
vn 0.000103823 0.000522019 -1
vt 0.370951 0.281756
vn 0.000103823 0.000522019 -1
vt 0.370951 0.240434
vn 0.000102375 0.00052872 -1
vt 0.370951 0.240434
vn 0.000103072 0.000522019 -1
vt 0.370951 0.281756
vn 0 1 0
vt 0.370951 0.281756
vn 0 1 0
vt 0.62956 0.281756
vn 0 1 0
vt 0.62956 0.240434
vn 0 1 0
vt 0.370951 0.240434
vn -7.40127e-06 1 6.35451e-05
vt 0.62956 0.240434
vn -1.57957e-05 1 0.000135618
vt 0.62956 0.281756
vn 0 1 0
vt 0.629559 0.281756
vn 1 2.84007e-10 -3.04298e-05
vt 0.370276 0.281756
vn 1 8.08469e-09 -3.04306e-05
vt 0.62956 0.281756
vn 1 1.58858e-08 -3.04314e-05
vt 0.629559 0.240434
vn 0.000127304 1 1.3888e-07
vt 0.370276 0.240434
vn 0.000127005 1 1.02282e-07
vt 0.62956 0.240434
vn 0.000126741 1 6.99983e-08
vt 0.629559 0.281756
vn -1 1.62606e-07 -0.000542927
vt 0.62956 0.240434
vn -1 1.62606e-07 -0.000542927
vt 0.370275 0.281756
vn -1 3.20136e-07 -0.000542911
vt 0.370276 0.240434
vn 0 0 -1
vt 0.631545 0.423855
vn 0 0 -1
vt 0.490571 0.423856
vn 0 0 -1
vt 0.490572 0.558128
vn 0 0 -1
vt 0.631546 0.558127
vn 0 0 -1
vt 0.490572 0.423855
vn 0 0 -1
vt 0.631546 0.423856
vn 0 0 -1
vt 0.631545 0.558128
vn 0 0 -1
vt 0.490571 0.558127
vn -2.71078e-06 5.06896e-06 -1
vt 0.631545 0.423855
vn 0 1.01379e-05 -1
vt 0.490571 0.423856
vn -2.71078e-06 5.06896e-06 -1
vt 0.490572 0.558128
vn -5.42155e-06 0 -1
vt 0.631546 0.558127
vn 0 0 -1
vt 0.490572 0.423855
vn 0 0 -1
vt 0.631546 0.423856
vn 0 0 -1
vt 0.631545 0.558128
vn 0 0 -1
vt 0.490571 0.558127
vn 0 0 -1
vt 0.631545 0.423855
vn 0 0 -1
vt 0.490571 0.423856
vn 0 0 -1
vt 0.490572 0.558128
vn 0 0 -1
vt 0.631546 0.558127
vn 0 0 -1
vt 0.490572 0.423855
vn 0 0 -1
vt 0.631546 0.423856
vn 0 0 -1
vt 0.631545 0.558128
vn 0 0 -1
vt 0.490571 0.558127
vn 0.0436526 0.20606 0.977565
vt 0.262951 0.175773
vn 0.0332551 0.181822 0.982769
vt 0.307036 0.175719
vn -0.0250724 0.122092 0.992202
vt 0.192735 0.130895
vn 0 -1 0
vt 686.489 -40.0496
vn -0.598186 -0.801357 0
vt 630.55 -40.0496
vn -0.132508 -0.991182 0
vt 630.55 -40.0496
vn 0 -1 0
vt 686.489 -40.0496
vn -0.984502 0.175376 0
vt 637.944 -24.6868
vn -0.942402 0.334482 0
vt 637.944 -24.6868
vn -0.690022 -0.723788 0
vt 637.176 -15.9122
vn -0.898451 -0.439074 0
vt 637.176 -15.9122
vn -0.468687 -0.883364 0
vt 627.662 -10.8601
vn -0.468687 -0.883364 0
vt 627.662 -10.8601
vn -0.999987 0.00505406 0
vt 0.561271 0.704341
vn -0.274416 0.961611 0
vt 0.580556 0.702863
vn -0.746158 0.665769 0
vt 0.580557 0.664854
vn -0.999987 0.00505406 0
vt 0.561271 0.66368
vn -0.593003 0.8052 0
vt 0.598771 0.701513
vn -0.229323 0.97335 0
vt 0.598771 0.666533
vn -0.922302 -0.386471 0
vt 0.617489 0.699415
vn -0.999893 0.0146618 0
vt 0.61749 0.669569
vn -0.975134 -0.221617 0
vt 0.636661 0.698166
vn -0.899494 -0.436934 0
vt 0.636661 0.670525
vn -1 0 0
vt 0.64478 0.692018
vn -1 0 0
vt 0.64478 0.676007
vn 0.482991 0.875625 0
vt 0.645282 0.67403
vn 0.750247 0.661158 0
vt 0.598685 0.666414
vn 0.63221 0.774797 0
vt 0.598578 0.701753
vn 0.482991 0.875625 0
vt 0.645282 0.688815
vn 0.995129 0.0985769 0
vt 0.588036 0.664487
vn 0.965709 0.259626 0
vt 0.588036 0.69836
vn 1 0 0
vt 0.55953 0.659156
vn 1 0 0
vt 0.559529 0.703691
vn -0.0323457 0.124083 -0.991744
vt 0.288855 0.157446
vn -0.0923643 0.194202 -0.976603
vt 0.215824 0.200849
vn -0.0110688 0.141888 -0.989821
vt 0.192735 0.178024
vn -0.0355324 0.0959914 -0.994748
vt 0.192735 0.130895
vn -0.133341 0.261322 -0.955997
vt 0.255324 0.189098
vn 0.205667 0.31064 -0.928011
vt 0.271081 0.198642
vn -0.0900088 0.228198 -0.969445
vt 0.271081 0.214573
vn 0.166065 0.0484352 -0.984925
vt 0.262951 0.175773
vn 0.0541731 0.102104 -0.993298
vt 0.307036 0.162848
vn 0.0732648 0.112336 -0.990966
vt 0.307036 0.175719
vn -0.0772775 0.0212178 -0.996784
vt 0.301496 0.130895
vn 0 0 1
vt 0.287241 0.147623
vn -0.0772692 0.0212156 0.996785
vt 0.287241 0.147623
vn -0.128736 -0.0957348 0.987047
vt 0.288855 0.157446
vn -0.0728804 0.0350702 0.996724
vt 0.301496 0.130895
vn -0.032577 0.0740122 0.996725
vt 0.307036 0.162848
vn -0.0658175 0.205033 0.97654
vt 0.271081 0.198642
vn -0.0342114 0.149565 0.98816
vt 0.255324 0.189098
vn -0.0544362 0.129902 0.990031
vt 0.192735 0.178024
vn -0.065219 0.223573 0.972503
vt 0.215824 0.200849
vn -0.0723116 0.350614 0.933724
vt 0.271081 0.214573
vn -0.0441066 0.208176 -0.977096
vt 0.262951 0.175773
vn -0.033596 0.183717 -0.982405
vt 0.307036 0.175719
vn 0.0253406 0.123395 -0.992034
vt 0.192735 0.130895
vn 0 -1 0
vt 686.489 -40.0496
vn 0.598269 -0.801295 0
vt 630.55 -40.0496
vn 0.132514 -0.991181 0
vt 630.55 -40.0496
vn 0 -1 0
vt 686.489 -40.0496
vn 0.984524 0.175249 0
vt 637.944 -24.6868
vn 0.942368 0.334577 0
vt 637.944 -24.6868
vn 0.690101 -0.723713 0
vt 637.176 -15.9122
vn 0.898381 -0.439217 0
vt 637.176 -15.9122
vn 0.468855 -0.883275 0
vt 627.662 -10.8601
vn 0.468855 -0.883275 0
vt 627.662 -10.8601
vn 0.999989 0.00469601 0
vt 0.561271 0.704341
vn 0.274391 0.961618 0
vt 0.580556 0.702863
vn 0.746228 0.665691 0
vt 0.580557 0.664854
vn 0.999989 0.00469601 0
vt 0.561271 0.66368
vn 0.592946 0.805242 0
vt 0.598771 0.701513
vn 0.229285 0.973359 0
vt 0.598771 0.666533
vn 0.922203 -0.386705 0
vt 0.617489 0.699415
vn 0.999894 0.0145334 0
vt 0.61749 0.669569
vn 0.975108 -0.221729 0
vt 0.636661 0.698166
vn 0.899403 -0.437121 0
vt 0.636661 0.670525
vn 1 0 0
vt 0.64478 0.692018
vn 1 0 0
vt 0.64478 0.676007
vn -0.482992 0.875625 0
vt 0.645282 0.67403
vn -0.750247 0.661158 0
vt 0.598685 0.666414
vn -0.632211 0.774796 0
vt 0.598578 0.701753
vn -0.482992 0.875625 0
vt 0.645282 0.688815
vn -0.995129 0.0985781 0
vt 0.588036 0.664487
vn -0.965709 0.259627 0
vt 0.588036 0.69836
vn -1 0 0
vt 0.55953 0.659156
vn -1 0 0
vt 0.559529 0.703691
vn 0.0326929 0.125402 0.991567
vt 0.288855 0.157446
vn 0.0933342 0.196201 0.976112
vt 0.215824 0.200849
vn 0.0111861 0.143384 0.989604
vt 0.192735 0.178024
vn 0.0359104 0.0970125 0.994635
vt 0.192735 0.130895
vn 0.134714 0.263922 0.95509
vt 0.255324 0.189098
vn -0.207429 0.313532 0.926645
vt 0.271081 0.198642
vn 0.0909431 0.230504 0.968812
vt 0.271081 0.214573
vn -0.167776 0.0489481 0.984609
vt 0.262951 0.175773
vn -0.0547887 0.103216 0.993149
vt 0.307036 0.162848
vn -0.0740553 0.113539 0.99077
vt 0.307036 0.175719
vn 0.0781095 0.0214464 0.996714
vt 0.301496 0.130895
vn 0 0 -1
vt 0.287241 0.147623
vn 0.0781009 0.021444 -0.996715
vt 0.287241 0.147623
vn 0.130084 -0.0967377 -0.986773
vt 0.288855 0.157446
vn 0.0736586 0.035466 -0.996653
vt 0.301496 0.130895
vn 0.0329051 0.0748469 -0.996652
vt 0.307036 0.162848
vn 0.0665077 0.207141 -0.976048
vt 0.271081 0.198642
vn 0.0345815 0.151139 -0.987908
vt 0.255324 0.189098
vn 0.0550412 0.131264 -0.989818
vt 0.192735 0.178024
vn 0.0658852 0.225869 -0.971927
vt 0.215824 0.200849
vn 0.0729912 0.353918 -0.932424
vt 0.271081 0.214573
vn 1 0 0
vt 0.381025 0.77137
vn -1 0 0
vt 0.460425 0.77137
vn 1 0 0
vt 0.551107 0.77137
vn 1 0 0
vt 0.551107 0.668034
vn 1 0 0
vt 0.381025 0.668034
vn 1 0 0
vt 0.437134 0.77137
vn 1 0 0
vt 0.381025 0.77137
vn 1 0 0
vt 0.381025 0.997848
vn 1 0 0
vt 0.467006 0.997848
vn 1 0 0
vt 0.467006 0.77137
vn 1 0 0
vt 0.381025 0.77137
vn 1 0 0
vt 0.381025 0.668034
vn 1 0 0
vt 0.551107 0.77137
vn 1 0 0
vt 0.551107 0.668034
vn 1 0 0
vt 0.381025 0.668034
vn 1 0 0
vt 0.381025 0.997848
vn 1 0 0
vt 0.435972 0.77137
vn -1.14173e-06 -3.43513e-06 1
vt 0.820521 0.954762
vn 7.60207e-07 0 1
vt 0.920755 0.954762
vn 1.0453e-10 -2.28864e-06 1
vt 0.920755 0.99842
vn 3.13814e-10 -6.87085e-06 1
vt 0.820521 0.99842
vn 4.61873e-07 -2.6897e-11 -1
vt 0.920755 0.954762
vn 6.93237e-07 -8.07464e-11 -1
vt 0.820521 0.954762
vn 2.30813e-07 0 -1
vt 0.920755 0.99842
vn 0 0 -1
vt 0.820521 0.954762
vn 2.27946e-06 0 1
vt 0.820521 0.954762
vn 0 -1 0
vt 0.730949 0.966861
vn 0 -1 0
vt 0.834207 0.966862
vn 0 -1 0
vt 0.834207 0.958594
vn 0 -1 0
vt 0.730949 0.958594
vn 0 -1 0
vt 0.834207 0.958594
vn 0 -1 0
vt 0.730949 0.958594
vn 0 -1 0
vt 0.730949 0.966861
vn 0 -1 0
vt 0.834207 0.966862
vn 0.637471 0.144698 -0.756765
vt 0.692839 0.67713
vn 0.980324 0.14015 0.139005
vt 0.706104 0.67713
vn 0.896015 -0.400774 -0.191149
vt 0.706104 0.661308
vn 0.284123 -0.417225 -0.863248
vt 0.692958 0.661308
vn -0.379958 0.146806 -0.91328
vt 0.665756 0.67713
vn -0.637345 -0.409846 -0.652547
vt 0.665637 0.661308
vn -0.980315 0.1402 -0.139022
vt 0.652491 0.67713
vn -0.89605 -0.400692 0.191157
vt 0.652491 0.661308
vn -0.637462 0.144719 0.756768
vt 0.665756 0.67713
vn -0.284122 -0.417206 0.863258
vt 0.665637 0.661308
vn 0.379953 0.146802 0.913283
vt 0.692839 0.67713
vn 0.637347 -0.409889 0.652518
vt 0.692958 0.661308
vn 0.986014 0.0278951 0.164312
vt 0.706104 0.692502
vn 0.663524 0.0287609 -0.747602
vt 0.692747 0.692502
vn -0.359184 0.0292543 -0.932808
vt 0.665849 0.692502
vn -0.986014 0.027894 -0.164315
vt 0.652491 0.692502
vn -0.663533 0.0287614 0.747594
vt 0.665849 0.692502
vn 0.359198 0.029257 0.932803
vt 0.692747 0.692502
vn 0.983851 -4.00038e-07 -0.178989
vt 0.706104 0.985093
vn 0.34407 -2.09853e-06 -0.938944
vt 0.692259 0.985093
vn -0.675495 -1.41671e-06 -0.737365
vt 0.666336 0.985093
vn -0.983851 1.60205e-07 0.178988
vt 0.652491 0.985093
vn -0.344073 8.40409e-07 0.938943
vt 0.666336 0.985093
vn 0.675507 6.75689e-07 0.737354
vt 0.692259 0.985093
vn 0.997023 5.98628e-08 0.0771088
vt 0.820521 0.687754
vn 0.997023 8.55911e-08 0.0771088
vt 0.920755 0.687754
vn 0.997023 5.98628e-08 0.0771088
vt 0.920755 0.954762
vn 0.997023 3.41345e-08 0.0771087
vt 0.820521 0.954762
vn 0.077116 -1.66005e-06 -0.997022
vt 0.937186 0.696007
vn 0.0770984 -2.2134e-06 -0.997023
vt 0.927539 0.696007
vn 0.077116 -1.66005e-06 -0.997022
vt 0.927538 0.946961
vn 0.0771337 -1.1067e-06 -0.997021
vt 0.937186 0.946961
vn -0.997022 -1.62529e-07 -0.0771123
vt 0.920755 0.687754
vn -0.997022 -1.53867e-07 -0.0771123
vt 0.820521 0.687754
vn -0.997022 -1.62529e-07 -0.0771123
vt 0.820521 0.954762
vn -0.997022 -1.7119e-07 -0.0771123
vt 0.920755 0.954762
vn -0.0775585 1.21535e-06 0.996988
vt 0.937186 0.696007
vn -0.0775338 4.41348e-07 0.99699
vt 0.927539 0.696007
vn -0.0775585 1.21535e-06 0.996988
vt 0.927538 0.946961
vn -0.0775832 1.98935e-06 0.996986
vt 0.937186 0.946961
vn 0.999983 -0.00390518 -0.00443728
vt 0.467306 0.643515
vn 0.99996 0 -0.0088951
vt 0.467306 0.578278
vn 0.999983 -0.00390518 -0.00443728
vt 0.545665 0.578278
vn 0.99997 -0.00779209 0
vt 0.545665 0.643515
vn 0 -1 0
vt 0.467419 0.578508
vn 0 -1 0
vt 0.467419 0.572408
vn 0 -1 0
vt 0.545737 0.572408
vn 0 -1 0
vt 0.545737 0.578508
vn -1 0 0
vt 0.467306 0.578278
vn -1 0 0
vt 0.545665 0.578278
vn -1 0 0
vt 0.545665 0.643515
vn -1 0 0
vt 0.467306 0.643515
vn 0 1 0
vt 0.485837 0.423366
vn 0 1 0
vt 0.485835 0.561111
vn 0 1 0
vt 0.345744 0.561111
vn 0 1 0
vt 0.485835 0.561111
vn 0 1 0
vt 0.485837 0.423366
vn 0 1 0
vt 0.345744 0.561111
vn 5.07647e-07 1 1.10288e-05
vt 0.731569 0.684659
vn 1.01238e-06 1 0
vt 0.731569 0.660408
vn -2.4401e-11 1 2.19882e-05
vt 0.919542 0.660408
vn 0 1 2.19876e-05
vt 0.919542 0.684659
vn 0.000273934 0 1
vt 0.731569 0.684659
vn 0.000273934 0 1
vt 0.731569 0.660408
vn 0 0 1
vt 0.919542 0.660408
vn 0 0 1
vt 0.919542 0.684659
vn 1.13707e-06 -6.19655e-05 -1
vt 0.731569 0.684659
vn 2.21965e-06 -7.54529e-05 -1
vt 0.731569 0.660408
vn 8.66536e-07 -1.10164e-05 -1
vt 0.919542 0.660408
vn 0 0 -1
vt 0.919542 0.684659
vn 0.998079 -9.29105e-08 -0.0619475
vt 0.820521 0.687754
vn 0.998079 -1.37524e-07 -0.0619476
vt 0.920755 0.687754
vn 0.998079 -9.29105e-08 -0.0619475
vt 0.920755 0.954762
vn 0.998079 -4.8297e-08 -0.0619474
vt 0.820521 0.954762
vn -0.0619152 -1.66181e-06 -0.998081
vt 0.937186 0.696007
vn -0.0618975 -1.10788e-06 -0.998083
vt 0.927539 0.696007
vn -0.0619152 -1.66181e-06 -0.998081
vt 0.927538 0.946961
vn -0.0619329 -2.21575e-06 -0.99808
vt 0.937186 0.946961
vn -0.99808 2.80162e-06 0.061932
vt 0.920755 0.687754
vn -0.998081 5.53448e-06 0.0619264
vt 0.820521 0.687754
vn -0.99808 2.80162e-06 0.061932
vt 0.820521 0.954762
vn -0.99808 6.8751e-08 0.0619376
vt 0.920755 0.954762
vn 0.0615099 6.05807e-07 0.998106
vt 0.937186 0.696007
vn 0.0615044 7.7817e-07 0.998107
vt 0.927539 0.696007
vn 0.0615099 6.05807e-07 0.998106
vt 0.927538 0.946961
vn 0.0615154 4.33414e-07 0.998106
vt 0.937186 0.946961
vn -0.688746 0 -0.725003
vt 0.623946 0.729122
vn -0.672288 0 -0.74029
vt 0.623581 0.778881
vn -0.680203 0 -0.733023
vt 0.581535 0.778881
vn -0.688746 0 -0.725003
vt 0.5819 0.729122
vn -0.689517 0 -0.72427
vt 0.616416 0.829999
vn -0.682606 0 -0.730786
vt 0.581242 0.829999
vn -0.693228 0 -0.720719
vt 0.641911 0.99401
vn -0.693228 0 -0.720719
vt 0.580627 0.99401
vn 0.680156 0 0.733067
vt 0.581535 0.778881
vn 0.672268 0 0.740308
vt 0.623581 0.778881
vn 0.68867 0 0.725075
vt 0.623946 0.729122
vn 0.68867 0 0.725075
vt 0.5819 0.729122
vn 0.682604 0 0.730788
vt 0.581242 0.829999
vn 0.689512 0 0.724274
vt 0.616416 0.829999
vn 0.693222 0 0.720725
vt 0.580627 0.99401
vn 0.693222 0 0.720725
vt 0.641911 0.99401
vn 0.661461 0.0651043 -0.747148
vt 0.581535 0.778881
vn 0.653385 0.0655377 -0.754184
vt 0.623581 0.778881
vn 0.670196 0.0645927 -0.739368
vt 0.623946 0.729122
vn 0.670277 0.0645166 -0.739302
vt 0.5819 0.729122
vn 0.660594 0.0650862 -0.747917
vt 0.581242 0.829999
vn 0.66633 0.064801 -0.742836
vt 0.616416 0.829999
vn 0.669406 0.064638 -0.74008
vt 0.580627 0.99401
vn 0.669394 0.0647035 -0.740084
vt 0.641911 0.99401
vn -0.670267 -0.064588 0.739304
vt 0.623946 0.729122
vn -0.653491 -0.0654453 0.754099
vt 0.623581 0.778881
vn -0.661546 -0.06505 0.747078
vt 0.581535 0.778881
vn -0.670201 -0.0646513 0.739359
vt 0.5819 0.729122
vn -0.666324 -0.0647454 0.742846
vt 0.616416 0.829999
vn -0.660603 -0.0650601 0.747911
vt 0.581242 0.829999
vn -0.669398 -0.0645749 0.740093
vt 0.641911 0.99401
vn -0.669398 -0.0645739 0.740093
vt 0.580627 0.99401
vn -0.68897 0.0645919 -0.721906
vt 0.623946 0.729122
vn -0.672571 0.0654887 -0.737129
vt 0.623581 0.778881
vn -0.680463 0.0650531 -0.729889
vt 0.581535 0.778881
vn -0.688905 0.0646541 -0.721962
vt 0.5819 0.729122
vn -0.685136 0.0648477 -0.725523
vt 0.616416 0.829999
vn -0.679542 0.0651508 -0.730738
vt 0.581242 0.829999
vn -0.688151 0.0646654 -0.722681
vt 0.641911 0.99401
vn -0.688149 0.0646738 -0.722681
vt 0.580627 0.99401
vn 0.680482 -0.065018 0.729875
vt 0.581535 0.778881
vn 0.672556 -0.0655374 0.737139
vt 0.623581 0.778881
vn 0.688964 -0.0645308 0.721917
vt 0.623946 0.729122
vn 0.688974 -0.0645217 0.721909
vt 0.5819 0.729122
vn 0.679547 -0.0652511 0.730725
vt 0.581242 0.829999
vn 0.685139 -0.0649166 0.725514
vt 0.616416 0.829999
vn 0.688158 -0.064735 0.722667
vt 0.580627 0.99401
vn 0.68817 -0.0646666 0.722662
vt 0.641911 0.99401
vn -0.676317 0.0651336 0.733726
vt 0.581535 0.778881
vn -0.668395 0.0655627 0.740912
vt 0.623581 0.778881
vn -0.684874 0.06465 0.725788
vt 0.623946 0.729122
vn -0.684875 0.0646484 0.725787
vt 0.5819 0.729122
vn -0.675411 0.0651686 0.734556
vt 0.581242 0.829999
vn -0.681038 0.0648072 0.729374
vt 0.616416 0.829999
vn -0.684057 0.064629 0.726559
vt 0.580627 0.99401
vn -0.684066 0.0645801 0.726556
vt 0.641911 0.99401
vn 0.684866 -0.0646573 -0.725794
vt 0.623946 0.729122
vn 0.668343 -0.0655745 -0.740957
vt 0.623581 0.778881
vn 0.676286 -0.0651456 -0.733753
vt 0.581535 0.778881
vn 0.68487 -0.064654 -0.725792
vt 0.5819 0.729122
vn 0.681046 -0.0648655 -0.729362
vt 0.616416 0.829999
vn 0.675404 -0.0651739 -0.734562
vt 0.581242 0.829999
vn 0.684072 -0.0647116 -0.726538
vt 0.641911 0.99401
vn 0.684075 -0.0646953 -0.726537
vt 0.580627 0.99401
vn -0.745423 0.06461 -0.663454
vt 0.623946 0.729122
vn -0.730347 0.0655206 -0.679927
vt 0.623581 0.778881
vn -0.737603 0.0650892 -0.67209
vt 0.581535 0.778881
vn -0.745411 0.0646221 -0.663465
vt 0.5819 0.729122
vn -0.740971 0.0648737 -0.668396
vt 0.616416 0.829999
vn -0.736089 0.0651821 -0.673739
vt 0.581242 0.829999
vn -0.743595 0.0646954 -0.665492
vt 0.641911 0.99401
vn -0.743593 0.0647094 -0.665494
vt 0.580627 0.99401
vn 0.737632 -0.0650801 0.672059
vt 0.581535 0.778881
vn 0.730322 -0.0655219 0.679954
vt 0.623581 0.778881
vn 0.745506 -0.0645933 0.663361
vt 0.623946 0.729122
vn 0.745506 -0.064593 0.663361
vt 0.5819 0.729122
vn 0.736076 -0.0651824 0.673754
vt 0.581242 0.829999
vn 0.740978 -0.0648732 0.668388
vt 0.616416 0.829999
vn 0.743612 -0.0647082 0.665473
vt 0.580627 0.99401
vn 0.743614 -0.0646948 0.665471
vt 0.641911 0.99401
vn -0.740753 0.0650483 0.668621
vt 0.581535 0.778881
vn -0.733534 0.0654987 0.67649
vt 0.623581 0.778881
vn -0.748518 0.0645688 0.659963
vt 0.623946 0.729122
vn -0.748512 0.0645754 0.65997
vt 0.5819 0.729122
vn -0.739505 0.0651653 0.669989
vt 0.581242 0.829999
vn -0.744454 0.0648689 0.664515
vt 0.616416 0.829999
vn -0.747115 0.0647025 0.661538
vt 0.580627 0.99401
vn -0.747116 0.0646992 0.661537
vt 0.641911 0.99401
vn 0.748589 -0.0645648 -0.659883
vt 0.623946 0.729122
vn 0.733555 -0.0654982 -0.676466
vt 0.623581 0.778881
vn 0.740798 -0.0650463 -0.668571
vt 0.581535 0.778881
vn 0.748584 -0.0645709 -0.659889
vt 0.5819 0.729122
vn 0.744453 -0.064859 -0.664517
vt 0.616416 0.829999
vn 0.739503 -0.0651656 -0.669991
vt 0.581242 0.829999
vn 0.747117 -0.0646762 -0.661539
vt 0.641911 0.99401
vn 0.747114 -0.0646911 -0.66154
vt 0.580627 0.99401
vn 0.670267 0.0645893 0.739304
vt 0.623946 0.729122
vn 0.653457 0.0654877 0.754125
vt 0.623581 0.778881
vn 0.661546 0.0650512 0.747078
vt 0.581535 0.778881
vn 0.6702 0.0646526 0.739359
vt 0.5819 0.729122
vn 0.666302 0.0648517 0.742856
vt 0.616416 0.829999
vn 0.660577 0.0651562 0.747926
vt 0.581242 0.829999
vn 0.66939 0.0646657 0.740091
vt 0.641911 0.99401
vn 0.669388 0.0646782 0.740092
vt 0.580627 0.99401
vn -0.661434 -0.0651517 -0.747168
vt 0.581535 0.778881
vn -0.653395 -0.0655847 -0.754171
vt 0.623581 0.778881
vn -0.670116 -0.0646686 -0.739434
vt 0.623946 0.729122
vn -0.670118 -0.0646674 -0.739433
vt 0.5819 0.729122
vn -0.66059 -0.0651925 -0.747911
vt 0.581242 0.829999
vn -0.666325 -0.0648648 -0.742835
vt 0.616416 0.829999
vn -0.669405 -0.0646908 -0.740076
vt 0.580627 0.99401
vn -0.669407 -0.0646795 -0.740075
vt 0.641911 0.99401
vn -0.680204 0 0.733023
vt 0.581535 0.778881
vn -0.67228 0 0.740297
vt 0.623581 0.778881
vn -0.688757 0 0.724993
vt 0.623946 0.729122
vn -0.688757 0 0.724993
vt 0.5819 0.729122
vn -0.682597 0 0.730795
vt 0.581242 0.829999
vn -0.689509 0 0.724277
vt 0.616416 0.829999
vn -0.693222 0 0.720724
vt 0.580627 0.99401
vn -0.693222 0 0.720724
vt 0.641911 0.99401
vn 0.688753 0 -0.724996
vt 0.623946 0.729122
vn 0.672323 0 -0.740258
vt 0.623581 0.778881
vn 0.680225 0 -0.733003
vt 0.581535 0.778881
vn 0.688753 0 -0.724996
vt 0.5819 0.729122
vn 0.689499 0 -0.724287
vt 0.616416 0.829999
vn 0.682608 0 -0.730785
vt 0.581242 0.829999
vn 0.6932 0 -0.720745
vt 0.641911 0.99401
vn 0.6932 0 -0.720745
vt 0.580627 0.99401
vn 0.688753 0 0.724996
vt 0.623946 0.729122
vn 0.67228 0 0.740297
vt 0.623581 0.778881
vn 0.680203 0 0.733024
vt 0.581535 0.778881
vn 0.688753 0 0.724996
vt 0.5819 0.729122
vn 0.689516 0 0.724271
vt 0.616416 0.829999
vn 0.682602 0 0.730791
vt 0.581242 0.829999
vn 0.693229 0 0.720717
vt 0.641911 0.99401
vn 0.693229 0 0.720717
vt 0.580627 0.99401
vn -0.680171 0 -0.733054
vt 0.581535 0.778881
vn -0.672297 0 -0.740282
vt 0.623581 0.778881
vn -0.688667 0 -0.725077
vt 0.623946 0.729122
vn -0.688667 0 -0.725077
vt 0.5819 0.729122
vn -0.682623 0 -0.730771
vt 0.581242 0.829999
vn -0.689521 0 -0.724266
vt 0.616416 0.829999
vn -0.693225 0 -0.720721
vt 0.580627 0.99401
vn -0.693225 0 -0.720721
vt 0.641911 0.99401
vn 0 -1 0
vt 0.373519 0.571082
vn 0 -1 0
vt 0.18858 0.571082
vn 0 -1 0
vt 0.18858 0.742125
vn 0 -1 0
vt 0.373519 0.742124
vn 0 -1 0
vt 0.373519 0.571082
vn 0 -1 0
vt 0.18858 0.571082
vn 0 -1 0
vt 0.18858 0.742125
vn 0 -1 0
vt 0.373519 0.742124
vn 0 -1 0
vt 0.373519 0.571082
vn 0 -1 0
vt 0.18858 0.571082
vn 0 -1 0
vt 0.18858 0.742125
vn 0 -1 0
vt 0.373519 0.742124
vn 0 -1 0
vt 0.373519 0.571082
vn 0 -1 0
vt 0.18858 0.571082
vn 0 -1 0
vt 0.18858 0.742125
vn 0 -1 0
vt 0.373519 0.742124
vn 0 -1 0
vt 0.373519 0.571082
vn 0 -1 0
vt 0.18858 0.571082
vn 0 -1 0
vt 0.18858 0.742125
vn 0 -1 0
vt 0.373519 0.742124
vn 0 -1 0
vt 0.373519 0.571082
vn 0 -1 0
vt 0.18858 0.571082
vn 0 -1 0
vt 0.18858 0.742125
vn 0 -1 0
vt 0.373519 0.742124
vn 0 -1 0
vt 0.373519 0.571082
vn 0 -1 0
vt 0.18858 0.571082
vn 0 -1 0
vt 0.18858 0.742125
vn 0 -1 0
vt 0.373519 0.742124
vn 0 -1 0
vt 0.373519 0.571082
vn 0 -1 0
vt 0.18858 0.571082
vn 0 -1 0
vt 0.18858 0.742125
vn 0 -1 0
vt 0.373519 0.742124
vn 0 -1 0
vt 0.373519 0.571082
vn 0 -1 0
vt 0.18858 0.571082
vn 0 -1 0
vt 0.18858 0.742125
vn 0 -1 0
vt 0.373519 0.742124
vn 0 -1 0
vt 0.373519 0.571082
vn 0 -1 0
vt 0.18858 0.742125
vn 0 -1 0
vt 0.373519 0.742124
vn 0 -1 0
vt 0.18858 0.571082
vn 0 -1 0
vt 0.18858 0.742125
vn 0 -1 0
vt 0.373519 0.742124
vn 0 -1 0
vt 0.373519 0.571082
vn 0 -1 0
vt 0.373519 0.571082
vn 0 -1 0
vt 0.18858 0.742125
vn 0 -1 0
vt 0.373519 0.742124
vn 0 -1 0
vt 0.373519 0.571082
vn 0 -1 0
vt 0.18858 0.571082
vn 0 -1 0
vt 0.18858 0.742125
vn 0 -1 0
vt 0.373519 0.742124
vn 0 -1 0
vt 0.373519 0.571082
vn 0 -1 0
vt 0.18858 0.571082
vn 0 -1 0
vt 0.18858 0.742125
vn 0 -1 0
vt 0.373519 0.742124
vn 0 -1 0
vt 0.373519 0.571082
vn 0 -1 0
vt 0.18858 0.571082
vn 0 -1 0
vt 0.18858 0.742125
vn 0 -1 0
vt 0.373519 0.742124
vn 0 -1 0
vt 0.18858 0.571082
vn 0 -1 0
vt 0.18858 0.742125
vn 0 -1 0
vt 0.373519 0.742124
vn 0 -1 0
vt 0.373519 0.571082
vn 0 -1 0
vt 0.18858 0.571082
vn 0 -1 0
vt 0.18858 0.742125
vn 0 -1 0
vt 0.373519 0.742124
vn 0 -1 0
vt 0.373519 0.571082
vn 0 -1 0
vt 0.18858 0.571082
vn 0 -1 0
vt 0.18858 0.742125
vn 0 -1 0
vt 0.373519 0.742124
vn 0 -1 0
vt 0.373519 0.571082
vn 0 -1 0
vt 0.18858 0.571082
vn 0 -1 0
vt 0.18858 0.742125
vn 0 -1 0
vt 0.373519 0.742124
vn 0 -1 0
vt 0.18858 0.742125
vn 0 -1 0
vt 0.373519 0.742124
vn 0 -1 0
vt 0.373519 0.571082
vn 0 -1 0
vt 0.18858 0.571082
vn 0 -1 0
vt 0.18858 0.742125
vn 0 -1 0
vt 0.373519 0.742124
vn 0 -1 0
vt 0.18858 0.571082
vn 0 -1 0
vt 0.18858 0.742125
vn 0 -1 0
vt 0.373519 0.742124
vn 0 -1 0
vt 0.373519 0.571082
vn 0 -1 0
vt 0.18858 0.571082
vn 0 -1 0
vt 0.18858 0.742125
vn 0 -1 0
vt 0.373519 0.742124
vn 0 -1 0
vt 0.373519 0.571082
vn 0 -1 0
vt 0.18858 0.742125
vn 0 -1 0
vt 0.373519 0.742124
vn 0 -1 0
vt 0.373519 0.571082
vn 0 -1 0
vt 0.18858 0.571082
vn 0 -1 0
vt 0.18858 0.742125
vn 0 -1 0
vt 0.373519 0.742124
vn 0 -1 0
vt 0.373519 0.571082
vn 0 -1 0
vt 0.18858 0.571082
vn 0 -1 0
vt 0.18858 0.742125
vn 0 -1 0
vt 0.373519 0.742124
vn 0 -1 0
vt 0.18858 0.571082
vn 0 -1 0
vt 0.18858 0.742125
vn 0 -1 0
vt 0.373519 0.742124
vn 0 -1 0
vt 0.373519 0.571082
vn 0 -1 0
vt 0.18858 0.742125
vn 0 -1 0
vt 0.373519 0.742124
vn 0 -1 0
vt 0.373519 0.571082
vn 0 -1 0
vt 0.18858 0.571082
vn 0 -1 0
vt 0.18858 0.742125
vn 0 -1 0
vt 0.373519 0.742124
vn 0 -1 0
vt 0.373519 0.571082
vn 0 -1 0
vt 0.18858 0.571082
vn 0 -1 0
vt 0.18858 0.742125
vn 0 -1 0
vt 0.373519 0.742124
vn 0 -1 0
vt 0.373519 0.571082
vn 0 -1 0
vt 0.18858 0.571082
vn 0 -1 0
vt 0.18858 0.742125
vn 0 -1 0
vt 0.373519 0.742124
vn 0 -1 0
vt 0.18858 0.571082
vn 0 -1 0
vt 0.18858 0.742125
vn 0 -1 0
vt 0.373519 0.742124
vn 0 -1 0
vt 0.373519 0.571082
vn 0 -1 0
vt 0.18858 0.571082
vn 0 -1 0
vt 0.18858 0.742125
vn 0 -1 0
vt 0.373519 0.742124
vn 0 -1 0
vt 0.373519 0.571082
vn 0 -1 0
vt 0.18858 0.571082
vn 0 -1 0
vt 0.18858 0.742125
vn 0 -1 0
vt 0.373519 0.742124
vn 0 -1 0
vt 0.373519 0.571082
vn 0 -1 0
vt 0.18858 0.571082
vn 0 -1 0
vt 0.18858 0.742125
vn 0 -1 0
vt 0.373519 0.742124
vn 0 -1 0
vt 0.18858 0.742125
vn 0 -1 0
vt 0.373519 0.742124
vn 0 -1 0
vt 0.373519 0.571082
vn 0 -1 0
vt 0.18858 0.571082
vn 0 -1 0
vt 0.18858 0.742125
vn 0 -1 0
vt 0.373519 0.742124
vn 0 -1 0
vt 0.18858 0.742125
vn 0 -1 0
vt 0.373519 0.742124
vn 0 -1 0
vt 0.373519 0.571082
vn 0 -1 0
vt 0.18858 0.571082
vn 0 -1 0
vt 0.18858 0.742125
vn 0 -1 0
vt 0.373519 0.742124
vn 0 -1 0
vt 0.373519 0.571082
vn 0 -1 0
vt 0.373519 0.571082
vn 0 -1 0
vt 0.18858 0.742125
vn 0 -1 0
vt 0.373519 0.742124
vn 0 0.898171 0.439647
vt 0.005145 0.137427
vn 0 0.898171 0.439647
vt 0.005145 0.323778
vn 0 0.898171 0.439647
vt 0.183098 0.323778
vn 0 0.898171 0.439647
vt 0.183098 0.137427
vn 7.68463e-07 0.894548 0.446971
vt 0.005145 0.137427
vn 1.53693e-06 0.894549 0.44697
vt 0.005145 0.323778
vn 7.68463e-07 0.894548 0.446971
vt 0.183098 0.323778
vn 0 0.894548 0.446972
vt 0.183098 0.137427
vn -1 0 0
vt 0.617685 0.29037
vn -1 0 0
vt 0.352775 0.409878
vn -1 0 0
vt 0.352775 0.29037
vn 0 0.905644 0.424039
vt 0.787617 0.131587
vn 0 0.905644 0.424039
vt 0.569547 0.131587
vn 0 0.905644 0.424039
vt 0.569547 0.16153
vn 0 0.905644 0.424039
vt 0.787617 0.16153
vn -1 0 0
vt 0.620972 0.00235301
vn -1 0 0
vt 0.620972 0.131587
vn -1 0 0
vt 0.787617 0.131587
vn -1 0 0
vt 0.787617 0.00235301
vn 0 1 0
vt 0.74784 0.161223
vn 0 1 0
vt 0.74784 0.131512
vn 0 1 0
vt 0.778134 0.131512
vn 0 1 0
vt 0.778134 0.161223
vn 0 0 1
vt 0.996081 0.579687
vn 0 0 1
vt 0.996081 0.997409
vn 0 0 1
vt 0.940094 0.997409
vn 0 0 1
vt 0.940094 0.579687
vn 1 0 0
vt 0.996081 0.579687
vn 1 0 0
vt 0.996081 0.997409
vn 1 0 0
vt 0.940094 0.997409
vn 1 0 0
vt 0.940094 0.579687
vn 0 0 -1
vt 0.996081 0.579687
vn 0 0 -1
vt 0.996081 0.997409
vn 0 0 -1
vt 0.940094 0.997409
vn 0 0 -1
vt 0.940094 0.579687
vn -1 0 0
vt 0.996081 0.579687
vn -1 0 0
vt 0.996081 0.997409
vn -1 0 0
vt 0.940094 0.997409
vn -1 0 0
vt 0.940094 0.579687
vn 0 1 0
vt 0.74784 0.161223
vn 0 1 0
vt 0.74784 0.131512
vn 0 1 0
vt 0.778134 0.131512
vn 0 1 0
vt 0.778134 0.161223
vn 0 0 1
vt 0.996081 0.579687
vn 0 0 1
vt 0.996081 0.997409
vn 0 0 1
vt 0.940094 0.997409
vn 0 0 1
vt 0.940094 0.579687
vn 1 0 0
vt 0.996081 0.579687
vn 1 0 0
vt 0.996081 0.997409
vn 1 0 0
vt 0.940094 0.997409
vn 1 0 0
vt 0.940094 0.579687
vn 0 0 -1
vt 0.996081 0.579687
vn 0 0 -1
vt 0.996081 0.997409
vn 0 0 -1
vt 0.940094 0.997409
vn 0 0 -1
vt 0.940094 0.579687
vn -1 0 0
vt 0.996081 0.579687
vn -1 0 0
vt 0.996081 0.997409
vn -1 0 0
vt 0.940094 0.997409
vn -1 0 0
vt 0.940094 0.579687
vn 0 0.905642 0.424043
vt 0.569547 0.131587
vn 0 0.905644 0.424039
vt 0.787617 0.131587
vn 0 0.905644 0.424039
vt 0.787617 0.16153
vn 0 0.905642 0.424043
vt 0.569547 0.16153
vn 0 0.905645 0.424037
vt 0.569547 0.131587
vn 0 0.905645 0.424037
vt 0.569547 0.16153
vn 0 0.905644 0.424039
vt 0.569547 0.16153
vn 0 0.905644 0.424039
vt 0.787617 0.16153
vn 0 0.905644 0.424039
vt 0.787617 0.131587
vn 0 0.905644 0.424039
vt 0.569547 0.131587
vn -1 0 0
vt 0.787617 0.00235301
vn -1 0 0
vt 0.787617 0.131587
vn -1 0 0
vt 0.620972 0.131587
vn -1 0 0
vt 0.620972 0.00235301
vn -1 0 0
vt 0.787617 0.131587
vn -1 0 0
vt 0.787617 0.00235301
vn -1 0 0
vt 0.787617 0.131587
vn -1 0 0
vt 0.787617 0.00235301
vn -1 0 0
vt 0.620972 0.00235301
vn -1 0 0
vt 0.620972 0.131587
vn 0.999998 0.00188267 0.000887579
vt 0.787617 0.131587
vn 0.999998 0.00186615 0.000879792
vt 0.620972 0.131587
vn 0.999998 0.00187713 0.000891033
vt 0.620972 0.00235301
vn 0.999998 0.00189385 0.000898965
vt 0.787617 0.00235301
vn 0.999998 0.00175171 0.000863482
vt 0.620972 0.131587
vn 0.999998 0.00167926 0.00078626
vt 0.787617 0.131587
vn 0.999998 0.001733 0.000875677
vt 0.787617 0.00235301
vn 0.999998 0.00181187 0.000916847
vt 0.620972 0.00235301
vn 0.999998 0.00183353 0.000882676
vt 0.787617 0.131587
vn 0.999998 0.00186071 0.000901551
vt 0.787617 0.00235301
vn 0.999998 0.00191085 0.000907019
vt 0.620972 0.00235301
vn 0.999998 0.00192232 0.000918638
vt 0.787617 0.00235301
vn 0.999998 0.0019137 0.000905277
vt 0.787617 0.131587
vn 0.999998 0.00189949 0.000895506
vt 0.620972 0.131587
f 4/1/1 3/2/2 2/3/3
f 4/1/1 2/3/3 1/4/4
f 6/5/5 5/6/6 3/2/2
f 6/5/5 3/2/2 4/1/1
f 8/7/7 7/8/8 5/6/6
f 8/7/7 5/6/6 6/5/5
f 12/9/9 11/10/10 10/11/11
f 12/9/9 10/11/11 9/12/12
f 11/10/10 14/13/13 13/14/14
f 11/10/10 13/14/14 10/11/11
f 14/13/13 16/15/15 15/16/16
f 14/13/13 15/16/16 13/14/14
f 18/17/17 19/18/18 20/19/19
f 18/17/17 20/19/19 17/20/20
f 19/18/18 21/21/21 22/22/22
f 19/18/18 22/22/22 20/19/19
f 21/21/21 23/23/23 24/24/24
f 21/21/21 24/24/24 22/22/22
f 26/25/25 27/26/26 28/27/27
f 26/25/25 28/27/27 25/28/28
f 29/29/29 30/30/30 27/26/26
f 29/29/29 27/26/26 26/25/25
f 31/31/31 32/32/32 30/30/30
f 31/31/31 30/30/30 29/29/29
f 35/33/33 39/34/34 40/35/35
f 35/33/33 40/35/35 36/36/36
f 34/37/37 38/38/38 39/34/34
f 34/37/37 39/34/34 35/33/33
f 33/39/39 37/40/40 38/38/38
f 33/39/39 38/38/38 34/37/37
f 42/41/41 43/42/42 44/43/43
f 42/41/41 44/43/43 41/44/44
f 43/42/42 45/45/45 46/46/46
f 43/42/42 46/46/46 44/43/43
f 45/45/45 47/47/47 48/48/48
f 45/45/45 48/48/48 46/46/46
f 61/49/49 60/50/50 59/51/51
f 61/49/49 59/51/51 62/52/52
f 57/53/53 64/54/54 63/55/55
f 57/53/53 63/55/55 58/56/56
f 62/52/52 59/51/51 54/57/57
f 62/52/52 54/57/57 53/58/58
f 60/50/50 61/49/49 52/59/59
f 60/50/50 52/59/59 51/60/60
f 58/56/56 63/55/55 55/61/61
f 58/56/56 55/61/61 49/62/62
f 64/54/54 57/53/53 50/63/63
f 64/54/54 50/63/63 56/64/64
f 96/65/65 98/66/66 78/67/67
f 96/65/65 78/67/67 65/68/68
f 66/69/69 65/70/70 78/67/67
f 66/69/69 78/67/67 79/71/71
f 1566/72/72 67/73/73 97/74/74
f 1566/72/72 97/74/74 99/75/75
f 91/76/76 90/77/77 89/78/78
f 91/76/76 89/78/78 88/79/79
f 92/80/80 95/81/81 94/82/82
f 92/80/80 94/82/82 93/83/83
f 75/84/84 73/85/85 84/86/86
f 75/84/84 84/86/86 86/87/87
f 87/88/88 76/89/89 77/90/90
f 87/88/88 77/90/90 86/87/87
f 90/91/91 69/92/92 81/93/93
f 90/91/91 81/93/93 89/94/94
f 88/95/95 1568/96/96 70/97/97
f 88/95/95 70/97/97 91/98/98
f 93/99/99 94/100/100 84/101/101
f 93/99/99 84/101/101 73/102/102
f 74/103/103 66/104/104 79/105/105
f 74/103/103 79/105/105 85/106/106
f 96/65/65 72/107/107 83/108/108
f 96/65/65 83/108/108 98/109/109
f 97/110/110 76/89/89 87/111/111
f 97/110/110 87/111/111 99/112/112
f 80/113/113 81/114/114 69/115/115
f 80/113/113 69/115/115 68/116/116
f 1566/117/117 80/118/118 68/119/119
f 1566/117/117 68/119/119 67/120/120
f 82/121/121 83/122/122 72/123/123
f 82/121/121 72/123/123 71/124/124
f 1568/125/125 82/126/126 71/127/127
f 1568/125/125 71/127/127 70/128/128
f 92/129/129 74/130/130 85/131/131
f 92/129/129 85/131/131 95/132/132
f 100/133/133 101/134/134 103/135/135
f 100/133/133 103/135/135 102/136/136
f 102/136/136 103/135/135 105/137/137
f 102/136/136 105/137/137 104/138/138
f 109/139/139 107/140/140 115/141/141
f 109/139/139 115/141/141 108/142/142
f 117/143/143 109/144/144 110/145/145
f 117/143/143 110/145/145 118/146/146
f 110/147/147 109/144/144 108/148/148
f 110/147/147 108/148/148 106/149/149
f 107/150/150 109/144/144 117/151/151
f 107/150/150 117/151/151 116/152/152
f 120/153/153 101/154/154 100/155/155
f 120/153/153 100/155/155 119/156/156
f 111/157/157 110/158/158 106/159/159
f 111/157/157 106/159/159 114/160/160
f 118/161/161 110/158/158 111/162/162
f 118/161/161 111/162/162 121/163/163
f 107/150/150 113/164/164 112/165/165
f 107/150/150 112/165/165 115/166/166
f 126/167/167 127/168/168 125/169/169
f 126/167/167 125/169/169 122/170/170
f 1297/171/171 126/167/167 122/170/170
f 1297/171/171 122/170/170 175/172/172
f 123/173/173 126/174/174 1297/175/175
f 123/173/173 1297/175/175 176/176/176
f 124/177/177 127/178/178 126/174/174
f 124/177/177 126/174/174 123/173/173
f 128/179/179 131/180/180 130/181/181
f 128/179/179 130/181/181 129/182/182
f 132/183/183 130/181/181 131/180/180
f 133/184/184 130/185/185 132/186/186
f 134/187/187 129/188/188 130/185/185
f 134/187/187 130/185/185 133/184/184
f 135/189/189 136/190/190 133/191/191
f 135/189/189 133/191/191 132/192/192
f 137/193/193 134/194/194 133/195/195
f 137/193/193 133/195/195 136/196/196
f 131/197/197 138/198/198 135/199/199
f 131/197/197 135/199/199 132/200/200
f 131/197/197 128/201/201 139/202/202
f 131/197/197 139/202/202 138/198/198
f 135/203/203 138/204/204 141/205/205
f 135/203/203 141/205/205 140/206/206
f 138/204/204 139/207/207 142/208/208
f 138/204/204 142/208/208 141/205/205
f 2646/209/209 2645/210/210 128/179/179
f 2646/209/209 128/179/179 129/182/182
f 128/201/201 2645/211/211 2644/212/212
f 128/201/201 2644/212/212 139/202/202
f 139/207/207 2644/213/213 2643/214/214
f 139/207/207 2643/214/214 142/208/208
f 2648/215/215 2647/216/216 134/217/217
f 2648/215/215 134/217/217 137/218/218
f 2647/219/219 2646/220/220 129/188/188
f 2647/219/219 129/188/188 134/187/187
f 230/221/221 231/222/222 147/223/223
f 230/221/221 147/223/223 149/224/224
f 136/225/225 230/226/226 235/227/227
f 136/225/225 235/227/227 137/228/228
f 2649/229/229 2648/230/230 137/231/231
f 2649/229/229 137/231/231 235/232/232
f 231/222/222 232/233/233 148/234/234
f 231/222/222 148/234/234 147/223/223
f 155/235/235 156/236/236 153/237/237
f 155/235/235 153/237/237 154/238/238
f 155/235/235 157/239/239 156/236/236
f 155/240/240 158/241/241 157/242/242
f 155/240/240 154/243/243 159/244/244
f 155/240/240 159/244/244 158/241/241
f 158/245/245 161/246/246 160/247/247
f 158/245/245 160/247/247 157/248/248
f 158/249/249 159/250/250 162/251/251
f 158/249/249 162/251/251 161/252/252
f 160/253/253 163/254/254 156/255/255
f 160/253/253 156/255/255 157/256/256
f 164/257/257 153/258/258 156/255/255
f 164/257/257 156/255/255 163/254/254
f 141/259/259 163/260/260 160/261/261
f 141/259/259 160/261/261 140/262/262
f 142/208/208 164/257/257 163/254/254
f 142/208/208 163/254/254 141/205/205
f 154/238/238 153/237/237 2641/263/263
f 154/238/238 2641/263/263 2636/264/264
f 153/258/258 164/257/257 2642/265/265
f 153/258/258 2642/265/265 2641/266/266
f 164/257/257 142/208/208 2643/214/214
f 164/257/257 2643/214/214 2642/265/265
f 2637/267/267 2654/268/268 2653/269/269
f 2637/267/267 2653/269/269 2638/270/270
f 2637/271/271 2636/272/272 2655/273/273
f 2637/271/271 2655/273/273 2654/274/274
f 160/261/261 161/275/275 227/276/276
f 160/261/261 227/276/276 228/277/277
f 233/278/278 171/279/279 170/280/280
f 233/278/278 170/280/280 227/281/281
f 2640/282/282 2639/283/283 2652/284/284
f 2640/282/282 2652/284/284 2651/285/285
f 173/286/286 160/261/261 228/277/277
f 173/286/286 228/277/277 229/287/287
f 1292/288/288 1296/289/289 1297/175/175
f 1292/288/288 1297/175/175 175/290/290
f 179/291/291 180/292/292 177/293/293
f 179/291/291 177/293/293 178/294/294
f 180/292/292 179/291/291 181/295/295
f 180/292/292 181/295/295 182/296/296
f 183/297/297 178/294/294 181/298/298
f 183/297/297 179/291/291 178/294/294
f 184/299/299 185/300/300 177/293/293
f 184/299/299 177/293/293 180/292/292
f 184/299/299 180/292/292 182/296/296
f 184/299/299 182/296/296 186/301/301
f 183/297/297 181/295/295 179/291/291
f 178/302/302 177/303/303 182/304/304
f 178/302/302 182/304/304 181/305/305
f 187/306/306 188/307/307 185/308/308
f 187/306/306 185/308/308 184/309/309
f 187/306/306 184/309/309 186/310/310
f 187/306/306 186/310/310 189/311/311
f 190/312/312 191/313/313 192/314/314
f 190/312/312 192/314/314 193/315/315
f 194/316/316 192/314/314 191/313/313
f 194/316/316 191/313/313 195/317/317
f 193/318/318 196/319/319 194/316/316
f 192/314/314 196/319/319 193/315/315
f 190/312/312 197/320/320 198/321/321
f 190/312/312 198/321/321 191/313/313
f 195/317/317 191/313/313 198/321/321
f 195/317/317 198/321/321 199/322/322
f 194/316/316 196/319/319 192/314/314
f 195/317/317 190/323/323 193/318/318
f 195/317/317 193/318/318 194/316/316
f 197/324/324 200/325/325 201/326/326
f 197/324/324 201/326/326 198/327/327
f 199/328/328 198/327/327 201/326/326
f 199/328/328 201/326/326 202/329/329
f 204/330/330 205/331/331 206/332/332
f 204/330/330 206/332/332 203/333/333
f 208/334/334 204/330/330 203/333/333
f 208/334/334 203/333/333 207/335/335
f 209/336/336 206/332/332 205/331/331
f 209/336/336 205/331/331 173/337/337
f 206/338/338 209/339/339 207/340/340
f 206/338/338 207/340/340 203/341/341
f 211/342/342 212/343/343 213/344/344
f 211/342/342 213/344/344 210/345/345
f 210/346/346 213/347/347 215/348/348
f 210/346/346 215/348/348 214/349/349
f 212/350/350 211/351/351 217/352/352
f 212/350/350 217/352/352 216/353/353
f 214/349/349 217/352/352 211/354/354
f 214/349/349 211/354/354 210/355/355
f 220/356/356 221/357/357 218/358/358
f 220/356/356 218/358/358 219/359/359
f 225/360/360 223/361/361 222/362/362
f 225/360/360 222/362/362 224/363/363
f 223/364/364 225/365/365 221/357/357
f 223/364/364 221/357/357 220/356/356
f 218/366/366 221/367/367 225/368/368
f 218/366/366 225/368/368 224/369/369
f 224/370/370 222/371/371 219/359/359
f 224/370/370 219/359/359 218/358/358
f 160/372/372 173/373/373 140/374/374
f 226/375/375 140/374/374 173/373/373
f 170/280/280 168/376/376 228/377/377
f 170/280/280 228/377/377 227/281/281
f 169/378/378 229/379/379 228/377/377
f 169/378/378 228/377/377 168/376/376
f 136/380/380 135/381/381 231/382/382
f 136/380/380 231/382/382 230/383/383
f 135/381/381 152/384/384 232/385/385
f 135/381/381 232/385/385 231/382/382
f 162/386/386 233/387/387 227/276/276
f 162/386/386 227/276/276 161/275/275
f 2639/388/388 2638/389/389 2653/390/390
f 2639/388/388 2653/390/390 2652/391/391
f 150/392/392 235/393/393 230/221/221
f 150/392/392 230/221/221 149/224/224
f 235/394/394 150/395/395 2650/396/396
f 235/394/394 2650/396/396 2649/397/397
f 1027/398/398 1022/399/399 1026/400/400
f 1027/398/398 1026/400/400 1030/401/401
f 1022/399/399 1027/398/398 1023/402/402
f 2895/403/403 2894/404/404 2893/405/405
f 2895/403/403 2893/405/405 2896/406/406
f 2894/407/407 2892/408/408 2891/409/409
f 2894/407/407 2891/409/409 2893/410/410
f 2896/411/411 2890/412/412 2889/413/413
f 2896/411/411 2889/413/413 2895/414/414
f 260/415/415 258/416/416 272/417/417
f 260/415/415 272/417/417 270/418/418
f 261/419/419 259/420/420 257/421/421
f 261/419/419 257/421/421 271/422/422
f 323/423/423 255/424/424 253/425/425
f 323/423/423 253/425/425 262/426/426
f 255/424/424 268/427/427 265/428/428
f 255/424/424 265/428/428 253/425/425
f 256/429/429 258/416/416 260/415/415
f 256/429/429 260/415/415 273/430/430
f 269/431/431 259/420/420 261/419/419
f 269/431/431 261/419/419 274/432/432
f 254/433/433 266/434/434 263/435/435
f 254/433/433 263/435/435 252/436/436
f 266/434/434 270/418/418 272/417/417
f 266/434/434 272/417/417 263/435/435
f 262/426/426 256/429/429 273/430/430
f 262/426/426 273/430/430 323/423/423
f 268/427/427 271/422/422 257/421/421
f 268/427/427 257/421/421 265/428/428
f 264/437/437 269/431/431 274/432/432
f 264/437/437 274/432/432 267/438/438
f 267/438/438 254/433/433 252/436/436
f 267/438/438 252/436/436 264/437/437
f 276/439/439 280/440/440 291/441/441
f 276/439/439 291/441/441 292/442/442
f 282/443/443 319/444/444 320/445/445
f 282/443/443 320/445/445 278/446/446
f 281/447/447 311/448/448 312/449/449
f 281/447/447 312/449/449 277/450/450
f 279/451/451 303/452/452 304/453/453
f 279/451/451 304/453/453 275/454/454
f 280/440/440 288/455/455 291/441/441
f 282/443/443 289/456/456 319/444/444
f 281/447/447 290/457/457 311/448/448
f 279/451/451 287/458/458 303/452/452
f 284/459/459 293/460/460 291/461/461
f 284/459/459 291/461/461 288/462/462
f 293/460/460 294/463/463 292/464/464
f 293/460/460 292/464/464 291/461/461
f 344/465/465 345/466/466 334/467/467
f 344/465/465 334/467/467 335/468/468
f 341/469/469 340/470/470 345/466/466
f 341/469/469 345/466/466 344/465/465
f 297/471/471 295/472/472 284/473/473
f 297/471/471 284/473/473 288/474/474
f 298/475/475 296/476/476 295/472/472
f 298/475/475 295/472/472 297/471/471
f 280/477/477 297/478/478 288/479/479
f 276/480/480 298/481/481 297/478/478
f 276/480/480 297/478/478 280/477/477
f 279/482/482 299/483/483 287/484/484
f 279/482/482 275/485/485 300/486/486
f 279/482/482 300/486/486 299/483/483
f 299/487/487 301/488/488 283/489/489
f 299/487/487 283/489/489 287/490/490
f 299/483/483 300/486/486 302/491/491
f 299/483/483 302/491/491 301/492/492
f 283/493/493 305/494/494 303/495/495
f 283/493/493 303/495/495 287/496/496
f 306/497/497 304/498/498 303/495/495
f 306/497/497 303/495/495 305/494/494
f 363/499/499 305/500/500 283/501/501
f 363/499/499 283/501/501 360/502/502
f 362/503/503 306/504/504 305/500/500
f 362/503/503 305/500/500 363/499/499
f 309/505/505 307/506/506 286/507/507
f 309/505/505 286/507/507 290/508/508
f 309/505/505 310/509/509 308/510/510
f 309/505/505 308/510/510 307/506/506
f 281/511/511 309/512/512 290/513/513
f 281/511/511 277/514/514 310/515/515
f 281/511/511 310/515/515 309/512/512
f 286/516/516 313/517/517 311/518/518
f 286/516/516 311/518/518 290/519/519
f 314/520/520 312/449/449 311/448/448
f 314/520/520 311/448/448 313/521/521
f 350/522/522 351/523/523 337/524/524
f 350/522/522 337/524/524 338/525/525
f 347/526/526 346/527/527 351/523/523
f 347/526/526 351/523/523 350/522/522
f 317/528/528 315/529/529 285/530/530
f 317/528/528 285/530/530 289/531/531
f 317/528/528 318/532/532 316/533/533
f 317/528/528 316/533/533 315/529/529
f 282/534/534 317/535/535 289/536/536
f 282/534/534 278/537/537 318/538/538
f 282/534/534 318/538/538 317/535/535
f 285/539/539 321/540/540 319/541/541
f 285/539/539 319/541/541 289/542/542
f 322/543/543 320/544/544 319/541/541
f 322/543/543 319/541/541 321/540/540
f 361/545/545 321/546/546 285/547/547
f 361/545/545 285/547/547 359/548/548
f 364/549/549 322/550/550 321/546/546
f 364/549/549 321/546/546 361/545/545
f 323/551/551 1113/552/552 1120/553/553
f 323/554/554 1120/555/555 1121/556/556
f 323/554/554 1121/556/556 324/557/557
f 324/558/558 1121/559/559 1122/560/560
f 324/558/558 1122/560/560 365/561/561
f 325/562/562 1123/563/563 1124/564/564
f 325/562/562 1124/564/564 268/565/565
f 268/566/566 1124/567/567 1125/568/568
f 268/566/566 1125/569/569 1134/570/570
f 326/571/571 268/572/572 1134/573/573
f 326/571/571 1134/573/573 1135/574/574
f 352/575/575 1136/576/576 1137/577/577
f 352/575/575 1137/577/577 261/578/578
f 327/579/579 1139/580/580 1140/581/581
f 327/579/579 1140/581/581 267/582/582
f 267/583/583 1140/584/584 1141/585/585
f 1133/586/586 1142/587/587 1151/588/588
f 1133/586/586 1151/588/588 1141/589/589
f 1151/590/590 1142/591/591 1143/592/592
f 1151/590/590 1143/592/592 1150/593/593
f 1150/594/594 1143/595/595 1144/596/596
f 1150/594/594 1144/596/596 1149/597/597
f 1148/598/598 1145/599/599 1146/600/600
f 1148/598/598 1146/600/600 1147/601/601
f 1147/602/602 1146/603/603 1104/604/604
f 1147/602/602 1104/604/604 1105/605/605
f 292/442/442 1103/606/606 1104/607/607
f 292/442/442 1104/607/607 276/439/439
f 1102/608/608 1103/609/609 292/464/464
f 1102/608/608 292/464/464 294/463/463
f 1100/610/610 1101/611/611 340/470/470
f 1100/610/610 340/470/470 341/469/469
f 300/486/486 1097/612/612 1098/613/613
f 300/486/486 1098/613/613 302/491/491
f 275/454/454 1096/614/614 1097/612/612
f 275/454/454 1097/612/612 300/486/486
f 357/615/615 358/616/616 336/617/617
f 357/615/615 336/617/617 335/618/618
f 357/615/615 356/619/619 339/620/620
f 357/615/615 339/620/620 338/621/621
f 301/492/492 343/622/622 336/623/623
f 301/492/492 336/623/623 283/624/624
f 343/625/625 344/626/626 335/618/618
f 343/625/625 335/618/618 336/617/617
f 284/627/627 334/628/628 345/629/629
f 284/627/627 345/629/629 293/630/630
f 302/491/491 342/631/631 343/622/622
f 302/491/491 343/622/622 301/492/492
f 342/632/632 341/633/633 344/626/626
f 342/632/632 344/626/626 343/625/625
f 293/634/634 345/466/466 340/470/470
f 293/634/634 340/470/470 294/635/635
f 315/636/636 349/637/637 339/638/638
f 315/636/636 339/638/638 285/639/639
f 349/640/640 350/641/641 338/621/621
f 349/640/640 338/621/621 339/620/620
f 286/642/642 337/643/643 351/644/644
f 286/642/642 351/644/644 313/521/521
f 316/645/645 348/646/646 349/637/637
f 316/645/645 349/637/637 315/636/636
f 348/647/647 347/648/648 350/641/641
f 348/647/647 350/641/641 349/640/640
f 313/649/649 351/523/523 346/527/527
f 313/649/649 346/527/527 314/650/650
f 353/651/651 1138/652/652 1139/653/653
f 353/651/651 1139/653/653 327/654/654
f 261/655/655 1137/656/656 1138/657/657
f 261/655/655 1138/657/657 353/658/658
f 1135/659/659 1136/660/660 352/661/661
f 1135/659/659 352/661/661 326/662/662
f 1098/613/613 1099/663/663 342/631/631
f 1098/613/613 342/631/631 302/491/491
f 1099/664/664 1100/665/665 341/633/633
f 1099/664/664 341/633/633 342/632/632
f 340/470/470 1101/611/611 1102/666/666
f 340/470/470 1102/666/666 294/635/635
f 333/667/667 356/619/619 334/628/628
f 333/667/667 334/628/628 284/627/627
f 356/668/668 357/669/669 335/468/468
f 356/668/668 335/468/468 334/467/467
f 283/624/624 336/623/623 358/670/670
f 283/624/624 358/670/670 332/671/671
f 332/672/672 358/616/616 337/643/643
f 332/672/672 337/643/643 286/642/642
f 358/670/670 357/669/669 338/525/525
f 358/670/670 338/525/525 337/524/524
f 285/639/639 339/638/638 356/668/668
f 285/639/639 356/668/668 333/673/673
f 307/674/674 363/675/675 360/676/676
f 307/674/674 360/676/676 286/677/677
f 308/678/678 362/679/679 363/675/675
f 308/678/678 363/675/675 307/674/674
f 295/680/680 361/681/681 359/682/682
f 295/680/680 359/682/682 284/683/683
f 296/684/684 364/685/685 361/681/681
f 296/684/684 361/681/681 295/680/680
f 365/686/686 1122/687/687 1123/688/688
f 365/686/686 1123/688/688 325/689/689
f 1149/690/690 1144/691/691 1145/692/692
f 1149/690/690 1145/692/692 1148/693/693
f 373/694/694 374/695/695 371/696/696
f 373/694/694 371/696/696 370/697/697
f 374/695/695 373/694/694 368/698/698
f 374/695/695 368/698/698 367/699/699
f 369/700/700 370/697/697 368/701/701
f 369/700/700 373/694/694 370/697/697
f 378/702/702 377/703/703 371/696/696
f 378/702/702 371/696/696 374/695/695
f 378/702/702 374/695/695 367/699/699
f 378/702/702 367/699/699 376/704/704
f 369/700/700 368/698/698 373/694/694
f 370/705/705 371/706/706 367/707/707
f 370/705/705 367/707/707 368/708/708
f 375/709/709 372/710/710 377/711/711
f 375/709/709 377/711/711 378/712/712
f 375/709/709 378/712/712 376/713/713
f 375/709/709 376/713/713 366/714/714
f 384/715/715 387/716/716 386/717/717
f 384/715/715 386/717/717 383/718/718
f 381/719/719 386/717/717 387/716/716
f 381/719/719 387/716/716 380/720/720
f 383/721/721 382/722/722 381/719/719
f 386/717/717 382/722/722 383/718/718
f 384/715/715 390/723/723 391/724/724
f 384/715/715 391/724/724 387/716/716
f 380/720/720 387/716/716 391/724/724
f 380/720/720 391/724/724 389/725/725
f 381/719/719 382/722/722 386/717/717
f 380/720/720 384/726/726 383/721/721
f 380/720/720 383/721/721 381/719/719
f 390/727/727 385/728/728 388/729/729
f 390/727/727 388/729/729 391/730/730
f 389/731/731 391/730/730 388/729/729
f 389/731/731 388/729/729 379/732/732
f 399/733/733 400/734/734 397/735/735
f 399/733/733 397/735/735 396/736/736
f 400/734/734 399/733/733 394/737/737
f 400/734/734 394/737/737 393/738/738
f 395/739/739 396/736/736 394/740/740
f 395/739/739 399/733/733 396/736/736
f 404/741/741 403/742/742 397/735/735
f 404/741/741 397/735/735 400/734/734
f 404/741/741 400/734/734 393/738/738
f 404/741/741 393/738/738 402/743/743
f 395/739/739 394/737/737 399/733/733
f 396/736/736 397/735/735 393/744/744
f 396/736/736 393/744/744 394/740/740
f 401/745/745 398/746/746 403/747/747
f 401/745/745 403/747/747 404/748/748
f 401/745/745 404/748/748 402/749/749
f 401/745/745 402/749/749 392/750/750
f 410/751/751 413/752/752 412/753/753
f 410/751/751 412/753/753 409/754/754
f 407/755/755 412/753/753 413/752/752
f 407/755/755 413/752/752 406/756/756
f 409/757/757 408/758/758 407/755/755
f 412/753/753 408/758/758 409/754/754
f 410/751/751 416/759/759 417/760/760
f 410/751/751 417/760/760 413/752/752
f 406/756/756 413/752/752 417/760/760
f 406/756/756 417/760/760 415/761/761
f 407/755/755 408/758/758 412/753/753
f 406/762/762 410/763/763 409/764/764
f 406/762/762 409/764/764 407/765/765
f 416/766/766 411/767/767 414/768/768
f 416/766/766 414/768/768 417/769/769
f 415/770/770 417/769/769 414/768/768
f 415/770/770 414/768/768 405/771/771
f 423/772/772 426/773/773 425/774/774
f 423/772/772 425/774/774 422/775/775
f 420/776/776 425/774/774 426/773/773
f 420/776/776 426/773/773 419/777/777
f 422/778/778 421/779/779 420/776/776
f 425/774/774 421/779/779 422/775/775
f 423/772/772 429/780/780 430/781/781
f 423/772/772 430/781/781 426/773/773
f 419/777/777 426/773/773 430/781/781
f 419/777/777 430/781/781 428/782/782
f 420/776/776 421/779/779 425/774/774
f 419/783/783 423/784/784 422/785/785
f 419/783/783 422/785/785 420/786/786
f 429/787/787 424/788/788 427/789/789
f 429/787/787 427/789/789 430/790/790
f 428/791/791 430/790/790 427/789/789
f 428/791/791 427/789/789 418/792/792
f 438/793/793 439/794/794 436/795/795
f 438/793/793 436/795/795 435/796/796
f 439/794/794 438/793/793 433/797/797
f 439/794/794 433/797/797 432/798/798
f 434/799/799 435/796/796 433/800/800
f 434/799/799 438/793/793 435/796/796
f 443/801/801 442/802/802 436/795/795
f 443/801/801 436/795/795 439/794/794
f 443/801/801 439/794/794 432/798/798
f 443/801/801 432/798/798 441/803/803
f 434/799/799 433/797/797 438/793/793
f 435/804/804 436/805/805 432/806/806
f 435/804/804 432/806/806 433/807/807
f 440/808/808 437/809/809 442/810/810
f 440/808/808 442/810/810 443/811/811
f 440/808/808 443/811/811 441/812/812
f 440/808/808 441/812/812 431/813/813
f 449/814/814 452/815/815 451/816/816
f 449/814/814 451/816/816 448/817/817
f 446/818/818 451/816/816 452/815/815
f 446/818/818 452/815/815 445/819/819
f 448/820/820 447/821/821 446/818/818
f 451/816/816 447/821/821 448/817/817
f 449/814/814 455/822/822 456/823/823
f 449/814/814 456/823/823 452/815/815
f 445/819/819 452/815/815 456/823/823
f 445/819/819 456/823/823 454/824/824
f 446/818/818 447/821/821 451/816/816
f 445/819/819 449/825/825 448/820/820
f 445/819/819 448/820/820 446/818/818
f 455/826/826 450/827/827 453/828/828
f 455/826/826 453/828/828 456/829/829
f 454/830/830 456/829/829 453/828/828
f 454/830/830 453/828/828 444/831/831
f 464/832/832 465/833/833 462/834/834
f 464/832/832 462/834/834 461/835/835
f 465/833/833 464/832/832 459/836/836
f 465/833/833 459/836/836 458/837/837
f 460/838/838 461/835/835 459/839/839
f 460/838/838 464/832/832 461/835/835
f 469/840/840 468/841/841 462/834/834
f 469/840/840 462/834/834 465/833/833
f 469/840/840 465/833/833 458/837/837
f 469/840/840 458/837/837 467/842/842
f 460/838/838 459/836/836 464/832/832
f 461/835/835 462/834/834 458/843/843
f 461/835/835 458/843/843 459/839/839
f 466/844/844 463/845/845 468/846/846
f 466/844/844 468/846/846 469/847/847
f 466/844/844 469/847/847 467/848/848
f 466/844/844 467/848/848 457/849/849
f 471/850/850 475/851/851 486/852/852
f 471/850/850 486/852/852 487/853/853
f 477/854/854 514/855/855 515/856/856
f 477/854/854 515/856/856 473/857/857
f 476/858/858 506/859/859 507/860/860
f 476/858/858 507/860/860 472/861/861
f 474/862/862 498/863/863 499/864/864
f 474/862/862 499/864/864 470/865/865
f 475/851/851 483/866/866 486/852/852
f 477/854/854 484/867/867 514/855/855
f 476/858/858 485/868/868 506/859/859
f 474/862/862 482/869/869 498/863/863
f 479/870/870 488/871/871 486/872/872
f 479/870/870 486/872/872 483/873/873
f 488/871/871 489/874/874 487/875/875
f 488/871/871 487/875/875 486/872/872
f 543/876/876 544/877/877 531/878/878
f 543/876/876 531/878/878 532/879/879
f 540/880/880 539/881/881 544/877/877
f 540/880/880 544/877/877 543/876/876
f 492/882/882 490/883/883 479/884/884
f 492/882/882 479/884/884 483/885/885
f 493/886/886 491/887/887 490/883/883
f 493/886/886 490/883/883 492/882/882
f 475/888/888 492/889/889 483/890/890
f 471/891/891 493/892/892 492/889/889
f 471/891/891 492/889/889 475/888/888
f 474/893/893 494/894/894 482/895/895
f 474/893/893 470/896/896 495/897/897
f 474/893/893 495/897/897 494/894/894
f 494/898/898 496/899/899 478/900/900
f 494/898/898 478/900/900 482/901/901
f 494/898/898 495/902/902 497/903/903
f 494/898/898 497/903/903 496/899/899
f 478/904/904 500/905/905 498/906/906
f 478/904/904 498/906/906 482/907/907
f 501/908/908 499/909/909 498/906/906
f 501/908/908 498/906/906 500/905/905
f 570/910/910 571/911/911 564/912/912
f 570/910/910 564/912/912 565/913/913
f 569/914/914 568/915/915 571/911/911
f 569/914/914 571/911/911 570/910/910
f 504/916/916 502/917/917 481/918/918
f 504/916/916 481/918/918 485/919/919
f 504/916/916 505/920/920 503/921/921
f 504/916/916 503/921/921 502/917/917
f 476/922/922 504/923/923 485/924/924
f 476/922/922 472/925/925 505/926/926
f 476/922/922 505/926/926 504/923/923
f 481/927/927 508/928/928 506/929/929
f 481/927/927 506/929/929 485/930/930
f 509/931/931 507/932/932 506/929/929
f 509/931/931 506/929/929 508/928/928
f 551/933/933 552/934/934 535/935/935
f 551/933/933 535/935/935 536/936/936
f 548/937/937 547/938/938 552/934/934
f 548/937/937 552/934/934 551/933/933
f 512/939/939 510/940/940 480/941/941
f 512/939/939 480/941/941 484/942/942
f 512/939/939 513/943/943 511/944/944
f 512/939/939 511/944/944 510/940/940
f 477/945/945 512/946/946 484/947/947
f 477/945/945 473/948/948 513/949/949
f 477/945/945 513/949/949 512/946/946
f 480/950/950 516/951/951 514/952/952
f 480/950/950 514/952/952 484/953/953
f 517/954/954 515/955/955 514/952/952
f 517/954/954 514/952/952 516/951/951
f 566/956/956 567/957/957 562/958/958
f 566/956/956 562/958/958 563/959/959
f 573/960/960 572/961/961 567/957/957
f 573/960/960 567/957/957 566/956/956
f 518/962/962 1051/963/963 1059/964/964
f 519/965/965 518/966/966 1059/967/967
f 519/965/965 1059/967/967 1060/968/968
f 574/969/969 575/970/970 1061/971/971
f 574/969/969 1061/971/971 1062/972/972
f 520/973/973 1063/974/974 1064/975/975
f 520/973/973 1064/975/975 521/976/976
f 521/977/977 1064/978/978 1065/979/979
f 521/977/977 1065/980/980 1075/981/981
f 522/982/982 521/977/977 1075/983/983
f 522/982/982 1075/983/983 1076/984/984
f 555/985/985 1078/986/986 1079/987/987
f 555/985/985 1079/987/987 556/988/988
f 523/989/989 1081/990/990 1082/991/991
f 523/989/989 1082/991/991 524/992/992
f 524/993/993 1082/994/994 1083/995/995
f 524/993/993 1083/996/996 1090/997/997
f 524/998/998 1090/999/999 1091/1000/1000
f 524/998/998 1091/1000/1000 525/1001/1001
f 577/1002/1002 1092/1003/1003 1093/1004/1004
f 577/1002/1002 1093/1004/1004 576/1005/1005
f 526/1006/1006 1094/1007/1007 1095/1008/1008
f 526/1006/1006 1095/1008/1008 527/1009/1009
f 527/1010/1010 1095/1011/1011 1042/1012/1012
f 487/853/853 1040/1013/1013 1041/1014/1014
f 487/853/853 1041/1014/1014 471/850/850
f 1039/1015/1015 1040/1016/1016 487/875/875
f 1039/1015/1015 487/875/875 489/874/874
f 1036/1017/1017 1037/1018/1018 539/881/881
f 1036/1017/1017 539/881/881 540/880/880
f 495/902/902 1033/1019/1019 1034/1020/1020
f 495/902/902 1034/1020/1020 497/903/903
f 470/896/896 1032/1021/1021 1033/1022/1022
f 470/896/896 1033/1022/1022 495/897/897
f 496/1023/1023 542/1024/1024 533/1025/1025
f 496/1023/1023 533/1025/1025 478/1026/1026
f 542/1027/1027 543/1028/1028 532/1029/1029
f 542/1027/1027 532/1029/1029 533/1030/1030
f 479/1031/1031 530/1032/1032 545/1033/1033
f 479/1031/1031 545/1033/1033 488/1034/1034
f 530/1035/1035 531/1036/1036 544/1037/1037
f 530/1035/1035 544/1037/1037 545/1038/1038
f 497/1039/1039 541/1040/1040 542/1024/1024
f 497/1039/1039 542/1024/1024 496/1023/1023
f 541/1041/1041 540/1042/1042 543/1028/1028
f 541/1041/1041 543/1028/1028 542/1027/1027
f 488/1034/1034 545/1033/1033 538/1043/1043
f 488/1034/1034 538/1043/1043 489/1044/1044
f 545/1038/1038 544/1037/1037 539/1045/1045
f 545/1038/1038 539/1045/1045 538/1046/1046
f 510/1047/1047 550/1048/1048 537/1049/1049
f 510/1047/1047 537/1049/1049 480/1050/1050
f 550/1051/1051 551/1052/1052 536/1053/1053
f 550/1051/1051 536/1053/1053 537/1054/1054
f 481/1055/1055 534/1056/1056 553/1057/1057
f 481/1055/1055 553/1057/1057 508/1058/1058
f 534/1059/1059 535/1060/1060 552/1061/1061
f 534/1059/1059 552/1061/1061 553/1062/1062
f 511/1063/1063 549/1064/1064 550/1048/1048
f 511/1063/1063 550/1048/1048 510/1047/1047
f 549/1065/1065 548/1066/1066 551/1052/1052
f 549/1065/1065 551/1052/1052 550/1051/1051
f 508/1058/1058 553/1057/1057 546/1067/1067
f 508/1058/1058 546/1067/1067 509/1068/1068
f 553/1062/1062 552/1061/1061 547/1069/1069
f 553/1062/1062 547/1069/1069 546/1070/1070
f 557/1071/1071 1080/1072/1072 1081/1073/1073
f 557/1071/1071 1081/1073/1073 523/1074/1074
f 556/1075/1075 1079/1076/1076 1080/1077/1077
f 556/1075/1075 1080/1077/1077 557/1078/1078
f 1076/1079/1079 1077/1080/1080 554/1081/1081
f 1076/1079/1079 554/1081/1081 522/1082/1082
f 1077/1083/1083 1078/1084/1084 555/1085/1085
f 1077/1083/1083 555/1085/1085 554/1086/1086
f 1034/1087/1087 1035/1088/1088 541/1040/1040
f 1034/1087/1087 541/1040/1040 497/1039/1039
f 1035/1089/1089 1036/1090/1090 540/1042/1042
f 1035/1089/1089 540/1042/1042 541/1041/1041
f 538/1043/1043 1038/1091/1091 1039/1092/1092
f 538/1043/1043 1039/1092/1092 489/1044/1044
f 539/1045/1045 1037/1093/1093 1038/1094/1094
f 539/1045/1045 1038/1094/1094 538/1046/1046
f 502/1095/1095 570/1096/1096 565/1097/1097
f 502/1095/1095 565/1097/1097 481/1098/1098
f 478/1099/1099 564/1100/1100 571/1101/1101
f 478/1099/1099 571/1101/1101 500/1102/1102
f 503/1103/1103 569/1104/1104 570/1096/1096
f 503/1103/1103 570/1096/1096 502/1095/1095
f 500/1102/1102 571/1101/1101 568/1105/1105
f 500/1102/1102 568/1105/1105 501/1106/1106
f 490/1107/1107 566/1108/1108 563/1109/1109
f 490/1107/1107 563/1109/1109 479/1110/1110
f 480/1111/1111 562/1112/1112 567/1113/1113
f 480/1111/1111 567/1113/1113 516/1114/1114
f 491/1115/1115 573/1116/1116 566/1108/1108
f 491/1115/1115 566/1108/1108 490/1107/1107
f 516/1117/1117 567/957/957 572/961/961
f 516/1117/1117 572/961/961 517/1118/1118
f 520/1119/1119 574/1120/1120 1062/1121/1121
f 520/1119/1119 1062/1121/1121 1063/1122/1122
f 1060/1123/1123 1061/1124/1124 575/1125/1125
f 1060/1123/1123 575/1125/1125 519/1126/1126
f 576/1127/1127 1093/1128/1128 1094/1129/1129
f 576/1127/1127 1094/1129/1129 526/1130/1130
f 1091/1131/1131 1092/1132/1132 577/1133/1133
f 1091/1131/1131 577/1133/1133 525/1134/1134
f 581/1135/1135 583/1136/1136 582/1137/1137
f 581/1135/1135 582/1137/1137 580/1138/1138
f 578/1139/1139 581/1140/1140 580/1141/1141
f 578/1139/1139 580/1141/1141 584/1142/1142
f 585/1143/1143 582/1144/1144 583/1145/1145
f 585/1143/1143 583/1145/1145 579/1146/1146
f 582/1137/1137 585/1147/1147 584/1148/1148
f 582/1137/1137 584/1148/1148 580/1138/1138
f 589/1149/1149 591/1150/1150 590/1151/1151
f 589/1149/1149 590/1151/1151 588/1152/1152
f 586/1153/1153 589/1154/1154 588/1155/1155
f 586/1153/1153 588/1155/1155 592/1156/1156
f 593/1157/1157 590/1158/1158 591/1159/1159
f 593/1157/1157 591/1159/1159 587/1160/1160
f 590/1151/1151 593/1161/1161 592/1162/1162
f 590/1151/1151 592/1162/1162 588/1152/1152
f 598/1163/1163 599/1164/1164 597/1165/1165
f 598/1163/1163 597/1165/1165 596/1166/1166
f 596/1167/1167 597/1168/1168 594/1169/1169
f 596/1167/1167 594/1169/1169 600/1170/1170
f 599/1171/1171 598/1172/1172 601/1173/1173
f 599/1171/1171 601/1173/1173 595/1174/1174
f 600/1170/1170 601/1175/1175 598/1176/1176
f 600/1170/1170 598/1176/1176 596/1177/1177
f 606/1178/1178 607/1179/1179 605/1180/1180
f 606/1178/1178 605/1180/1180 604/1181/1181
f 604/1182/1182 605/1183/1183 602/1184/1184
f 604/1182/1182 602/1184/1184 608/1185/1185
f 607/1186/1186 606/1187/1187 609/1188/1188
f 607/1186/1186 609/1188/1188 603/1189/1189
f 608/1185/1185 609/1190/1190 606/1191/1191
f 608/1185/1185 606/1191/1191 604/1192/1192
f 2724/1193/1193 2727/1194/1194 2726/1195/1195
f 2724/1193/1193 2726/1195/1195 2725/1196/1196
f 2721/1197/1197 2723/1198/1198 2722/1199/1199
f 2721/1197/1197 2722/1199/1199 2720/1200/1200
f 2720/1201/1201 2724/1202/1202 2725/1203/1203
f 2720/1201/1201 2725/1203/1203 2721/1204/1204
f 285/1205/1205 333/1206/1206 359/1207/1207
f 283/1208/1208 332/1209/1209 360/1210/1210
f 284/1211/1211 359/1207/1207 333/1206/1206
f 286/1212/1212 360/1210/1210 332/1209/1209
f 2728/1213/1213 2733/1214/1214 2732/1215/1215
f 2728/1213/1213 2732/1215/1215 2729/1216/1216
f 2728/1217/1217 2729/1218/1218 2735/1219/1219
f 2728/1217/1217 2735/1219/1219 2734/1220/1220
f 2745/1221/1221 2742/1222/1222 2741/1223/1223
f 2745/1221/1221 2741/1223/1223 2744/1224/1224
f 2743/1225/1225 2739/1226/1226 2738/1227/1227
f 2743/1225/1225 2738/1227/1227 2744/1228/1228
f 625/1229/1229 2746/1230/1230 2748/1231/1231
f 625/1229/1229 2748/1231/1231 618/1232/1232
f 624/1233/1233 2747/1234/1234 2746/1235/1235
f 624/1233/1233 2746/1235/1235 625/1229/1229
f 2749/1236/1236 2751/1237/1237 627/1238/1238
f 2749/1236/1236 627/1238/1238 619/1239/1239
f 628/1240/1240 2750/1241/1241 2751/1242/1242
f 628/1240/1240 2751/1242/1242 629/1243/1243
f 648/1244/1244 647/1245/1245 642/1246/1246
f 642/1247/1247 643/1248/1248 633/1249/1249
f 642/1247/1247 633/1249/1249 632/1250/1250
f 643/1251/1251 644/1252/1252 634/1253/1253
f 643/1251/1251 634/1253/1253 633/1254/1254
f 644/1252/1252 645/1255/1255 635/1256/1256
f 644/1252/1252 635/1256/1256 634/1253/1253
f 645/1255/1255 646/1257/1257 636/1258/1258
f 645/1255/1255 636/1258/1258 635/1256/1256
f 646/1259/1259 647/1260/1260 637/1261/1261
f 646/1259/1259 637/1261/1261 636/1262/1262
f 647/1260/1260 648/1263/1263 638/1264/1264
f 647/1260/1260 638/1264/1264 637/1261/1261
f 648/1263/1263 649/1265/1265 639/1266/1266
f 648/1263/1263 639/1266/1266 638/1264/1264
f 649/1265/1265 650/1267/1267 640/1268/1268
f 649/1265/1265 640/1268/1268 639/1266/1266
f 650/1267/1267 651/1269/1269 641/1270/1270
f 650/1267/1267 641/1270/1270 640/1268/1268
f 651/1271/1271 652/1272/1272 630/1273/1273
f 651/1271/1271 630/1273/1273 641/1274/1274
f 652/1272/1272 653/1275/1275 631/1276/1276
f 652/1272/1272 631/1276/1276 630/1273/1273
f 653/1275/1275 642/1277/1277 632/1278/1278
f 653/1275/1275 632/1278/1278 631/1276/1276
f 635/1279/1279 630/1280/1280 631/1281/1281
f 635/1279/1279 631/1281/1281 632/1282/1282
f 639/1283/1283 640/1284/1284 641/1285/1285
f 639/1283/1283 641/1285/1285 630/1280/1280
f 635/1279/1279 638/1286/1286 639/1283/1283
f 635/1279/1279 639/1283/1283 630/1280/1280
f 635/1279/1279 636/1287/1287 637/1288/1288
f 635/1279/1279 637/1288/1288 638/1286/1286
f 633/1289/1289 634/1290/1290 635/1279/1279
f 633/1289/1289 635/1279/1279 632/1282/1282
f 644/1291/1291 642/1246/1246 645/1292/1292
f 643/1293/1293 642/1246/1246 644/1291/1291
f 646/1294/1294 645/1292/1292 642/1246/1246
f 646/1294/1294 642/1246/1246 647/1245/1245
f 650/1295/1295 649/1296/1296 653/1297/1297
f 650/1295/1295 653/1297/1297 652/1298/1298
f 642/1246/1246 653/1297/1297 649/1296/1296
f 642/1246/1246 649/1296/1296 648/1244/1244
f 651/1299/1299 650/1295/1295 652/1298/1298
f 671/1300/1300 672/1301/1301 666/1302/1302
f 657/1303/1303 667/1304/1304 666/1305/1305
f 657/1303/1303 666/1305/1305 656/1306/1306
f 658/1307/1307 668/1308/1308 667/1309/1309
f 658/1307/1307 667/1309/1309 657/1310/1310
f 659/1311/1311 669/1312/1312 668/1308/1308
f 659/1311/1311 668/1308/1308 658/1307/1307
f 660/1313/1313 670/1314/1314 669/1312/1312
f 660/1313/1313 669/1312/1312 659/1311/1311
f 661/1315/1315 671/1316/1316 670/1317/1317
f 661/1315/1315 670/1317/1317 660/1318/1318
f 662/1319/1319 672/1320/1320 671/1316/1316
f 662/1319/1319 671/1316/1316 661/1315/1315
f 663/1321/1321 673/1322/1322 672/1320/1320
f 663/1321/1321 672/1320/1320 662/1319/1319
f 664/1323/1323 674/1324/1324 673/1322/1322
f 664/1323/1323 673/1322/1322 663/1321/1321
f 665/1325/1325 675/1326/1326 674/1324/1324
f 665/1325/1325 674/1324/1324 664/1323/1323
f 654/1327/1327 676/1328/1328 675/1329/1329
f 654/1327/1327 675/1329/1329 665/1330/1330
f 655/1331/1331 677/1332/1332 676/1328/1328
f 655/1331/1331 676/1328/1328 654/1327/1327
f 656/1333/1333 666/1334/1334 677/1332/1332
f 656/1333/1333 677/1332/1332 655/1331/1331
f 659/1335/1335 658/1336/1336 657/1337/1337
f 659/1335/1335 657/1337/1337 656/1338/1338
f 659/1335/1335 662/1339/1339 661/1340/1340
f 659/1335/1335 661/1340/1340 660/1341/1341
f 663/1342/1342 654/1343/1343 665/1344/1344
f 663/1342/1342 665/1344/1344 664/1345/1345
f 659/1335/1335 654/1343/1343 663/1342/1342
f 659/1335/1335 663/1342/1342 662/1339/1339
f 655/1346/1346 654/1343/1343 659/1335/1335
f 655/1346/1346 659/1335/1335 656/1338/1338
f 666/1302/1302 668/1347/1347 669/1348/1348
f 666/1302/1302 667/1349/1349 668/1347/1347
f 666/1302/1302 669/1348/1348 670/1350/1350
f 666/1302/1302 670/1350/1350 671/1300/1300
f 677/1351/1351 673/1352/1352 674/1353/1353
f 677/1351/1351 674/1353/1353 676/1354/1354
f 673/1352/1352 677/1351/1351 666/1302/1302
f 673/1352/1352 666/1302/1302 672/1301/1301
f 674/1353/1353 675/1355/1355 676/1354/1354
f 680/1356/1356 681/1357/1357 678/1358/1358
f 680/1356/1356 678/1358/1358 679/1359/1359
f 683/1360/1360 680/1356/1356 679/1359/1359
f 683/1360/1360 679/1359/1359 682/1361/1361
f 685/1362/1362 683/1360/1360 682/1361/1361
f 685/1362/1362 682/1361/1361 684/1363/1363
f 687/1364/1364 685/1362/1362 684/1363/1363
f 687/1364/1364 684/1363/1363 686/1365/1365
f 689/1366/1366 687/1364/1364 686/1365/1365
f 689/1366/1366 686/1365/1365 688/1367/1367
f 681/1357/1357 689/1366/1366 688/1367/1367
f 681/1357/1357 688/1367/1367 678/1358/1358
f 691/1368/1368 681/1357/1357 680/1356/1356
f 691/1368/1368 680/1356/1356 690/1369/1369
f 690/1369/1369 680/1356/1356 683/1360/1360
f 690/1369/1369 683/1360/1360 692/1370/1370
f 692/1370/1370 683/1360/1360 685/1362/1362
f 692/1370/1370 685/1362/1362 693/1371/1371
f 693/1371/1371 685/1362/1362 687/1364/1364
f 693/1371/1371 687/1364/1364 694/1372/1372
f 694/1372/1372 687/1364/1364 689/1366/1366
f 694/1372/1372 689/1366/1366 695/1373/1373
f 695/1373/1373 689/1366/1366 681/1357/1357
f 695/1373/1373 681/1357/1357 691/1368/1368
f 697/1374/1374 691/1368/1368 690/1369/1369
f 697/1374/1374 690/1369/1369 696/1375/1375
f 696/1375/1375 690/1369/1369 692/1370/1370
f 696/1375/1375 692/1370/1370 698/1376/1376
f 698/1376/1376 692/1370/1370 693/1371/1371
f 698/1376/1376 693/1371/1371 699/1377/1377
f 699/1377/1377 693/1371/1371 694/1372/1372
f 699/1377/1377 694/1372/1372 700/1378/1378
f 700/1378/1378 694/1372/1372 695/1373/1373
f 700/1378/1378 695/1373/1373 701/1379/1379
f 701/1379/1379 695/1373/1373 691/1368/1368
f 701/1379/1379 691/1368/1368 697/1374/1374
f 714/1380/1380 715/1381/1381 702/1382/1382
f 714/1380/1380 702/1382/1382 703/1383/1383
f 716/1384/1384 714/1380/1380 703/1383/1383
f 716/1384/1384 703/1383/1383 706/1385/1385
f 717/1386/1386 716/1384/1384 706/1385/1385
f 717/1386/1386 706/1385/1385 708/1387/1387
f 718/1388/1388 717/1386/1386 708/1387/1387
f 718/1388/1388 708/1387/1387 710/1389/1389
f 719/1390/1390 718/1388/1388 710/1389/1389
f 719/1390/1390 710/1389/1389 712/1391/1391
f 715/1381/1381 719/1390/1390 712/1391/1391
f 715/1381/1381 712/1391/1391 702/1382/1382
f 720/1392/1392 715/1381/1381 714/1380/1380
f 720/1392/1392 714/1380/1380 721/1393/1393
f 721/1393/1393 714/1380/1380 716/1384/1384
f 721/1393/1393 716/1384/1384 722/1394/1394
f 722/1394/1394 716/1384/1384 717/1386/1386
f 722/1394/1394 717/1386/1386 723/1395/1395
f 723/1395/1395 717/1386/1386 718/1388/1388
f 723/1395/1395 718/1388/1388 724/1396/1396
f 724/1396/1396 718/1388/1388 719/1390/1390
f 724/1396/1396 719/1390/1390 725/1397/1397
f 725/1397/1397 719/1390/1390 715/1381/1381
f 725/1397/1397 715/1381/1381 720/1392/1392
f 705/1398/1398 720/1392/1392 721/1393/1393
f 705/1398/1398 721/1393/1393 704/1399/1399
f 704/1399/1399 721/1393/1393 722/1394/1394
f 704/1399/1399 722/1394/1394 707/1400/1400
f 707/1400/1400 722/1394/1394 723/1395/1395
f 707/1400/1400 723/1395/1395 709/1401/1401
f 709/1401/1401 723/1395/1395 724/1396/1396
f 709/1401/1401 724/1396/1396 711/1402/1402
f 711/1402/1402 724/1396/1396 725/1397/1397
f 711/1402/1402 725/1397/1397 713/1403/1403
f 713/1403/1403 725/1397/1397 720/1392/1392
f 713/1403/1403 720/1392/1392 705/1398/1398
f 738/1404/1404 739/1405/1405 726/1406/1406
f 738/1404/1404 726/1406/1406 727/1407/1407
f 740/1408/1408 738/1404/1404 727/1407/1407
f 740/1408/1408 727/1407/1407 730/1409/1409
f 741/1410/1410 740/1408/1408 730/1409/1409
f 741/1410/1410 730/1409/1409 732/1411/1411
f 742/1412/1412 741/1410/1410 732/1411/1411
f 742/1412/1412 732/1411/1411 734/1413/1413
f 743/1414/1414 742/1412/1412 734/1413/1413
f 743/1414/1414 734/1413/1413 736/1415/1415
f 739/1405/1405 743/1414/1414 736/1415/1415
f 739/1405/1405 736/1415/1415 726/1406/1406
f 744/1416/1416 739/1405/1405 738/1404/1404
f 744/1416/1416 738/1404/1404 745/1417/1417
f 745/1417/1417 738/1404/1404 740/1408/1408
f 745/1417/1417 740/1408/1408 746/1418/1418
f 746/1418/1418 740/1408/1408 741/1410/1410
f 746/1418/1418 741/1410/1410 747/1419/1419
f 747/1419/1419 741/1410/1410 742/1412/1412
f 747/1419/1419 742/1412/1412 748/1420/1420
f 748/1420/1420 742/1412/1412 743/1414/1414
f 748/1420/1420 743/1414/1414 749/1421/1421
f 749/1421/1421 743/1414/1414 739/1405/1405
f 749/1421/1421 739/1405/1405 744/1416/1416
f 729/1422/1422 744/1416/1416 745/1417/1417
f 729/1422/1422 745/1417/1417 728/1423/1423
f 728/1423/1423 745/1417/1417 746/1418/1418
f 728/1423/1423 746/1418/1418 731/1424/1424
f 731/1424/1424 746/1418/1418 747/1419/1419
f 731/1424/1424 747/1419/1419 733/1425/1425
f 733/1425/1425 747/1419/1419 748/1420/1420
f 733/1425/1425 748/1420/1420 735/1426/1426
f 735/1426/1426 748/1420/1420 749/1421/1421
f 735/1426/1426 749/1421/1421 737/1427/1427
f 737/1427/1427 749/1421/1421 744/1416/1416
f 737/1427/1427 744/1416/1416 729/1422/1422
f 762/1428/1428 763/1429/1429 750/1430/1430
f 762/1428/1428 750/1430/1430 751/1431/1431
f 764/1432/1432 762/1428/1428 751/1431/1431
f 764/1432/1432 751/1431/1431 754/1433/1433
f 765/1434/1434 764/1432/1432 754/1433/1433
f 765/1434/1434 754/1433/1433 756/1435/1435
f 766/1436/1436 765/1434/1434 756/1435/1435
f 766/1436/1436 756/1435/1435 758/1437/1437
f 767/1438/1438 766/1436/1436 758/1437/1437
f 767/1438/1438 758/1437/1437 760/1439/1439
f 763/1429/1429 767/1438/1438 760/1439/1439
f 763/1429/1429 760/1439/1439 750/1430/1430
f 768/1440/1440 763/1429/1429 762/1428/1428
f 768/1440/1440 762/1428/1428 769/1441/1441
f 769/1441/1441 762/1428/1428 764/1432/1432
f 769/1441/1441 764/1432/1432 770/1442/1442
f 770/1442/1442 764/1432/1432 765/1434/1434
f 770/1442/1442 765/1434/1434 771/1443/1443
f 771/1443/1443 765/1434/1434 766/1436/1436
f 771/1443/1443 766/1436/1436 772/1444/1444
f 772/1444/1444 766/1436/1436 767/1438/1438
f 772/1444/1444 767/1438/1438 773/1445/1445
f 773/1445/1445 767/1438/1438 763/1429/1429
f 773/1445/1445 763/1429/1429 768/1440/1440
f 753/1446/1446 768/1440/1440 769/1441/1441
f 753/1446/1446 769/1441/1441 752/1447/1447
f 752/1447/1447 769/1441/1441 770/1442/1442
f 752/1447/1447 770/1442/1442 755/1448/1448
f 755/1448/1448 770/1442/1442 771/1443/1443
f 755/1448/1448 771/1443/1443 757/1449/1449
f 757/1449/1449 771/1443/1443 772/1444/1444
f 757/1449/1449 772/1444/1444 759/1450/1450
f 759/1450/1450 772/1444/1444 773/1445/1445
f 759/1450/1450 773/1445/1445 761/1451/1451
f 761/1451/1451 773/1445/1445 768/1440/1440
f 761/1451/1451 768/1440/1440 753/1446/1446
f 786/1452/1452 787/1453/1453 774/1454/1454
f 786/1452/1452 774/1454/1454 775/1455/1455
f 788/1456/1456 786/1452/1452 775/1455/1455
f 788/1456/1456 775/1455/1455 778/1457/1457
f 789/1458/1458 788/1456/1456 778/1457/1457
f 789/1458/1458 778/1457/1457 780/1459/1459
f 790/1460/1460 789/1458/1458 780/1459/1459
f 790/1460/1460 780/1459/1459 782/1461/1461
f 791/1462/1462 790/1460/1460 782/1461/1461
f 791/1462/1462 782/1461/1461 784/1463/1463
f 787/1453/1453 791/1462/1462 784/1463/1463
f 787/1453/1453 784/1463/1463 774/1454/1454
f 792/1464/1464 787/1453/1453 786/1452/1452
f 792/1464/1464 786/1452/1452 793/1465/1465
f 793/1465/1465 786/1452/1452 788/1456/1456
f 793/1465/1465 788/1456/1456 794/1466/1466
f 794/1466/1466 788/1456/1456 789/1458/1458
f 794/1466/1466 789/1458/1458 795/1467/1467
f 795/1467/1467 789/1458/1458 790/1460/1460
f 795/1467/1467 790/1460/1460 796/1468/1468
f 796/1468/1468 790/1460/1460 791/1462/1462
f 796/1468/1468 791/1462/1462 797/1469/1469
f 797/1469/1469 791/1462/1462 787/1453/1453
f 797/1469/1469 787/1453/1453 792/1464/1464
f 777/1470/1470 792/1464/1464 793/1465/1465
f 777/1470/1470 793/1465/1465 776/1471/1471
f 776/1471/1471 793/1465/1465 794/1466/1466
f 776/1471/1471 794/1466/1466 779/1472/1472
f 779/1472/1472 794/1466/1466 795/1467/1467
f 779/1472/1472 795/1467/1467 781/1473/1473
f 781/1473/1473 795/1467/1467 796/1468/1468
f 781/1473/1473 796/1468/1468 783/1474/1474
f 783/1474/1474 796/1468/1468 797/1469/1469
f 783/1474/1474 797/1469/1469 785/1475/1475
f 785/1475/1475 797/1469/1469 792/1464/1464
f 785/1475/1475 792/1464/1464 777/1470/1470
f 810/1476/1476 811/1477/1477 798/1478/1478
f 810/1476/1476 798/1478/1478 799/1479/1479
f 812/1480/1480 810/1476/1476 799/1479/1479
f 812/1480/1480 799/1479/1479 802/1481/1481
f 813/1482/1482 812/1480/1480 802/1481/1481
f 813/1482/1482 802/1481/1481 804/1483/1483
f 814/1484/1484 813/1482/1482 804/1483/1483
f 814/1484/1484 804/1483/1483 806/1485/1485
f 815/1486/1486 814/1484/1484 806/1485/1485
f 815/1486/1486 806/1485/1485 808/1487/1487
f 811/1477/1477 815/1486/1486 808/1487/1487
f 811/1477/1477 808/1487/1487 798/1478/1478
f 816/1488/1488 811/1477/1477 810/1476/1476
f 816/1488/1488 810/1476/1476 817/1489/1489
f 817/1489/1489 810/1476/1476 812/1480/1480
f 817/1489/1489 812/1480/1480 818/1490/1490
f 818/1490/1490 812/1480/1480 813/1482/1482
f 818/1490/1490 813/1482/1482 819/1491/1491
f 819/1491/1491 813/1482/1482 814/1484/1484
f 819/1491/1491 814/1484/1484 820/1492/1492
f 820/1492/1492 814/1484/1484 815/1486/1486
f 820/1492/1492 815/1486/1486 821/1493/1493
f 821/1493/1493 815/1486/1486 811/1477/1477
f 821/1493/1493 811/1477/1477 816/1488/1488
f 801/1494/1494 816/1488/1488 817/1489/1489
f 801/1494/1494 817/1489/1489 800/1495/1495
f 800/1495/1495 817/1489/1489 818/1490/1490
f 800/1495/1495 818/1490/1490 803/1496/1496
f 803/1496/1496 818/1490/1490 819/1491/1491
f 803/1496/1496 819/1491/1491 805/1497/1497
f 805/1497/1497 819/1491/1491 820/1492/1492
f 805/1497/1497 820/1492/1492 807/1498/1498
f 807/1498/1498 820/1492/1492 821/1493/1493
f 807/1498/1498 821/1493/1493 809/1499/1499
f 809/1499/1499 821/1493/1493 816/1488/1488
f 809/1499/1499 816/1488/1488 801/1494/1494
f 834/1500/1500 835/1501/1501 822/1502/1502
f 834/1500/1500 822/1502/1502 823/1503/1503
f 836/1504/1504 834/1500/1500 823/1503/1503
f 836/1504/1504 823/1503/1503 826/1505/1505
f 837/1506/1506 836/1504/1504 826/1505/1505
f 837/1506/1506 826/1505/1505 828/1507/1507
f 838/1508/1508 837/1506/1506 828/1507/1507
f 838/1508/1508 828/1507/1507 830/1509/1509
f 839/1510/1510 838/1508/1508 830/1509/1509
f 839/1510/1510 830/1509/1509 832/1511/1511
f 835/1501/1501 839/1510/1510 832/1511/1511
f 835/1501/1501 832/1511/1511 822/1502/1502
f 840/1512/1512 835/1501/1501 834/1500/1500
f 840/1512/1512 834/1500/1500 841/1513/1513
f 841/1513/1513 834/1500/1500 836/1504/1504
f 841/1513/1513 836/1504/1504 842/1514/1514
f 842/1514/1514 836/1504/1504 837/1506/1506
f 842/1514/1514 837/1506/1506 843/1515/1515
f 843/1515/1515 837/1506/1506 838/1508/1508
f 843/1515/1515 838/1508/1508 844/1516/1516
f 844/1516/1516 838/1508/1508 839/1510/1510
f 844/1516/1516 839/1510/1510 845/1517/1517
f 845/1517/1517 839/1510/1510 835/1501/1501
f 845/1517/1517 835/1501/1501 840/1512/1512
f 825/1518/1518 840/1512/1512 841/1513/1513
f 825/1518/1518 841/1513/1513 824/1519/1519
f 824/1519/1519 841/1513/1513 842/1514/1514
f 824/1519/1519 842/1514/1514 827/1520/1520
f 827/1520/1520 842/1514/1514 843/1515/1515
f 827/1520/1520 843/1515/1515 829/1521/1521
f 829/1521/1521 843/1515/1515 844/1516/1516
f 829/1521/1521 844/1516/1516 831/1522/1522
f 831/1522/1522 844/1516/1516 845/1517/1517
f 831/1522/1522 845/1517/1517 833/1523/1523
f 833/1523/1523 845/1517/1517 840/1512/1512
f 833/1523/1523 840/1512/1512 825/1518/1518
f 858/1524/1524 859/1525/1525 846/1526/1526
f 858/1524/1524 846/1526/1526 847/1527/1527
f 860/1528/1528 858/1524/1524 847/1527/1527
f 860/1528/1528 847/1527/1527 850/1529/1529
f 861/1530/1530 860/1528/1528 850/1529/1529
f 861/1530/1530 850/1529/1529 852/1531/1531
f 862/1532/1532 861/1530/1530 852/1531/1531
f 862/1532/1532 852/1531/1531 854/1533/1533
f 863/1534/1534 862/1532/1532 854/1533/1533
f 863/1534/1534 854/1533/1533 856/1535/1535
f 859/1525/1525 863/1534/1534 856/1535/1535
f 859/1525/1525 856/1535/1535 846/1526/1526
f 864/1536/1536 859/1525/1525 858/1524/1524
f 864/1536/1536 858/1524/1524 865/1537/1537
f 865/1537/1537 858/1524/1524 860/1528/1528
f 865/1537/1537 860/1528/1528 866/1538/1538
f 866/1538/1538 860/1528/1528 861/1530/1530
f 866/1538/1538 861/1530/1530 867/1539/1539
f 867/1539/1539 861/1530/1530 862/1532/1532
f 867/1539/1539 862/1532/1532 868/1540/1540
f 868/1540/1540 862/1532/1532 863/1534/1534
f 868/1540/1540 863/1534/1534 869/1541/1541
f 869/1541/1541 863/1534/1534 859/1525/1525
f 869/1541/1541 859/1525/1525 864/1536/1536
f 849/1542/1542 864/1536/1536 865/1537/1537
f 849/1542/1542 865/1537/1537 848/1543/1543
f 848/1543/1543 865/1537/1537 866/1538/1538
f 848/1543/1543 866/1538/1538 851/1544/1544
f 851/1544/1544 866/1538/1538 867/1539/1539
f 851/1544/1544 867/1539/1539 853/1545/1545
f 853/1545/1545 867/1539/1539 868/1540/1540
f 853/1545/1545 868/1540/1540 855/1546/1546
f 855/1546/1546 868/1540/1540 869/1541/1541
f 855/1546/1546 869/1541/1541 857/1547/1547
f 857/1547/1547 869/1541/1541 864/1536/1536
f 857/1547/1547 864/1536/1536 849/1542/1542
f 872/1548/1548 873/1549/1549 870/1550/1550
f 872/1548/1548 870/1550/1550 871/1551/1551
f 875/1552/1552 872/1548/1548 871/1551/1551
f 875/1552/1552 871/1551/1551 874/1553/1553
f 877/1554/1554 875/1552/1552 874/1553/1553
f 877/1554/1554 874/1553/1553 876/1555/1555
f 879/1556/1556 877/1554/1554 876/1555/1555
f 879/1556/1556 876/1555/1555 878/1557/1557
f 881/1558/1558 879/1556/1556 878/1557/1557
f 881/1558/1558 878/1557/1557 880/1559/1559
f 873/1549/1549 881/1558/1558 880/1559/1559
f 873/1549/1549 880/1559/1559 870/1550/1550
f 883/1560/1560 873/1549/1549 872/1548/1548
f 883/1560/1560 872/1548/1548 882/1561/1561
f 882/1561/1561 872/1548/1548 875/1552/1552
f 882/1561/1561 875/1552/1552 884/1562/1562
f 884/1562/1562 875/1552/1552 877/1554/1554
f 884/1562/1562 877/1554/1554 885/1563/1563
f 885/1563/1563 877/1554/1554 879/1556/1556
f 885/1563/1563 879/1556/1556 886/1564/1564
f 886/1564/1564 879/1556/1556 881/1558/1558
f 886/1564/1564 881/1558/1558 887/1565/1565
f 887/1565/1565 881/1558/1558 873/1549/1549
f 887/1565/1565 873/1549/1549 883/1560/1560
f 889/1566/1566 883/1560/1560 882/1561/1561
f 889/1566/1566 882/1561/1561 888/1567/1567
f 888/1567/1567 882/1561/1561 884/1562/1562
f 888/1567/1567 884/1562/1562 890/1568/1568
f 890/1568/1568 884/1562/1562 885/1563/1563
f 890/1568/1568 885/1563/1563 891/1569/1569
f 891/1569/1569 885/1563/1563 886/1564/1564
f 891/1569/1569 886/1564/1564 892/1570/1570
f 892/1570/1570 886/1564/1564 887/1565/1565
f 892/1570/1570 887/1565/1565 893/1571/1571
f 893/1571/1571 887/1565/1565 883/1560/1560
f 893/1571/1571 883/1560/1560 889/1566/1566
f 896/1572/1572 897/1573/1573 894/1574/1574
f 896/1572/1572 894/1574/1574 895/1575/1575
f 899/1576/1576 896/1572/1572 895/1575/1575
f 899/1576/1576 895/1575/1575 898/1577/1577
f 901/1578/1578 899/1576/1576 898/1577/1577
f 901/1578/1578 898/1577/1577 900/1579/1579
f 903/1580/1580 901/1578/1578 900/1579/1579
f 903/1580/1580 900/1579/1579 902/1581/1581
f 905/1582/1582 903/1580/1580 902/1581/1581
f 905/1582/1582 902/1581/1581 904/1583/1583
f 897/1573/1573 905/1582/1582 904/1583/1583
f 897/1573/1573 904/1583/1583 894/1574/1574
f 907/1584/1584 897/1573/1573 896/1572/1572
f 907/1584/1584 896/1572/1572 906/1585/1585
f 906/1585/1585 896/1572/1572 899/1576/1576
f 906/1585/1585 899/1576/1576 908/1586/1586
f 908/1586/1586 899/1576/1576 901/1578/1578
f 908/1586/1586 901/1578/1578 909/1587/1587
f 909/1587/1587 901/1578/1578 903/1580/1580
f 909/1587/1587 903/1580/1580 910/1588/1588
f 910/1588/1588 903/1580/1580 905/1582/1582
f 910/1588/1588 905/1582/1582 911/1589/1589
f 911/1589/1589 905/1582/1582 897/1573/1573
f 911/1589/1589 897/1573/1573 907/1584/1584
f 913/1590/1590 907/1584/1584 906/1585/1585
f 913/1590/1590 906/1585/1585 912/1591/1591
f 912/1591/1591 906/1585/1585 908/1586/1586
f 912/1591/1591 908/1586/1586 914/1592/1592
f 914/1592/1592 908/1586/1586 909/1587/1587
f 914/1592/1592 909/1587/1587 915/1593/1593
f 915/1593/1593 909/1587/1587 910/1588/1588
f 915/1593/1593 910/1588/1588 916/1594/1594
f 916/1594/1594 910/1588/1588 911/1589/1589
f 916/1594/1594 911/1589/1589 917/1595/1595
f 917/1595/1595 911/1589/1589 907/1584/1584
f 917/1595/1595 907/1584/1584 913/1590/1590
f 920/1596/1596 921/1597/1597 918/1598/1598
f 920/1596/1596 918/1598/1598 919/1599/1599
f 923/1600/1600 920/1596/1596 919/1599/1599
f 923/1600/1600 919/1599/1599 922/1601/1601
f 925/1602/1602 923/1600/1600 922/1601/1601
f 925/1602/1602 922/1601/1601 924/1603/1603
f 927/1604/1604 925/1602/1602 924/1603/1603
f 927/1604/1604 924/1603/1603 926/1605/1605
f 929/1606/1606 927/1604/1604 926/1605/1605
f 929/1606/1606 926/1605/1605 928/1607/1607
f 921/1597/1597 929/1606/1606 928/1607/1607
f 921/1597/1597 928/1607/1607 918/1598/1598
f 931/1608/1608 921/1597/1597 920/1596/1596
f 931/1608/1608 920/1596/1596 930/1609/1609
f 930/1609/1609 920/1596/1596 923/1600/1600
f 930/1609/1609 923/1600/1600 932/1610/1610
f 932/1610/1610 923/1600/1600 925/1602/1602
f 932/1610/1610 925/1602/1602 933/1611/1611
f 933/1611/1611 925/1602/1602 927/1604/1604
f 933/1611/1611 927/1604/1604 934/1612/1612
f 934/1612/1612 927/1604/1604 929/1606/1606
f 934/1612/1612 929/1606/1606 935/1613/1613
f 935/1613/1613 929/1606/1606 921/1597/1597
f 935/1613/1613 921/1597/1597 931/1608/1608
f 937/1614/1614 931/1608/1608 930/1609/1609
f 937/1614/1614 930/1609/1609 936/1615/1615
f 936/1615/1615 930/1609/1609 932/1610/1610
f 936/1615/1615 932/1610/1610 938/1616/1616
f 938/1616/1616 932/1610/1610 933/1611/1611
f 938/1616/1616 933/1611/1611 939/1617/1617
f 939/1617/1617 933/1611/1611 934/1612/1612
f 939/1617/1617 934/1612/1612 940/1618/1618
f 940/1618/1618 934/1612/1612 935/1613/1613
f 940/1618/1618 935/1613/1613 941/1619/1619
f 941/1619/1619 935/1613/1613 931/1608/1608
f 941/1619/1619 931/1608/1608 937/1614/1614
f 944/1620/1620 945/1621/1621 942/1622/1622
f 944/1620/1620 942/1622/1622 943/1623/1623
f 947/1624/1624 944/1620/1620 943/1623/1623
f 947/1624/1624 943/1623/1623 946/1625/1625
f 949/1626/1626 947/1624/1624 946/1625/1625
f 949/1626/1626 946/1625/1625 948/1627/1627
f 951/1628/1628 949/1626/1626 948/1627/1627
f 951/1628/1628 948/1627/1627 950/1629/1629
f 953/1630/1630 951/1628/1628 950/1629/1629
f 953/1630/1630 950/1629/1629 952/1631/1631
f 945/1621/1621 953/1630/1630 952/1631/1631
f 945/1621/1621 952/1631/1631 942/1622/1622
f 955/1632/1632 945/1621/1621 944/1620/1620
f 955/1632/1632 944/1620/1620 954/1633/1633
f 954/1633/1633 944/1620/1620 947/1624/1624
f 954/1633/1633 947/1624/1624 956/1634/1634
f 956/1634/1634 947/1624/1624 949/1626/1626
f 956/1634/1634 949/1626/1626 957/1635/1635
f 957/1635/1635 949/1626/1626 951/1628/1628
f 957/1635/1635 951/1628/1628 958/1636/1636
f 958/1636/1636 951/1628/1628 953/1630/1630
f 958/1636/1636 953/1630/1630 959/1637/1637
f 959/1637/1637 953/1630/1630 945/1621/1621
f 959/1637/1637 945/1621/1621 955/1632/1632
f 961/1638/1638 955/1632/1632 954/1633/1633
f 961/1638/1638 954/1633/1633 960/1639/1639
f 960/1639/1639 954/1633/1633 956/1634/1634
f 960/1639/1639 956/1634/1634 962/1640/1640
f 962/1640/1640 956/1634/1634 957/1635/1635
f 962/1640/1640 957/1635/1635 963/1641/1641
f 963/1641/1641 957/1635/1635 958/1636/1636
f 963/1641/1641 958/1636/1636 964/1642/1642
f 964/1642/1642 958/1636/1636 959/1637/1637
f 964/1642/1642 959/1637/1637 965/1643/1643
f 965/1643/1643 959/1637/1637 955/1632/1632
f 965/1643/1643 955/1632/1632 961/1638/1638
f 2633/1644/1644 2630/1645/1645 2629/1646/1646
f 2633/1644/1644 2629/1646/1646 2634/1647/1647
f 2630/1648/1648 2626/1649/1649 2625/1650/1650
f 2630/1648/1648 2625/1650/1650 2629/1651/1651
f 2626/1652/1652 2622/1653/1653 2621/1654/1654
f 2626/1652/1652 2621/1654/1654 2625/1655/1655
f 975/1656/1656 977/1657/1657 976/1658/1658
f 975/1656/1656 976/1658/1658 974/1659/1659
f 979/1660/1660 981/1661/1661 980/1662/1662
f 979/1660/1660 980/1662/1662 978/1663/1663
f 983/1664/1664 985/1665/1665 984/1666/1666
f 983/1664/1664 984/1666/1666 982/1667/1667
f 987/1668/1668 989/1669/1669 988/1670/1670
f 987/1668/1668 988/1670/1670 986/1671/1671
f 991/1672/1672 993/1673/1673 992/1674/1674
f 991/1672/1672 992/1674/1674 990/1675/1675
f 995/1676/1676 997/1677/1677 996/1678/1678
f 995/1676/1676 996/1678/1678 994/1679/1679
f 1004/1680/1680 1005/1681/1681 1002/1682/1682
f 1004/1680/1680 1002/1682/1682 1003/1683/1683
f 999/1684/1684 1004/1685/1685 1003/1686/1686
f 999/1684/1684 1003/1686/1686 998/1687/1687
f 999/1688/1688 998/1689/1689 1000/1690/1690
f 999/1688/1688 1000/1690/1690 1001/1691/1691
f 1014/1692/1692 1015/1693/1693 1008/1694/1694
f 1014/1692/1692 1008/1694/1694 1009/1695/1695
f 1012/1696/1696 1013/1697/1697 1010/1698/1698
f 1012/1696/1696 1010/1698/1698 1011/1699/1699
f 1013/1700/1700 1014/1701/1701 1009/1702/1702
f 1013/1700/1700 1009/1702/1702 1010/1703/1703
f 1017/1704/1704 1006/1705/1705 1007/1706/1706
f 1017/1704/1704 1007/1706/1706 1016/1707/1707
f 1007/1708/1708 1008/1709/1709 1015/1710/1710
f 1007/1708/1708 1015/1710/1710 1016/1711/1711
f 1019/1712/1712 1027/1713/1713 1030/1714/1714
f 1019/1712/1712 1030/1714/1714 1031/1715/1715
f 243/1716/1716 1019/1712/1712 1031/1715/1715
f 1029/1717/1717 1028/1718/1718 1025/1719/1719
f 1029/1717/1717 1025/1719/1719 1024/1720/1720
f 1018/1721/1721 1026/400/400 1022/399/399
f 1018/1721/1721 1022/399/399 238/1722/1722
f 240/1723/1723 1023/1724/1724 1027/1725/1725
f 240/1723/1723 1027/1725/1725 1019/1712/1712
f 1021/1726/1726 1029/1717/1717 1024/1720/1720
f 1021/1726/1726 1024/1720/1720 241/1727/1727
f 239/1728/1728 1025/1719/1719 1028/1718/1718
f 239/1728/1728 1028/1718/1718 1020/1729/1729
f 1031/1715/1715 1026/1730/1730 1018/1721/1721
f 1031/1715/1715 1018/1721/1721 242/1731/1731
f 1026/1730/1730 1031/1715/1715 1030/1714/1714
f 518/962/962 1050/1732/1732 1051/1733/1733
f 529/1734/1734 1049/1735/1735 1050/1736/1736
f 529/1734/1734 1050/1736/1736 518/1737/1737
f 561/1738/1738 1048/1739/1739 1049/1740/1740
f 561/1738/1738 1049/1740/1740 529/1741/1741
f 560/1742/1742 1047/1743/1743 1048/1744/1744
f 560/1742/1742 1048/1744/1744 561/1745/1745
f 559/1746/1746 1046/1747/1747 1047/1748/1748
f 559/1746/1746 1047/1748/1748 560/1749/1749
f 558/1750/1750 1045/1751/1751 1046/1752/1752
f 558/1750/1750 1046/1752/1752 559/1753/1753
f 528/1754/1754 1044/1755/1755 1045/1756/1756
f 528/1754/1754 1045/1756/1756 558/1757/1757
f 528/1758/1758 527/1759/1759 1043/1760/1760
f 528/1758/1758 1043/1760/1760 1044/1761/1761
f 527/1010/1010 1042/1762/1762 1043/1763/1763
f 1041/1014/1014 1040/1013/1013 1043/1763/1763
f 1041/1014/1014 1043/1763/1763 1042/1762/1762
f 1040/1016/1016 1039/1015/1015 1044/1761/1761
f 1040/1016/1016 1044/1761/1761 1043/1760/1760
f 1038/1091/1091 1045/1756/1756 1044/1755/1755
f 1038/1091/1091 1044/1755/1755 1039/1092/1092
f 1037/1093/1093 1046/1752/1752 1045/1751/1751
f 1037/1093/1093 1045/1751/1751 1038/1094/1094
f 1036/1017/1017 1047/1748/1748 1046/1747/1747
f 1036/1017/1017 1046/1747/1747 1037/1018/1018
f 1035/1089/1089 1048/1744/1744 1047/1743/1743
f 1035/1089/1089 1047/1743/1743 1036/1090/1090
f 1034/1087/1087 1049/1740/1740 1048/1739/1739
f 1034/1087/1087 1048/1739/1739 1035/1088/1088
f 1033/1019/1019 1050/1736/1736 1049/1735/1735
f 1033/1019/1019 1049/1735/1735 1034/1020/1020
f 1033/1022/1022 1032/1021/1021 1051/1733/1733
f 1033/1022/1022 1051/1733/1733 1050/1732/1732
f 470/865/865 499/864/864 1052/1764/1764
f 470/865/865 1052/1764/1764 1032/1765/1765
f 501/908/908 1053/1766/1766 1052/1767/1767
f 501/908/908 1052/1767/1767 499/909/909
f 568/1105/1105 1054/1768/1768 1053/1769/1769
f 568/1105/1105 1053/1769/1769 501/1106/1106
f 569/914/914 1055/1770/1770 1054/1771/1771
f 569/914/914 1054/1771/1771 568/915/915
f 503/1103/1103 1056/1772/1772 1055/1773/1773
f 503/1103/1103 1055/1773/1773 569/1104/1104
f 505/920/920 1057/1774/1774 1056/1775/1775
f 505/920/920 1056/1775/1775 503/921/921
f 505/926/926 472/925/925 1058/1776/1776
f 505/926/926 1058/1776/1776 1057/1777/1777
f 1032/1765/1765 1052/1764/1764 1059/964/964
f 1032/1765/1765 1059/964/964 1051/963/963
f 1052/1767/1767 1053/1766/1766 1060/968/968
f 1052/1767/1767 1060/968/968 1059/967/967
f 1053/1769/1769 1054/1768/1768 1061/1124/1124
f 1053/1769/1769 1061/1124/1124 1060/1123/1123
f 1054/1771/1771 1055/1770/1770 1062/972/972
f 1054/1771/1771 1062/972/972 1061/971/971
f 1055/1773/1773 1056/1772/1772 1063/1122/1122
f 1055/1773/1773 1063/1122/1122 1062/1121/1121
f 1056/1775/1775 1057/1774/1774 1064/975/975
f 1056/1775/1775 1064/975/975 1063/974/974
f 1057/1777/1777 1058/1776/1776 1065/979/979
f 1057/1777/1777 1065/979/979 1064/978/978
f 472/861/861 507/860/860 1066/1778/1778
f 472/861/861 1066/1778/1778 1058/1779/1779
f 507/1780/1780 509/1781/1781 1067/1782/1782
f 507/1780/1780 1067/1782/1782 1066/1783/1783
f 546/1067/1067 1068/1784/1784 1067/1785/1785
f 546/1067/1067 1067/1785/1785 509/1068/1068
f 547/1069/1069 1069/1786/1786 1068/1787/1787
f 547/1069/1069 1068/1787/1787 546/1070/1070
f 548/937/937 1070/1788/1788 1069/1789/1789
f 548/937/937 1069/1789/1789 547/938/938
f 549/1065/1065 1071/1790/1790 1070/1791/1791
f 549/1065/1065 1070/1791/1791 548/1066/1066
f 511/1063/1063 1072/1792/1792 1071/1793/1793
f 511/1063/1063 1071/1793/1793 549/1064/1064
f 513/943/943 1073/1794/1794 1072/1795/1795
f 513/943/943 1072/1795/1795 511/944/944
f 513/1796/1796 473/1797/1797 1074/1798/1798
f 513/1796/1796 1074/1798/1798 1073/1799/1799
f 1058/1779/1779 1066/1778/1778 1075/981/981
f 1058/1779/1779 1075/981/981 1065/980/980
f 1066/1783/1783 1067/1782/1782 1076/984/984
f 1066/1783/1783 1076/984/984 1075/983/983
f 1068/1784/1784 1077/1080/1080 1076/1079/1079
f 1068/1784/1784 1076/1079/1079 1067/1785/1785
f 1069/1786/1786 1078/1084/1084 1077/1083/1083
f 1069/1786/1786 1077/1083/1083 1068/1787/1787
f 1070/1788/1788 1079/987/987 1078/986/986
f 1070/1788/1788 1078/986/986 1069/1789/1789
f 1071/1790/1790 1080/1077/1077 1079/1076/1076
f 1071/1790/1790 1079/1076/1076 1070/1791/1791
f 1072/1792/1792 1081/1073/1073 1080/1072/1072
f 1072/1792/1792 1080/1072/1072 1071/1793/1793
f 1073/1794/1794 1082/991/991 1081/990/990
f 1073/1794/1794 1081/990/990 1072/1795/1795
f 1073/1799/1799 1074/1798/1798 1083/995/995
f 1073/1799/1799 1083/995/995 1082/994/994
f 473/857/857 515/856/856 1084/1800/1800
f 473/857/857 1084/1800/1800 1074/1801/1801
f 517/954/954 1085/1802/1802 1084/1803/1803
f 517/954/954 1084/1803/1803 515/955/955
f 572/961/961 1086/1804/1804 1085/1805/1805
f 572/961/961 1085/1805/1805 517/1118/1118
f 573/960/960 1087/1806/1806 1086/1804/1804
f 573/960/960 1086/1804/1804 572/961/961
f 491/1115/1115 1088/1807/1807 1087/1808/1808
f 491/1115/1115 1087/1808/1808 573/1116/1116
f 493/886/886 1089/1809/1809 1088/1810/1810
f 493/886/886 1088/1810/1810 491/887/887
f 471/891/891 1041/1811/1811 1089/1812/1812
f 471/891/891 1089/1812/1812 493/892/892
f 1074/1801/1801 1084/1800/1800 1090/997/997
f 1074/1801/1801 1090/997/997 1083/996/996
f 1085/1802/1802 1091/1000/1000 1090/999/999
f 1085/1802/1802 1090/999/999 1084/1803/1803
f 1086/1804/1804 1092/1003/1003 1091/1813/1813
f 1086/1804/1804 1091/1813/1813 1085/1805/1805
f 1087/1806/1806 1093/1004/1004 1092/1003/1003
f 1087/1806/1806 1092/1003/1003 1086/1804/1804
f 1088/1807/1807 1094/1129/1129 1093/1128/1128
f 1088/1807/1807 1093/1128/1128 1087/1808/1808
f 1089/1809/1809 1095/1008/1008 1094/1007/1007
f 1089/1809/1809 1094/1007/1007 1088/1810/1810
f 1095/1011/1011 1089/1812/1812 1041/1811/1811
f 1095/1011/1011 1041/1811/1811 1042/1012/1012
f 323/551/551 1112/1814/1814 1113/552/552
f 331/1815/1815 1111/1816/1816 1112/1814/1814
f 331/1815/1815 1112/1814/1814 323/551/551
f 355/1817/1817 1110/1818/1818 1111/1816/1816
f 355/1817/1817 1111/1816/1816 331/1815/1815
f 260/1819/1819 1109/1820/1820 1110/1821/1821
f 260/1819/1819 1110/1821/1821 355/1822/1822
f 354/1823/1823 1108/1824/1824 1109/1825/1825
f 354/1823/1823 1109/1825/1825 260/1826/1826
f 330/1827/1827 1107/1828/1828 1108/1829/1829
f 330/1827/1827 1108/1829/1829 354/1830/1830
f 330/1831/1831 266/1832/1832 1106/1833/1833
f 330/1831/1831 1106/1833/1833 1107/1834/1834
f 266/1835/1835 1105/1836/1836 1106/1837/1837
f 1104/607/607 1103/606/606 1106/1837/1837
f 1104/607/607 1106/1837/1837 1105/1836/1836
f 1103/609/609 1102/608/608 1107/1834/1834
f 1103/609/609 1107/1834/1834 1106/1833/1833
f 1101/611/611 1108/1824/1824 1107/1838/1838
f 1101/611/611 1107/1838/1838 1102/666/666
f 1100/610/610 1109/1825/1825 1108/1824/1824
f 1100/610/610 1108/1824/1824 1101/611/611
f 1099/664/664 1110/1821/1821 1109/1820/1820
f 1099/664/664 1109/1820/1820 1100/665/665
f 1098/613/613 1111/1816/1816 1110/1818/1818
f 1098/613/613 1110/1818/1818 1099/663/663
f 1097/612/612 1112/1814/1814 1111/1816/1816
f 1097/612/612 1111/1816/1816 1098/613/613
f 1097/612/612 1096/614/614 1113/552/552
f 1097/612/612 1113/552/552 1112/1814/1814
f 275/454/454 304/453/453 1114/1839/1839
f 275/454/454 1114/1839/1839 1096/614/614
f 306/497/497 1115/1840/1840 1114/1841/1841
f 306/497/497 1114/1841/1841 304/498/498
f 362/503/503 1116/1842/1842 1115/1843/1843
f 362/503/503 1115/1843/1843 306/504/504
f 308/678/678 1117/1844/1844 1116/1845/1845
f 308/678/678 1116/1845/1845 362/679/679
f 310/509/509 1118/1846/1846 1117/1847/1847
f 310/509/509 1117/1847/1847 308/510/510
f 310/515/515 277/514/514 1119/1848/1848
f 310/515/515 1119/1848/1848 1118/1849/1849
f 1120/553/553 1113/552/552 1096/614/614
f 1120/553/553 1096/614/614 1114/1839/1839
f 1115/1840/1840 1121/556/556 1120/555/555
f 1115/1840/1840 1120/555/555 1114/1841/1841
f 1116/1842/1842 1122/560/560 1121/559/559
f 1116/1842/1842 1121/559/559 1115/1843/1843
f 1117/1844/1844 1123/688/688 1122/687/687
f 1117/1844/1844 1122/687/687 1116/1845/1845
f 1118/1846/1846 1124/564/564 1123/563/563
f 1118/1846/1846 1123/563/563 1117/1847/1847
f 1118/1849/1849 1119/1848/1848 1125/568/568
f 1118/1849/1849 1125/568/568 1124/567/567
f 277/450/450 312/449/449 1126/1850/1850
f 277/450/450 1126/1850/1850 1119/1851/1851
f 312/1852/1852 314/1853/1853 1127/1854/1854
f 312/1852/1852 1127/1854/1854 1126/1855/1855
f 346/527/527 1128/1856/1856 1127/1857/1857
f 346/527/527 1127/1857/1857 314/650/650
f 347/526/526 1129/1858/1858 1128/1856/1856
f 347/526/526 1128/1856/1856 346/527/527
f 348/647/647 1130/1859/1859 1129/1860/1860
f 348/647/647 1129/1860/1860 347/648/648
f 316/645/645 1131/1861/1861 1130/1862/1862
f 316/645/645 1130/1862/1862 348/646/646
f 318/532/532 1132/1863/1863 1131/1864/1864
f 318/532/532 1131/1864/1864 316/533/533
f 318/538/538 278/537/537 1133/1865/1865
f 318/538/538 1133/1865/1865 1132/1866/1866
f 1119/1851/1851 1126/1850/1850 1134/570/570
f 1119/1851/1851 1134/570/570 1125/569/569
f 1126/1855/1855 1127/1854/1854 1135/574/574
f 1126/1855/1855 1135/574/574 1134/573/573
f 1128/1856/1856 1136/576/576 1135/1867/1867
f 1128/1856/1856 1135/1867/1867 1127/1857/1857
f 1129/1858/1858 1137/577/577 1136/576/576
f 1129/1858/1858 1136/576/576 1128/1856/1856
f 1130/1859/1859 1138/657/657 1137/656/656
f 1130/1859/1859 1137/656/656 1129/1860/1860
f 1131/1861/1861 1139/653/653 1138/652/652
f 1131/1861/1861 1138/652/652 1130/1862/1862
f 1132/1863/1863 1140/581/581 1139/580/580
f 1132/1863/1863 1139/580/580 1131/1864/1864
f 1132/1866/1866 1133/1865/1865 1141/585/585
f 1132/1866/1866 1141/585/585 1140/584/584
f 278/446/446 320/445/445 1142/587/587
f 278/446/446 1142/587/587 1133/586/586
f 322/543/543 1143/592/592 1142/591/591
f 322/543/543 1142/591/591 320/544/544
f 364/549/549 1144/596/596 1143/595/595
f 364/549/549 1143/595/595 322/550/550
f 296/684/684 1145/692/692 1144/691/691
f 296/684/684 1144/691/691 364/685/685
f 298/475/475 1146/600/600 1145/599/599
f 298/475/475 1145/599/599 296/476/476
f 276/480/480 1104/604/604 1146/603/603
f 276/480/480 1146/603/603 298/481/481
f 266/1835/1835 1147/602/602 1105/605/605
f 329/1868/1868 1148/598/598 1147/601/601
f 329/1868/1868 1147/601/601 266/1869/1869
f 254/1870/1870 1149/690/690 1148/693/693
f 254/1870/1870 1148/693/693 329/1871/1871
f 328/1872/1872 1150/594/594 1149/597/597
f 328/1872/1872 1149/597/597 254/1873/1873
f 267/1874/1874 1151/590/590 1150/593/593
f 267/1874/1874 1150/593/593 328/1875/1875
f 267/583/583 1141/589/589 1151/588/588
f 1156/1876/1876 1158/1877/1877 1157/1878/1878
f 1156/1876/1876 1157/1878/1878 1152/1879/1879
f 1152/1879/1879 1157/1878/1878 52/1880/1880
f 1152/1879/1879 52/1880/1880 1154/1881/1881
f 52/1882/1882 1157/1883/1883 1153/1884/1884
f 52/1882/1882 1153/1884/1884 51/1885/1885
f 1157/1883/1883 1158/1886/1886 1155/1887/1887
f 1157/1883/1883 1155/1887/1887 1153/1884/1884
f 1161/1888/1888 1162/1889/1889 1159/1890/1890
f 1161/1888/1888 1159/1890/1890 1160/1891/1891
f 1161/1888/1888 1163/1892/1892 1162/1889/1889
f 1161/1893/1893 1164/1894/1894 1163/1895/1895
f 1161/1893/1893 1160/1896/1896 1165/1897/1897
f 1161/1893/1893 1165/1897/1897 1164/1894/1894
f 1164/1898/1898 1167/1899/1899 1166/1900/1900
f 1164/1898/1898 1166/1900/1900 1163/1901/1901
f 1164/1902/1902 1165/1903/1903 1168/1904/1904
f 1164/1902/1902 1168/1904/1904 1167/1905/1905
f 1166/1906/1906 1169/1907/1907 1162/1908/1908
f 1166/1906/1906 1162/1908/1908 1163/1909/1909
f 1170/1910/1910 1159/1911/1911 1162/1908/1908
f 1170/1910/1910 1162/1908/1908 1169/1907/1907
f 1172/1912/1912 1169/1913/1913 1166/1914/1914
f 1172/1912/1912 1166/1914/1914 1171/1915/1915
f 1173/1916/1916 1170/1917/1917 1169/1913/1913
f 1173/1916/1916 1169/1913/1913 1172/1912/1912
f 2676/1918/1918 2675/1919/1919 2686/1920/1920
f 2676/1918/1918 2686/1920/1920 2685/1921/1921
f 2675/1922/1922 2674/1923/1923 2687/1924/1924
f 2675/1922/1922 2687/1924/1924 2686/1925/1925
f 2674/1926/1926 2673/1927/1927 2688/1928/1928
f 2674/1926/1926 2688/1928/1928 2687/1929/1929
f 2677/1930/1930 2684/1931/1931 2683/1932/1932
f 2677/1930/1930 2683/1932/1932 2678/1933/1933
f 2677/1934/1934 2676/1935/1935 2685/1936/1936
f 2677/1934/1934 2685/1936/1936 2684/1937/1937
f 1178/1938/1938 1259/1939/1939 1258/1940/1940
f 1178/1938/1938 1258/1940/1940 1180/1941/1941
f 1263/1942/1942 1258/1943/1943 1167/1944/1944
f 1263/1942/1942 1167/1944/1944 1168/1945/1945
f 2683/1946/1946 2682/1947/1947 2679/1948/1948
f 2683/1946/1946 2679/1948/1948 2678/1949/1949
f 1179/1950/1950 1260/1951/1951 1259/1939/1939
f 1179/1950/1950 1259/1939/1939 1178/1938/1938
f 1184/1952/1952 1187/1953/1953 1186/1954/1954
f 1184/1952/1952 1186/1954/1954 1185/1955/1955
f 1188/1956/1956 1186/1954/1954 1187/1953/1953
f 1189/1957/1957 1186/1958/1958 1188/1959/1959
f 1190/1960/1960 1185/1961/1961 1186/1958/1958
f 1190/1960/1960 1186/1958/1958 1189/1957/1957
f 1191/1962/1962 1192/1963/1963 1189/1964/1964
f 1191/1962/1962 1189/1964/1964 1188/1965/1965
f 1193/1966/1966 1190/1967/1967 1189/1968/1968
f 1193/1966/1966 1189/1968/1968 1192/1969/1969
f 1187/1970/1970 1194/1971/1971 1191/1972/1972
f 1187/1970/1970 1191/1972/1972 1188/1973/1973
f 1187/1970/1970 1184/1974/1974 1195/1975/1975
f 1187/1970/1970 1195/1975/1975 1194/1971/1971
f 1191/1976/1976 1194/1977/1977 1172/1978/1978
f 1191/1976/1976 1172/1978/1978 1171/1979/1979
f 1194/1971/1971 1195/1975/1975 1173/1916/1916
f 1194/1971/1971 1173/1916/1916 1172/1912/1912
f 2691/1980/1980 2690/1981/1981 2671/1982/1982
f 2691/1980/1980 2671/1982/1982 2670/1983/1983
f 2672/1984/1984 2671/1985/1985 2690/1986/1986
f 2672/1984/1984 2690/1986/1986 2689/1987/1987
f 2673/1927/1927 2672/1984/1984 2689/1987/1987
f 2673/1927/1927 2689/1987/1987 2688/1928/1928
f 2669/1988/1988 2668/1989/1989 2693/1990/1990
f 2669/1988/1988 2693/1990/1990 2692/1991/1991
f 2692/1992/1992 2691/1993/1993 2670/1994/1994
f 2692/1992/1992 2670/1994/1994 2669/1995/1995
f 1255/1996/1996 1192/1997/1997 1191/1976/1976
f 1255/1996/1996 1191/1976/1976 1256/1998/1998
f 1201/1999/1999 1202/2000/2000 1261/2001/2001
f 1201/1999/1999 1261/2001/2001 1255/2002/2002
f 2667/2003/2003 2666/2004/2004 2695/2005/2005
f 2667/2003/2003 2695/2005/2005 2694/2006/2006
f 1256/1998/1998 1191/1976/1976 1204/2007/2007
f 1256/1998/1998 1204/2007/2007 1257/2008/2008
f 1154/2009/2009 52/1882/1882 1294/2010/2010
f 1154/2009/2009 1294/2010/2010 1293/2011/2011
f 1205/2012/2012 1208/2013/2013 1207/2014/2014
f 1205/2012/2012 1207/2014/2014 1206/2015/2015
f 1209/2016/2016 1207/2014/2014 1208/2013/2013
f 1209/2016/2016 1208/2013/2013 1210/2017/2017
f 1206/2015/2015 1211/2018/2018 1209/2019/2019
f 1207/2014/2014 1211/2018/2018 1206/2015/2015
f 1205/2012/2012 1213/2020/2020 1212/2021/2021
f 1205/2012/2012 1212/2021/2021 1208/2013/2013
f 1210/2017/2017 1208/2013/2013 1212/2021/2021
f 1210/2017/2017 1212/2021/2021 1214/2022/2022
f 1209/2016/2016 1211/2018/2018 1207/2014/2014
f 1210/2023/2023 1205/2024/2024 1206/2025/2025
f 1210/2023/2023 1206/2025/2025 1209/2026/2026
f 1213/2027/2027 1216/2028/2028 1215/2029/2029
f 1213/2027/2027 1215/2029/2029 1212/2030/2030
f 1214/2031/2031 1212/2030/2030 1215/2029/2029
f 1214/2031/2031 1215/2029/2029 1217/2032/2032
f 1220/2033/2033 1219/2034/2034 1218/2035/2035
f 1220/2033/2033 1218/2035/2035 1221/2036/2036
f 1219/2034/2034 1220/2033/2033 1222/2037/2037
f 1219/2034/2034 1222/2037/2037 1223/2038/2038
f 1224/2039/2039 1221/2040/2040 1222/2037/2037
f 1224/2039/2039 1220/2033/2033 1221/2036/2036
f 1226/2041/2041 1225/2042/2042 1218/2035/2035
f 1226/2041/2041 1218/2035/2035 1219/2034/2034
f 1226/2041/2041 1219/2034/2034 1223/2038/2038
f 1226/2041/2041 1223/2038/2038 1227/2043/2043
f 1224/2039/2039 1222/2037/2037 1220/2033/2033
f 1221/2040/2040 1218/2044/2044 1223/2038/2038
f 1221/2040/2040 1223/2038/2038 1222/2037/2037
f 1229/2045/2045 1228/2046/2046 1225/2047/2047
f 1229/2045/2045 1225/2047/2047 1226/2048/2048
f 1229/2045/2045 1226/2048/2048 1227/2049/2049
f 1229/2045/2045 1227/2049/2049 1230/2050/2050
f 1234/2051/2051 1233/2052/2052 1232/2053/2053
f 1234/2051/2051 1232/2053/2053 1231/2054/2054
f 1231/2054/2054 1232/2053/2053 1236/2055/2055
f 1231/2054/2054 1236/2055/2055 1235/2056/2056
f 1233/2052/2052 1234/2051/2051 1237/2057/2057
f 1233/2052/2052 1237/2057/2057 1204/2058/2058
f 1235/2059/2059 1237/2060/2060 1234/2061/2061
f 1235/2059/2059 1234/2061/2061 1231/2062/2062
f 1241/2063/2063 1240/2064/2064 1239/2065/2065
f 1241/2063/2063 1239/2065/2065 1238/2066/2066
f 1243/2067/2067 1241/2068/2068 1238/2069/2069
f 1243/2067/2067 1238/2069/2069 1242/2070/2070
f 1245/2071/2071 1239/2072/2072 1240/2073/2073
f 1245/2071/2071 1240/2073/2073 1244/2074/2074
f 1239/2075/2075 1245/2076/2076 1242/2070/2070
f 1239/2075/2075 1242/2070/2070 1238/2077/2077
f 1246/2078/2078 1249/2079/2079 1248/2080/2080
f 1246/2078/2078 1248/2080/2080 1247/2081/2081
f 1250/2082/2082 1251/2083/2083 1253/2084/2084
f 1250/2082/2082 1253/2084/2084 1252/2085/2085
f 1249/2079/2079 1253/2086/2086 1251/2087/2087
f 1249/2079/2079 1251/2087/2087 1248/2080/2080
f 1253/2088/2088 1249/2089/2089 1246/2090/2090
f 1253/2088/2088 1246/2090/2090 1252/2091/2091
f 1247/2081/2081 1250/2092/2092 1252/2093/2093
f 1247/2081/2081 1252/2093/2093 1246/2078/2078
f 1204/2094/2094 1191/2095/2095 1171/2096/2096
f 1171/2096/2096 1254/2097/2097 1204/2094/2094
f 1256/2098/2098 1199/2099/2099 1201/1999/1999
f 1256/2098/2098 1201/1999/1999 1255/2002/2002
f 1256/2098/2098 1257/2100/2100 1200/2101/2101
f 1256/2098/2098 1200/2101/2101 1199/2099/2099
f 1259/2102/2102 1166/2103/2103 1167/2104/2104
f 1259/2102/2102 1167/2104/2104 1258/2105/2105
f 1260/2106/2106 1183/2107/2107 1166/2103/2103
f 1260/2106/2106 1166/2103/2103 1259/2102/2102
f 1255/1996/1996 1261/2108/2108 1193/2109/2109
f 1255/1996/1996 1193/2109/2109 1192/1997/1997
f 2668/2110/2110 2667/2111/2111 2694/2112/2112
f 2668/2110/2110 2694/2112/2112 2693/2113/2113
f 1258/1940/1940 1263/2114/2114 1181/2115/2115
f 1258/1940/1940 1181/2115/2115 1180/1941/1941
f 2680/2116/2116 2679/2117/2117 2682/2118/2118
f 2680/2116/2116 2682/2118/2118 2681/2119/2119
f 1265/2120/2120 1268/2121/2121 1267/2122/2122
f 1265/2120/2120 1267/2122/2122 1266/2123/2123
f 1266/2123/2123 1267/2122/2122 1295/2124/2124
f 1266/2123/2123 1295/2124/2124 174/2125/2125
f 1295/2126/2126 1267/2127/2127 1269/2128/2128
f 1295/2126/2126 1269/2128/2128 49/2129/2129
f 1267/2127/2127 1268/2130/2130 1270/2131/2131
f 1267/2127/2127 1270/2131/2131 1269/2128/2128
f 1273/2132/2132 1272/2133/2133 1271/2134/2134
f 1273/2132/2132 1271/2134/2134 1274/2135/2135
f 53/2136/2136 1273/2132/2132 1274/2135/2135
f 53/2136/2136 1274/2135/2135 1275/2137/2137
f 1276/2138/2138 1273/2139/2139 53/2140/2140
f 1276/2138/2138 53/2140/2140 1277/2141/2141
f 1291/2142/2142 1272/2143/2143 1273/2139/2139
f 1291/2142/2142 1273/2139/2139 1276/2138/2138
f 1279/2144/2144 1278/2145/2145 1265/2120/2120
f 1279/2144/2144 1265/2120/2120 1280/2146/2146
f 1281/2147/2147 1279/2144/2144 1280/2146/2146
f 1281/2147/2147 1280/2146/2146 237/2148/2148
f 1282/2149/2149 1279/2150/2150 1281/2151/2151
f 1282/2149/2149 1281/2151/2151 2619/2152/2152
f 1270/2131/2131 1278/2153/2153 1279/2150/2150
f 1270/2131/2131 1279/2150/2150 1282/2149/2149
f 1283/2154/2154 1284/2155/2155 1285/2156/2156
f 1283/2154/2154 1285/2156/2156 1286/2157/2157
f 1286/2157/2157 1285/2156/2156 1287/2158/2158
f 1286/2157/2157 1287/2158/2158 1288/2159/2159
f 1287/2160/2160 1285/2161/2161 1289/2162/2162
f 1287/2160/2160 1289/2162/2162 1290/2163/2163
f 1285/2161/2161 1284/2164/2164 1291/2142/2142
f 1285/2161/2161 1291/2142/2142 1289/2162/2162
f 1295/2126/2126 1296/289/289 1292/288/288
f 1295/2126/2126 1292/288/288 174/2165/2165
f 1293/2011/2011 1294/2010/2010 53/2140/2140
f 1293/2011/2011 53/2140/2140 1275/2166/2166
f 1305/2167/2167 1306/2168/2168 1301/2169/2169
f 1305/2167/2167 1301/2169/2169 1302/2170/2170
f 1568/2171/2171 1304/2172/2172 1303/2173/2173
f 1568/2171/2171 1303/2173/2173 1563/2174/2174
f 1304/2172/2172 1305/2167/2167 1302/2170/2170
f 1304/2172/2172 1302/2170/2170 1303/2173/2173
f 1298/2175/2175 1300/2176/2176 1307/2177/2177
f 1298/2175/2175 1307/2177/2177 1299/2178/2178
f 1300/2176/2176 1301/2169/2169 1306/2168/2168
f 1300/2176/2176 1306/2168/2168 1307/2177/2177
f 1310/2179/2179 1313/2180/2180 1308/2181/2181
f 1311/2182/2182 1312/2183/2183 1309/2184/2184
f 1315/2185/2185 1316/2186/2186 1314/2187/2187
f 1319/2188/2188 1322/2189/2189 1317/2190/2190
f 1320/2191/2191 1321/2192/2192 1318/2193/2193
f 1641/2194/2194 1642/2195/2195 1323/2196/2196
f 1641/2194/2194 1323/2196/2196 1324/2197/2197
f 1641/2198/2198 1324/2199/2199 1327/2200/2200
f 1641/2198/2198 1327/2200/2200 1643/2201/2201
f 1334/2202/2202 1333/2203/2203 1335/2204/2204
f 1334/2202/2202 1335/2204/2204 1336/2205/2205
f 1329/2206/2206 1331/2207/2207 1334/2202/2202
f 1329/2206/2206 1334/2202/2202 1336/2205/2205
f 1330/2208/2208 1333/2209/2209 1334/2210/2210
f 1330/2208/2208 1334/2210/2210 1331/2211/2211
f 1333/2212/2212 1330/2213/2213 1332/2214/2214
f 1333/2212/2212 1332/2214/2214 1335/2215/2215
f 1329/2216/2216 1336/2217/2217 1335/2218/2218
f 1329/2216/2216 1335/2218/2218 1332/2219/2219
f 1338/2220/2220 1339/2221/2221 1340/2222/2222
f 1338/2220/2220 1340/2222/2222 1337/2223/2223
f 1342/2224/2224 1338/2225/2225 1337/2226/2226
f 1342/2224/2224 1337/2226/2226 1341/2227/2227
f 1343/2228/2228 1339/2229/2229 1338/2230/2230
f 1343/2228/2228 1338/2230/2230 1342/2231/2231
f 1344/2232/2232 1340/2233/2233 1339/2234/2234
f 1344/2232/2232 1339/2234/2234 1343/2235/2235
f 1341/2236/2236 1337/2237/2237 1340/2238/2238
f 1341/2236/2236 1340/2238/2238 1344/2239/2239
f 1346/2240/2240 1347/2241/2241 1348/2242/2242
f 1346/2240/2240 1348/2242/2242 1345/2243/2243
f 1350/2244/2244 1346/2245/2245 1345/2246/2246
f 1350/2244/2244 1345/2246/2246 1349/2247/2247
f 1351/2248/2248 1347/2249/2249 1346/2250/2250
f 1351/2248/2248 1346/2250/2250 1350/2251/2251
f 1352/2252/2252 1348/2253/2253 1347/2254/2254
f 1352/2252/2252 1347/2254/2254 1351/2255/2255
f 1349/2256/2256 1345/2257/2257 1348/2258/2258
f 1349/2256/2256 1348/2258/2258 1352/2259/2259
f 1354/2260/2260 1355/2261/2261 1356/2262/2262
f 1354/2260/2260 1356/2262/2262 1353/2263/2263
f 1358/2264/2264 1354/2265/2265 1353/2266/2266
f 1358/2264/2264 1353/2266/2266 1357/2267/2267
f 1359/2268/2268 1355/2269/2269 1354/2270/2270
f 1359/2268/2268 1354/2270/2270 1358/2271/2271
f 1360/2272/2272 1356/2273/2273 1355/2274/2274
f 1360/2272/2272 1355/2274/2274 1359/2275/2275
f 1357/2276/2276 1353/2277/2277 1356/2278/2278
f 1357/2276/2276 1356/2278/2278 1360/2279/2279
f 1362/2280/2280 1363/2281/2281 1364/2282/2282
f 1362/2280/2280 1364/2282/2282 1361/2283/2283
f 1366/2284/2284 1362/2285/2285 1361/2286/2286
f 1366/2284/2284 1361/2286/2286 1365/2287/2287
f 1367/2288/2288 1363/2289/2289 1362/2290/2290
f 1367/2288/2288 1362/2290/2290 1366/2291/2291
f 1368/2292/2292 1364/2293/2293 1363/2294/2294
f 1368/2292/2292 1363/2294/2294 1367/2295/2295
f 1365/2296/2296 1361/2297/2297 1364/2298/2298
f 1365/2296/2296 1364/2298/2298 1368/2299/2299
f 1370/2300/2300 1371/2301/2301 1372/2302/2302
f 1370/2300/2300 1372/2302/2302 1369/2303/2303
f 1374/2304/2304 1370/2305/2305 1369/2306/2306
f 1374/2304/2304 1369/2306/2306 1373/2307/2307
f 1375/2308/2308 1371/2309/2309 1370/2310/2310
f 1375/2308/2308 1370/2310/2310 1374/2311/2311
f 1376/2312/2312 1372/2313/2313 1371/2314/2314
f 1376/2312/2312 1371/2314/2314 1375/2315/2315
f 1373/2316/2316 1369/2317/2317 1372/2318/2318
f 1373/2316/2316 1372/2318/2318 1376/2319/2319
f 1378/2320/2320 1379/2321/2321 1380/2322/2322
f 1378/2320/2320 1380/2322/2322 1377/2323/2323
f 1382/2324/2324 1378/2325/2325 1377/2326/2326
f 1382/2324/2324 1377/2326/2326 1381/2327/2327
f 1383/2328/2328 1379/2329/2329 1378/2330/2330
f 1383/2328/2328 1378/2330/2330 1382/2331/2331
f 1384/2332/2332 1380/2333/2333 1379/2334/2334
f 1384/2332/2332 1379/2334/2334 1383/2335/2335
f 1381/2336/2336 1377/2337/2337 1380/2338/2338
f 1381/2336/2336 1380/2338/2338 1384/2339/2339
f 1386/2340/2340 1387/2341/2341 1388/2342/2342
f 1386/2340/2340 1388/2342/2342 1385/2343/2343
f 1390/2344/2344 1386/2345/2345 1385/2346/2346
f 1390/2344/2344 1385/2346/2346 1389/2347/2347
f 1391/2348/2348 1387/2349/2349 1386/2350/2350
f 1391/2348/2348 1386/2350/2350 1390/2351/2351
f 1392/2352/2352 1388/2353/2353 1387/2354/2354
f 1392/2352/2352 1387/2354/2354 1391/2355/2355
f 1389/2356/2356 1385/2357/2357 1388/2358/2358
f 1389/2356/2356 1388/2358/2358 1392/2359/2359
f 1394/2360/2360 1395/2361/2361 1396/2362/2362
f 1394/2360/2360 1396/2362/2362 1393/2363/2363
f 1398/2364/2364 1394/2365/2365 1393/2366/2366
f 1398/2364/2364 1393/2366/2366 1397/2367/2367
f 1399/2368/2368 1395/2369/2369 1394/2370/2370
f 1399/2368/2368 1394/2370/2370 1398/2371/2371
f 1400/2372/2372 1396/2373/2373 1395/2374/2374
f 1400/2372/2372 1395/2374/2374 1399/2375/2375
f 1397/2376/2376 1393/2377/2377 1396/2378/2378
f 1397/2376/2376 1396/2378/2378 1400/2379/2379
f 1402/2380/2380 1403/2381/2381 1404/2382/2382
f 1402/2380/2380 1404/2382/2382 1401/2383/2383
f 1406/2384/2384 1402/2385/2385 1401/2386/2386
f 1406/2384/2384 1401/2386/2386 1405/2387/2387
f 1407/2388/2388 1403/2389/2389 1402/2390/2390
f 1407/2388/2388 1402/2390/2390 1406/2391/2391
f 1408/2392/2392 1404/2393/2393 1403/2394/2394
f 1408/2392/2392 1403/2394/2394 1407/2395/2395
f 1405/2396/2396 1401/2397/2397 1404/2398/2398
f 1405/2396/2396 1404/2398/2398 1408/2399/2399
f 1410/2400/2400 1411/2401/2401 1412/2402/2402
f 1410/2400/2400 1412/2402/2402 1409/2403/2403
f 1414/2404/2404 1410/2405/2405 1409/2406/2406
f 1414/2404/2404 1409/2406/2406 1413/2407/2407
f 1415/2408/2408 1411/2409/2409 1410/2410/2410
f 1415/2408/2408 1410/2410/2410 1414/2411/2411
f 1416/2412/2412 1412/2413/2413 1411/2414/2414
f 1416/2412/2412 1411/2414/2414 1415/2415/2415
f 1413/2416/2416 1409/2417/2417 1412/2418/2418
f 1413/2416/2416 1412/2418/2418 1416/2419/2419
f 1418/2420/2420 1419/2421/2421 1420/2422/2422
f 1418/2420/2420 1420/2422/2422 1417/2423/2423
f 1422/2424/2424 1418/2425/2425 1417/2426/2426
f 1422/2424/2424 1417/2426/2426 1421/2427/2427
f 1423/2428/2428 1419/2429/2429 1418/2430/2430
f 1423/2428/2428 1418/2430/2430 1422/2431/2431
f 1424/2432/2432 1420/2433/2433 1419/2434/2434
f 1424/2432/2432 1419/2434/2434 1423/2435/2435
f 1421/2436/2436 1417/2437/2437 1420/2438/2438
f 1421/2436/2436 1420/2438/2438 1424/2439/2439
f 1426/2440/2440 1427/2441/2441 1428/2442/2442
f 1426/2440/2440 1428/2442/2442 1425/2443/2443
f 1430/2444/2444 1426/2445/2445 1425/2446/2446
f 1430/2444/2444 1425/2446/2446 1429/2447/2447
f 1431/2448/2448 1427/2449/2449 1426/2450/2450
f 1431/2448/2448 1426/2450/2450 1430/2451/2451
f 1432/2452/2452 1428/2453/2453 1427/2454/2454
f 1432/2452/2452 1427/2454/2454 1431/2455/2455
f 1429/2456/2456 1425/2457/2457 1428/2458/2458
f 1429/2456/2456 1428/2458/2458 1432/2459/2459
f 1434/2460/2460 1435/2461/2461 1436/2462/2462
f 1434/2460/2460 1436/2462/2462 1433/2463/2463
f 1438/2464/2464 1434/2465/2465 1433/2466/2466
f 1438/2464/2464 1433/2466/2466 1437/2467/2467
f 1439/2468/2468 1435/2469/2469 1434/2470/2470
f 1439/2468/2468 1434/2470/2470 1438/2471/2471
f 1440/2472/2472 1436/2473/2473 1435/2474/2474
f 1440/2472/2472 1435/2474/2474 1439/2475/2475
f 1437/2476/2476 1433/2477/2477 1436/2478/2478
f 1437/2476/2476 1436/2478/2478 1440/2479/2479
f 1442/2480/2480 1443/2481/2481 1444/2482/2482
f 1442/2480/2480 1444/2482/2482 1441/2483/2483
f 1446/2484/2484 1442/2485/2485 1441/2486/2486
f 1446/2484/2484 1441/2486/2486 1445/2487/2487
f 1447/2488/2488 1443/2489/2489 1442/2490/2490
f 1447/2488/2488 1442/2490/2490 1446/2491/2491
f 1448/2492/2492 1444/2493/2493 1443/2494/2494
f 1448/2492/2492 1443/2494/2494 1447/2495/2495
f 1445/2496/2496 1441/2497/2497 1444/2498/2498
f 1445/2496/2496 1444/2498/2498 1448/2499/2499
f 1450/2500/2500 1451/2501/2501 1452/2502/2502
f 1450/2500/2500 1452/2502/2502 1449/2503/2503
f 1454/2504/2504 1450/2505/2505 1449/2506/2506
f 1454/2504/2504 1449/2506/2506 1453/2507/2507
f 1455/2508/2508 1451/2509/2509 1450/2510/2510
f 1455/2508/2508 1450/2510/2510 1454/2511/2511
f 1456/2512/2512 1452/2513/2513 1451/2514/2514
f 1456/2512/2512 1451/2514/2514 1455/2515/2515
f 1453/2516/2516 1449/2517/2517 1452/2518/2518
f 1453/2516/2516 1452/2518/2518 1456/2519/2519
f 1458/2520/2520 1459/2521/2521 1460/2522/2522
f 1458/2520/2520 1460/2522/2522 1457/2523/2523
f 1462/2524/2524 1458/2525/2525 1457/2526/2526
f 1462/2524/2524 1457/2526/2526 1461/2527/2527
f 1463/2528/2528 1459/2529/2529 1458/2530/2530
f 1463/2528/2528 1458/2530/2530 1462/2531/2531
f 1464/2532/2532 1460/2533/2533 1459/2534/2534
f 1464/2532/2532 1459/2534/2534 1463/2535/2535
f 1461/2536/2536 1457/2537/2537 1460/2538/2538
f 1461/2536/2536 1460/2538/2538 1464/2539/2539
f 1466/2540/2540 1467/2541/2541 1468/2542/2542
f 1466/2540/2540 1468/2542/2542 1465/2543/2543
f 1470/2544/2544 1466/2545/2545 1465/2546/2546
f 1470/2544/2544 1465/2546/2546 1469/2547/2547
f 1471/2548/2548 1467/2549/2549 1466/2550/2550
f 1471/2548/2548 1466/2550/2550 1470/2551/2551
f 1472/2552/2552 1468/2553/2553 1467/2554/2554
f 1472/2552/2552 1467/2554/2554 1471/2555/2555
f 1469/2556/2556 1465/2557/2557 1468/2558/2558
f 1469/2556/2556 1468/2558/2558 1472/2559/2559
f 1474/2560/2560 1475/2561/2561 1476/2562/2562
f 1474/2560/2560 1476/2562/2562 1473/2563/2563
f 1478/2564/2564 1474/2565/2565 1473/2566/2566
f 1478/2564/2564 1473/2566/2566 1477/2567/2567
f 1479/2568/2568 1475/2569/2569 1474/2570/2570
f 1479/2568/2568 1474/2570/2570 1478/2571/2571
f 1480/2572/2572 1476/2573/2573 1475/2574/2574
f 1480/2572/2572 1475/2574/2574 1479/2575/2575
f 1477/2576/2576 1473/2577/2577 1476/2578/2578
f 1477/2576/2576 1476/2578/2578 1480/2579/2579
f 1482/2580/2580 1483/2581/2581 1484/2582/2582
f 1482/2580/2580 1484/2582/2582 1481/2583/2583
f 1486/2584/2584 1482/2585/2585 1481/2586/2586
f 1486/2584/2584 1481/2586/2586 1485/2587/2587
f 1487/2588/2588 1483/2589/2589 1482/2590/2590
f 1487/2588/2588 1482/2590/2590 1486/2591/2591
f 1488/2592/2592 1484/2593/2593 1483/2594/2594
f 1488/2592/2592 1483/2594/2594 1487/2595/2595
f 1485/2596/2596 1481/2597/2597 1484/2598/2598
f 1485/2596/2596 1484/2598/2598 1488/2599/2599
f 1490/2600/2600 1491/2601/2601 1492/2602/2602
f 1490/2600/2600 1492/2602/2602 1489/2603/2603
f 1494/2604/2604 1490/2605/2605 1489/2606/2606
f 1494/2604/2604 1489/2606/2606 1493/2607/2607
f 1495/2608/2608 1491/2609/2609 1490/2610/2610
f 1495/2608/2608 1490/2610/2610 1494/2611/2611
f 1496/2612/2612 1492/2613/2613 1491/2614/2614
f 1496/2612/2612 1491/2614/2614 1495/2615/2615
f 1493/2616/2616 1489/2617/2617 1492/2618/2618
f 1493/2616/2616 1492/2618/2618 1496/2619/2619
f 1498/2620/2620 1499/2621/2621 1500/2622/2622
f 1498/2620/2620 1500/2622/2622 1497/2623/2623
f 1502/2624/2624 1498/2625/2625 1497/2626/2626
f 1502/2624/2624 1497/2626/2626 1501/2627/2627
f 1503/2628/2628 1499/2629/2629 1498/2630/2630
f 1503/2628/2628 1498/2630/2630 1502/2631/2631
f 1504/2632/2632 1500/2633/2633 1499/2634/2634
f 1504/2632/2632 1499/2634/2634 1503/2635/2635
f 1501/2636/2636 1497/2637/2637 1500/2638/2638
f 1501/2636/2636 1500/2638/2638 1504/2639/2639
f 1506/2640/2640 1507/2641/2641 1508/2642/2642
f 1506/2640/2640 1508/2642/2642 1505/2643/2643
f 1510/2644/2644 1506/2645/2645 1505/2646/2646
f 1510/2644/2644 1505/2646/2646 1509/2647/2647
f 1511/2648/2648 1507/2649/2649 1506/2650/2650
f 1511/2648/2648 1506/2650/2650 1510/2651/2651
f 1512/2652/2652 1508/2653/2653 1507/2654/2654
f 1512/2652/2652 1507/2654/2654 1511/2655/2655
f 1509/2656/2656 1505/2657/2657 1508/2658/2658
f 1509/2656/2656 1508/2658/2658 1512/2659/2659
f 1514/2660/2660 1515/2661/2661 1516/2662/2662
f 1514/2660/2660 1516/2662/2662 1513/2663/2663
f 1518/2664/2664 1514/2665/2665 1513/2666/2666
f 1518/2664/2664 1513/2666/2666 1517/2667/2667
f 1519/2668/2668 1515/2661/2661 1514/2669/2669
f 1519/2668/2668 1514/2669/2669 1518/2670/2670
f 1520/2671/2671 1516/2672/2672 1515/2673/2673
f 1520/2671/2671 1515/2673/2673 1519/2674/2674
f 1517/2675/2675 1513/2676/2676 1516/2662/2662
f 1517/2675/2675 1516/2662/2662 1520/2677/2677
f 1522/2678/2678 1523/2679/2679 1524/2680/2680
f 1522/2678/2678 1524/2680/2680 1521/2681/2681
f 1526/2682/2682 1522/2683/2683 1521/2684/2684
f 1526/2682/2682 1521/2684/2684 1525/2685/2685
f 1527/2686/2686 1523/2687/2687 1522/2688/2688
f 1527/2686/2686 1522/2688/2688 1526/2689/2689
f 1528/2690/2690 1524/2691/2691 1523/2692/2692
f 1528/2690/2690 1523/2692/2692 1527/2693/2693
f 1525/2694/2694 1521/2695/2695 1524/2696/2696
f 1525/2694/2694 1524/2696/2696 1528/2697/2697
f 1530/2698/2698 1531/2699/2699 1532/2700/2700
f 1530/2698/2698 1532/2700/2700 1529/2701/2701
f 1534/2702/2702 1530/2703/2703 1529/2704/2704
f 1534/2702/2702 1529/2704/2704 1533/2705/2705
f 1535/2706/2706 1531/2707/2707 1530/2708/2708
f 1535/2706/2706 1530/2708/2708 1534/2709/2709
f 1536/2710/2710 1532/2711/2711 1531/2712/2712
f 1536/2710/2710 1531/2712/2712 1535/2713/2713
f 1533/2714/2714 1529/2715/2715 1532/2716/2716
f 1533/2714/2714 1532/2716/2716 1536/2717/2717
f 1538/2718/2718 1539/2719/2719 1540/2720/2720
f 1538/2718/2718 1540/2720/2720 1537/2721/2721
f 1542/2722/2722 1538/2723/2723 1537/2724/2724
f 1542/2722/2722 1537/2724/2724 1541/2725/2725
f 1543/2726/2726 1539/2727/2727 1538/2728/2728
f 1543/2726/2726 1538/2728/2728 1542/2729/2729
f 1544/2730/2730 1540/2731/2731 1539/2732/2732
f 1544/2730/2730 1539/2732/2732 1543/2733/2733
f 1541/2734/2734 1537/2735/2735 1540/2736/2736
f 1541/2734/2734 1540/2736/2736 1544/2737/2737
f 1546/2738/2738 1547/2739/2739 1548/2740/2740
f 1546/2738/2738 1548/2740/2740 1545/2741/2741
f 1550/2742/2742 1546/2743/2743 1545/2744/2744
f 1550/2742/2742 1545/2744/2744 1549/2745/2745
f 1551/2746/2746 1547/2747/2747 1546/2748/2748
f 1551/2746/2746 1546/2748/2748 1550/2749/2749
f 1552/2750/2750 1548/2751/2751 1547/2752/2752
f 1552/2750/2750 1547/2752/2752 1551/2753/2753
f 1549/2754/2754 1545/2755/2755 1548/2756/2756
f 1549/2754/2754 1548/2756/2756 1552/2757/2757
f 1554/2758/2758 1555/2759/2759 1556/2760/2760
f 1554/2758/2758 1556/2760/2760 1553/2761/2761
f 1558/2762/2762 1554/2763/2763 1553/2764/2764
f 1558/2762/2762 1553/2764/2764 1557/2765/2765
f 1559/2766/2766 1555/2767/2767 1554/2768/2768
f 1559/2766/2766 1554/2768/2768 1558/2769/2769
f 1560/2770/2770 1556/2771/2771 1555/2772/2772
f 1560/2770/2770 1555/2772/2772 1559/2773/2773
f 1557/2774/2774 1553/2775/2775 1556/2776/2776
f 1557/2774/2774 1556/2776/2776 1560/2777/2777
f 1580/2778/2778 1571/2779/2779 1570/2780/2780
f 1580/2778/2778 1570/2780/2780 1578/2781/2781
f 1562/2782/2782 1567/2783/2783 1566/2784/2784
f 1562/2782/2782 1566/2784/2784 1561/2785/2785
f 1298/2175/2175 1299/2178/2178 1567/2783/2783
f 1298/2175/2175 1567/2783/2783 1562/2782/2782
f 1564/2786/2786 82/2787/2787 1568/2171/2171
f 1564/2786/2786 1568/2171/2171 1563/2174/2174
f 1565/2788/2788 1569/2789/2789 82/2790/2790
f 1565/2788/2788 82/2790/2790 1564/2791/2791
f 1581/2792/2792 1569/2793/2793 1565/2794/2794
f 1581/2792/2792 1565/2794/2794 1579/2795/2795
f 1574/2796/2796 1589/2797/2797 1588/2798/2798
f 1574/2796/2796 1588/2798/2798 1572/2799/2799
f 1590/2800/2800 1589/2797/2797 1574/2796/2796
f 1590/2800/2800 1574/2796/2796 1576/2801/2801
f 1573/2802/2802 1591/2803/2803 1592/2804/2804
f 1573/2802/2802 1592/2804/2804 1575/2805/2805
f 1587/2806/2806 1594/2807/2807 1586/2808/2808
f 1587/2806/2806 1586/2808/2808 1590/2809/2809
f 1587/2806/2806 1590/2809/2809 1593/2810/2810
f 1593/2811/2811 1575/2812/2812 1592/2813/2813
f 1593/2811/2811 1592/2813/2813 1592/2813/2813
f 1575/2812/2812 1593/2811/2811 1577/2814/2814
f 1566/2815/2815 1580/2778/2778 1578/2781/2781
f 1566/2815/2815 1578/2781/2781 1561/2816/2816
f 105/2817/2817 1581/2792/2792 1579/2795/2795
f 105/2817/2817 1579/2795/2795 104/2818/2818
f 1582/2819/2819 1588/2798/2798 1589/2797/2797
f 1582/2819/2819 1589/2797/2797 1584/2820/2820
f 1584/2820/2820 1589/2797/2797 1590/2800/2800
f 1584/2820/2820 1590/2800/2800 1586/2821/2821
f 1585/2822/2822 1592/2804/2804 1591/2803/2803
f 1585/2822/2822 1591/2803/2803 1583/2823/2823
f 1592/2813/2813 1585/2824/2824 1587/2825/2825
f 1592/2813/2813 1587/2825/2825 1593/2811/2811
f 1585/2824/2824 1592/2813/2813 1592/2813/2813
f 1577/2826/2826 1593/2810/2810 1590/2809/2809
f 1577/2826/2826 1590/2809/2809 1576/2827/2827
f 2887/2828/2828 1603/2829/2829 1610/2830/2830
f 2887/2828/2828 1610/2830/2830 1607/2831/2831
f 1596/2832/2832 1616/2833/2833 1619/2834/2834
f 1596/2832/2832 1619/2834/2834 1612/2835/2835
f 1596/2832/2832 1609/2836/2836 1618/2837/2837
f 1596/2832/2832 1618/2837/2837 1616/2838/2838
f 1602/2839/2839 1610/2840/2840 1609/2841/2841
f 1602/2839/2839 1609/2841/2841 1596/2842/2842
f 1605/2843/2843 1614/2844/2844 1613/2845/2845
f 1605/2843/2843 1613/2845/2845 1598/2846/2846
f 1606/2847/2847 1611/2848/2848 1608/2849/2849
f 1606/2847/2847 1608/2849/2849 1600/2850/2850
f 1607/2851/2851 1610/2840/2840 1602/2852/2852
f 1607/2851/2851 1602/2852/2852 1595/2853/2853
f 1618/2854/2854 1617/2855/2855 1604/2856/2856
f 1618/2854/2854 1604/2856/2856 1611/2857/2857
f 1609/2858/2858 1610/2840/2840 1603/2859/2859
f 1609/2858/2858 1603/2859/2859 1601/2860/2860
f 1608/2861/2861 1611/2848/2848 1604/2862/2862
f 1608/2861/2861 1604/2862/2862 1599/2863/2863
f 1612/2864/2864 1619/2865/2865 1615/2866/2866
f 1612/2864/2864 1615/2866/2866 1597/2867/2867
f 1613/2868/2868 1614/2844/2844 1606/2869/2869
f 1613/2868/2868 1606/2869/2869 1600/2850/2850
f 1619/2870/2870 1616/2833/2833 1606/2869/2869
f 1619/2870/2870 1606/2869/2869 1614/2871/2871
f 1616/2872/2872 1618/2854/2854 1611/2873/2873
f 1616/2872/2872 1611/2873/2873 1606/2874/2874
f 1618/2854/2854 1609/2841/2841 1601/2860/2860
f 1618/2854/2854 1601/2860/2860 1617/2875/2875
f 1615/2876/2876 1619/2865/2865 1614/2877/2877
f 1615/2876/2876 1614/2877/2877 1605/2878/2878
f 1631/2879/2879 2884/2880/2880 2885/2881/2881
f 1631/2879/2879 2885/2881/2881 1628/2882/2882
f 1640/2883/2883 1637/2884/2884 1621/2885/2885
f 1640/2883/2883 1621/2885/2885 1633/2886/2886
f 1639/2887/2887 1630/2888/2888 1621/2885/2885
f 1639/2887/2887 1621/2885/2885 1637/2889/2889
f 1630/2890/2890 1631/2891/2891 1624/2892/2892
f 1630/2890/2890 1624/2892/2892 1621/2893/2893
f 1634/2894/2894 1635/2895/2895 1626/2896/2896
f 1634/2894/2894 1626/2896/2896 1572/2897/2897
f 1629/2898/2898 1632/2899/2899 1627/2900/2900
f 1629/2898/2898 1627/2900/2900 1622/2901/2901
f 1624/2902/2902 1631/2891/2891 1628/2903/2903
f 1624/2902/2902 1628/2903/2903 1620/2904/2904
f 1625/2905/2905 1638/2906/2906 1639/2907/2907
f 1625/2905/2905 1639/2907/2907 1632/2908/2908
f 2884/2909/2909 1631/2891/2891 1630/2910/2910
f 2884/2909/2909 1630/2910/2910 1623/2911/2911
f 1625/2912/2912 1632/2899/2899 1629/2913/2913
f 1625/2912/2912 1629/2913/2913 1582/2914/2914
f 1636/2915/2915 1640/2916/2916 1633/2917/2917
f 1636/2915/2915 1633/2917/2917 69/2918/2918
f 1627/2919/2919 1635/2895/2895 1634/2920/2920
f 1627/2919/2919 1634/2920/2920 1622/2901/2901
f 1627/2919/2919 1637/2884/2884 1640/2921/2921
f 1627/2919/2919 1640/2921/2921 1635/2922/2922
f 1632/2923/2923 1639/2907/2907 1637/2924/2924
f 1632/2923/2923 1637/2924/2924 1627/2925/2925
f 1623/2911/2911 1630/2890/2890 1639/2907/2907
f 1623/2911/2911 1639/2907/2907 1638/2926/2926
f 1635/2927/2927 1640/2916/2916 1636/2928/2928
f 1635/2927/2927 1636/2928/2928 1626/2929/2929
f 1326/2930/2930 1642/2931/2931 1641/2198/2198
f 1326/2930/2930 1641/2198/2198 1325/2932/2932
f 1325/2932/2932 1641/2198/2198 1643/2201/2201
f 1325/2932/2932 1643/2201/2201 1328/2933/2933
f 1644/2934/2934 1323/2935/2935 1642/2936/2936
f 1644/2934/2934 1642/2936/2936 1645/2937/2937
f 1645/2937/2937 1642/2936/2936 1326/2938/2938
f 1645/2937/2937 1326/2938/2938 1646/2939/2939
f 1649/2940/2940 1650/2941/2941 1647/2942/2942
f 1649/2940/2940 1647/2942/2942 1648/2943/2943
f 1649/2944/2944 1648/2945/2945 1651/2946/2946
f 1649/2944/2944 1651/2946/2946 1652/2947/2947
f 1654/2948/2948 1650/2949/2949 1649/2944/2944
f 1654/2948/2948 1649/2944/2944 1653/2950/2950
f 1653/2950/2950 1649/2944/2944 1652/2947/2947
f 1653/2950/2950 1652/2947/2947 1655/2951/2951
f 1656/2952/2952 1647/2953/2953 1650/2954/2954
f 1656/2952/2952 1650/2954/2954 1657/2955/2955
f 1657/2955/2955 1650/2954/2954 1654/2956/2956
f 1657/2955/2955 1654/2956/2956 1658/2957/2957
f 1661/2958/2958 1662/2959/2959 1659/2960/2960
f 1661/2958/2958 1659/2960/2960 1660/2961/2961
f 1661/2962/2962 1660/2963/2963 1663/2964/2964
f 1661/2962/2962 1663/2964/2964 1664/2965/2965
f 1666/2966/2966 1662/2967/2967 1661/2962/2962
f 1666/2966/2966 1661/2962/2962 1665/2968/2968
f 1665/2968/2968 1661/2962/2962 1664/2965/2965
f 1665/2968/2968 1664/2965/2965 1667/2969/2969
f 1668/2970/2970 1659/2971/2971 1662/2972/2972
f 1668/2970/2970 1662/2972/2972 1669/2973/2973
f 1669/2973/2973 1662/2972/2972 1666/2974/2974
f 1669/2973/2973 1666/2974/2974 1670/2975/2975
f 1673/2976/2976 1674/2977/2977 1671/2978/2978
f 1673/2976/2976 1671/2978/2978 1672/2979/2979
f 1676/2980/2980 1673/2981/2981 1677/2982/2982
f 1676/2980/2980 1677/2982/2982 1675/2983/2983
f 1680/2984/2984 1681/2985/2985 1678/2986/2986
f 1680/2984/2984 1678/2986/2986 1679/2987/2987
f 1678/2986/2986 1681/2985/2985 1677/2988/2988
f 1678/2986/2986 1677/2988/2988 1682/2989/2989
f 1677/2988/2988 1673/2976/2976 1672/2979/2979
f 1677/2988/2988 1672/2979/2979 1682/2989/2989
f 1685/2990/2990 1686/2991/2991 1683/2992/2992
f 1685/2990/2990 1683/2992/2992 1684/2993/2993
f 1686/2991/2991 1671/2978/2978 1674/2977/2977
f 1686/2991/2991 1674/2977/2977 1683/2992/2992
f 1688/2994/2994 1684/2995/2995 1683/2996/2996
f 1688/2994/2994 1683/2996/2996 1687/2997/2997
f 1687/2997/2997 1683/2996/2996 1674/2998/2998
f 1687/2997/2997 1674/2998/2998 1689/2999/2999
f 1689/2999/2999 1674/2998/2998 1673/2981/2981
f 1689/2999/2999 1673/2981/2981 1676/2980/2980
f 1680/3000/3000 1690/3001/3001 1691/3002/3002
f 1680/3000/3000 1691/3002/3002 1681/3003/3003
f 1681/3003/3003 1691/3002/3002 1675/2983/2983
f 1681/3003/3003 1675/2983/2983 1677/2982/2982
f 1682/3004/3004 1672/3005/3005 1693/3006/3006
f 1682/3004/3004 1693/3006/3006 1692/3007/3007
f 1686/3008/3008 1685/3009/3009 1695/3010/3010
f 1686/3008/3008 1695/3010/3010 1694/3011/3011
f 1671/3012/3012 1686/3008/3008 1694/3011/3011
f 1671/3012/3012 1694/3011/3011 1696/3013/3013
f 1672/3005/3005 1671/3012/3012 1696/3013/3013
f 1672/3005/3005 1696/3013/3013 1693/3006/3006
f 1697/3014/3014 1698/3015/3015 1679/3016/3016
f 1697/3014/3014 1679/3016/3016 1678/3017/3017
f 1692/3007/3007 1697/3014/3014 1678/3017/3017
f 1692/3007/3007 1678/3017/3017 1682/3004/3004
f 1701/3018/3018 1702/3019/3019 1699/3020/3020
f 1701/3018/3018 1699/3020/3020 1700/3021/3021
f 1704/3022/3022 1701/3023/3023 1705/3024/3024
f 1704/3022/3022 1705/3024/3024 1703/3025/3025
f 1708/3026/3026 1709/3027/3027 1706/3028/3028
f 1708/3026/3026 1706/3028/3028 1707/3029/3029
f 1706/3028/3028 1709/3027/3027 1705/3030/3030
f 1706/3028/3028 1705/3030/3030 1710/3031/3031
f 1705/3030/3030 1701/3018/3018 1700/3021/3021
f 1705/3030/3030 1700/3021/3021 1710/3031/3031
f 1713/3032/3032 1714/3033/3033 1711/3034/3034
f 1713/3032/3032 1711/3034/3034 1712/3035/3035
f 1714/3033/3033 1699/3020/3020 1702/3019/3019
f 1714/3033/3033 1702/3019/3019 1711/3034/3034
f 1716/3036/3036 1712/3037/3037 1711/3038/3038
f 1716/3036/3036 1711/3038/3038 1715/3039/3039
f 1715/3039/3039 1711/3038/3038 1702/3040/3040
f 1715/3039/3039 1702/3040/3040 1717/3041/3041
f 1717/3041/3041 1702/3040/3040 1701/3023/3023
f 1717/3041/3041 1701/3023/3023 1704/3022/3022
f 1708/3042/3042 1718/3043/3043 1719/3044/3044
f 1708/3042/3042 1719/3044/3044 1709/3045/3045
f 1709/3045/3045 1719/3044/3044 1703/3025/3025
f 1709/3045/3045 1703/3025/3025 1705/3024/3024
f 1710/3046/3046 1700/3047/3047 1721/3048/3048
f 1710/3046/3046 1721/3048/3048 1720/3049/3049
f 1714/3050/3050 1713/3051/3051 1723/3052/3052
f 1714/3050/3050 1723/3052/3052 1722/3053/3053
f 1699/3054/3054 1714/3050/3050 1722/3053/3053
f 1699/3054/3054 1722/3053/3053 1724/3055/3055
f 1700/3047/3047 1699/3054/3054 1724/3055/3055
f 1700/3047/3047 1724/3055/3055 1721/3048/3048
f 1725/3056/3056 1726/3057/3057 1707/3058/3058
f 1725/3056/3056 1707/3058/3058 1706/3059/3059
f 1720/3049/3049 1725/3056/3056 1706/3059/3059
f 1720/3049/3049 1706/3059/3059 1710/3046/3046
f 1729/3060/3060 1730/3061/3061 1727/3062/3062
f 1729/3060/3060 1727/3062/3062 1728/3063/3063
f 1732/3064/3064 1729/3065/3065 1733/3066/3066
f 1732/3064/3064 1733/3066/3066 1731/3067/3067
f 1736/3068/3068 1737/3069/3069 1734/3070/3070
f 1736/3068/3068 1734/3070/3070 1735/3071/3071
f 1734/3070/3070 1737/3069/3069 1733/3072/3072
f 1734/3070/3070 1733/3072/3072 1738/3073/3073
f 1733/3072/3072 1729/3060/3060 1728/3063/3063
f 1733/3072/3072 1728/3063/3063 1738/3073/3073
f 1741/3074/3074 1742/3075/3075 1739/3076/3076
f 1741/3074/3074 1739/3076/3076 1740/3077/3077
f 1742/3075/3075 1727/3062/3062 1730/3061/3061
f 1742/3075/3075 1730/3061/3061 1739/3076/3076
f 1744/3078/3078 1740/3079/3079 1739/3080/3080
f 1744/3078/3078 1739/3080/3080 1743/3081/3081
f 1743/3081/3081 1739/3080/3080 1730/3082/3082
f 1743/3081/3081 1730/3082/3082 1745/3083/3083
f 1745/3083/3083 1730/3082/3082 1729/3065/3065
f 1745/3083/3083 1729/3065/3065 1732/3064/3064
f 1736/3084/3084 1746/3085/3085 1747/3086/3086
f 1736/3084/3084 1747/3086/3086 1737/3087/3087
f 1737/3087/3087 1747/3086/3086 1731/3067/3067
f 1737/3087/3087 1731/3067/3067 1733/3066/3066
f 1738/3088/3088 1728/3089/3089 1749/3090/3090
f 1738/3088/3088 1749/3090/3090 1748/3091/3091
f 1742/3092/3092 1741/3093/3093 1751/3094/3094
f 1742/3092/3092 1751/3094/3094 1750/3095/3095
f 1727/3096/3096 1742/3092/3092 1750/3095/3095
f 1727/3096/3096 1750/3095/3095 1752/3097/3097
f 1728/3089/3089 1727/3096/3096 1752/3097/3097
f 1728/3089/3089 1752/3097/3097 1749/3090/3090
f 1753/3098/3098 1754/3099/3099 1735/3100/3100
f 1753/3098/3098 1735/3100/3100 1734/3101/3101
f 1748/3091/3091 1753/3098/3098 1734/3101/3101
f 1748/3091/3091 1734/3101/3101 1738/3088/3088
f 1757/3102/3102 1758/3103/3103 1755/3104/3104
f 1757/3102/3102 1755/3104/3104 1756/3105/3105
f 1760/3106/3106 1757/3107/3107 1761/3108/3108
f 1760/3106/3106 1761/3108/3108 1759/3109/3109
f 1764/3110/3110 1765/3111/3111 1762/3112/3112
f 1764/3110/3110 1762/3112/3112 1763/3113/3113
f 1762/3112/3112 1765/3111/3111 1761/3114/3114
f 1762/3112/3112 1761/3114/3114 1766/3115/3115
f 1761/3114/3114 1757/3102/3102 1756/3105/3105
f 1761/3114/3114 1756/3105/3105 1766/3115/3115
f 1769/3116/3116 1770/3117/3117 1767/3118/3118
f 1769/3116/3116 1767/3118/3118 1768/3119/3119
f 1770/3117/3117 1755/3104/3104 1758/3103/3103
f 1770/3117/3117 1758/3103/3103 1767/3118/3118
f 1772/3120/3120 1768/3121/3121 1767/3122/3122
f 1772/3120/3120 1767/3122/3122 1771/3123/3123
f 1771/3123/3123 1767/3122/3122 1758/3124/3124
f 1771/3123/3123 1758/3124/3124 1773/3125/3125
f 1773/3125/3125 1758/3124/3124 1757/3107/3107
f 1773/3125/3125 1757/3107/3107 1760/3106/3106
f 1764/3126/3126 1774/3127/3127 1775/3128/3128
f 1764/3126/3126 1775/3128/3128 1765/3129/3129
f 1765/3129/3129 1775/3128/3128 1759/3109/3109
f 1765/3129/3129 1759/3109/3109 1761/3108/3108
f 1766/3130/3130 1756/3131/3131 1777/3132/3132
f 1766/3130/3130 1777/3132/3132 1776/3133/3133
f 1770/3134/3134 1769/3135/3135 1779/3136/3136
f 1770/3134/3134 1779/3136/3136 1778/3137/3137
f 1755/3138/3138 1770/3134/3134 1778/3137/3137
f 1755/3138/3138 1778/3137/3137 1780/3139/3139
f 1756/3131/3131 1755/3138/3138 1780/3139/3139
f 1756/3131/3131 1780/3139/3139 1777/3132/3132
f 1781/3140/3140 1782/3141/3141 1763/3142/3142
f 1781/3140/3140 1763/3142/3142 1762/3143/3143
f 1776/3133/3133 1781/3140/3140 1762/3143/3143
f 1776/3133/3133 1762/3143/3143 1766/3130/3130
f 1785/3144/3144 1786/3145/3145 1783/3146/3146
f 1785/3144/3144 1783/3146/3146 1784/3147/3147
f 1788/3148/3148 1785/3149/3149 1789/3150/3150
f 1788/3148/3148 1789/3150/3150 1787/3151/3151
f 1792/3152/3152 1793/3153/3153 1790/3154/3154
f 1792/3152/3152 1790/3154/3154 1791/3155/3155
f 1790/3154/3154 1793/3153/3153 1789/3156/3156
f 1790/3154/3154 1789/3156/3156 1794/3157/3157
f 1789/3156/3156 1785/3144/3144 1784/3147/3147
f 1789/3156/3156 1784/3147/3147 1794/3157/3157
f 1797/3158/3158 1798/3159/3159 1795/3160/3160
f 1797/3158/3158 1795/3160/3160 1796/3161/3161
f 1798/3159/3159 1783/3146/3146 1786/3145/3145
f 1798/3159/3159 1786/3145/3145 1795/3160/3160
f 1800/3162/3162 1796/3163/3163 1795/3164/3164
f 1800/3162/3162 1795/3164/3164 1799/3165/3165
f 1799/3165/3165 1795/3164/3164 1786/3166/3166
f 1799/3165/3165 1786/3166/3166 1801/3167/3167
f 1801/3167/3167 1786/3166/3166 1785/3149/3149
f 1801/3167/3167 1785/3149/3149 1788/3148/3148
f 1792/3168/3168 1802/3169/3169 1803/3170/3170
f 1792/3168/3168 1803/3170/3170 1793/3171/3171
f 1793/3171/3171 1803/3170/3170 1787/3151/3151
f 1793/3171/3171 1787/3151/3151 1789/3150/3150
f 1794/3172/3172 1784/3173/3173 1805/3174/3174
f 1794/3172/3172 1805/3174/3174 1804/3175/3175
f 1798/3176/3176 1797/3177/3177 1807/3178/3178
f 1798/3176/3176 1807/3178/3178 1806/3179/3179
f 1783/3180/3180 1798/3176/3176 1806/3179/3179
f 1783/3180/3180 1806/3179/3179 1808/3181/3181
f 1784/3173/3173 1783/3180/3180 1808/3181/3181
f 1784/3173/3173 1808/3181/3181 1805/3174/3174
f 1809/3182/3182 1810/3183/3183 1791/3184/3184
f 1809/3182/3182 1791/3184/3184 1790/3185/3185
f 1804/3175/3175 1809/3182/3182 1790/3185/3185
f 1804/3175/3175 1790/3185/3185 1794/3172/3172
f 1813/3186/3186 1814/3187/3187 1811/3188/3188
f 1813/3186/3186 1811/3188/3188 1812/3189/3189
f 1813/3190/3190 1812/3191/3191 1815/3192/3192
f 1813/3190/3190 1815/3192/3192 1816/3193/3193
f 1818/3194/3194 1814/3195/3195 1813/3190/3190
f 1818/3194/3194 1813/3190/3190 1817/3196/3196
f 1817/3196/3196 1813/3190/3190 1816/3193/3193
f 1817/3196/3196 1816/3193/3193 1819/3197/3197
f 1820/3198/3198 1811/3199/3199 1814/3200/3200
f 1820/3198/3198 1814/3200/3200 1821/3201/3201
f 1821/3201/3201 1814/3200/3200 1818/3202/3202
f 1821/3201/3201 1818/3202/3202 1822/3203/3203
f 1825/3204/3204 1826/3205/3205 1823/3206/3206
f 1825/3204/3204 1823/3206/3206 1824/3207/3207
f 1825/3208/3208 1824/3209/3209 1827/3210/3210
f 1825/3208/3208 1827/3210/3210 1828/3211/3211
f 1830/3212/3212 1826/3213/3213 1825/3208/3208
f 1830/3212/3212 1825/3208/3208 1829/3214/3214
f 1829/3214/3214 1825/3208/3208 1828/3211/3211
f 1829/3214/3214 1828/3211/3211 1831/3215/3215
f 1832/3216/3216 1823/3217/3217 1826/3218/3218
f 1832/3216/3216 1826/3218/3218 1833/3219/3219
f 1833/3219/3219 1826/3218/3218 1830/3220/3220
f 1833/3219/3219 1830/3220/3220 1834/3221/3221
f 1837/3222/3222 1838/3223/3223 1835/3224/3224
f 1837/3222/3222 1835/3224/3224 1836/3225/3225
f 1837/3226/3226 1836/3227/3227 1839/3228/3228
f 1837/3226/3226 1839/3228/3228 1840/3229/3229
f 1842/3230/3230 1838/3231/3231 1837/3226/3226
f 1842/3230/3230 1837/3226/3226 1841/3232/3232
f 1841/3232/3232 1837/3226/3226 1840/3229/3229
f 1841/3232/3232 1840/3229/3229 1843/3233/3233
f 1844/3234/3234 1835/3235/3235 1838/3236/3236
f 1844/3234/3234 1838/3236/3236 1845/3237/3237
f 1845/3237/3237 1838/3236/3236 1842/3238/3238
f 1845/3237/3237 1842/3238/3238 1846/3239/3239
f 1849/3240/3240 1850/3241/3241 1847/3242/3242
f 1849/3240/3240 1847/3242/3242 1848/3243/3243
f 1849/3244/3244 1848/3245/3245 1851/3246/3246
f 1849/3244/3244 1851/3246/3246 1852/3247/3247
f 1853/3248/3248 1847/3249/3249 1850/3250/3250
f 1853/3248/3248 1850/3250/3250 1854/3251/3251
f 1857/3252/3252 1858/3253/3253 1855/3254/3254
f 1857/3252/3252 1855/3254/3254 1856/3255/3255
f 1857/3256/3256 1856/3257/3257 1859/3258/3258
f 1857/3256/3256 1859/3258/3258 1860/3259/3259
f 1861/3260/3260 1855/3261/3261 1858/3262/3262
f 1861/3260/3260 1858/3262/3262 1862/3263/3263
f 1867/3264/3264 1864/3265/3265 1863/3266/3266
f 1867/3264/3264 1863/3266/3266 1866/3267/3267
f 1868/3268/3268 1865/3269/3269 1864/3270/3270
f 1868/3268/3268 1864/3270/3270 1867/3271/3271
f 1869/3272/3272 1870/3273/3273 1865/3274/3274
f 1869/3272/3272 1865/3274/3274 1868/3275/3275
f 1873/3276/3276 1874/3277/3277 1871/3278/3278
f 1873/3276/3276 1871/3278/3278 1872/3279/3279
f 1875/3280/3280 1876/3281/3281 1874/3282/3282
f 1875/3280/3280 1874/3282/3282 1873/3283/3283
f 1877/3284/3284 1878/3285/3285 1876/3286/3286
f 1877/3284/3284 1876/3286/3286 1875/3287/3287
f 1880/3288/3288 1881/3289/3289 1882/3290/3290
f 1880/3288/3288 1882/3290/3290 1879/3291/3291
f 1881/3292/3292 1883/3293/3293 1884/3294/3294
f 1881/3292/3292 1884/3294/3294 1882/3295/3295
f 1886/3296/3296 1887/3297/3297 1888/3298/3298
f 1886/3296/3296 1888/3298/3298 1885/3299/3299
f 1889/3300/3300 1890/3301/3301 1891/3302/3302
f 1889/3300/3300 1891/3302/3302 1888/3303/3303
f 1885/3304/3304 1888/3305/3305 1893/3306/3306
f 1885/3304/3304 1893/3306/3306 1892/3307/3307
f 1888/3308/3308 1891/3309/3309 1895/3310/3310
f 1888/3308/3308 1895/3310/3310 1894/3311/3311
f 1896/3312/3312 1897/3313/3313 1898/3314/3314
f 1896/3312/3312 1898/3314/3314 1899/3315/3315
f 1901/3316/3316 1900/3317/3317 1897/3318/3318
f 1901/3316/3316 1897/3318/3318 1896/3319/3319
f 1906/3320/3320 1911/3321/3321 1910/3322/3322
f 1906/3320/3320 1910/3322/3322 1907/3323/3323
f 1908/3324/3324 1909/3325/3325 1904/3326/3326
f 1908/3324/3324 1904/3326/3326 1903/3327/3327
f 1907/3323/3323 1910/3322/3322 1909/3325/3325
f 1907/3323/3323 1909/3325/3325 1908/3324/3324
f 1912/3328/3328 1905/3329/3329 1902/3330/3330
f 1912/3328/3328 1902/3330/3330 84/3331/3331
f 1911/3321/3321 1906/3320/3320 1905/3329/3329
f 1911/3321/3321 1905/3329/3329 1912/3328/3328
f 1918/3332/3332 1915/3333/3333 1913/3334/3334
f 1917/3335/3335 1916/3336/3336 1914/3337/3337
f 1924/3338/3338 1921/3339/3339 1919/3340/3340
f 1923/3341/3341 1922/3342/3342 1920/3343/3343
f 1930/3344/3344 1927/3345/3345 1925/3346/3346
f 1929/3347/3347 1928/3348/3348 1926/3349/3349
f 2242/3350/3350 2249/3351/3351 2248/3352/3352
f 2242/3350/3350 2248/3352/3352 2243/3353/3353
f 2247/3354/3354 2248/3355/3355 2238/3356/3356
f 2247/3354/3354 2238/3356/3356 2237/3357/3357
f 1943/3358/3358 1941/3359/3359 1942/3360/3360
f 1943/3358/3358 1942/3360/3360 1944/3361/3361
f 1942/3360/3360 1939/3362/3362 1937/3363/3363
f 1942/3360/3360 1937/3363/3363 1944/3361/3361
f 1942/3364/3364 1941/3365/3365 1938/3366/3366
f 1942/3364/3364 1938/3366/3366 1939/3367/3367
f 1940/3368/3368 1938/3369/3369 1941/3370/3370
f 1940/3368/3368 1941/3370/3370 1943/3371/3371
f 1943/3372/3372 1944/3373/3373 1937/3374/3374
f 1943/3372/3372 1937/3374/3374 1940/3375/3375
f 1951/3376/3376 1952/3377/3377 1950/3378/3378
f 1951/3376/3376 1950/3378/3378 1949/3379/3379
f 1949/3380/3380 1950/3381/3381 1946/3382/3382
f 1949/3380/3380 1946/3382/3382 1945/3383/3383
f 1950/3384/3384 1952/3385/3385 1948/3386/3386
f 1950/3384/3384 1948/3386/3386 1946/3387/3387
f 1952/3388/3388 1951/3389/3389 1947/3390/3390
f 1952/3388/3388 1947/3390/3390 1948/3391/3391
f 1951/3392/3392 1949/3393/3393 1945/3394/3394
f 1951/3392/3392 1945/3394/3394 1947/3395/3395
f 1956/3396/3396 1955/3397/3397 1954/3398/3398
f 1956/3396/3396 1954/3398/3398 1953/3399/3399
f 1953/3400/3400 1954/3401/3401 1958/3402/3402
f 1953/3400/3400 1958/3402/3402 1957/3403/3403
f 1954/3404/3404 1955/3405/3405 1959/3406/3406
f 1954/3404/3404 1959/3406/3406 1958/3407/3407
f 1955/3408/3408 1956/3409/3409 1960/3410/3410
f 1955/3408/3408 1960/3410/3410 1959/3411/3411
f 1956/3412/3412 1953/3413/3413 1957/3414/3414
f 1956/3412/3412 1957/3414/3414 1960/3415/3415
f 1964/3416/3416 1963/3417/3417 1962/3418/3418
f 1964/3416/3416 1962/3418/3418 1961/3419/3419
f 1961/3420/3420 1962/3421/3421 1966/3422/3422
f 1961/3420/3420 1966/3422/3422 1965/3423/3423
f 1962/3424/3424 1963/3425/3425 1967/3426/3426
f 1962/3424/3424 1967/3426/3426 1966/3427/3427
f 1963/3428/3428 1964/3429/3429 1968/3430/3430
f 1963/3428/3428 1968/3430/3430 1967/3431/3431
f 1964/3432/3432 1961/3433/3433 1965/3434/3434
f 1964/3432/3432 1965/3434/3434 1968/3435/3435
f 1972/3436/3436 1971/3437/3437 1970/3438/3438
f 1972/3436/3436 1970/3438/3438 1969/3439/3439
f 1969/3440/3440 1970/3441/3441 1974/3442/3442
f 1969/3440/3440 1974/3442/3442 1973/3443/3443
f 1970/3444/3444 1971/3445/3445 1975/3446/3446
f 1970/3444/3444 1975/3446/3446 1974/3447/3447
f 1971/3448/3448 1972/3449/3449 1976/3450/3450
f 1971/3448/3448 1976/3450/3450 1975/3451/3451
f 1972/3452/3452 1969/3453/3453 1973/3454/3454
f 1972/3452/3452 1973/3454/3454 1976/3455/3455
f 1980/3456/3456 1979/3457/3457 1978/3458/3458
f 1980/3456/3456 1978/3458/3458 1977/3459/3459
f 1977/3460/3460 1978/3461/3461 1982/3462/3462
f 1977/3460/3460 1982/3462/3462 1981/3463/3463
f 1978/3464/3464 1979/3465/3465 1983/3466/3466
f 1978/3464/3464 1983/3466/3466 1982/3467/3467
f 1979/3468/3468 1980/3469/3469 1984/3470/3470
f 1979/3468/3468 1984/3470/3470 1983/3471/3471
f 1980/3472/3472 1977/3473/3473 1981/3474/3474
f 1980/3472/3472 1981/3474/3474 1984/3475/3475
f 1988/3476/3476 1987/3477/3477 1986/3478/3478
f 1988/3476/3476 1986/3478/3478 1985/3479/3479
f 1985/3480/3480 1986/3481/3481 1990/3482/3482
f 1985/3480/3480 1990/3482/3482 1989/3483/3483
f 1986/3484/3484 1987/3485/3485 1991/3486/3486
f 1986/3484/3484 1991/3486/3486 1990/3487/3487
f 1987/3488/3488 1988/3489/3489 1992/3490/3490
f 1987/3488/3488 1992/3490/3490 1991/3491/3491
f 1988/3492/3492 1985/3493/3493 1989/3494/3494
f 1988/3492/3492 1989/3494/3494 1992/3495/3495
f 1996/3496/3496 1995/3497/3497 1994/3498/3498
f 1996/3496/3496 1994/3498/3498 1993/3499/3499
f 1993/3500/3500 1994/3501/3501 1998/3502/3502
f 1993/3500/3500 1998/3502/3502 1997/3503/3503
f 1994/3504/3504 1995/3505/3505 1999/3506/3506
f 1994/3504/3504 1999/3506/3506 1998/3507/3507
f 1995/3508/3508 1996/3509/3509 2000/3510/3510
f 1995/3508/3508 2000/3510/3510 1999/3511/3511
f 1996/3512/3512 1993/3513/3513 1997/3514/3514
f 1996/3512/3512 1997/3514/3514 2000/3515/3515
f 2004/3516/3516 2003/3517/3517 2002/3518/3518
f 2004/3516/3516 2002/3518/3518 2001/3519/3519
f 2001/3520/3520 2002/3521/3521 2006/3522/3522
f 2001/3520/3520 2006/3522/3522 2005/3523/3523
f 2002/3524/3524 2003/3525/3525 2007/3526/3526
f 2002/3524/3524 2007/3526/3526 2006/3527/3527
f 2003/3528/3528 2004/3529/3529 2008/3530/3530
f 2003/3528/3528 2008/3530/3530 2007/3531/3531
f 2004/3532/3532 2001/3533/3533 2005/3534/3534
f 2004/3532/3532 2005/3534/3534 2008/3535/3535
f 2012/3536/3536 2011/3537/3537 2010/3538/3538
f 2012/3536/3536 2010/3538/3538 2009/3539/3539
f 2009/3540/3540 2010/3541/3541 2014/3542/3542
f 2009/3540/3540 2014/3542/3542 2013/3543/3543
f 2010/3544/3544 2011/3545/3545 2015/3546/3546
f 2010/3544/3544 2015/3546/3546 2014/3547/3547
f 2011/3548/3548 2012/3549/3549 2016/3550/3550
f 2011/3548/3548 2016/3550/3550 2015/3551/3551
f 2012/3552/3552 2009/3553/3553 2013/3554/3554
f 2012/3552/3552 2013/3554/3554 2016/3555/3555
f 2020/3556/3556 2019/3557/3557 2018/3558/3558
f 2020/3556/3556 2018/3558/3558 2017/3559/3559
f 2017/3560/3560 2018/3561/3561 2022/3562/3562
f 2017/3560/3560 2022/3562/3562 2021/3563/3563
f 2018/3564/3564 2019/3565/3565 2023/3566/3566
f 2018/3564/3564 2023/3566/3566 2022/3567/3567
f 2019/3568/3568 2020/3569/3569 2024/3570/3570
f 2019/3568/3568 2024/3570/3570 2023/3571/3571
f 2020/3572/3572 2017/3573/3573 2021/3574/3574
f 2020/3572/3572 2021/3574/3574 2024/3575/3575
f 2028/3576/3576 2027/3577/3577 2026/3578/3578
f 2028/3576/3576 2026/3578/3578 2025/3579/3579
f 2025/3580/3580 2026/3581/3581 2030/3582/3582
f 2025/3580/3580 2030/3582/3582 2029/3583/3583
f 2026/3584/3584 2027/3585/3585 2031/3586/3586
f 2026/3584/3584 2031/3586/3586 2030/3587/3587
f 2027/3588/3588 2028/3589/3589 2032/3590/3590
f 2027/3588/3588 2032/3590/3590 2031/3591/3591
f 2028/3592/3592 2025/3593/3593 2029/3594/3594
f 2028/3592/3592 2029/3594/3594 2032/3595/3595
f 2036/3596/3596 2035/3597/3597 2034/3598/3598
f 2036/3596/3596 2034/3598/3598 2033/3599/3599
f 2033/3600/3600 2034/3601/3601 2038/3602/3602
f 2033/3600/3600 2038/3602/3602 2037/3603/3603
f 2034/3604/3604 2035/3605/3605 2039/3606/3606
f 2034/3604/3604 2039/3606/3606 2038/3607/3607
f 2035/3608/3608 2036/3609/3609 2040/3610/3610
f 2035/3608/3608 2040/3610/3610 2039/3611/3611
f 2036/3612/3612 2033/3613/3613 2037/3614/3614
f 2036/3612/3612 2037/3614/3614 2040/3615/3615
f 2044/3616/3616 2043/3617/3617 2042/3618/3618
f 2044/3616/3616 2042/3618/3618 2041/3619/3619
f 2041/3620/3620 2042/3621/3621 2046/3622/3622
f 2041/3620/3620 2046/3622/3622 2045/3623/3623
f 2042/3624/3624 2043/3625/3625 2047/3626/3626
f 2042/3624/3624 2047/3626/3626 2046/3627/3627
f 2043/3628/3628 2044/3629/3629 2048/3630/3630
f 2043/3628/3628 2048/3630/3630 2047/3631/3631
f 2044/3632/3632 2041/3633/3633 2045/3634/3634
f 2044/3632/3632 2045/3634/3634 2048/3635/3635
f 2052/3636/3636 2051/3637/3637 2050/3638/3638
f 2052/3636/3636 2050/3638/3638 2049/3639/3639
f 2049/3640/3640 2050/3641/3641 2054/3642/3642
f 2049/3640/3640 2054/3642/3642 2053/3643/3643
f 2050/3644/3644 2051/3645/3645 2055/3646/3646
f 2050/3644/3644 2055/3646/3646 2054/3647/3647
f 2051/3648/3648 2052/3649/3649 2056/3650/3650
f 2051/3648/3648 2056/3650/3650 2055/3651/3651
f 2052/3652/3652 2049/3653/3653 2053/3654/3654
f 2052/3652/3652 2053/3654/3654 2056/3655/3655
f 2060/3656/3656 2059/3657/3657 2058/3658/3658
f 2060/3656/3656 2058/3658/3658 2057/3659/3659
f 2057/3660/3660 2058/3661/3661 2062/3662/3662
f 2057/3660/3660 2062/3662/3662 2061/3663/3663
f 2058/3664/3664 2059/3665/3665 2063/3666/3666
f 2058/3664/3664 2063/3666/3666 2062/3667/3667
f 2059/3668/3668 2060/3669/3669 2064/3670/3670
f 2059/3668/3668 2064/3670/3670 2063/3671/3671
f 2060/3672/3672 2057/3673/3673 2061/3674/3674
f 2060/3672/3672 2061/3674/3674 2064/3675/3675
f 2068/3676/3676 2067/3677/3677 2066/3678/3678
f 2068/3676/3676 2066/3678/3678 2065/3679/3679
f 2065/3680/3680 2066/3681/3681 2070/3682/3682
f 2065/3680/3680 2070/3682/3682 2069/3683/3683
f 2066/3684/3684 2067/3685/3685 2071/3686/3686
f 2066/3684/3684 2071/3686/3686 2070/3687/3687
f 2067/3688/3688 2068/3689/3689 2072/3690/3690
f 2067/3688/3688 2072/3690/3690 2071/3691/3691
f 2068/3692/3692 2065/3693/3693 2069/3694/3694
f 2068/3692/3692 2069/3694/3694 2072/3695/3695
f 2076/3696/3696 2075/3697/3697 2074/3698/3698
f 2076/3696/3696 2074/3698/3698 2073/3699/3699
f 2073/3700/3700 2074/3701/3701 2078/3702/3702
f 2073/3700/3700 2078/3702/3702 2077/3703/3703
f 2074/3704/3704 2075/3705/3705 2079/3706/3706
f 2074/3704/3704 2079/3706/3706 2078/3707/3707
f 2075/3708/3708 2076/3709/3709 2080/3710/3710
f 2075/3708/3708 2080/3710/3710 2079/3711/3711
f 2076/3712/3712 2073/3713/3713 2077/3714/3714
f 2076/3712/3712 2077/3714/3714 2080/3715/3715
f 2084/3716/3716 2083/3717/3717 2082/3718/3718
f 2084/3716/3716 2082/3718/3718 2081/3719/3719
f 2081/3720/3720 2082/3721/3721 2086/3722/3722
f 2081/3720/3720 2086/3722/3722 2085/3723/3723
f 2082/3724/3724 2083/3725/3725 2087/3726/3726
f 2082/3724/3724 2087/3726/3726 2086/3727/3727
f 2083/3728/3728 2084/3729/3729 2088/3730/3730
f 2083/3728/3728 2088/3730/3730 2087/3731/3731
f 2084/3732/3732 2081/3733/3733 2085/3734/3734
f 2084/3732/3732 2085/3734/3734 2088/3735/3735
f 2092/3736/3736 2091/3737/3737 2090/3738/3738
f 2092/3736/3736 2090/3738/3738 2089/3739/3739
f 2089/3740/3740 2090/3741/3741 2094/3742/3742
f 2089/3740/3740 2094/3742/3742 2093/3743/3743
f 2090/3744/3744 2091/3745/3745 2095/3746/3746
f 2090/3744/3744 2095/3746/3746 2094/3747/3747
f 2091/3748/3748 2092/3749/3749 2096/3750/3750
f 2091/3748/3748 2096/3750/3750 2095/3751/3751
f 2092/3752/3752 2089/3753/3753 2093/3754/3754
f 2092/3752/3752 2093/3754/3754 2096/3755/3755
f 2100/3756/3756 2099/3757/3757 2098/3758/3758
f 2100/3756/3756 2098/3758/3758 2097/3759/3759
f 2097/3760/3760 2098/3761/3761 2102/3762/3762
f 2097/3760/3760 2102/3762/3762 2101/3763/3763
f 2098/3764/3764 2099/3765/3765 2103/3766/3766
f 2098/3764/3764 2103/3766/3766 2102/3767/3767
f 2099/3768/3768 2100/3769/3769 2104/3770/3770
f 2099/3768/3768 2104/3770/3770 2103/3771/3771
f 2100/3772/3772 2097/3773/3773 2101/3774/3774
f 2100/3772/3772 2101/3774/3774 2104/3775/3775
f 2108/3776/3776 2107/3777/3777 2106/3778/3778
f 2108/3776/3776 2106/3778/3778 2105/3779/3779
f 2105/3780/3780 2106/3781/3781 2110/3782/3782
f 2105/3780/3780 2110/3782/3782 2109/3783/3783
f 2106/3784/3784 2107/3785/3785 2111/3786/3786
f 2106/3784/3784 2111/3786/3786 2110/3787/3787
f 2107/3788/3788 2108/3789/3789 2112/3790/3790
f 2107/3788/3788 2112/3790/3790 2111/3791/3791
f 2108/3792/3792 2105/3793/3793 2109/3794/3794
f 2108/3792/3792 2109/3794/3794 2112/3795/3795
f 2116/3796/3796 2115/3797/3797 2114/3798/3798
f 2116/3796/3796 2114/3798/3798 2113/3799/3799
f 2113/3800/3800 2114/3801/3801 2118/3802/3802
f 2113/3800/3800 2118/3802/3802 2117/3803/3803
f 2114/3804/3804 2115/3805/3805 2119/3806/3806
f 2114/3804/3804 2119/3806/3806 2118/3807/3807
f 2115/3808/3808 2116/3809/3809 2120/3810/3810
f 2115/3808/3808 2120/3810/3810 2119/3811/3811
f 2116/3812/3812 2113/3813/3813 2117/3814/3814
f 2116/3812/3812 2117/3814/3814 2120/3815/3815
f 2124/3816/3816 2123/3817/3817 2122/3818/3818
f 2124/3816/3816 2122/3818/3818 2121/3819/3819
f 2121/3820/3820 2122/3821/3821 2126/3822/3822
f 2121/3820/3820 2126/3822/3822 2125/3823/3823
f 2122/3824/3824 2123/3825/3825 2127/3826/3826
f 2122/3824/3824 2127/3826/3826 2126/3827/3827
f 2123/3828/3828 2124/3829/3829 2128/3830/3830
f 2123/3828/3828 2128/3830/3830 2127/3831/3831
f 2124/3832/3832 2121/3833/3833 2125/3834/3834
f 2124/3832/3832 2125/3834/3834 2128/3835/3835
f 2132/3836/3836 2131/3837/3837 2130/3838/3838
f 2132/3836/3836 2130/3838/3838 2129/3839/3839
f 2129/3840/3840 2130/3841/3841 2134/3842/3842
f 2129/3840/3840 2134/3842/3842 2133/3843/3843
f 2130/3844/3844 2131/3845/3845 2135/3846/3846
f 2130/3844/3844 2135/3846/3846 2134/3847/3847
f 2131/3848/3848 2132/3849/3849 2136/3850/3850
f 2131/3848/3848 2136/3850/3850 2135/3851/3851
f 2132/3852/3852 2129/3853/3853 2133/3854/3854
f 2132/3852/3852 2133/3854/3854 2136/3855/3855
f 2140/3856/3856 2139/3857/3857 2138/3858/3858
f 2140/3856/3856 2138/3858/3858 2137/3859/3859
f 2137/3860/3860 2138/3861/3861 2142/3862/3862
f 2137/3860/3860 2142/3862/3862 2141/3863/3863
f 2138/3864/3864 2139/3857/3857 2143/3865/3865
f 2138/3864/3864 2143/3865/3865 2142/3866/3866
f 2139/3867/3867 2140/3868/3868 2144/3869/3869
f 2139/3867/3867 2144/3869/3869 2143/3870/3870
f 2140/3856/3856 2137/3871/3871 2141/3872/3872
f 2140/3856/3856 2141/3872/3872 2144/3873/3873
f 2148/3874/3874 2147/3875/3875 2146/3876/3876
f 2148/3874/3874 2146/3876/3876 2145/3877/3877
f 2145/3878/3878 2146/3879/3879 2150/3880/3880
f 2145/3878/3878 2150/3880/3880 2149/3881/3881
f 2146/3882/3882 2147/3883/3883 2151/3884/3884
f 2146/3882/3882 2151/3884/3884 2150/3885/3885
f 2147/3886/3886 2148/3887/3887 2152/3888/3888
f 2147/3886/3886 2152/3888/3888 2151/3889/3889
f 2148/3890/3890 2145/3891/3891 2149/3892/3892
f 2148/3890/3890 2149/3892/3892 2152/3893/3893
f 2156/3894/3894 2155/3895/3895 2154/3896/3896
f 2156/3894/3894 2154/3896/3896 2153/3897/3897
f 2153/3898/3898 2154/3899/3899 2158/3900/3900
f 2153/3898/3898 2158/3900/3900 2157/3901/3901
f 2154/3902/3902 2155/3903/3903 2159/3904/3904
f 2154/3902/3902 2159/3904/3904 2158/3905/3905
f 2155/3906/3906 2156/3907/3907 2160/3908/3908
f 2155/3906/3906 2160/3908/3908 2159/3909/3909
f 2156/3910/3910 2153/3911/3911 2157/3912/3912
f 2156/3910/3910 2157/3912/3912 2160/3913/3913
f 2164/3914/3914 2163/3915/3915 2162/3916/3916
f 2164/3914/3914 2162/3916/3916 2161/3917/3917
f 2161/3918/3918 2162/3919/3919 2166/3920/3920
f 2161/3918/3918 2166/3920/3920 2165/3921/3921
f 2162/3922/3922 2163/3923/3923 2167/3924/3924
f 2162/3922/3922 2167/3924/3924 2166/3925/3925
f 2163/3926/3926 2164/3927/3927 2168/3928/3928
f 2163/3926/3926 2168/3928/3928 2167/3929/3929
f 2164/3930/3930 2161/3931/3931 2165/3932/3932
f 2164/3930/3930 2165/3932/3932 2168/3933/3933
f 2172/3934/3934 2171/3935/3935 2170/3936/3936
f 2172/3934/3934 2170/3936/3936 2169/3937/3937
f 2169/3938/3938 2170/3939/3939 2174/3940/3940
f 2169/3938/3938 2174/3940/3940 2173/3941/3941
f 2170/3942/3942 2171/3943/3943 2175/3944/3944
f 2170/3942/3942 2175/3944/3944 2174/3945/3945
f 2171/3946/3946 2172/3947/3947 2176/3948/3948
f 2171/3946/3946 2176/3948/3948 2175/3949/3949
f 2172/3950/3950 2169/3951/3951 2173/3952/3952
f 2172/3950/3950 2173/3952/3952 2176/3953/3953
f 1903/3327/3327 1904/3326/3326 120/3954/3954
f 1903/3327/3327 120/3954/3954 119/3955/3955
f 2189/3956/3956 2190/3957/3957 2179/3958/3958
f 2189/3956/3956 2179/3958/3958 2177/3959/3959
f 2179/3958/3958 2190/3957/3957 2191/3960/3960
f 2179/3958/3958 2191/3960/3960 2181/3961/3961
f 2193/3962/3962 2192/3963/3963 2178/3964/3964
f 2193/3962/3962 2178/3964/3964 2180/3965/3965
f 2188/3966/3966 2191/3960/3960 2187/3967/3967
f 2188/3966/3966 2187/3967/3967 2195/3968/3968
f 2191/3960/3960 2188/3966/3966 2194/3969/3969
f 2194/3970/3970 2193/3971/3971 2193/3971/3971
f 2194/3970/3970 2193/3971/3971 2180/3972/3972
f 2194/3970/3970 2180/3972/3972 2182/3973/3973
f 2190/3957/3957 2189/3956/3956 2183/3974/3974
f 2190/3957/3957 2183/3974/3974 2185/3975/3975
f 2191/3960/3960 2190/3957/3957 2185/3975/3975
f 2191/3960/3960 2185/3975/3975 2187/3967/3967
f 2192/3963/3963 2193/3962/3962 2186/3976/3976
f 2192/3963/3963 2186/3976/3976 2184/3977/3977
f 2193/3971/3971 2194/3970/3970 2188/3978/3978
f 2193/3971/3971 2188/3978/3978 2186/3979/3979
f 2193/3971/3971 2186/3979/3979 2193/3971/3971
f 2191/3980/3980 2194/3981/3981 2182/3982/3982
f 2191/3980/3980 2182/3982/3982 2181/3983/3983
f 2211/3984/3984 2208/3985/3985 118/3986/3986
f 2211/3984/3984 118/3986/3986 121/163/163
f 2210/3987/3987 117/3988/3988 118/3986/3986
f 2210/3987/3987 118/3986/3986 2208/3989/3989
f 2205/3990/3990 2206/3991/3991 2201/3992/3992
f 2205/3990/3990 2201/3992/3992 2197/3993/3993
f 2203/3994/3994 2204/3995/3995 2202/3996/3996
f 2203/3994/3994 2202/3996/3996 2199/3997/3997
f 2200/3998/3998 2209/3999/3999 2210/4000/4000
f 2200/3998/3998 2210/4000/4000 2204/4001/4001
f 2200/4002/4002 2204/3995/3995 2203/4003/4003
f 2200/4002/4002 2203/4003/4003 2198/4004/4004
f 2207/4005/4005 2211/4006/4006 121/4007/4007
f 2207/4005/4005 121/4007/4007 2196/4008/4008
f 2202/4009/4009 2206/3991/3991 2205/4010/4010
f 2202/4009/4009 2205/4010/4010 2199/3997/3997
f 2202/4009/4009 2208/3985/3985 2211/4011/4011
f 2202/4009/4009 2211/4011/4011 2206/4012/4012
f 2204/4013/4013 2210/4000/4000 2208/4014/4014
f 2204/4013/4013 2208/4014/4014 2202/4015/4015
f 116/152/152 117/143/143 2210/4000/4000
f 116/152/152 2210/4000/4000 2209/4016/4016
f 2206/4017/4017 2211/4006/4006 2207/4018/4018
f 2206/4017/4017 2207/4018/4018 2201/4019/4019
f 2212/4020/4020 2224/4021/4021 2227/4022/4022
f 2212/4020/4020 2227/4022/4022 75/4023/4023
f 2212/4020/4020 2219/4024/4024 2226/4025/4025
f 2212/4020/4020 2226/4025/4025 2224/4026/4026
f 2216/4027/4027 2222/4028/4028 2221/4029/4029
f 2216/4027/4027 2221/4029/4029 2177/4030/4030
f 2217/4031/4031 2220/4032/4032 2218/4033/4033
f 2217/4031/4031 2218/4033/4033 2213/4034/4034
f 2226/4035/4035 2225/4036/4036 2215/4037/4037
f 2226/4035/4035 2215/4037/4037 2220/4038/4038
f 2218/4039/4039 2220/4032/4032 2215/4040/4040
f 2218/4039/4039 2215/4040/4040 2183/4041/4041
f 75/4042/4042 2227/4043/4043 2223/4044/4044
f 75/4042/4042 2223/4044/4044 73/4045/4045
f 2221/4046/4046 2222/4028/4028 2217/4047/4047
f 2221/4046/4046 2217/4047/4047 2213/4034/4034
f 2227/4048/4048 2224/4021/4021 2217/4047/4047
f 2227/4048/4048 2217/4047/4047 2222/4049/4049
f 2224/4050/4050 2226/4035/4035 2220/4051/4051
f 2224/4050/4050 2220/4051/4051 2217/4052/4052
f 2226/4035/4035 2219/4053/4053 2214/4054/4054
f 2226/4035/4035 2214/4054/4054 2225/4055/4055
f 2223/4056/4056 2227/4043/4043 2222/4057/4057
f 2223/4056/4056 2222/4057/4057 2216/4058/4058
f 2228/4059/4059 2231/4060/4060 2230/4061/4061
f 2228/4059/4059 2230/4061/4061 2229/4062/4062
f 2232/4063/4063 2229/4064/4064 2230/4065/4065
f 2232/4063/4063 2230/4065/4065 2233/4066/4066
f 2231/4067/4067 2228/4068/4068 2234/4069/4069
f 2231/4067/4067 2234/4069/4069 2235/4070/4070
f 2245/4071/4071 2246/4072/4072 1936/4073/4073
f 2245/4071/4071 1936/4073/4073 1935/4074/4074
f 2247/4075/4075 2246/4072/4072 2245/4071/4071
f 2247/4075/4075 2245/4071/4071 2244/4076/4076
f 2243/3353/3353 2248/3352/3352 2247/4075/4075
f 2243/3353/3353 2247/4075/4075 2244/4076/4076
f 2250/4077/4077 2241/4078/4078 1934/4079/4079
f 2250/4077/4077 1934/4079/4079 1933/4080/4080
f 2249/3351/3351 2242/3350/3350 2241/4078/4078
f 2249/3351/3351 2241/4078/4078 2250/4077/4077
f 2250/4081/4081 1933/4082/4082 1931/4083/4083
f 2250/4081/4081 1931/4083/4083 2240/4084/4084
f 2249/4085/4085 2250/4081/4081 2240/4084/4084
f 2249/4085/4085 2240/4084/4084 2239/4086/4086
f 2248/3355/3355 2249/4085/4085 2239/4086/4086
f 2248/3355/3355 2239/4086/4086 2238/3356/3356
f 2236/4087/4087 1932/4088/4088 1936/4089/4089
f 2236/4087/4087 1936/4089/4089 2246/4090/4090
f 2237/3357/3357 2236/4087/4087 2246/4090/4090
f 2237/3357/3357 2246/4090/4090 2247/3354/3354
f 2252/4091/4091 2243/4092/4092 2244/4093/4093
f 2252/4091/4091 2244/4093/4093 2251/4094/4094
f 2254/4095/4095 1934/4096/4096 2241/4097/4097
f 2254/4095/4095 2241/4097/4097 2253/4098/4098
f 2253/4098/4098 2241/4097/4097 2242/4099/4099
f 2253/4098/4098 2242/4099/4099 2255/4100/4100
f 2255/4100/4100 2242/4099/4099 2243/4092/4092
f 2255/4100/4100 2243/4092/4092 2252/4091/4091
f 1935/4101/4101 2256/4102/4102 2257/4103/4103
f 1935/4101/4101 2257/4103/4103 2245/4104/4104
f 2245/4104/4104 2257/4103/4103 2251/4094/4094
f 2245/4104/4104 2251/4094/4094 2244/4093/4093
f 2258/4105/4105 2261/4106/4106 2260/4107/4107
f 2258/4105/4105 2260/4107/4107 2259/4108/4108
f 2264/4109/4109 2260/4110/4110 2263/4111/4111
f 2264/4109/4109 2263/4111/4111 2262/4112/4112
f 2265/4113/4113 2268/4114/4114 2267/4115/4115
f 2265/4113/4113 2267/4115/4115 2266/4116/4116
f 2264/4117/4117 2268/4114/4114 2265/4113/4113
f 2264/4117/4117 2265/4113/4113 2269/4118/4118
f 2259/4108/4108 2260/4107/4107 2264/4117/4117
f 2259/4108/4108 2264/4117/4117 2269/4118/4118
f 2270/4119/4119 2273/4120/4120 2272/4121/4121
f 2270/4119/4119 2272/4121/4121 2271/4122/4122
f 2261/4106/4106 2258/4105/4105 2273/4120/4120
f 2261/4106/4106 2273/4120/4120 2270/4119/4119
f 2270/4123/4123 2271/4124/4124 2275/4125/4125
f 2270/4123/4123 2275/4125/4125 2274/4126/4126
f 2261/4127/4127 2270/4123/4123 2274/4126/4126
f 2261/4127/4127 2274/4126/4126 2276/4128/4128
f 2260/4110/4110 2261/4127/4127 2276/4128/4128
f 2260/4110/4110 2276/4128/4128 2263/4111/4111
f 2278/4129/4129 2277/4130/4130 2267/4131/4131
f 2278/4129/4129 2267/4131/4131 2268/4132/4132
f 2262/4112/4112 2278/4129/4129 2268/4132/4132
f 2262/4112/4112 2268/4132/4132 2264/4109/4109
f 2280/4133/4133 2259/4134/4134 2269/4135/4135
f 2280/4133/4133 2269/4135/4135 2279/4136/4136
f 2282/4137/4137 2272/4138/4138 2273/4139/4139
f 2282/4137/4137 2273/4139/4139 2281/4140/4140
f 2281/4140/4140 2273/4139/4139 2258/4141/4141
f 2281/4140/4140 2258/4141/4141 2283/4142/4142
f 2283/4142/4142 2258/4141/4141 2259/4134/4134
f 2283/4142/4142 2259/4134/4134 2280/4133/4133
f 2266/4143/4143 2285/4144/4144 2284/4145/4145
f 2266/4143/4143 2284/4145/4145 2265/4146/4146
f 2265/4146/4146 2284/4145/4145 2279/4136/4136
f 2265/4146/4146 2279/4136/4136 2269/4135/4135
f 2286/4147/4147 2289/4148/4148 2288/4149/4149
f 2286/4147/4147 2288/4149/4149 2287/4150/4150
f 2292/4151/4151 2288/4152/4152 2291/4153/4153
f 2292/4151/4151 2291/4153/4153 2290/4154/4154
f 2293/4155/4155 2296/4156/4156 2295/4157/4157
f 2293/4155/4155 2295/4157/4157 2294/4158/4158
f 2292/4159/4159 2296/4156/4156 2293/4155/4155
f 2292/4159/4159 2293/4155/4155 2297/4160/4160
f 2287/4150/4150 2288/4149/4149 2292/4159/4159
f 2287/4150/4150 2292/4159/4159 2297/4160/4160
f 2298/4161/4161 2301/4162/4162 2300/4163/4163
f 2298/4161/4161 2300/4163/4163 2299/4164/4164
f 2289/4148/4148 2286/4147/4147 2301/4162/4162
f 2289/4148/4148 2301/4162/4162 2298/4161/4161
f 2298/4165/4165 2299/4166/4166 2303/4167/4167
f 2298/4165/4165 2303/4167/4167 2302/4168/4168
f 2289/4169/4169 2298/4165/4165 2302/4168/4168
f 2289/4169/4169 2302/4168/4168 2304/4170/4170
f 2288/4152/4152 2289/4169/4169 2304/4170/4170
f 2288/4152/4152 2304/4170/4170 2291/4153/4153
f 2306/4171/4171 2305/4172/4172 2295/4173/4173
f 2306/4171/4171 2295/4173/4173 2296/4174/4174
f 2290/4154/4154 2306/4171/4171 2296/4174/4174
f 2290/4154/4154 2296/4174/4174 2292/4151/4151
f 2308/4175/4175 2287/4176/4176 2297/4177/4177
f 2308/4175/4175 2297/4177/4177 2307/4178/4178
f 2310/4179/4179 2300/4180/4180 2301/4181/4181
f 2310/4179/4179 2301/4181/4181 2309/4182/4182
f 2309/4182/4182 2301/4181/4181 2286/4183/4183
f 2309/4182/4182 2286/4183/4183 2311/4184/4184
f 2311/4184/4184 2286/4183/4183 2287/4176/4176
f 2311/4184/4184 2287/4176/4176 2308/4175/4175
f 2294/4185/4185 2313/4186/4186 2312/4187/4187
f 2294/4185/4185 2312/4187/4187 2293/4188/4188
f 2293/4188/4188 2312/4187/4187 2307/4178/4178
f 2293/4188/4188 2307/4178/4178 2297/4177/4177
f 2314/4189/4189 2317/4190/4190 2316/4191/4191
f 2314/4189/4189 2316/4191/4191 2315/4192/4192
f 2320/4193/4193 2316/4194/4194 2319/4195/4195
f 2320/4193/4193 2319/4195/4195 2318/4196/4196
f 2321/4197/4197 2324/4198/4198 2323/4199/4199
f 2321/4197/4197 2323/4199/4199 2322/4200/4200
f 2320/4201/4201 2324/4198/4198 2321/4197/4197
f 2320/4201/4201 2321/4197/4197 2325/4202/4202
f 2315/4192/4192 2316/4191/4191 2320/4201/4201
f 2315/4192/4192 2320/4201/4201 2325/4202/4202
f 2326/4203/4203 2329/4204/4204 2328/4205/4205
f 2326/4203/4203 2328/4205/4205 2327/4206/4206
f 2317/4190/4190 2314/4189/4189 2329/4204/4204
f 2317/4190/4190 2329/4204/4204 2326/4203/4203
f 2326/4207/4207 2327/4208/4208 2331/4209/4209
f 2326/4207/4207 2331/4209/4209 2330/4210/4210
f 2317/4211/4211 2326/4207/4207 2330/4210/4210
f 2317/4211/4211 2330/4210/4210 2332/4212/4212
f 2316/4194/4194 2317/4211/4211 2332/4212/4212
f 2316/4194/4194 2332/4212/4212 2319/4195/4195
f 2334/4213/4213 2333/4214/4214 2323/4215/4215
f 2334/4213/4213 2323/4215/4215 2324/4216/4216
f 2318/4196/4196 2334/4213/4213 2324/4216/4216
f 2318/4196/4196 2324/4216/4216 2320/4193/4193
f 2336/4217/4217 2315/4218/4218 2325/4219/4219
f 2336/4217/4217 2325/4219/4219 2335/4220/4220
f 2338/4221/4221 2328/4222/4222 2329/4223/4223
f 2338/4221/4221 2329/4223/4223 2337/4224/4224
f 2337/4224/4224 2329/4223/4223 2314/4225/4225
f 2337/4224/4224 2314/4225/4225 2339/4226/4226
f 2339/4226/4226 2314/4225/4225 2315/4218/4218
f 2339/4226/4226 2315/4218/4218 2336/4217/4217
f 2322/4227/4227 2341/4228/4228 2340/4229/4229
f 2322/4227/4227 2340/4229/4229 2321/4230/4230
f 2321/4230/4230 2340/4229/4229 2335/4220/4220
f 2321/4230/4230 2335/4220/4220 2325/4219/4219
f 2342/4231/4231 2345/4232/4232 2344/4233/4233
f 2342/4231/4231 2344/4233/4233 2343/4234/4234
f 2348/4235/4235 2344/4236/4236 2347/4237/4237
f 2348/4235/4235 2347/4237/4237 2346/4238/4238
f 2349/4239/4239 2352/4240/4240 2351/4241/4241
f 2349/4239/4239 2351/4241/4241 2350/4242/4242
f 2348/4243/4243 2352/4240/4240 2349/4239/4239
f 2348/4243/4243 2349/4239/4239 2353/4244/4244
f 2343/4234/4234 2344/4233/4233 2348/4243/4243
f 2343/4234/4234 2348/4243/4243 2353/4244/4244
f 2354/4245/4245 2357/4246/4246 2356/4247/4247
f 2354/4245/4245 2356/4247/4247 2355/4248/4248
f 2345/4232/4232 2342/4231/4231 2357/4246/4246
f 2345/4232/4232 2357/4246/4246 2354/4245/4245
f 2354/4249/4249 2355/4250/4250 2359/4251/4251
f 2354/4249/4249 2359/4251/4251 2358/4252/4252
f 2345/4253/4253 2354/4249/4249 2358/4252/4252
f 2345/4253/4253 2358/4252/4252 2360/4254/4254
f 2344/4236/4236 2345/4253/4253 2360/4254/4254
f 2344/4236/4236 2360/4254/4254 2347/4237/4237
f 2362/4255/4255 2361/4256/4256 2351/4257/4257
f 2362/4255/4255 2351/4257/4257 2352/4258/4258
f 2346/4238/4238 2362/4255/4255 2352/4258/4258
f 2346/4238/4238 2352/4258/4258 2348/4235/4235
f 2364/4259/4259 2343/4260/4260 2353/4261/4261
f 2364/4259/4259 2353/4261/4261 2363/4262/4262
f 2366/4263/4263 2356/4264/4264 2357/4265/4265
f 2366/4263/4263 2357/4265/4265 2365/4266/4266
f 2365/4266/4266 2357/4265/4265 2342/4267/4267
f 2365/4266/4266 2342/4267/4267 2367/4268/4268
f 2367/4268/4268 2342/4267/4267 2343/4260/4260
f 2367/4268/4268 2343/4260/4260 2364/4259/4259
f 2350/4269/4269 2369/4270/4270 2368/4271/4271
f 2350/4269/4269 2368/4271/4271 2349/4272/4272
f 2349/4272/4272 2368/4271/4271 2363/4262/4262
f 2349/4272/4272 2363/4262/4262 2353/4261/4261
f 2370/4273/4273 2373/4274/4274 2372/4275/4275
f 2370/4273/4273 2372/4275/4275 2371/4276/4276
f 2376/4277/4277 2372/4278/4278 2375/4279/4279
f 2376/4277/4277 2375/4279/4279 2374/4280/4280
f 2377/4281/4281 2380/4282/4282 2379/4283/4283
f 2377/4281/4281 2379/4283/4283 2378/4284/4284
f 2376/4285/4285 2380/4282/4282 2377/4281/4281
f 2376/4285/4285 2377/4281/4281 2381/4286/4286
f 2371/4276/4276 2372/4275/4275 2376/4285/4285
f 2371/4276/4276 2376/4285/4285 2381/4286/4286
f 2382/4287/4287 2385/4288/4288 2384/4289/4289
f 2382/4287/4287 2384/4289/4289 2383/4290/4290
f 2373/4274/4274 2370/4273/4273 2385/4288/4288
f 2373/4274/4274 2385/4288/4288 2382/4287/4287
f 2382/4291/4291 2383/4292/4292 2387/4293/4293
f 2382/4291/4291 2387/4293/4293 2386/4294/4294
f 2373/4295/4295 2382/4291/4291 2386/4294/4294
f 2373/4295/4295 2386/4294/4294 2388/4296/4296
f 2372/4278/4278 2373/4295/4295 2388/4296/4296
f 2372/4278/4278 2388/4296/4296 2375/4279/4279
f 2390/4297/4297 2389/4298/4298 2379/4299/4299
f 2390/4297/4297 2379/4299/4299 2380/4300/4300
f 2374/4280/4280 2390/4297/4297 2380/4300/4300
f 2374/4280/4280 2380/4300/4300 2376/4277/4277
f 2392/4301/4301 2371/4302/4302 2381/4303/4303
f 2392/4301/4301 2381/4303/4303 2391/4304/4304
f 2394/4305/4305 2384/4306/4306 2385/4307/4307
f 2394/4305/4305 2385/4307/4307 2393/4308/4308
f 2393/4308/4308 2385/4307/4307 2370/4309/4309
f 2393/4308/4308 2370/4309/4309 2395/4310/4310
f 2395/4310/4310 2370/4309/4309 2371/4302/4302
f 2395/4310/4310 2371/4302/4302 2392/4301/4301
f 2378/4311/4311 2397/4312/4312 2396/4313/4313
f 2378/4311/4311 2396/4313/4313 2377/4314/4314
f 2377/4314/4314 2396/4313/4313 2391/4304/4304
f 2377/4314/4314 2391/4304/4304 2381/4303/4303
f 2398/4315/4315 2401/4316/4316 2400/4317/4317
f 2398/4315/4315 2400/4317/4317 2399/4318/4318
f 2402/4319/4319 2399/4320/4320 2400/4321/4321
f 2402/4319/4319 2400/4321/4321 2403/4322/4322
f 2401/4323/4323 2398/4324/4324 2404/4325/4325
f 2401/4323/4323 2404/4325/4325 2405/4326/4326
f 2406/4327/4327 2409/4328/4328 2408/4329/4329
f 2406/4327/4327 2408/4329/4329 2407/4330/4330
f 2410/4331/4331 2407/4332/4332 2408/4333/4333
f 2410/4331/4331 2408/4333/4333 2411/4334/4334
f 2408/4333/4333 2409/4335/4335 2413/4336/4336
f 2408/4333/4333 2413/4336/4336 2412/4337/4337
f 2411/4334/4334 2408/4333/4333 2412/4337/4337
f 2411/4334/4334 2412/4337/4337 2414/4338/4338
f 2409/4339/4339 2406/4340/4340 121/4341/4341
f 2409/4339/4339 121/4341/4341 2415/4342/4342
f 2413/4343/4343 2409/4339/4339 2415/4342/4342
f 2413/4343/4343 2415/4342/4342 2416/4344/4344
f 2417/4345/4345 2420/4346/4346 2419/4347/4347
f 2417/4345/4345 2419/4347/4347 2418/4348/4348
f 2421/4349/4349 2418/4350/4350 2419/4351/4351
f 2421/4349/4349 2419/4351/4351 2422/4352/4352
f 2420/4353/4353 2417/4354/4354 2423/4355/4355
f 2420/4353/4353 2423/4355/4355 2424/4356/4356
f 2425/4357/4357 2428/4358/4358 2427/4359/4359
f 2425/4357/4357 2427/4359/4359 2426/4360/4360
f 2429/4361/4361 2426/4362/4362 2427/4363/4363
f 2429/4361/4361 2427/4363/4363 2430/4364/4364
f 2428/4365/4365 2425/4366/4366 2431/4367/4367
f 2428/4365/4365 2431/4367/4367 2432/4368/4368
f 2433/4369/4369 2436/4370/4370 2435/4371/4371
f 2433/4369/4369 2435/4371/4371 2434/4372/4372
f 2437/4373/4373 2434/4374/4374 2435/4375/4375
f 2437/4373/4373 2435/4375/4375 2438/4376/4376
f 2436/4377/4377 2433/4378/4378 2439/4379/4379
f 2436/4377/4377 2439/4379/4379 2440/4380/4380
f 2441/4381/4381 2442/4382/4382 2445/4383/4383
f 2441/4381/4381 2445/4383/4383 2444/4384/4384
f 2442/4385/4385 2443/4386/4386 2446/4387/4387
f 2442/4385/4385 2446/4387/4387 2445/4388/4388
f 2443/4389/4389 2448/4390/4390 2447/4391/4391
f 2443/4389/4389 2447/4391/4391 2446/4392/4392
f 2449/4393/4393 2452/4394/4394 2451/4395/4395
f 2449/4393/4393 2451/4395/4395 2450/4396/4396
f 2452/4397/4397 2454/4398/4398 2453/4399/4399
f 2452/4397/4397 2453/4399/4399 2451/4400/4400
f 2454/4401/4401 2456/4402/4402 2455/4403/4403
f 2454/4401/4401 2455/4403/4403 2453/4404/4404
f 2460/4405/4405 2459/4406/4406 2458/4407/4407
f 2460/4405/4405 2458/4407/4407 2457/4408/4408
f 2462/4409/4409 2461/4410/4410 2459/4411/4411
f 2462/4409/4409 2459/4411/4411 2460/4412/4412
f 2466/4413/4413 2465/4414/4414 2464/4415/4415
f 2466/4413/4413 2464/4415/4415 2463/4416/4416
f 2469/4417/4417 2468/4418/4418 2467/4419/4419
f 2469/4417/4417 2467/4419/4419 2466/4420/4420
f 2471/4421/4421 2466/4422/4422 2463/4423/4423
f 2471/4421/4421 2463/4423/4423 2470/4424/4424
f 2473/4425/4425 2469/4426/4426 2466/4427/4427
f 2473/4425/4425 2466/4427/4427 2472/4428/4428
f 2474/4429/4429 2475/4430/4430 84/3331/3331
f 2474/4429/4429 84/3331/3331 1902/3330/3330
f 2478/4431/4431 87/4432/4432 2476/4433/4433
f 2478/4431/4431 2476/4433/4433 2477/4434/4434
f 2480/4435/4435 2478/4431/4431 2477/4434/4434
f 2480/4435/4435 2477/4434/4434 2479/4436/4436
f 2489/4437/4437 2482/4438/4438 2484/4439/4439
f 2489/4437/4437 2484/4439/4439 2483/4440/4440
f 2485/4441/4441 2484/4442/4442 2491/4443/4443
f 2485/4441/4441 2491/4443/4443 2492/4444/4444
f 2483/4445/4445 2484/4442/4442 2485/4446/4446
f 2483/4445/4445 2485/4446/4446 2481/4447/4447
f 2491/4448/4448 2484/4442/4442 2482/4449/4449
f 2491/4448/4448 2482/4449/4449 2490/4450/4450
f 2476/4451/4451 87/4452/4452 86/4453/4453
f 2476/4451/4451 86/4453/4453 2493/4454/4454
f 2481/4455/4455 2485/4456/4456 2486/4457/4457
f 2481/4455/4455 2486/4457/4457 76/4458/4458
f 2486/4459/4459 2485/4456/4456 2492/4460/4460
f 2486/4459/4459 2492/4460/4460 2494/4461/4461
f 2487/4462/4462 2488/4463/4463 2482/4449/4449
f 2487/4462/4462 2482/4449/4449 2489/4464/4464
f 2498/4465/4465 2497/4466/4466 2496/4467/4467
f 2498/4465/4465 2496/4467/4467 2495/4468/4468
f 2495/4469/4469 2496/4470/4470 2500/4471/4471
f 2495/4469/4469 2500/4471/4471 2499/4472/4472
f 2496/4473/4473 2497/4474/4474 2501/4475/4475
f 2496/4473/4473 2501/4475/4475 2500/4476/4476
f 2497/4477/4477 2498/4478/4478 2502/4479/4479
f 2497/4477/4477 2502/4479/4479 2501/4480/4480
f 2498/4481/4481 2495/4482/4482 2499/4483/4483
f 2498/4481/4481 2499/4483/4483 2502/4484/4484
f 2503/4485/4485 2506/4486/4486 2505/4487/4487
f 2503/4485/4485 2505/4487/4487 2504/4488/4488
f 2507/4489/4489 2504/4490/4490 2505/4491/4491
f 2507/4489/4489 2505/4491/4491 2508/4492/4492
f 2505/4491/4491 2506/4493/4493 2510/4494/4494
f 2505/4491/4491 2510/4494/4494 2509/4495/4495
f 2508/4492/4492 2505/4491/4491 2509/4495/4495
f 2508/4492/4492 2509/4495/4495 2511/4496/4496
f 2506/4497/4497 2503/4498/4498 2512/4499/4499
f 2506/4497/4497 2512/4499/4499 2513/4500/4500
f 2510/4501/4501 2506/4497/4497 2513/4500/4500
f 2510/4501/4501 2513/4500/4500 2514/4502/4502
f 2515/4503/4503 2518/4504/4504 2517/4505/4505
f 2515/4503/4503 2517/4505/4505 2516/4506/4506
f 2519/4507/4507 2516/4508/4508 2517/4509/4509
f 2519/4507/4507 2517/4509/4509 2520/4510/4510
f 2518/4511/4511 2515/4512/4512 2521/4513/4513
f 2518/4511/4511 2521/4513/4513 2522/4514/4514
f 1021/4515/4515 2524/4516/4516 2523/4517/4517
f 1021/4515/4515 2523/4517/4517 1020/4518/4518
f 2525/4519/4519 2526/4520/4520 2527/4521/4521
f 2525/4519/4519 2527/4521/4521 2528/4522/4522
f 2528/4522/4522 2527/4521/4521 2529/4523/4523
f 2528/4522/4522 2529/4523/4523 2530/4524/4524
f 2526/4520/4520 2525/4519/4519 2531/4525/4525
f 2526/4520/4520 2531/4525/4525 2532/4526/4526
f 2535/4527/4527 2536/4528/4528 2533/4529/4529
f 2535/4527/4527 2533/4529/4529 2534/4530/4530
f 2539/4531/4531 2541/4532/4532 2540/4533/4533
f 2539/4531/4531 2540/4533/4533 2537/4534/4534
f 2598/4535/4535 2597/4536/4536 2542/4537/4537
f 2598/4535/4535 2542/4537/4537 2538/4538/4538
f 2544/4539/4539 2545/4540/4540 2571/4541/4541
f 2544/4539/4539 2571/4541/4541 2570/4542/4542
f 2569/4543/4543 2572/4544/4544 2546/4545/4545
f 2569/4543/4543 2546/4545/4545 2543/4546/4546
f 2548/4547/4547 2552/4548/4548 2551/4549/4549
f 2548/4547/4547 2551/4549/4549 2547/4550/4550
f 2549/4551/4551 2553/4552/4552 2554/4553/4553
f 2549/4551/4551 2554/4553/4553 2550/4554/4554
f 2547/4555/4555 2551/4556/4556 2553/4557/4557
f 2547/4555/4555 2553/4557/4557 2549/4558/4558
f 2556/4559/4559 2560/4560/4560 2559/4561/4561
f 2556/4559/4559 2559/4561/4561 2555/4562/4562
f 2558/4563/4563 2562/4564/4564 2560/4565/4565
f 2558/4563/4563 2560/4565/4565 2556/4566/4566
f 2557/4567/4567 2561/4568/4568 2562/4569/4569
f 2557/4567/4567 2562/4569/4569 2558/4570/4570
f 2565/4571/4571 2567/4572/4572 2541/4573/4573
f 2565/4571/4571 2541/4573/4573 2539/4574/4574
f 2538/4575/4575 2542/4576/4576 2568/4577/4577
f 2538/4575/4575 2568/4577/4577 2566/4578/4578
f 2570/4579/4579 2571/4580/4580 2567/4572/4572
f 2570/4579/4579 2567/4572/4572 2565/4571/4571
f 2566/4578/4578 2568/4577/4577 2572/4581/4581
f 2566/4578/4578 2572/4581/4581 2569/4582/4582
f 2585/4583/4583 2586/4584/4584 2573/4585/4585
f 2585/4583/4583 2573/4585/4585 2574/4586/4586
f 2587/4587/4587 2585/4583/4583 2574/4586/4586
f 2587/4587/4587 2574/4586/4586 2577/4588/4588
f 2588/4589/4589 2587/4587/4587 2577/4588/4588
f 2588/4589/4589 2577/4588/4588 2579/4590/4590
f 2589/4591/4591 2588/4589/4589 2579/4590/4590
f 2589/4591/4591 2579/4590/4590 2581/4592/4592
f 2590/4593/4593 2589/4591/4591 2581/4592/4592
f 2590/4593/4593 2581/4592/4592 2583/4594/4594
f 2586/4584/4584 2590/4593/4593 2583/4594/4594
f 2586/4584/4584 2583/4594/4594 2573/4585/4585
f 2591/4595/4595 2586/4584/4584 2585/4583/4583
f 2591/4595/4595 2585/4583/4583 2592/4596/4596
f 2592/4596/4596 2585/4583/4583 2587/4587/4587
f 2592/4596/4596 2587/4587/4587 2593/4597/4597
f 2593/4597/4597 2587/4587/4587 2588/4589/4589
f 2593/4597/4597 2588/4589/4589 2594/4598/4598
f 2594/4598/4598 2588/4589/4589 2589/4591/4591
f 2594/4598/4598 2589/4591/4591 2595/4599/4599
f 2595/4599/4599 2589/4591/4591 2590/4593/4593
f 2595/4599/4599 2590/4593/4593 2596/4600/4600
f 2596/4600/4600 2590/4593/4593 2586/4584/4584
f 2596/4600/4600 2586/4584/4584 2591/4595/4595
f 2576/4601/4601 2591/4595/4595 2592/4596/4596
f 2576/4601/4601 2592/4596/4596 2575/4602/4602
f 2575/4602/4602 2592/4596/4596 2593/4597/4597
f 2575/4602/4602 2593/4597/4597 2578/4603/4603
f 2578/4603/4603 2593/4597/4597 2594/4598/4598
f 2578/4603/4603 2594/4598/4598 2580/4604/4604
f 2580/4604/4604 2594/4598/4598 2595/4599/4599
f 2580/4604/4604 2595/4599/4599 2582/4605/4605
f 2582/4605/4605 2595/4599/4599 2596/4600/4600
f 2582/4605/4605 2596/4600/4600 2584/4606/4606
f 2584/4606/4606 2596/4600/4600 2591/4595/4595
f 2584/4606/4606 2591/4595/4595 2576/4601/4601
f 2602/4607/4607 2601/4608/4608 2600/4609/4609
f 2602/4607/4607 2600/4609/4609 2599/4610/4610
f 2606/4611/4611 2605/4612/4612 2603/4613/4613
f 2606/4611/4611 2603/4613/4613 2604/4614/4614
f 2608/4615/4615 2607/4616/4616 2616/4617/4617
f 2608/4615/4615 2616/4617/4617 2617/4618/4618
f 2618/4619/4619 2615/4620/4620 2610/4621/4621
f 2618/4619/4619 2610/4621/4621 2609/4622/4622
f 2613/4623/4623 2612/4624/4624 2601/4625/4625
f 2613/4623/4623 2601/4625/4625 2602/4626/4626
f 2604/4627/4627 2603/4628/4628 2611/4629/4629
f 2604/4627/4627 2611/4629/4629 2614/4630/4630
f 2617/4631/4631 2616/4632/4632 2612/4624/4624
f 2617/4631/4631 2612/4624/4624 2613/4623/4623
f 2614/4630/4630 2611/4629/4629 2615/4633/4633
f 2614/4630/4630 2615/4633/4633 2618/4634/4634
f 2635/4635/4635 2628/4636/4636 972/4637/4637
f 2635/4635/4635 972/4637/4637 973/4638/4638
f 2634/4639/4639 2629/4640/4640 2628/4641/4641
f 2634/4639/4639 2628/4641/4641 2635/4642/4642
f 2631/4643/4643 2632/4644/4644 970/4645/4645
f 2631/4643/4643 970/4645/4645 971/4646/4646
f 2630/1645/1645 2633/1644/1644 2632/4647/4647
f 2630/1645/1645 2632/4647/4647 2631/4648/4648
f 2628/4649/4649 2624/4650/4650 967/4651/4651
f 2628/4649/4649 967/4651/4651 972/4652/4652
f 2629/4653/4653 2625/4654/4654 2624/4655/4655
f 2629/4653/4653 2624/4655/4655 2628/4656/4656
f 2627/4657/4657 2631/4643/4643 971/4646/4646
f 2627/4657/4657 971/4646/4646 966/4658/4658
f 2626/4659/4659 2630/1645/1645 2631/4648/4648
f 2626/4659/4659 2631/4648/4648 2627/4660/4660
f 2624/4661/4661 2620/4662/4662 969/4663/4663
f 2624/4661/4661 969/4663/4663 967/4664/4664
f 2625/4665/4665 2621/4666/4666 2620/4667/4667
f 2625/4665/4665 2620/4667/4667 2624/4668/4668
f 2623/4669/4669 2627/4670/4670 966/4671/4671
f 2623/4669/4669 966/4671/4671 968/4672/4672
f 2622/4673/4673 2626/1649/1649 2627/4674/4674
f 2622/4673/4673 2627/4674/4674 2623/4675/4675
f 154/243/243 2636/272/272 2637/271/271
f 154/243/243 2637/271/271 159/244/244
f 2638/270/270 162/251/251 159/250/250
f 2638/270/270 159/250/250 2637/267/267
f 2638/389/389 2639/388/388 233/278/278
f 2638/389/389 233/278/278 162/4676/4676
f 2639/283/283 2640/282/282 171/4677/4677
f 2639/283/283 171/4677/4677 233/387/387
f 2636/264/264 2641/263/263 2656/4678/4678
f 2636/264/264 2656/4678/4678 2655/4679/4679
f 2656/4680/4680 2641/266/266 2642/265/265
f 2656/4680/4680 2642/265/265 2657/4681/4681
f 2657/4681/4681 2642/265/265 2643/214/214
f 2657/4681/4681 2643/214/214 2658/4682/4682
f 2643/214/214 2644/213/213 2659/4683/4683
f 2643/214/214 2659/4683/4683 2658/4682/4682
f 2659/4684/4684 2644/212/212 2645/211/211
f 2659/4684/4684 2645/211/211 2660/4685/4685
f 2661/4686/4686 2660/4687/4687 2645/210/210
f 2661/4686/4686 2645/210/210 2646/209/209
f 2662/4688/4688 2661/4689/4689 2646/220/220
f 2662/4688/4688 2646/220/220 2647/219/219
f 2647/216/216 2648/215/215 2663/4690/4690
f 2647/216/216 2663/4690/4690 2662/4691/4691
f 2648/230/230 2649/229/229 2664/4692/4692
f 2648/230/230 2664/4692/4692 2663/4693/4693
f 2649/397/397 2650/396/396 2665/4694/4694
f 2649/397/397 2665/4694/4694 2664/4695/4695
f 2651/285/285 2652/284/284 234/4696/4696
f 2651/285/285 234/4696/4696 172/4697/4697
f 2652/391/391 2653/390/390 167/4698/4698
f 2652/391/391 167/4698/4698 234/4699/4699
f 2654/268/268 165/4700/4700 167/4701/4701
f 2654/268/268 167/4701/4701 2653/269/269
f 2655/273/273 165/4702/4702 2654/274/274
f 2656/4678/4678 165/4703/4703 2655/4679/4679
f 2656/4680/4680 2657/4681/4681 166/4704/4704
f 2656/4680/4680 166/4704/4704 165/4705/4705
f 2657/4681/4681 2658/4682/4682 145/4706/4706
f 2657/4681/4681 145/4706/4706 166/4704/4704
f 2658/4682/4682 2659/4683/4683 144/4707/4707
f 2658/4682/4682 144/4707/4707 145/4706/4706
f 2659/4684/4684 2660/4685/4685 143/4708/4708
f 2659/4684/4684 143/4708/4708 144/4709/4709
f 2661/4686/4686 143/4710/4710 2660/4687/4687
f 2662/4688/4688 143/4711/4711 2661/4689/4689
f 2662/4691/4691 2663/4690/4690 146/4712/4712
f 2662/4691/4691 146/4712/4712 143/4713/4713
f 2663/4693/4693 2664/4692/4692 236/4714/4714
f 2663/4693/4693 236/4714/4714 146/4715/4715
f 2664/4695/4695 2665/4694/4694 151/4716/4716
f 2664/4695/4695 151/4716/4716 236/4717/4717
f 2666/2004/2004 2667/2003/2003 1261/4718/4718
f 2666/2004/2004 1261/4718/4718 1202/4719/4719
f 2667/2111/2111 2668/2110/2110 1193/4720/4720
f 2667/2111/2111 1193/4720/4720 1261/4721/4721
f 2668/1989/1989 2669/1988/1988 1190/4722/4722
f 2668/1989/1989 1190/4722/4722 1193/4723/4723
f 2670/1994/1994 1185/4724/4724 1190/4725/4725
f 2670/1994/1994 1190/4725/4725 2669/1995/1995
f 2671/1982/1982 1184/4726/4726 1185/4727/4727
f 2671/1982/1982 1185/4727/4727 2670/1983/1983
f 2671/1985/1985 2672/1984/1984 1195/4728/4728
f 2671/1985/1985 1195/4728/4728 1184/4729/4729
f 2672/1984/1984 2673/1927/1927 1173/4730/4730
f 2672/1984/1984 1173/4730/4730 1195/4728/4728
f 2673/1927/1927 2674/1926/1926 1170/4731/4731
f 2673/1927/1927 1170/4731/4731 1173/4730/4730
f 2674/1923/1923 2675/1922/1922 1159/4732/4732
f 2674/1923/1923 1159/4732/4732 1170/4733/4733
f 1159/4734/4734 2675/1919/1919 2676/1918/1918
f 1159/4734/4734 2676/1918/1918 1160/4735/4735
f 1160/4736/4736 2676/1935/1935 2677/1934/1934
f 1160/4736/4736 2677/1934/1934 1165/4737/4737
f 2678/1933/1933 1168/4738/4738 1165/4739/4739
f 2678/1933/1933 1165/4739/4739 2677/1930/1930
f 2678/1949/1949 2679/1948/1948 1263/4740/4740
f 2678/1949/1949 1263/4740/4740 1168/4741/4741
f 2679/2117/2117 2680/2116/2116 1181/4742/4742
f 2679/2117/2117 1181/4742/4742 1263/4743/4743
f 2681/2119/2119 2682/2118/2118 1264/4744/4744
f 2681/2119/2119 1264/4744/4744 1182/4745/4745
f 2682/1947/1947 2683/1946/1946 1177/4746/4746
f 2682/1947/1947 1177/4746/4746 1264/4747/4747
f 2684/1931/1931 1174/4748/4748 1177/4749/4749
f 2684/1931/1931 1177/4749/4749 2683/1932/1932
f 2685/1936/1936 1174/4750/4750 2684/1937/1937
f 2686/1920/1920 1174/4751/4751 2685/1921/1921
f 2686/1925/1925 2687/1924/1924 1175/4752/4752
f 2686/1925/1925 1175/4752/4752 1174/4753/4753
f 2687/1929/1929 2688/1928/1928 1176/4754/4754
f 2687/1929/1929 1176/4754/4754 1175/4755/4755
f 2688/1928/1928 2689/1987/1987 1197/4756/4756
f 2688/1928/1928 1197/4756/4756 1176/4754/4754
f 2689/1987/1987 2690/1986/1986 1196/4757/4757
f 2689/1987/1987 1196/4757/4757 1197/4756/4756
f 2691/1980/1980 1196/4758/4758 2690/1981/1981
f 2692/1992/1992 1196/4759/4759 2691/1993/1993
f 2692/1991/1991 2693/1990/1990 1198/4760/4760
f 2692/1991/1991 1198/4760/4760 1196/4761/4761
f 2693/2113/2113 2694/2112/2112 1262/4762/4762
f 2693/2113/2113 1262/4762/4762 1198/4763/4763
f 2694/2006/2006 2695/2005/2005 1203/4764/4764
f 2694/2006/2006 1203/4764/4764 1262/4765/4765
f 2696/4766/4766 2699/4767/4767 2698/4768/4768
f 2696/4766/4766 2698/4768/4768 2697/4769/4769
f 2699/4770/4770 2701/4771/4771 2700/4772/4772
f 2699/4770/4770 2700/4772/4772 2698/4773/4773
f 2701/4774/4774 2703/4775/4775 2702/4776/4776
f 2701/4774/4774 2702/4776/4776 2700/4777/4777
f 2704/4778/4778 2707/4779/4779 2706/4780/4780
f 2704/4778/4778 2706/4780/4780 2705/4781/4781
f 2697/4782/4782 2698/4783/4783 2707/4784/4784
f 2697/4782/4782 2707/4784/4784 2704/4785/4785
f 2708/4786/4786 2711/4787/4787 2710/4788/4788
f 2708/4786/4786 2710/4788/4788 2709/4789/4789
f 2699/4767/4767 2696/4766/4766 2711/4790/4790
f 2699/4767/4767 2711/4790/4790 2708/4791/4791
f 2707/4792/4792 2713/4793/4793 2712/4794/4794
f 2707/4792/4792 2712/4794/4794 2706/4795/4795
f 2698/4796/4796 2700/4797/4797 2713/4798/4798
f 2698/4796/4796 2713/4798/4798 2707/4799/4799
f 2714/4800/4800 2708/4786/4786 2709/4789/4789
f 2714/4800/4800 2709/4789/4789 2715/4801/4801
f 2701/4802/4802 2699/4767/4767 2708/4791/4791
f 2701/4802/4802 2708/4791/4791 2714/4803/4803
f 2713/4804/4804 2717/4805/4805 2716/4806/4806
f 2713/4804/4804 2716/4806/4806 2712/4807/4807
f 2700/4808/4808 2702/4809/4809 2717/4810/4810
f 2700/4808/4808 2717/4810/4810 2713/4811/4811
f 2718/4812/4812 2714/4813/4813 2715/4814/4814
f 2718/4812/4812 2715/4814/4814 2719/4815/4815
f 2703/4816/4816 2701/4771/4771 2714/4817/4817
f 2703/4816/4816 2714/4817/4817 2718/4818/4818
f 2725/1196/1196 2726/4819/4819 611/4820/4820
f 2725/1196/1196 611/4820/4820 616/4821/4821
f 2727/1194/1194 2724/1193/1193 617/4822/4822
f 2727/1194/1194 617/4822/4822 610/4823/4823
f 2720/1200/1200 2722/1199/1199 612/4824/4824
f 2720/1200/1200 612/4824/4824 615/4825/4825
f 2723/1198/1198 2721/1197/1197 614/4826/4826
f 2723/1198/1198 614/4826/4826 613/4827/4827
f 2721/1204/1204 2725/1203/1203 616/4828/4828
f 2721/1204/1204 616/4828/4828 614/4829/4829
f 2724/1202/1202 2720/1201/1201 615/4830/4830
f 2724/1202/1202 615/4830/4830 617/4831/4831
f 2730/4832/4832 2731/4833/4833 624/4834/4834
f 2730/4832/4832 624/4834/4834 625/4835/4835
f 2729/1216/1216 2732/1215/1215 2731/4833/4833
f 2729/1216/1216 2731/4833/4833 2730/4832/4832
f 2733/1214/1214 2728/1213/1213 627/4836/4836
f 2733/1214/1214 627/4836/4836 626/4837/4837
f 2736/4838/4838 2730/4839/4839 625/4840/4840
f 2736/4838/4838 625/4840/4840 618/4841/4841
f 2735/1219/1219 2729/1218/1218 2730/4839/4839
f 2735/1219/1219 2730/4839/4839 2736/4838/4838
f 2734/1220/1220 619/4842/4842 627/4843/4843
f 2734/1220/1220 627/4843/4843 2728/1217/1217
f 2743/4844/4844 2740/4845/4845 628/4846/4846
f 2743/4844/4844 628/4846/4846 629/4847/4847
f 2741/1223/1223 2740/4845/4845 2743/4844/4844
f 2741/1223/1223 2743/4844/4844 2744/1224/1224
f 2742/1222/1222 2745/1221/1221 623/4848/4848
f 2742/1222/1222 623/4848/4848 622/4849/4849
f 2737/4850/4850 621/4851/4851 623/4852/4852
f 2737/4850/4850 623/4852/4852 2745/4853/4853
f 2738/1227/1227 2737/4850/4850 2745/4853/4853
f 2738/1227/1227 2745/4853/4853 2744/1228/1228
f 2739/1226/1226 2743/1225/1225 629/4854/4854
f 2739/1226/1226 629/4854/4854 620/4855/4855
f 2746/1235/1235 623/4852/4852 621/4856/4856
f 2746/1235/1235 621/4856/4856 2748/1231/1231
f 2746/1235/1235 2747/4857/4857 622/4858/4858
f 2746/1235/1235 622/4858/4858 623/4859/4859
f 2751/1237/1237 2749/4860/4860 620/4861/4861
f 2751/1237/1237 620/4861/4861 629/4862/4862
f 2751/4863/4863 2750/1241/1241 626/4864/4864
f 2751/4863/4863 626/4864/4864 627/4865/4865
f 2752/4866/4866 2753/4867/4867 2754/4868/4868
f 2752/4866/4866 2754/4868/4868 2755/4869/4869
f 2756/4870/4870 2757/4871/4871 2758/4872/4872
f 2756/4870/4870 2758/4872/4872 2759/4873/4873
f 2760/4874/4874 2761/4875/4875 2762/4876/4876
f 2760/4874/4874 2762/4876/4876 2763/4877/4877
f 2764/4878/4878 2765/4879/4879 2766/4880/4880
f 2764/4878/4878 2766/4880/4880 2767/4881/4881
f 2768/4882/4882 2769/4883/4883 2770/4884/4884
f 2768/4882/4882 2770/4884/4884 2771/4885/4885
f 2772/4886/4886 2773/4887/4887 2774/4888/4888
f 2772/4886/4886 2774/4888/4888 2775/4889/4889
f 2778/4890/4890 2777/4891/4891 2776/4892/4892
f 2776/4893/4893 2781/4894/4894 2780/4895/4895
f 2776/4893/4893 2780/4895/4895 2779/4896/4896
f 2781/4894/4894 2783/4897/4897 2782/4898/4898
f 2781/4894/4894 2782/4898/4898 2780/4895/4895
f 2783/4897/4897 2785/4899/4899 2784/4900/4900
f 2783/4897/4897 2784/4900/4900 2782/4898/4898
f 2785/4899/4899 2787/4901/4901 2786/4902/4902
f 2785/4899/4899 2786/4902/4902 2784/4900/4900
f 2787/4903/4903 2777/4904/4904 2788/4905/4905
f 2787/4903/4903 2788/4905/4905 2786/4906/4906
f 2777/4904/4904 2778/4907/4907 2789/4908/4908
f 2777/4904/4904 2789/4908/4908 2788/4905/4905
f 2778/4907/4907 2791/4909/4909 2790/4910/4910
f 2778/4907/4907 2790/4910/4910 2789/4908/4908
f 2791/4909/4909 2793/4911/4911 2792/4912/4912
f 2791/4909/4909 2792/4912/4912 2790/4910/4910
f 2793/4911/4911 2795/4913/4913 2794/4914/4914
f 2793/4911/4911 2794/4914/4914 2792/4912/4912
f 2795/4915/4915 2797/4916/4916 2796/4917/4917
f 2795/4915/4915 2796/4917/4917 2794/4918/4918
f 2797/4916/4916 2799/4919/4919 2798/4920/4920
f 2797/4916/4916 2798/4920/4920 2796/4917/4917
f 2799/4919/4919 2776/4921/4921 2779/4922/4922
f 2799/4919/4919 2779/4922/4922 2798/4920/4920
f 2784/4923/4923 2796/4924/4924 2798/4925/4925
f 2784/4923/4923 2798/4925/4925 2779/4926/4926
f 2790/4927/4927 2792/4928/4928 2794/4929/4929
f 2790/4927/4927 2794/4929/4929 2796/4924/4924
f 2784/4923/4923 2789/4930/4930 2790/4927/4927
f 2784/4923/4923 2790/4927/4927 2796/4924/4924
f 2784/4923/4923 2786/4931/4931 2788/4932/4932
f 2784/4923/4923 2788/4932/4932 2789/4930/4930
f 2780/4933/4933 2782/4934/4934 2784/4923/4923
f 2780/4933/4933 2784/4923/4923 2779/4926/4926
f 2783/4935/4935 2776/4892/4892 2785/4936/4936
f 2781/4937/4937 2776/4892/4892 2783/4935/4935
f 2787/4938/4938 2785/4936/4936 2776/4892/4892
f 2787/4938/4938 2776/4892/4892 2777/4891/4891
f 2793/4939/4939 2791/4940/4940 2799/4941/4941
f 2793/4939/4939 2799/4941/4941 2797/4942/4942
f 2776/4892/4892 2799/4941/4941 2791/4940/4940
f 2776/4892/4892 2791/4940/4940 2778/4890/4890
f 2795/4943/4943 2793/4939/4939 2797/4942/4942
f 2802/4944/4944 2801/4945/4945 2800/4946/4946
f 2800/4947/4947 2805/4948/4948 2804/4949/4949
f 2800/4947/4947 2804/4949/4949 2803/4950/4950
f 2805/4948/4948 2807/4951/4951 2806/4952/4952
f 2805/4948/4948 2806/4952/4952 2804/4949/4949
f 2807/4951/4951 2809/4953/4953 2808/4954/4954
f 2807/4951/4951 2808/4954/4954 2806/4952/4952
f 2809/4953/4953 2811/4955/4955 2810/4956/4956
f 2809/4953/4953 2810/4956/4956 2808/4954/4954
f 2811/4957/4957 2801/4958/4958 2812/4959/4959
f 2811/4957/4957 2812/4959/4959 2810/4960/4960
f 2801/4958/4958 2802/4961/4961 2813/4962/4962
f 2801/4958/4958 2813/4962/4962 2812/4959/4959
f 2802/4961/4961 2815/4963/4963 2814/4964/4964
f 2802/4961/4961 2814/4964/4964 2813/4962/4962
f 2815/4963/4963 2817/4965/4965 2816/4966/4966
f 2815/4963/4963 2816/4966/4966 2814/4964/4964
f 2817/4965/4965 2819/4967/4967 2818/4968/4968
f 2817/4965/4965 2818/4968/4968 2816/4966/4966
f 2819/4969/4969 2821/4970/4970 2820/4971/4971
f 2819/4969/4969 2820/4971/4971 2818/4972/4972
f 2821/4970/4970 2823/4973/4973 2822/4974/4974
f 2821/4970/4970 2822/4974/4974 2820/4971/4971
f 2823/4973/4973 2800/4975/4975 2803/4976/4976
f 2823/4973/4973 2803/4976/4976 2822/4974/4974
f 2808/4977/4977 2820/4978/4978 2822/4979/4979
f 2808/4977/4977 2822/4979/4979 2803/4980/4980
f 2814/4981/4981 2816/4982/4982 2818/4983/4983
f 2814/4981/4981 2818/4983/4983 2820/4978/4978
f 2808/4977/4977 2813/4984/4984 2814/4981/4981
f 2808/4977/4977 2814/4981/4981 2820/4978/4978
f 2808/4977/4977 2810/4985/4985 2812/4986/4986
f 2808/4977/4977 2812/4986/4986 2813/4984/4984
f 2804/4987/4987 2806/4988/4988 2808/4977/4977
f 2804/4987/4987 2808/4977/4977 2803/4980/4980
f 2807/4989/4989 2800/4946/4946 2809/4990/4990
f 2805/4991/4991 2800/4946/4946 2807/4989/4989
f 2811/4992/4992 2809/4990/4990 2800/4946/4946
f 2811/4992/4992 2800/4946/4946 2801/4945/4945
f 2817/4993/4993 2815/4994/4994 2823/4995/4995
f 2817/4993/4993 2823/4995/4995 2821/4996/4996
f 2800/4946/4946 2823/4995/4995 2815/4994/4994
f 2800/4946/4946 2815/4994/4994 2802/4944/4944
f 2819/4997/4997 2817/4993/4993 2821/4996/4996
f 2825/4998/4998 2826/4999/4999 2827/5000/5000
f 2825/4998/4998 2827/5000/5000 2828/5001/5001
f 2825/4998/4998 2828/5001/5001 2824/5002/5002
f 2825/5003/5003 2830/5004/5004 2831/5005/5005
f 2825/5003/5003 2831/5005/5005 2829/5006/5006
f 2826/5007/5007 2825/5003/5003 2829/5006/5006
f 2828/5001/5001 2827/5000/5000 2832/5008/5008
f 2828/5001/5001 2832/5008/5008 2833/5009/5009
f 2825/5010/5010 2824/5011/5011 2834/5012/5012
f 2825/5010/5010 2834/5012/5012 2830/5004/5004
f 2829/5006/5006 2835/5013/5013 2832/5008/5008
f 2829/5006/5006 2832/5008/5008 2827/5014/5014
f 2829/5006/5006 2827/5014/5014 2826/5007/5007
f 2837/5015/5015 2836/5016/5016 2563/5017/5017
f 2837/5015/5015 2563/5017/5017 2560/5018/5018
f 2838/5019/5019 2839/5020/5020 2562/4569/4569
f 2838/5019/5019 2562/4569/4569 2564/5021/5021
f 2840/5022/5022 2838/5019/5019 2564/5021/5021
f 2840/5022/5022 2564/5021/5021 2553/4552/4552
f 2836/5016/5016 2841/5023/5023 2551/4549/4549
f 2836/5016/5016 2551/4549/4549 2563/5017/5017
f 2838/5024/5024 2840/5025/5025 2841/5026/5026
f 2838/5024/5024 2841/5026/5026 2836/5027/5027
f 2836/5028/5028 2837/5029/5029 2839/5030/5030
f 2836/5028/5028 2839/5030/5030 2838/5031/5031
f 2844/5032/5032 2843/5033/5033 2842/5034/5034
f 2844/5032/5032 2842/5034/5034 2845/5035/5035
f 2846/5036/5036 2844/5032/5032 2845/5035/5035
f 2846/5036/5036 2845/5035/5035 2847/5037/5037
f 2848/5038/5038 2846/5036/5036 2847/5037/5037
f 2848/5038/5038 2847/5037/5037 2849/5039/5039
f 2850/5040/5040 2848/5038/5038 2849/5039/5039
f 2850/5040/5040 2849/5039/5039 2851/5041/5041
f 2852/5042/5042 2850/5040/5040 2851/5041/5041
f 2852/5042/5042 2851/5041/5041 2853/5043/5043
f 2843/5033/5033 2852/5042/5042 2853/5043/5043
f 2843/5033/5033 2853/5043/5043 2842/5034/5034
f 2854/5044/5044 2843/5033/5033 2844/5032/5032
f 2854/5044/5044 2844/5032/5032 2855/5045/5045
f 2855/5045/5045 2844/5032/5032 2846/5036/5036
f 2855/5045/5045 2846/5036/5036 2856/5046/5046
f 2856/5046/5046 2846/5036/5036 2848/5038/5038
f 2856/5046/5046 2848/5038/5038 2857/5047/5047
f 2857/5047/5047 2848/5038/5038 2850/5040/5040
f 2857/5047/5047 2850/5040/5040 2858/5048/5048
f 2858/5048/5048 2850/5040/5040 2852/5042/5042
f 2858/5048/5048 2852/5042/5042 2859/5049/5049
f 2859/5049/5049 2852/5042/5042 2843/5033/5033
f 2859/5049/5049 2843/5033/5033 2854/5044/5044
f 2860/5050/5050 2854/5044/5044 2855/5045/5045
f 2860/5050/5050 2855/5045/5045 2861/5051/5051
f 2861/5051/5051 2855/5045/5045 2856/5046/5046
f 2861/5051/5051 2856/5046/5046 2862/5052/5052
f 2862/5052/5052 2856/5046/5046 2857/5047/5047
f 2862/5052/5052 2857/5047/5047 2863/5053/5053
f 2863/5053/5053 2857/5047/5047 2858/5048/5048
f 2863/5053/5053 2858/5048/5048 2864/5054/5054
f 2864/5054/5054 2858/5048/5048 2859/5049/5049
f 2864/5054/5054 2859/5049/5049 2865/5055/5055
f 2865/5055/5055 2859/5049/5049 2854/5044/5044
f 2865/5055/5055 2854/5044/5044 2860/5050/5050
f 2866/5056/5056 2867/5057/5057 2871/5058/5058
f 2866/5056/5056 2871/5058/5058 2870/5059/5059
f 2867/5060/5060 2868/5061/5061 2872/5062/5062
f 2867/5060/5060 2872/5062/5062 2871/5063/5063
f 2868/5064/5064 2869/5065/5065 2873/5066/5066
f 2868/5064/5064 2873/5066/5066 2872/5067/5067
f 2869/5068/5068 2866/5069/5069 2870/5070/5070
f 2869/5068/5068 2870/5070/5070 2873/5071/5071
f 2876/5072/5072 2875/5073/5073 2874/5074/5074
f 2876/5072/5072 2874/5074/5074 2877/5075/5075
f 2879/5076/5076 2876/5077/5077 2877/5078/5078
f 2879/5076/5076 2877/5078/5078 2878/5079/5079
f 2879/5080/5080 2878/5081/5081 2880/5082/5082
f 2879/5080/5080 2880/5082/5082 2881/5083/5083
f 2884/2909/2909 2883/5084/5084 2882/5085/5085
f 2884/2909/2909 2882/5085/5085 2885/5086/5086
f 2886/5087/5087 2888/5088/5088 1603/2859/2859
f 2886/5087/5087 1603/2859/2859 2887/5089/5089
f 2896/406/406 2893/405/405 249/5090/5090
f 2896/406/406 249/5090/5090 250/5091/5091
f 2894/404/404 2895/403/403 251/5092/5092
f 2894/404/404 251/5092/5092 248/5093/5093
f 2893/410/410 2891/409/409 247/5094/5094
f 2893/410/410 247/5094/5094 249/5095/5095
f 2892/408/408 2894/407/407 248/5096/5096
f 2892/408/408 248/5096/5096 244/5097/5097
f 2895/414/414 2889/413/413 245/5098/5098
f 2895/414/414 245/5098/5098 251/5099/5099
f 2890/412/412 2896/411/411 250/5100/5100
f 2890/412/412 250/5100/5100 246/5101/5101
f 2897/5102/5102 2900/5103/5103 2899/5104/5104
f 2897/5102/5102 2899/5104/5104 2898/5105/5105
f 2900/5106/5106 2902/5107/5107 2901/5108/5108
f 2900/5106/5106 2901/5108/5108 2899/5109/5109
f 2902/5110/5110 2904/5111/5111 2903/5112/5112
f 2902/5110/5110 2903/5112/5112 2901/5113/5113
f 2904/5114/5114 2897/5115/5115 2898/5116/5116
f 2904/5114/5114 2898/5116/5116 2903/5117/5117
f 2912/5118/5118 2911/5119/5119 2907/5120/5120
f 2912/5118/5118 2907/5120/5120 2908/5121/5121
f 2911/5119/5119 2910/5122/5122 2906/5123/5123
f 2911/5119/5119 2906/5123/5123 2907/5120/5120
f 2910/5122/5122 2909/5124/5124 2905/5125/5125
f 2910/5122/5122 2905/5125/5125 2906/5123/5123
f 2916/5126/5126 2915/5127/5127 2914/5128/5128
f 2916/5126/5126 2914/5128/5128 2913/5129/5129
f 2918/5130/5130 2917/5131/5131 2915/5127/5127
f 2918/5130/5130 2915/5127/5127 2916/5126/5126
f 2920/5132/5132 2919/5133/5133 2917/5131/5131
f 2920/5132/5132 2917/5131/5131 2918/5130/5130
f 2924/5134/5134 2923/5135/5135 2922/5136/5136
f 2924/5134/5134 2922/5136/5136 2921/5137/5137
f 2926/5138/5138 2925/5139/5139 2923/5135/5135
f 2926/5138/5138 2923/5135/5135 2924/5134/5134
f 2928/5140/5140 2927/5141/5141 2925/5139/5139
f 2928/5140/5140 2925/5139/5139 2926/5138/5138
f 2932/5142/5142 2931/5143/5143 2930/5144/5144
f 2932/5142/5142 2930/5144/5144 2929/5145/5145
f 2931/5143/5143 2934/5146/5146 2933/5147/5147
f 2931/5143/5143 2933/5147/5147 2930/5144/5144
f 2934/5146/5146 2936/5148/5148 2935/5149/5149
f 2934/5146/5146 2935/5149/5149 2933/5147/5147
f 2938/5150/5150 2939/5151/5151 2940/5152/5152
f 2938/5150/5150 2940/5152/5152 2937/5153/5153
f 2939/5151/5151 2941/5154/5154 2942/5155/5155
f 2939/5151/5151 2942/5155/5155 2940/5152/5152
f 2941/5154/5154 2943/5156/5156 2944/5157/5157
f 2941/5154/5154 2944/5157/5157 2942/5155/5155
f 2946/5158/5158 2947/5159/5159 2948/5160/5160
f 2946/5158/5158 2948/5160/5160 2945/5161/5161
f 2949/5162/5162 2950/5163/5163 2947/5159/5159
f 2949/5162/5162 2947/5159/5159 2946/5158/5158
f 2951/5164/5164 2952/5165/5165 2950/5163/5163
f 2951/5164/5164 2950/5163/5163 2949/5162/5162
f 2956/5166/5166 2955/5167/5167 2954/5168/5168
f 2956/5166/5166 2954/5168/5168 2953/5169/5169
f 2958/5170/5170 2957/5171/5171 2955/5167/5167
f 2958/5170/5170 2955/5167/5167 2956/5166/5166
f 2960/5172/5172 2959/5173/5173 2957/5171/5171
f 2960/5172/5172 2957/5171/5171 2958/5170/5170
f 2964/5174/5174 2963/5175/5175 2962/5176/5176
f 2964/5174/5174 2962/5176/5176 2961/5177/5177
f 2963/5175/5175 2966/5178/5178 2965/5179/5179
f 2963/5175/5175 2965/5179/5179 2962/5176/5176
f 2966/5178/5178 2968/5180/5180 2967/5181/5181
f 2966/5178/5178 2967/5181/5181 2965/5179/5179
f 2970/5182/5182 2971/5183/5183 2972/5184/5184
f 2970/5182/5182 2972/5184/5184 2969/5185/5185
f 2971/5183/5183 2973/5186/5186 2974/5187/5187
f 2971/5183/5183 2974/5187/5187 2972/5184/5184
f 2973/5186/5186 2975/5188/5188 2976/5189/5189
f 2973/5186/5186 2976/5189/5189 2974/5187/5187
f 2978/5190/5190 2979/5191/5191 2980/5192/5192
f 2978/5190/5190 2980/5192/5192 2977/5193/5193
f 2981/5194/5194 2982/5195/5195 2979/5191/5191
f 2981/5194/5194 2979/5191/5191 2978/5190/5190
f 2983/5196/5196 2984/5197/5197 2982/5195/5195
f 2983/5196/5196 2982/5195/5195 2981/5194/5194
f 2988/5198/5198 2987/5199/5199 2986/5200/5200
f 2988/5198/5198 2986/5200/5200 2985/5201/5201
f 2990/5202/5202 2989/5203/5203 2987/5199/5199
f 2990/5202/5202 2987/5199/5199 2988/5198/5198
f 2992/5204/5204 2991/5205/5205 2989/5203/5203
f 2992/5204/5204 2989/5203/5203 2990/5202/5202
f 2996/5206/5206 2995/5207/5207 2994/5208/5208
f 2996/5206/5206 2994/5208/5208 2993/5209/5209
f 2995/5207/5207 2998/5210/5210 2997/5211/5211
f 2995/5207/5207 2997/5211/5211 2994/5208/5208
f 2998/5210/5210 3000/5212/5212 2999/5213/5213
f 2998/5210/5210 2999/5213/5213 2997/5211/5211
f 3002/5214/5214 3003/5215/5215 3004/5216/5216
f 3002/5214/5214 3004/5216/5216 3001/5217/5217
f 3003/5215/5215 3005/5218/5218 3006/5219/5219
f 3003/5215/5215 3006/5219/5219 3004/5216/5216
f 3005/5218/5218 3007/5220/5220 3008/5221/5221
f 3005/5218/5218 3008/5221/5221 3006/5219/5219
f 3010/5222/5222 3011/5223/5223 3012/5224/5224
f 3010/5222/5222 3012/5224/5224 3009/5225/5225
f 3013/5226/5226 3014/5227/5227 3011/5223/5223
f 3013/5226/5226 3011/5223/5223 3010/5222/5222
f 3015/5228/5228 3016/5229/5229 3014/5227/5227
f 3015/5228/5228 3014/5227/5227 3013/5226/5226
f 3019/5230/5230 3023/5231/5231 3024/5232/5232
f 3019/5230/5230 3024/5232/5232 3020/5233/5233
f 3018/5234/5234 3022/5235/5235 3023/5231/5231
f 3018/5234/5234 3023/5231/5231 3019/5230/5230
f 3017/5236/5236 3021/5237/5237 3022/5235/5235
f 3017/5236/5236 3022/5235/5235 3018/5234/5234
f 3026/5238/5238 3027/5239/5239 3028/5240/5240
f 3026/5238/5238 3028/5240/5240 3025/5241/5241
f 3027/5239/5239 3029/5242/5242 3030/5243/5243
f 3027/5239/5239 3030/5243/5243 3028/5240/5240
f 3029/5242/5242 3031/5244/5244 3032/5245/5245
f 3029/5242/5242 3032/5245/5245 3030/5243/5243
f 3040/5246/5246 3039/5247/5247 3035/5248/5248
f 3040/5246/5246 3035/5248/5248 3036/5249/5249
f 3039/5247/5247 3038/5250/5250 3034/5251/5251
f 3039/5247/5247 3034/5251/5251 3035/5248/5248
f 3038/5250/5250 3037/5252/5252 3033/5253/5253
f 3038/5250/5250 3033/5253/5253 3034/5251/5251
f 3044/5254/5254 3043/5255/5255 3042/5256/5256
f 3044/5254/5254 3042/5256/5256 3041/5257/5257
f 3046/5258/5258 3045/5259/5259 3043/5255/5255
f 3046/5258/5258 3043/5255/5255 3044/5254/5254
f 3048/5260/5260 3047/5261/5261 3045/5259/5259
f 3048/5260/5260 3045/5259/5259 3046/5258/5258
f 3088/5262/5262 3101/5263/5263 3100/5264/5264
f 3088/5262/5262 3100/5264/5264 3089/5265/5265
f 3072/5266/5266 3076/5267/5267 3077/5268/5268
f 3072/5266/5266 3077/5268/5268 3073/5269/5269
f 3076/5270/5270 3080/5271/5271 3081/5272/5272
f 3076/5270/5270 3081/5272/5272 3077/5273/5273
f 3080/5274/5274 3084/5275/5275 3085/5276/5276
f 3080/5274/5274 3085/5276/5276 3081/5277/5277
f 3084/5278/5278 3088/5279/5279 3089/5280/5280
f 3084/5278/5278 3089/5280/5280 3085/5281/5281
f 3068/5282/5282 3092/5283/5283 3093/5284/5284
f 3068/5282/5282 3093/5284/5284 3069/5285/5285
f 3092/5286/5286 3096/5287/5287 3097/5288/5288
f 3092/5286/5286 3097/5288/5288 3093/5289/5289
f 3096/5290/5290 3100/5291/5291 3101/5292/5292
f 3096/5290/5290 3101/5292/5292 3097/5293/5293
f 3090/5294/5294 3099/5295/5295 3057/5296/5296
f 3090/5294/5294 3057/5296/5296 3056/5297/5297
f 3089/5298/5298 3100/5291/5291 3099/5299/5299
f 3089/5298/5298 3099/5299/5299 3090/5300/5300
f 3087/5301/5301 3063/5302/5302 3062/5303/5303
f 3087/5301/5301 3062/5303/5303 3102/5304/5304
f 3101/5305/5305 3088/5279/5279 3087/5306/5306
f 3101/5305/5305 3087/5306/5306 3102/5307/5307
f 3074/5308/5308 3078/5309/5309 3053/5310/5310
f 3074/5308/5308 3053/5310/5310 3051/5311/5311
f 3073/5312/5312 3077/5313/5313 3078/5314/5314
f 3073/5312/5312 3078/5314/5314 3074/5315/5315
f 3075/5316/5316 3071/5317/5317 3052/5318/5318
f 3075/5316/5316 3052/5318/5318 3066/5319/5319
f 3076/5270/5270 3072/5320/5320 3071/5321/5321
f 3076/5270/5270 3071/5321/5321 3075/5322/5322
f 3078/5323/5323 3082/5324/5324 3054/5325/5325
f 3078/5323/5323 3054/5325/5325 3053/5326/5326
f 3077/5327/5327 3081/5328/5328 3082/5329/5329
f 3077/5327/5327 3082/5329/5329 3078/5330/5330
f 3079/5331/5331 3075/5332/5332 3066/5333/5333
f 3079/5331/5331 3066/5333/5333 3065/5334/5334
f 3080/5274/5274 3076/5267/5267 3075/5335/5335
f 3080/5274/5274 3075/5335/5335 3079/5336/5336
f 3082/5337/5337 3086/5338/5338 3055/5339/5339
f 3082/5337/5337 3055/5339/5339 3054/5340/5340
f 3085/5341/5341 3086/5342/5342 3082/5343/5343
f 3085/5341/5341 3082/5343/5343 3081/5344/5344
f 3079/5345/5345 3065/5346/5346 3064/5347/5347
f 3079/5345/5345 3064/5347/5347 3083/5348/5348
f 3084/5278/5278 3080/5271/5271 3079/5349/5349
f 3084/5278/5278 3079/5349/5349 3083/5350/5350
f 3086/5351/5351 3090/5352/5352 3056/5353/5353
f 3086/5351/5351 3056/5353/5353 3055/5354/5354
f 3085/5355/5355 3089/5356/5356 3090/5357/5357
f 3085/5355/5355 3090/5357/5357 3086/5358/5358
f 3083/5359/5359 3064/5360/5360 3063/5361/5361
f 3083/5359/5359 3063/5361/5361 3087/5362/5362
f 3088/5262/5262 3084/5275/5275 3083/5363/5363
f 3088/5262/5262 3083/5363/5363 3087/5364/5364
f 3070/5365/5365 3094/5366/5366 3060/5367/5367
f 3070/5365/5365 3060/5367/5367 3049/5368/5368
f 3069/5369/5369 3093/5370/5370 3094/5371/5371
f 3069/5369/5369 3094/5371/5371 3070/5372/5372
f 3091/5373/5373 3067/5374/5374 3050/5375/5375
f 3091/5373/5373 3050/5375/5375 3059/5376/5376
f 3092/5286/5286 3068/5377/5377 3067/5378/5378
f 3092/5286/5286 3067/5378/5378 3091/5379/5379
f 3094/5380/5380 3098/5381/5381 3061/5382/5382
f 3094/5380/5380 3061/5382/5382 3060/5383/5383
f 3093/5384/5384 3097/5385/5385 3098/5386/5386
f 3093/5384/5384 3098/5386/5386 3094/5387/5387
f 3095/5388/5388 3091/5389/5389 3059/5390/5390
f 3095/5388/5388 3059/5390/5390 3058/5391/5391
f 3096/5290/5290 3092/5283/5283 3091/5392/5392
f 3096/5290/5290 3091/5392/5392 3095/5393/5393
f 3098/5394/5394 3102/5395/5395 3062/5396/5396
f 3098/5394/5394 3062/5396/5396 3061/5397/5397
f 3101/5263/5263 3102/5398/5398 3098/5399/5399
f 3101/5263/5263 3098/5399/5399 3097/5400/5400
f 3095/5401/5401 3058/5402/5402 3057/5403/5403
f 3095/5401/5401 3057/5403/5403 3099/5404/5404
f 3100/5405/5405 3096/5287/5287 3095/5406/5406
f 3100/5405/5405 3095/5406/5406 3099/5407/5407
f 3105/5408/5408 3104/5409/5409 3103/5410/5410
f 3105/5408/5408 3103/5410/5410 3106/5411/5411
f 3104/5412/5412 3107/5413/5413 3108/5414/5414
f 3104/5412/5412 3108/5414/5414 3103/5415/5415
f 3110/5416/5416 3111/5417/5417 3109/5418/5418
f 3146/5419/5419 3147/5420/5420 3140/5421/5421
f 3146/5419/5419 3140/5421/5421 3141/5422/5422
f 3136/5423/5423 3146/5424/5424 3145/5425/5425
f 3136/5423/5423 3145/5425/5425 3135/5426/5426
f 3123/5427/5427 3125/5428/5428 3124/5429/5429
f 3123/5427/5427 3124/5429/5429 3122/5430/5430
f 3119/5431/5431 3123/5432/5432 3122/5433/5433
f 3119/5431/5431 3122/5433/5433 3118/5434/5434
f 3121/5435/5435 3125/5436/5436 3123/5437/5437
f 3121/5435/5435 3123/5437/5437 3119/5438/5438
f 3120/5439/5439 3124/5440/5440 3125/5441/5441
f 3120/5439/5439 3125/5441/5441 3121/5442/5442
f 3118/5443/5443 3122/5444/5444 3124/5445/5445
f 3118/5443/5443 3124/5445/5445 3120/5446/5446
f 3127/5447/5447 3128/5448/5448 3129/5449/5449
f 3127/5447/5447 3129/5449/5449 3126/5450/5450
f 3131/5451/5451 3127/5452/5452 3126/5453/5453
f 3131/5451/5451 3126/5453/5453 3130/5454/5454
f 3132/5455/5455 3128/5456/5456 3127/5457/5457
f 3132/5455/5455 3127/5457/5457 3131/5458/5458
f 3133/5459/5459 3129/5460/5460 3128/5461/5461
f 3133/5459/5459 3128/5461/5461 3132/5462/5462
f 3130/5463/5463 3126/5464/5464 3129/5465/5465
f 3130/5463/5463 3129/5465/5465 3133/5466/5466
f 3117/5467/5467 3144/5468/5468 3143/5469/5469
f 3117/5467/5467 3143/5469/5469 3116/5470/5470
f 3143/5469/5469 3144/5468/5468 3145/5471/5471
f 3143/5469/5469 3145/5471/5471 3142/5472/5472
f 3145/5471/5471 3146/5419/5419 3141/5422/5422
f 3145/5471/5471 3141/5422/5422 3142/5472/5472
f 3115/5473/5473 3139/5474/5474 3148/5475/5475
f 3115/5473/5473 3148/5475/5475 3114/5476/5476
f 3139/5474/5474 3140/5421/5421 3147/5420/5420
f 3139/5474/5474 3147/5420/5420 3148/5475/5475
f 3112/5477/5477 3114/5478/5478 3148/5479/5479
f 3112/5477/5477 3148/5479/5479 3138/5480/5480
f 3138/5480/5480 3148/5479/5479 3147/5481/5481
f 3138/5480/5480 3147/5481/5481 3137/5482/5482
f 3137/5482/5482 3147/5481/5481 3146/5424/5424
f 3137/5482/5482 3146/5424/5424 3136/5423/5423
f 3117/5483/5483 3113/5484/5484 3134/5485/5485
f 3117/5483/5483 3134/5485/5485 3144/5486/5486
f 3144/5486/5486 3134/5485/5485 3135/5426/5426
f 3144/5486/5486 3135/5426/5426 3145/5425/5425
f 3142/5487/5487 3141/5488/5488 3150/5489/5489
f 3142/5487/5487 3150/5489/5489 3149/5490/5490
f 3139/5491/5491 3115/5492/5492 3152/5493/5493
f 3139/5491/5491 3152/5493/5493 3151/5494/5494
f 3140/5495/5495 3139/5491/5491 3151/5494/5494
f 3140/5495/5495 3151/5494/5494 3153/5496/5496
f 3141/5488/5488 3140/5495/5495 3153/5496/5496
f 3141/5488/5488 3153/5496/5496 3150/5489/5489
f 3155/5497/5497 3154/5498/5498 3116/5499/5499
f 3155/5497/5497 3116/5499/5499 3143/5500/5500
f 3149/5490/5490 3155/5497/5497 3143/5500/5500
f 3149/5490/5490 3143/5500/5500 3142/5487/5487
