#
# Exported by OpenBRF -- marco tarini
#
s fysg_changjin_cheng02
newmtl fysg_changjin_wa02
Ka 0.8 0.8 0.8
Kd 0.2 0.2 0.2
usemtl fysg_changjin_wa02
v -6.4508 23.0526 -2.5925
v -5.1074 23.7032 -0.9669
v -4.8225 22.6613 -3.0766
v -7.6245 23.1448 -3.6198
v -7.5665 23.1082 -3.7138
v -7.0422 22.5756 -0.9227
v -6.9955 22.5756 0.7109
v -5.1338 23.7032 0.7109
v -7.7873 23.0996 -3.5508
v -4.8225 22.2807 -3.0766
v 0.0368 22.5756 -2.8174
v 0.0368 22.2049 -2.8174
v -6.9955 22.2049 0.7109
v -7.0422 22.2049 -0.9227
v -7.6685 22.7332 -3.6323
v -8.1199 23.4426 -4.1862
v -7.6723 23.4625 -3.6195
v -8.2752 23.4426 -4.0253
v -6.4588 23.3222 -2.563
v -4.9945 23.6875 -0.9557
v -6.3877 23.0121 -2.6158
v -5.1408 24.0444 -0.9786
v -6.4904 22.9925 -2.4231
v -8.2811 23.98 -4.2231
v -5.1087 23.6338 -0.8675
v -4.1362 25.9716 0.7109
v -4.1969 26.4072 0.6149
v -4.0077 25.9558 0.6378
v -4.1345 25.9478 0.7698
v -4.8225 22.6613 4.4984
v -5.1074 23.7032 2.3886
v -6.4508 23.0526 4.0143
v -7.6414 23.1448 5.0416
v -7.5578 23.1082 5.1356
v -7.0422 22.5756 2.3445
v -7.7791 23.0995 4.9725
v -0.0278 23.7032 2.3886
v -4.1025 26.0823 0.7109
v 0.0219 26.0823 0.7109
v -4.8225 22.2806 4.4984
v 0.0368 22.5756 4.2391
v 0.0368 22.2049 4.2391
v -7.0422 22.2049 2.3445
v -7.6685 22.7332 5.0541
v -7.6723 23.4625 5.0413
v -8.1203 23.4426 5.608
v -8.2747 23.4426 5.4471
v -6.4588 23.3222 3.9847
v -4.9945 23.6875 2.3775
v -5.1408 24.0444 2.4004
v -6.3877 23.0121 4.0375
v -6.4904 22.9925 3.8449
v -8.2811 23.9799 5.6449
v -5.1087 23.6338 2.2892
v -4.1969 26.4072 0.8068
v -4.0077 25.9558 0.784
v -4.1345 25.9478 0.6519
v 4.8961 22.6613 -3.0766
v 5.181 23.7032 -0.9669
v 6.5244 23.0526 -2.5925
v 7.6981 23.1448 -3.6198
v 7.6401 23.1082 -3.7138
v 7.1158 22.5756 -0.9227
v 7.0691 22.5756 0.7109
v 5.2074 23.7032 0.7109
v 7.8609 23.0996 -3.5508
v 0.082 23.7032 -0.9669
v 4.1761 26.0823 0.7109
v 4.8961 22.2806 -3.0766
v 7.0691 22.2049 0.7109
v 7.1158 22.2049 -0.9227
v 7.7421 22.7332 -3.6323
v 7.7459 23.4625 -3.6195
v 8.1935 23.4426 -4.1862
v 8.3488 23.4426 -4.0253
v 6.5324 23.3222 -2.563
v 5.0681 23.6875 -0.9557
v 5.2144 24.0444 -0.9786
v 6.4613 23.0121 -2.6158
v 6.564 22.9925 -2.4231
v 8.3547 23.98 -4.2231
v 5.1823 23.6338 -0.8675
v 4.2098 25.9716 0.7109
v 4.2705 26.4072 0.6149
v 4.0813 25.9558 0.6378
v 4.2081 25.9478 0.7698
v 6.5244 23.0526 4.0143
v 5.181 23.7032 2.3886
v 4.8961 22.6613 4.4984
v 7.715 23.1448 5.0416
v 7.6314 23.1082 5.1356
v 7.1158 22.5756 2.3445
v 7.8527 23.0995 4.9725
v 4.8961 22.2806 4.4984
v 7.1158 22.2049 2.3445
v 7.7421 22.7332 5.0541
v 8.1939 23.4426 5.608
v 7.7459 23.4625 5.0413
v 8.3483 23.4426 5.4471
v 6.5323 23.3222 3.9847
v 5.0681 23.6875 2.3775
v 6.4613 23.0121 4.0376
v 5.2144 24.0444 2.4004
v 6.564 22.9925 3.8449
v 8.3547 23.9799 5.6449
v 5.1823 23.6338 2.2892
v 4.2705 26.4072 0.8069
v 4.0813 25.9558 0.784
v 4.2081 25.9478 0.6519
v 0.0368 26.2963 0.901
v -3.7653 26.2957 0.5816
v -3.7653 26.2957 0.901
v 0.0368 26.2963 0.5817
v 0.0368 25.8895 0.901
v -4.3143 26.2957 0.901
v -4.206 25.8897 0.901
v -4.3143 26.2956 0.5816
v 0.0368 25.8895 0.5816
v -4.206 25.8897 0.5816
v -4.0695 26.6435 0.901
v -4.5496 26.7251 0.5816
v -4.5496 26.7251 0.901
v -4.0695 26.6435 0.5816
v -4.08 25.8897 0.7413
v 3.8389 26.2957 0.5817
v 3.8389 26.2957 0.901
v 4.3879 26.2957 0.901
v 4.2796 25.8897 0.9011
v 0.0368 25.8895 0.5817
v 4.3879 26.2956 0.5817
v 4.2796 25.8897 0.5817
v 4.1431 26.6435 0.901
v 4.6232 26.7251 0.5816
v 4.1431 26.6435 0.5816
v 4.6232 26.7251 0.901
v 4.1536 25.8897 0.7414
v 4.5111 19.2083 -1.4474
v 4.5106 18.0361 0.1556
v 4.5106 18.0361 -1.4473
v 4.5111 19.2083 0.1556
v 0.0827 19.2083 -1.7066
v -4.108 18.0361 -1.7062
v -4.1081 19.2083 -1.7066
v 0.0828 18.0361 -1.7062
v -4.108 18.0361 3.1485
v 0.0827 19.2083 3.1481
v -4.1081 19.2083 3.1481
v 0.0828 18.0361 3.1485
v 4.2736 18.0361 -1.7062
v 4.2735 19.2083 -1.7066
v 4.2735 19.2083 3.1481
v 4.2736 18.0361 3.1485
v 4.5111 19.2083 1.2873
v 4.5106 18.0361 2.8903
v 4.5106 18.0361 1.2874
v 4.5111 19.2083 2.8903
v -4.4061 19.2083 -1.4474
v -4.4066 18.0361 0.1556
v -4.4062 19.2083 0.1556
v -4.4066 18.0361 -1.4474
v -4.4061 19.2083 1.2873
v -4.4066 18.0361 2.8903
v -4.4062 19.2083 2.8903
v -4.4066 18.0361 1.2874
v -12.8648 20.3998 -5.1708
v -14.238 20.9494 -4.2122
v -12.4559 20.0693 -4.0089
v -11.997 20.4777 -6.0083
v -11.9176 20.4467 -5.9669
v -14.2753 19.9968 -5.5928
v -15.6553 19.9968 -5.5594
v -15.6553 20.9493 -4.231
v -12.0554 20.4394 -6.1245
v -12.4559 19.7477 -4.0089
v -12.6749 19.9968 -0.5414
v -12.6749 19.6837 -0.5414
v -15.6553 19.6837 -5.5594
v -14.2753 19.6837 -5.5928
v -11.9865 20.13 -6.0397
v -11.5186 20.7292 -6.3618
v -11.9973 20.746 -6.0424
v -11.6545 20.7292 -6.4726
v -12.8898 20.6275 -5.1765
v -14.2474 20.9361 -4.1316
v -12.8451 20.3656 -5.1257
v -14.2281 21.2376 -4.236
v -13.0079 20.349 -5.1991
v -11.4874 21.1831 -6.4769
v -14.322 20.8907 -4.2131
v -15.6553 22.8655 -3.5191
v -15.5742 23.2335 -3.5625
v -15.5935 22.8522 -3.4274
v -15.705 22.8454 -3.5179
v -18.8547 20.0693 -4.0089
v -17.0725 20.9494 -4.2122
v -18.4457 20.3998 -5.1708
v -19.3135 20.4777 -6.0203
v -19.3929 20.4467 -5.9607
v -17.0352 19.9968 -5.5928
v -19.2551 20.4394 -6.1186
v -17.0725 20.9493 -0.5875
v -15.6553 22.959 -3.4951
v -15.6553 22.959 -0.552
v -18.8547 19.7477 -4.0089
v -18.6356 19.9968 -0.5414
v -18.6356 19.6837 -0.5414
v -17.0352 19.6837 -5.5928
v -19.324 20.13 -6.0397
v -19.3132 20.746 -6.0424
v -19.792 20.7292 -6.3621
v -19.656 20.7292 -6.4723
v -18.4208 20.6275 -5.1765
v -17.0631 20.9361 -4.1316
v -17.0824 21.2376 -4.236
v -18.4654 20.3656 -5.1257
v -18.3026 20.349 -5.1991
v -19.8231 21.1831 -6.4769
v -16.9885 20.8907 -4.2131
v -15.7363 23.2335 -3.5625
v -15.717 22.8522 -3.4274
v -15.6055 22.8454 -3.5179
v -12.4559 20.0692 2.9261
v -14.238 20.9493 3.1293
v -12.8648 20.3998 4.0879
v -11.997 20.4777 4.9255
v -11.9176 20.4467 4.8841
v -14.2753 19.9968 4.51
v -15.6553 19.9968 4.4766
v -15.6553 20.9493 3.1482
v -12.0554 20.4394 5.0416
v -14.238 20.9493 -0.5092
v -15.6553 22.959 2.4123
v -12.4559 19.7477 2.9261
v -15.6553 19.6837 4.4766
v -14.2753 19.6837 4.51
v -11.9865 20.1299 4.9568
v -11.9973 20.746 4.9596
v -11.5186 20.7292 5.2789
v -11.6545 20.7292 5.3898
v -12.8898 20.6275 4.0936
v -14.2474 20.9361 3.0488
v -14.2281 21.2376 3.1532
v -12.8452 20.3656 4.0429
v -13.0079 20.349 4.1162
v -11.4874 21.1831 5.394
v -14.322 20.8907 3.1303
v -15.6553 22.8655 2.4363
v -15.5742 23.2335 2.4796
v -15.5935 22.8522 2.3446
v -15.7051 22.8454 2.4351
v -18.4457 20.3998 4.0879
v -17.0725 20.9493 3.1293
v -18.8547 20.0692 2.9261
v -19.3135 20.4777 4.9375
v -19.3929 20.4467 4.8779
v -17.0352 19.9968 4.51
v -19.2551 20.4394 5.0358
v -18.8547 19.7477 2.9261
v -17.0352 19.6837 4.51
v -19.324 20.1299 4.9568
v -19.792 20.7292 5.2793
v -19.3132 20.746 4.9596
v -19.656 20.7292 5.3894
v -18.4208 20.6275 4.0936
v -17.0631 20.9361 3.0488
v -18.4654 20.3656 4.0429
v -17.0824 21.2376 3.1532
v -18.3026 20.349 4.1162
v -19.8231 21.1831 5.394
v -16.9885 20.8907 3.1303
v -15.7363 23.2335 2.4796
v -15.717 22.8522 2.3446
v -15.6055 22.8454 2.4351
v -19.7919 20.7292 -6.3621
v -15.8159 23.1398 -0.5414
v -15.5461 23.1393 -3.2545
v -15.8159 23.1393 -3.2545
v -15.5461 23.1398 -0.5414
v -15.8159 22.7962 -0.5414
v -15.8159 23.1393 -3.6462
v -15.8159 22.7963 -3.569
v -15.5461 23.1392 -3.6462
v -15.5461 22.7962 -0.5414
v -15.5461 22.7963 -3.569
v -15.8159 23.4745 -3.5419
v -15.5461 23.502 -3.8141
v -15.8159 23.502 -3.8141
v -15.5461 23.4745 -3.5419
v -15.681 22.7963 -3.479
v -15.5461 23.1393 2.1717
v -15.8159 23.1393 2.1717
v -15.8159 23.1392 2.5634
v -15.8159 22.7963 2.4862
v -15.5461 23.1392 2.5634
v -15.5461 22.7963 2.4862
v -15.8159 23.4745 2.4591
v -15.5461 23.502 2.7313
v -15.5461 23.4745 2.4591
v -15.8159 23.502 2.7313
v -15.681 22.7963 2.3962
v -13.8322 17.5116 2.6513
v -15.6642 16.664 2.651
v -13.8322 16.664 2.651
v -15.6642 17.5116 2.6513
v -13.6132 17.5116 -1.7655
v -13.6135 16.664 -3.4991
v -13.6132 17.5116 -3.4991
v -13.6135 16.664 -1.7655
v -17.7141 17.5116 -0.5087
v -17.7144 16.664 -3.4991
v -17.7144 16.664 -0.5086
v -17.7141 17.5116 -3.4991
v -17.4963 16.664 2.6509
v -17.4963 17.5116 2.6513
v -13.8322 17.5116 -3.7118
v -15.6642 16.664 -3.7121
v -15.6642 17.5116 -3.7118
v -13.8322 16.664 -3.7121
v -17.4963 16.664 -3.7121
v -17.4963 17.5116 -3.7118
v -13.6132 17.5116 2.3886
v -13.6135 16.664 0.6551
v -13.6132 17.5116 0.6551
v -13.6135 16.664 2.3886
v -17.7141 17.5116 2.4818
v -17.7144 16.664 2.4818
v 12.5267 20.0693 -4.0089
v 14.3088 20.9494 -4.2122
v 12.9356 20.3998 -5.1708
v 12.0678 20.4777 -6.0083
v 11.9884 20.4467 -5.9669
v 14.3462 19.9968 -5.5928
v 15.7261 19.9968 -5.5594
v 15.7261 20.9493 -4.231
v 12.1262 20.4394 -6.1245
v 12.5267 19.7477 -4.0089
v 12.7457 19.9968 -0.5414
v 12.7457 19.6837 -0.5414
v 15.7261 19.6837 -5.5594
v 14.3461 19.6837 -5.5928
v 12.0573 20.13 -6.0397
v 12.0681 20.746 -6.0424
v 11.5894 20.7292 -6.3618
v 11.7253 20.7292 -6.4726
v 12.9606 20.6275 -5.1765
v 14.3182 20.9361 -4.1316
v 14.2989 21.2376 -4.236
v 12.916 20.3656 -5.1257
v 13.0787 20.349 -5.199
v 11.5582 21.1831 -6.4769
v 14.3928 20.8907 -4.2131
v 15.7261 22.8655 -3.5191
v 15.645 23.2335 -3.5624
v 15.6643 22.8522 -3.4274
v 15.7759 22.8454 -3.5179
v 18.5165 20.3998 -5.1708
v 17.1433 20.9494 -4.2122
v 18.9255 20.0693 -4.0089
v 19.3843 20.4777 -6.0203
v 19.4637 20.4467 -5.9607
v 17.106 19.9968 -5.5928
v 19.326 20.4394 -6.1186
v 17.1433 20.9493 -0.5875
v 15.7261 22.959 -3.4951
v 15.7261 22.959 -0.552
v 18.9255 19.7477 -4.0089
v 18.7065 19.9968 -0.5414
v 18.7065 19.6837 -0.5414
v 17.106 19.6837 -5.5928
v 19.3948 20.13 -6.0397
v 19.8628 20.7292 -6.3621
v 19.384 20.746 -6.0424
v 19.7268 20.7292 -6.4723
v 18.4916 20.6275 -5.1765
v 17.1339 20.9361 -4.1316
v 18.5362 20.3656 -5.1257
v 17.1532 21.2376 -4.236
v 18.3735 20.349 -5.199
v 19.8939 21.1831 -6.4769
v 17.0593 20.8907 -4.2131
v 15.8071 23.2335 -3.5624
v 15.7878 22.8522 -3.4274
v 15.6763 22.8454 -3.5179
v 12.9356 20.3998 4.0879
v 14.3088 20.9493 3.1293
v 12.5267 20.0692 2.9261
v 12.0678 20.4777 4.9255
v 11.9884 20.4467 4.8841
v 14.3461 19.9968 4.51
v 15.7261 19.9968 4.4766
v 15.7261 20.9493 3.1482
v 12.1262 20.4394 5.0417
v 14.3088 20.9493 -0.5092
v 15.7261 22.959 2.4123
v 12.5267 19.7477 2.9261
v 15.7261 19.6837 4.4766
v 14.3461 19.6837 4.51
v 12.0573 20.1299 4.9568
v 11.5894 20.7292 5.279
v 12.0681 20.746 4.9596
v 11.7253 20.7292 5.3898
v 12.9606 20.6275 4.0936
v 14.3182 20.9361 3.0488
v 12.916 20.3656 4.0429
v 14.2989 21.2376 3.1532
v 13.0787 20.349 4.1162
v 11.5582 21.1831 5.394
v 14.3928 20.8907 3.1303
v 15.7261 22.8655 2.4363
v 15.645 23.2335 2.4796
v 15.6643 22.8522 2.3446
v 15.7759 22.8454 2.4351
v 18.9255 20.0692 2.9261
v 17.1433 20.9493 3.1293
v 18.5165 20.3998 4.0879
v 19.3843 20.4777 4.9375
v 19.4637 20.4467 4.8779
v 17.106 19.9968 4.51
v 19.326 20.4394 5.0358
v 18.9255 19.7477 2.9261
v 17.106 19.6837 4.51
v 19.3948 20.1299 4.9568
v 19.384 20.746 4.9596
v 19.8628 20.7292 5.2793
v 19.7268 20.7292 5.3894
v 18.4916 20.6275 4.0936
v 17.1339 20.9361 3.0488
v 17.1532 21.2376 3.1532
v 18.5362 20.3656 4.0429
v 18.3735 20.349 4.1162
v 19.8939 21.1831 5.394
v 17.0593 20.8907 3.1303
v 15.8071 23.2335 2.4796
v 15.7878 22.8522 2.3446
v 15.6763 22.8454 2.4351
v 15.8867 23.1398 -0.5414
v 15.6169 23.1393 -3.2545
v 15.6169 23.1398 -0.5414
v 15.8867 23.1393 -3.2545
v 15.8867 23.1393 -3.6462
v 15.8867 22.7962 -0.5414
v 15.8867 22.7963 -3.569
v 15.6169 22.7962 -0.5414
v 15.6169 23.1392 -3.6462
v 15.6169 22.7963 -3.569
v 15.8867 23.4745 -3.5419
v 15.6169 23.502 -3.8141
v 15.6169 23.4745 -3.5419
v 15.8867 23.502 -3.8141
v 15.7518 22.7963 -3.479
v 15.6169 23.1393 2.1717
v 15.8867 23.1393 2.1717
v 15.8867 23.1392 2.5634
v 15.8867 22.7963 2.4862
v 15.6169 23.1392 2.5634
v 15.6169 22.7963 2.4862
v 15.8867 23.4745 2.4591
v 15.6169 23.502 2.7313
v 15.8867 23.502 2.7313
v 15.6169 23.4745 2.4591
v 15.7518 22.7963 2.3962
v 13.903 17.5197 2.6513
v 15.7351 16.664 2.651
v 15.735 17.5197 2.6513
v 13.903 16.664 2.651
v 13.684 17.5197 -1.7655
v 13.6843 16.664 -3.4991
v 13.6843 16.664 -1.7655
v 13.684 17.5197 -3.4991
v 17.7849 17.5197 -0.5086
v 17.7852 16.664 -3.499
v 17.7849 17.5197 -3.4991
v 17.7852 16.664 -0.5086
v 17.5671 16.664 2.651
v 17.5671 17.5197 2.6513
v 13.903 17.5197 -3.7118
v 15.7351 16.664 -3.7121
v 13.903 16.664 -3.7121
v 15.735 17.5197 -3.7118
v 17.5671 16.664 -3.7121
v 17.5671 17.5197 -3.7118
v 13.684 17.5197 2.3886
v 13.6843 16.664 0.6551
v 13.6843 16.664 2.3887
v 13.684 17.5197 0.6551
v 17.7849 17.5197 2.4818
v 17.7852 16.664 2.4818
v 19.969 13.2935 -8.2799
v 19.2933 13.9145 -8.2799
v 19.969 13.9145 -8.2799
v 19.2933 13.2935 -8.2799
v 19.3239 13.8863 -6.4059
v 19.3239 13.3216 -6.4059
v 19.9384 13.3216 -6.4059
v 19.9384 13.8863 -6.4059
v 11.7218 13.2935 -8.2799
v 11.0461 13.9145 -8.2799
v 11.7218 13.9145 -8.2799
v 11.0461 13.2935 -8.2799
v 11.072 13.8907 -6.4059
v 11.072 13.3173 -6.4059
v 11.6959 13.3173 -6.4059
v 11.6959 13.8907 -6.4059
v -10.9333 13.2934 -8.2799
v -11.609 13.9145 -8.2799
v -10.9333 13.9145 -8.2799
v -11.609 13.2934 -8.2799
v -11.5672 13.8761 -6.4059
v -11.5672 13.3319 -6.4059
v -10.9752 13.3319 -6.4059
v -10.9752 13.8761 -6.4059
v -19.2533 13.2934 -8.28
v -19.929 13.9145 -8.28
v -19.2533 13.9145 -8.2799
v -19.929 13.2934 -8.28
v -19.8888 13.8775 -6.4059
v -19.8888 13.3304 -6.4059
v -19.2936 13.3304 -6.4059
v -19.2936 13.8775 -6.4059
v 4.8199 12.7341 -5.0085
v 4.1442 13.3552 -5.0085
v 4.8199 13.3552 -5.0085
v 4.1442 12.7341 -5.0085
v 4.1647 13.3364 -3.5198
v 4.1647 12.7529 -3.5198
v 4.7995 12.7529 -3.5198
v 4.7995 13.3364 -3.5198
v -3.7488 12.7765 -4.9645
v -4.4245 13.3128 -4.9645
v -3.7488 13.3128 -4.9645
v -4.4245 12.7765 -4.9645
v -4.358 13.2601 -3.8088
v -4.358 12.8292 -3.8088
v -3.8152 12.8292 -3.8088
v -3.8152 13.2601 -3.8088
v 9.204 13.2601 -5.2334
v 8.5283 13.8811 -5.2334
v 9.204 13.8811 -5.2334
v 8.5283 13.2601 -5.2334
v 8.5403 13.8701 -3.3594
v 8.5403 13.2712 -3.3594
v 9.192 13.2712 -3.3594
v 9.192 13.8701 -3.3594
v 0.6353 13.2601 -5.3178
v -0.0404 13.8811 -5.3178
v 0.6353 13.8811 -5.3178
v -0.0404 13.2601 -5.3178
v 0.0047 13.8397 -3.6412
v 0.0047 13.3015 -3.6412
v 0.5902 13.3015 -3.6412
v 0.5902 13.8397 -3.6412
v -7.8079 13.2601 -5.2335
v -8.4836 13.8811 -5.2335
v -7.8079 13.8811 -5.2335
v -8.4836 13.2601 -5.2335
v -8.4204 13.823 -3.3594
v -8.4204 13.3182 -3.3594
v -7.8711 13.3182 -3.3594
v -7.8711 13.823 -3.3594
v 19.969 13.2934 11.5702
v 19.2933 13.9145 11.5702
v 19.2933 13.2934 11.5702
v 19.969 13.9145 11.5702
v 19.3239 13.8863 9.6961
v 19.3239 13.3216 9.6961
v 19.9384 13.3216 9.6961
v 19.9384 13.8863 9.6961
v 11.7218 13.2934 11.5702
v 11.0461 13.9145 11.5702
v 11.0461 13.2934 11.5702
v 11.7218 13.9145 11.5702
v 11.072 13.8906 9.6961
v 11.072 13.3172 9.6961
v 11.6959 13.3172 9.6961
v 11.6959 13.8906 9.6961
v -10.9334 13.2934 11.5702
v -11.6091 13.9145 11.5702
v -11.6091 13.2934 11.5702
v -10.9334 13.9145 11.5702
v -11.5672 13.876 9.6961
v -11.5672 13.3318 9.6961
v -10.9752 13.3318 9.6961
v -10.9752 13.876 9.6961
v -19.2533 13.2934 11.5701
v -19.929 13.9145 11.5701
v -19.929 13.2934 11.5701
v -19.2533 13.9145 11.5702
v -19.8888 13.8775 9.6961
v -19.8888 13.3304 9.6961
v -19.2936 13.3304 9.6961
v -19.2936 13.8775 9.6961
v 4.8199 12.7341 8.2987
v 4.1442 13.3551 8.2987
v 4.1442 12.7341 8.2987
v 4.8199 13.3551 8.2987
v 4.1647 13.3364 6.81
v 4.1647 12.7529 6.81
v 4.7995 12.7529 6.81
v 4.7995 13.3364 6.81
v -3.7488 12.7764 8.2547
v -4.4245 13.3128 8.2547
v -4.4245 12.7764 8.2547
v -3.7488 13.3128 8.2547
v -4.358 13.2601 7.099
v -4.358 12.8292 7.099
v -3.8152 12.8292 7.099
v -3.8152 13.2601 7.099
v 9.204 13.2601 8.5237
v 8.5283 13.8811 8.5237
v 8.5283 13.2601 8.5237
v 9.204 13.8811 8.5237
v 8.5403 13.87 6.6496
v 8.5403 13.2711 6.6496
v 9.192 13.2711 6.6496
v 9.192 13.87 6.6496
v 0.6353 13.2601 8.608
v -0.0404 13.8811 8.608
v -0.0404 13.2601 8.608
v 0.6353 13.8811 8.608
v 0.0047 13.8397 6.9314
v 0.0047 13.3015 6.9314
v 0.5902 13.3015 6.9314
v 0.5902 13.8397 6.9314
v -7.8079 13.2601 8.5237
v -8.4836 13.8811 8.5237
v -8.4836 13.2601 8.5236
v -7.8079 13.8811 8.5237
v -8.4204 13.823 6.6496
v -8.4204 13.3181 6.6496
v -7.8711 13.3181 6.6496
v -7.8711 13.823 6.6496
vn 0.143905 0.948394 -0.282558
vt 0.1201 0.7972
vn 0.0195739 0.757544 -0.65249
vt 0.2052 0.8681
vn 0.0692467 0.821399 -0.566135
vt 0.2236 0.7434
vn 0.197633 0.967398 -0.158377
vt 0.031 0.7434
vn 0.209999 0.947911 -0.239509
vt 0.0321 0.7434
vn -0.301866 0.939554 0.161604
vt 0.1054 0.804
vn -0.45202 0.889482 0.0670731
vt 0.2314 0.7434
vn -0.508373 0.860758 0.0255347
vt 0.2282 0.861
vn -0.509331 0.860571 -2.11516e-07
vt 0.3579 0.7434
vn -0.763691 0.645582 -2.59722e-10
vt 0.3579 0.8594
vn -0.133335 0.963245 0.233199
vt 0.0277 0.7434
vn -0.153834 0.952926 0.261281
vt 0.0227 0.7434
vn 0.101573 -7.98328e-09 -0.994828
vt 0.2249 0.7076
vn -5.11486e-08 0.797231 -0.603674
vt 0.6392 0.7434
vn -3.55833e-07 -1.48953e-08 -1
vt 0.6392 0.7076
vn -1 -3.05565e-09 3.20266e-11
vt 0.3568 0.7056
vn -0.98196 -2.54347e-08 0.189088
vt 0.2303 0.7431
vn -0.985417 -0.0217887 0.168757
vt 0.2303 0.7056
vn -1 -3.05565e-09 3.13435e-10
vt 0.3568 0.7431
vn 0.180596 -0.234327 -0.955236
vt 0.0254 0.7076
vn 0.179077 -0.25521 -0.950158
vt 0.0315 0.7434
vn -0.936974 -0.310672 0.15988
vt 0.036 0.7431
vn -0.930271 -0.334931 0.149721
vt 0.0311 0.7056
vn 0.666814 0.371124 -0.646239
vt 0.4158 0.3982
vn 0.762068 0.218334 -0.609575
vt 0.4846 0.3987
vn 0.0698854 0.962862 0.260791
vt 0.4162 0.4378
vn -0.246283 -0.900893 -0.357402
vt 0.2173 0.498
vn -0.490692 -0.715218 -0.49768
vt 0.2741 0.4497
vn -0.23379 -0.901476 -0.364256
vt 0.2155 0.4535
vn -0.50752 -0.708847 -0.489856
vt 0.276 0.4942
vn 0.737286 0.0672713 -0.672223
vt 0.2931 0.4371
vn 0.689369 0.24158 -0.682942
vt 0.0884 0.3927
vn 0.666379 0.279428 -0.691273
vt 0.2913 0.3933
vn 0.752736 0.0637469 -0.655229
vt 0.0981 0.4345
vn -0.70568 0.330691 0.626626
vt 0.2913 0.3933
vn -0.587591 0.32637 0.740418
vt 0.4158 0.3982
vn -0.540853 0.290674 0.789295
vt 0.4846 0.3987
vn -0.541661 0.28511 0.790769
vt 0.5789 0.4553
vn -0.695765 -0.254816 -0.67155
vt 0.3428 0.4692
vn -0.737286 -0.0672713 0.672223
vt 0.2931 0.4371
vn -0.787253 0.121161 0.60461
vt 0.0884 0.3927
vn -0.752736 -0.0637469 0.655229
vt 0.0981 0.4345
vn -0.915389 0.402571 -3.34204e-07
vt 0.3579 1.0012
vn -0.593527 -0.0134498 -0.804702
vt 0.0197 0.7056
vn -0.593527 -0.0134498 -0.804702
vt 0.0262 0.7431
vn -0.593527 -0.0134498 -0.804702
vt 0.01 0.7431
vn 0.790489 0.0915777 -0.605591
vt 0.0004 0.4344
vn 0.654909 0.224626 -0.721552
vt 0.2792 0.3948
vn 0.800179 0.0792335 -0.594504
vt 0.2617 0.4378
vn 0.643258 0.232609 -0.72946
vt 0.0203 0.3945
vn -0.883572 0.0384206 0.466717
vt 0.0203 0.3945
vn -0.800179 -0.0792335 0.594504
vt 0.2617 0.4378
vn -0.889449 0.053285 0.453918
vt 0.2792 0.3948
vn -0.790489 -0.0915776 0.605591
vt 0.0004 0.4344
vn 0.0544841 0.903838 0.424392
vt 0.2238 0.7434
vn 0.0374934 0.88901 0.45635
vt 0.2052 0.8681
vn 0.143679 0.948239 0.283193
vt 0.1201 0.7972
vn 0.194926 0.969494 0.148613
vt 0.0312 0.7434
vn 0.20205 0.959953 0.194075
vt 0.0323 0.7434
vn -0.66515 0.746589 -0.0134302
vt 0.2283 0.861
vn -0.452527 0.889246 -0.066792
vt 0.2315 0.7434
vn -0.302653 0.939351 -0.161311
vt 0.1054 0.804
vn -0.135751 0.962399 -0.235289
vt 0.0278 0.7434
vn -0.169566 0.944523 -0.28129
vt 0.0228 0.7434
vn 1.17105e-09 0.718341 0.695691
vt 0.6392 0.8681
vn -4.16529e-09 0.576301 0.817237
vt 0.2933 0.9945
vn -2.78563e-09 0.576301 0.817237
vt 0.6392 0.9945
vn 0.101587 0 0.994827
vt 0.2249 0.7076
vn 2.37086e-08 -2.90155e-07 1
vt 0.6392 0.7434
vn 0.108563 -0.00846009 0.994054
vt 0.2236 0.7434
vn 2.56262e-10 -1.42693e-09 1
vt 0.6392 0.7076
vn -0.982323 0 -0.187195
vt 0.2303 0.7431
vn -0.985674 -0.0203992 -0.167424
vt 0.2303 0.7056
vn 0.180363 -0.23761 0.954469
vt 0.0254 0.7076
vn 0.178787 -0.259064 0.949169
vt 0.0315 0.7434
vn -0.953673 -0.283946 -0.0994154
vt 0.036 0.7431
vn -0.942758 -0.311296 -0.119591
vt 0.0311 0.7056
vn 0.689007 0.34905 0.635164
vt 0.4162 0.4378
vn 0.761371 0.220569 0.609642
vt 0.4846 0.3987
vn 0.664741 0.385198 0.640111
vt 0.4158 0.3982
vn -0.244289 -0.90205 0.355848
vt 0.2173 0.498
vn -0.29999 -0.897433 0.32345
vt 0.2741 0.4497
vn -0.322679 -0.894426 0.309644
vt 0.276 0.4942
vn -0.231892 -0.902561 0.36278
vt 0.2155 0.4535
vn 0.681503 0.242374 0.690514
vt 0.2931 0.4371
vn 0.689349 0.241572 0.682964
vt 0.0884 0.3927
vn 0.752742 0.0636532 0.655232
vt 0.0981 0.4345
vn 0.666399 0.280654 0.690758
vt 0.2913 0.3933
vn -0.706201 0.329636 -0.626594
vt 0.2913 0.3933
vn -0.592414 0.314848 -0.741564
vt 0.4158 0.3982
vn -0.541495 0.288388 -0.789693
vt 0.4846 0.3987
vn 0.356391 0.856065 -0.37435
vt 0.5789 0.4553
vn -0.787252 0.121275 -0.604588
vt 0.0884 0.3927
vn -0.681503 -0.242374 -0.690514
vt 0.2931 0.4371
vn -0.752742 -0.0636532 -0.655232
vt 0.0981 0.4345
vn -0.593291 0.000188877 0.804988
vt 0.0288 0.7431
vn 0.790472 0.0916108 0.605608
vt 0.0004 0.4344
vn 0.654906 0.22465 0.721547
vt 0.2792 0.3948
vn 0.643135 0.232715 0.729535
vt 0.0203 0.3945
vn 0.800223 0.0791932 0.59445
vt 0.2617 0.4378
vn -0.883582 0.0384191 -0.466698
vt 0.0203 0.3945
vn -0.800223 -0.0791932 -0.59445
vt 0.2617 0.4378
vn -0.790472 -0.0916108 -0.605608
vt 0.0004 0.4344
vn -0.889491 0.0533674 -0.453826
vt 0.2792 0.3948
vn -0.0692498 0.821377 -0.566166
vt 0.2246 0.7434
vn -0.0197839 0.758724 -0.651111
vt 0.2061 0.8681
vn -0.143905 0.948394 -0.282558
vt 0.1211 0.7972
vn -0.197633 0.967398 -0.158377
vt 0.032 0.7434
vn -0.209998 0.947912 -0.239508
vt 0.0331 0.7434
vn 0.508373 0.860758 0.0255347
vt 0.2149 0.861
vn 0.45202 0.889482 0.0670731
vt 0.2181 0.7434
vn 0.301866 0.939554 0.161605
vt 0.092 0.804
vn 0.509331 0.860571 -2.08506e-07
vt 0.3445 0.7434
vn 0.763691 0.645582 4.1126e-10
vt 0.3445 0.8594
vn 0.133335 0.963245 0.233199
vt 0.0144 0.7434
vn 0.153834 0.952926 0.261281
vt 0.0094 0.7434
vn 8.29587e-10 0.718353 -0.695679
vt 0.6392 0.8681
vn -5.22057e-10 0.999929 0.0118911
vt 0.2942 0.9945
vn -0.101573 0 -0.994828
vt 0.2258 0.7076
vn 1 -7.5739e-10 -1.96892e-11
vt 0.3442 0.7076
vn 0.98196 0 0.189088
vt 0.219 0.7434
vn 1 -7.5739e-10 3.13435e-10
vt 0.3442 0.7434
vn 0.985417 -0.0217886 0.168757
vt 0.219 0.7076
vn -0.180597 -0.234317 -0.955238
vt 0.0264 0.7076
vn -0.179077 -0.25521 -0.950158
vt 0.0325 0.7434
vn 0.936974 -0.310672 0.15988
vt 0.0267 0.7434
vn 0.930271 -0.334931 0.149721
vt 0.0218 0.7076
vn -0.0698854 0.962862 0.260791
vt 0.4162 0.4378
vn -0.762069 0.218334 -0.609575
vt 0.4846 0.3987
vn -0.666814 0.371125 -0.646239
vt 0.4158 0.3982
vn 0.246283 -0.900893 -0.357402
vt 0.2173 0.498
vn 0.490692 -0.715218 -0.49768
vt 0.2741 0.4497
vn 0.50752 -0.708847 -0.489856
vt 0.276 0.4942
vn 0.23379 -0.901476 -0.364256
vt 0.2155 0.4535
vn -0.681499 0.242388 -0.690512
vt 0.2931 0.4371
vn -0.689369 0.24158 -0.682942
vt 0.0884 0.3927
vn -0.752736 0.0637465 -0.655229
vt 0.0981 0.4345
vn -0.666379 0.279429 -0.691273
vt 0.2913 0.3933
vn 0.70568 0.330691 0.626626
vt 0.2913 0.3933
vn 0.587592 0.32637 0.740418
vt 0.4158 0.3982
vn 0.540853 0.290674 0.789295
vt 0.4846 0.3987
vn 0.541661 0.28511 0.790769
vt 0.5789 0.4553
vn 0.695765 -0.254816 -0.67155
vt 0.3428 0.4692
vn 0.787253 0.121162 0.60461
vt 0.0884 0.3927
vn 0.681499 -0.242388 0.690512
vt 0.2931 0.4371
vn 0.752736 -0.0637465 0.655229
vt 0.0981 0.4345
vn 0.915389 0.402571 -3.3359e-07
vt 0.3445 1.0012
vn 0.593527 -0.0134498 -0.804702
vt 0.0164 0.7434
vn 0.593527 -0.0134498 -0.804702
vt 0.0325 0.7434
vn 0.593527 -0.0134498 -0.804702
vt 0.026 0.7076
vn -0.790488 0.0915783 -0.605592
vt 0.0004 0.4344
vn -0.654909 0.224626 -0.721552
vt 0.2792 0.3948
vn -0.643258 0.232609 -0.72946
vt 0.0203 0.3945
vn -0.80018 0.0792331 -0.594504
vt 0.2617 0.4378
vn 0.883571 0.03842 0.466718
vt 0.0203 0.3945
vn 0.80018 -0.0792331 0.594504
vt 0.2617 0.4378
vn 0.790488 -0.0915783 0.605592
vt 0.0004 0.4344
vn 0.889449 0.0532859 0.453917
vt 0.2792 0.3948
vn -0.143679 0.948239 0.283193
vt 0.1211 0.7972
vn -0.037279 0.888826 0.456726
vt 0.2061 0.8681
vn -0.0544841 0.903838 0.424392
vt 0.2247 0.7434
vn -0.194926 0.969494 0.148613
vt 0.0322 0.7434
vn -0.20205 0.959953 0.194075
vt 0.0333 0.7434
vn 0.302653 0.939351 -0.161311
vt 0.0921 0.804
vn 0.452527 0.889246 -0.066792
vt 0.2181 0.7434
vn 0.66515 0.746589 -0.0134303
vt 0.215 0.861
vn 0.135751 0.962399 -0.235289
vt 0.0145 0.7434
vn 0.169566 0.944523 -0.28129
vt 0.0094 0.7434
vn -0.101587 9.16836e-09 0.994827
vt 0.2258 0.7076
vn -0.108563 -0.00846008 0.994054
vt 0.2246 0.7434
vn 0.982323 2.72957e-08 -0.187195
vt 0.219 0.7434
vn 0.985674 -0.0203993 -0.167424
vt 0.219 0.7076
vn -0.180363 -0.23761 0.954469
vt 0.0264 0.7076
vn -0.178787 -0.259064 0.949169
vt 0.0325 0.7434
vn 0.953672 -0.283947 -0.0994152
vt 0.0267 0.7434
vn 0.942758 -0.311297 -0.119591
vt 0.0218 0.7076
vn -0.66472 0.385197 0.640134
vt 0.4158 0.3982
vn -0.761372 0.22057 0.609641
vt 0.4846 0.3987
vn -0.688992 0.349049 0.635181
vt 0.4162 0.4378
vn 0.244289 -0.90205 0.355848
vt 0.2173 0.498
vn 0.29999 -0.897433 0.32345
vt 0.2741 0.4497
vn 0.231892 -0.902561 0.36278
vt 0.2155 0.4535
vn 0.32268 -0.894426 0.309644
vt 0.276 0.4942
vn -0.681507 0.242384 0.690506
vt 0.2931 0.4371
vn -0.689369 0.24158 0.682941
vt 0.0884 0.3927
vn -0.66639 0.280662 0.690763
vt 0.2913 0.3933
vn -0.752763 0.0636615 0.655206
vt 0.0981 0.4345
vn 0.706155 0.329815 -0.626552
vt 0.2913 0.3933
vn 0.592414 0.314848 -0.741564
vt 0.4158 0.3982
vn 0.541495 0.288388 -0.789693
vt 0.4846 0.3987
vn -0.356391 0.856065 -0.37435
vt 0.5789 0.4553
vn 0.697717 -0.25479 0.669532
vt 0.3428 0.4692
vn 0.681507 -0.242384 -0.690506
vt 0.2931 0.4371
vn 0.787274 0.121286 -0.604557
vt 0.0884 0.3927
vn 0.752763 -0.0636616 -0.655206
vt 0.0981 0.4345
vn 0.593291 0.000188118 0.804988
vt 0.0164 0.7434
vn -0.79054 0.0915184 0.605534
vt 0.0004 0.4344
vn -0.654909 0.224626 0.721552
vt 0.2792 0.3948
vn -0.80022 0.0791824 0.594456
vt 0.2617 0.4378
vn -0.643258 0.232609 0.72946
vt 0.0203 0.3945
vn 0.883611 0.0384904 -0.466637
vt 0.0203 0.3945
vn 0.80022 -0.0791824 -0.594456
vt 0.2617 0.4378
vn 0.889491 0.0533681 -0.453826
vt 0.2792 0.3948
vn 0.79054 -0.0915184 -0.605534
vt 0.0004 0.4344
vn -0.697717 -0.25479 0.669532
vt 0.3428 0.4692
vn -8.18632e-10 0.617469 0.786595
vt 0.5934 0.4581
vn -0.000158022 1 1.94901e-11
vt 0.901 0.4023
vn -0.000158022 1 -1.13083e-08
vt 0.901 0.458
vn -1.32168e-09 1 9.74801e-12
vt 0.5934 0.4023
vn -7.77872e-07 8.33234e-06 1
vt 0.5934 0.4026
vn 0 0 1
vt 0.9524 0.458
vn 0 0 1
vt 0.9462 0.4027
vn 0 0 -1
vt 0.953 0.4575
vn 2.45016e-05 0.000229339 -1
vt 0.594 0.4021
vn 0 0 -1
vt 0.9467 0.4021
vn 4.28363e-06 4.00955e-05 -1
vt 0.9016 0.4575
vn 1.31334e-05 0.000122931 -1
vt 0.594 0.4576
vn -0.924837 -0.380364 7.29568e-05
vt 0.778 0.4028
vn -0.966206 -0.257772 3.31257e-05
vt 0.7438 0.4565
vn -0.924821 -0.380403 0.000118137
vt 0.778 0.4565
vn -0.966199 -0.257796 0
vt 0.7438 0.4028
vn 0.167562 0.985862 -3.61358e-09
vt 0.8758 0.458
vn 0.167562 0.985862 -3.61358e-09
vt 0.8413 0.4043
vn 0.167562 0.985862 -3.61358e-09
vt 0.8413 0.458
vn 0.167562 0.985862 -3.61358e-09
vt 0.8758 0.4043
vn 0 0 1
vt 0.9628 0.5361
vn 0 0 1
vt 0.9942 0.5356
vn 0.75271 0.658352 -6.93293e-10
vt 0.8403 0.4028
vn 0.75271 0.658352 -6.93293e-10
vt 0.7791 0.4574
vn 0.75271 0.658352 -6.93293e-10
vt 0.7791 0.4028
vn 0.75271 0.658352 -6.93293e-10
vt 0.8403 0.4574
vn 0 0 -1
vt 0.9948 0.5351
vn 0 0 -1
vt 0.9633 0.5356
vn -0.876994 -0.480501 5.49169e-05
vt 0.8142 0.4565
vn -0.877012 -0.480469 2.11879e-08
vt 0.8142 0.4028
vn 0 -1 0
vt 0.7368 0.4288
vn 0 -1 0
vt 0.7441 0.4552
vn 0 -1 0
vt 0.7441 0.4025
vn 0.000158022 1 0
vt 0.901 0.4023
vn 0.000158022 1 8.46096e-09
vt 0.901 0.458
vn -1.96999e-05 0.00021102 1
vt 0.9524 0.458
vn -2.35711e-05 0.000252487 1
vt 0.9462 0.4027
vn 2.83082e-06 -4.39018e-05 -1
vt 0.9016 0.4575
vn 0 0 -1
vt 0.594 0.4021
vn -7.88877e-09 -4.36664e-05 -1
vt 0.953 0.4575
vn 0 0 -1
vt 0.9467 0.4021
vn 0.924834 -0.38037 7.29582e-05
vt 0.778 0.4028
vn 0.966206 -0.257771 3.31158e-05
vt 0.7438 0.4565
vn 0.9662 -0.257795 -6.98829e-09
vt 0.7438 0.4028
vn 0.924824 -0.380394 0.000118156
vt 0.778 0.4565
vn -0.167562 0.985862 0
vt 0.8758 0.458
vn -0.167562 0.985862 0
vt 0.8413 0.4043
vn -0.167562 0.985862 0
vt 0.8758 0.4043
vn -0.167562 0.985862 0
vt 0.8413 0.458
vn 0 0 1
vt 0.9628 0.5361
vn 0 0 1
vt 0.9942 0.5356
vn -0.75271 0.658352 0
vt 0.8403 0.4028
vn -0.75271 0.658352 0
vt 0.7791 0.4574
vn -0.75271 0.658352 0
vt 0.8403 0.4574
vn -0.75271 0.658352 0
vt 0.7791 0.4028
vn 1.49326e-05 -0.000260196 -1
vt 0.9948 0.5351
vn 5.74115e-05 -0.000337784 -1
vt 0.9633 0.5356
vn 0.876994 -0.480501 5.48884e-05
vt 0.8142 0.4565
vn 0.877012 -0.480469 0
vt 0.8142 0.4028
vn 0 -1 0
vt 0.7441 0.4025
vn 0 -1 0
vt 0.7441 0.4552
vn 0 -1 0
vt 0.7368 0.4288
vn 1 -0.000426314 -7.74464e-12
vt 0.9969 0.3242
vn 1 -0.000426314 -7.74455e-12
vt 0.7983 0.1462
vn 1 -0.000426314 -7.74484e-12
vt 0.9969 0.1462
vn 1 -0.000426314 -7.74435e-12
vt 0.7983 0.3242
vn 4.16544e-13 -0.000341194 -1
vt 0.9203 0.3242
vn 0 -0.000341194 -1
vt 0.456 0.1462
vn 0 -0.000341194 -1
vt 0.456 0.3242
vn 4.16589e-13 -0.000341194 -1
vt 0.9203 0.1462
vn -1.11084e-12 0.000341295 1
vt 0.4559 0.1462
vn -1.11084e-12 0.000341295 1
vt 0.9203 0.3242
vn -1.11084e-12 0.000341296 1
vt 0.4558 0.3242
vn -1.11084e-12 0.000341295 1
vt 0.9203 0.1462
vn 8.33133e-13 -0.000341194 -1
vt 0.4558 0.1462
vn 8.33133e-13 -0.000341194 -1
vt 0.4559 0.3242
vn -1.11084e-12 0.000341296 1
vt 0.456 0.3242
vn -1.11084e-12 0.000341296 1
vt 0.456 0.1462
vn 1 -0.000426314 -7.74464e-12
vt 0.6742 0.3242
vn 1 -0.000426314 -7.74455e-12
vt 0.4755 0.1462
vn 1 -0.000426314 -7.74484e-12
vt 0.6741 0.1462
vn 1 -0.000426314 -7.74435e-12
vt 0.4755 0.3242
vn -1 0.000392384 -2.51094e-05
vt 0.9969 0.3242
vn -1 0.000375633 -3.73583e-05
vt 0.7983 0.1462
vn -1 0.000341296 -6.24677e-05
vt 0.7983 0.3242
vn -1 0.000426721 0
vt 0.9969 0.1462
vn -1 0.00039238 -2.51117e-05
vt 0.6742 0.3242
vn -1 0.000375632 -3.73592e-05
vt 0.4755 0.1462
vn -1 0.000341295 -6.24677e-05
vt 0.4755 0.3242
vn -1 0.000426721 0
vt 0.6741 0.1462
vn 0.293849 0.941604 0.164424
vt 0.1201 0.7972
vn 0.45994 0.886986 0.0413708
vt 0.2052 0.8681
vn 0.42184 0.904282 0.0657732
vt 0.2236 0.7434
vn 0.156967 0.959942 0.232106
vt 0.031 0.7434
vn 0.238211 0.939396 0.246556
vt 0.0321 0.7434
vn -0.165088 0.927777 -0.334628
vt 0.1054 0.804
vn -0.0607719 0.850832 -0.521912
vt 0.2314 0.7434
vn -0.013907 0.69233 -0.721447
vt 0.2282 0.861
vn 2.36872e-07 0.81857 -0.574406
vt 0.3579 0.7434
vn -1.17094e-09 0.580797 -0.814048
vt 0.3579 0.8594
vn -0.233129 0.959522 -0.158014
vt 0.0277 0.7434
vn -0.260433 0.948249 -0.181654
vt 0.0227 0.7434
vn 0.992865 4.6047e-09 0.119243
vt 0.2249 0.7076
vn 0.67993 0.733172 0.0124018
vt 0.6392 0.7434
vn 1 5.71303e-09 8.65607e-11
vt 0.6392 0.7076
vn 8.88139e-11 7.49912e-10 -1
vt 0.3568 0.7056
vn -0.160635 4.526e-09 -0.987014
vt 0.2303 0.7431
vn -0.143054 -0.0184634 -0.989543
vt 0.2303 0.7056
vn 1.50111e-10 7.49912e-10 -1
vt 0.3568 0.7431
vn 0.949555 -0.230543 0.21259
vt 0.0254 0.7076
vn 0.944047 -0.253799 0.210622
vt 0.0315 0.7434
vn -0.137405 -0.267405 -0.953737
vt 0.036 0.7431
vn -0.128937 -0.288727 -0.94869
vt 0.0311 0.7056
vn 0.594489 0.341896 0.727798
vt 0.4158 0.3982
vn 0.548763 0.198779 0.812001
vt 0.4846 0.3987
vn 0.587346 0.308205 0.748354
vt 0.4162 0.4378
vn 0.352944 -0.890038 -0.288552
vt 0.2173 0.498
vn 0.486657 -0.662764 -0.56913
vt 0.2741 0.4497
vn 0.360374 -0.89172 -0.273798
vt 0.2155 0.4535
vn 0.456909 -0.690776 -0.560414
vt 0.276 0.4942
vn 0.633346 0.221788 0.741406
vt 0.2931 0.4371
vn 0.625898 0.221473 0.747797
vt 0.0884 0.3927
vn 0.637088 0.258618 0.72611
vt 0.2913 0.3933
vn 0.590672 0.0546451 0.805059
vt 0.0981 0.4345
vn -0.570307 0.301113 -0.764251
vt 0.2913 0.3933
vn -0.692474 0.306149 -0.653263
vt 0.4158 0.3982
vn -0.746608 0.275202 -0.605673
vt 0.4846 0.3987
vn -0.267728 0.818156 0.508864
vt 0.5789 0.4553
vn 0.614457 -0.233348 -0.753652
vt 0.3428 0.4692
vn -0.633346 -0.221788 -0.741406
vt 0.2931 0.4371
vn -0.540896 0.109292 -0.833959
vt 0.0884 0.3927
vn -0.590672 -0.054645 -0.805059
vt 0.0981 0.4345
vn 3.38487e-07 0.348259 -0.937398
vt 0.3579 1.0012
vn 0.753042 -0.0126081 -0.657851
vt 0.0197 0.7056
vn 0.753042 -0.0126081 -0.657851
vt 0.0262 0.7431
vn 0.753042 -0.0126081 -0.657851
vt 0.01 0.7431
vn 0.537908 0.0786356 0.839328
vt 0.0004 0.4344
vn 0.666536 0.207578 0.71599
vt 0.2792 0.3948
vn 0.531836 0.0721254 0.843771
vt 0.2617 0.4378
vn 0.675672 0.215582 0.704977
vt 0.0203 0.3945
vn -0.407414 0.0333704 -0.912634
vt 0.0203 0.3945
vn -0.531836 -0.0721254 -0.843771
vt 0.2617 0.4378
vn -0.395424 0.0464784 -0.917322
vt 0.2792 0.3948
vn -0.537908 -0.0786356 -0.839328
vt 0.0004 0.4344
vn -0.421866 0.904271 0.0657477
vt 0.2238 0.7434
vn -0.459569 0.887167 0.0416111
vt 0.2052 0.8681
vn -0.294367 0.941484 0.164183
vt 0.1201 0.7972
vn -0.147684 0.962148 0.229044
vt 0.0312 0.7434
vn -0.193458 0.95195 0.237414
vt 0.0323 0.7434
vn 0.0139072 0.692329 -0.721448
vt 0.2283 0.861
vn 0.0605319 0.850566 -0.522372
vt 0.2315 0.7434
vn 0.16479 0.92751 -0.335512
vt 0.1054 0.804
vn 0.235546 0.958417 -0.161107
vt 0.0278 0.7434
vn 0.279764 0.939075 -0.199676
vt 0.0228 0.7434
vn -0.696538 0.71752 7.62076e-06
vt 0.6392 0.8681
vn -0.817231 0.57631 1.05569e-05
vt 0.2933 0.9945
vn -0.817238 0.5763 2.5539e-09
vt 0.6392 0.9945
vn -0.992865 0 0.119245
vt 0.2249 0.7076
vn -0.67904 0.733998 -0.0123122
vt 0.6392 0.7434
vn -0.991616 -0.00980059 0.12885
vt 0.2236 0.7434
vn -1 -6.42159e-09 -1.02527e-09
vt 0.6392 0.7076
vn 0.158997 0 -0.987279
vt 0.2303 0.7431
vn 0.141908 -0.017296 -0.989729
vt 0.2303 0.7056
vn -0.948828 -0.233802 0.212277
vt 0.0254 0.7076
vn -0.943096 -0.257623 0.210241
vt 0.0315 0.7434
vn 0.0842099 -0.2429 -0.966389
vt 0.036 0.7431
vn 0.105074 -0.267639 -0.957773
vt 0.0311 0.7056
vn -0.58334 0.318416 0.747212
vt 0.4162 0.4378
vn -0.54883 0.201077 0.81139
vt 0.4846 0.3987
vn -0.589118 0.355018 0.72588
vt 0.4158 0.3982
vn -0.351226 -0.891393 -0.286459
vt 0.2173 0.498
vn -0.318161 -0.881852 -0.34801
vt 0.2741 0.4497
vn -0.454049 -0.692889 -0.560128
vt 0.276 0.4942
vn -0.358741 -0.892991 -0.271794
vt 0.2155 0.4535
vn -0.633363 0.221593 0.74145
vt 0.2931 0.4371
vn -0.625871 0.221468 0.747822
vt 0.0884 0.3927
vn -0.590646 0.0546552 0.805078
vt 0.0981 0.4345
vn -0.636589 0.259647 0.72618
vt 0.2913 0.3933
vn 0.5701 0.300335 -0.764712
vt 0.2913 0.3933
vn 0.692874 0.294837 -0.658025
vt 0.4158 0.3982
vn 0.746951 0.272924 -0.606281
vt 0.4846 0.3987
vn 0.26465 0.817387 0.511702
vt 0.5789 0.4553
vn 0.540868 0.1093 -0.833976
vt 0.0884 0.3927
vn 0.633363 -0.221593 -0.74145
vt 0.2931 0.4371
vn 0.590646 -0.0546552 -0.805078
vt 0.0981 0.4345
vn -0.75343 0.000102866 -0.657528
vt 0.0288 0.7431
vn -0.537908 0.0786358 0.839328
vt 0.0004 0.4344
vn -0.666538 0.20758 0.715987
vt 0.2792 0.3948
vn -0.675671 0.215582 0.704977
vt 0.0203 0.3945
vn -0.531838 0.0721271 0.843769
vt 0.2617 0.4378
vn 0.407414 0.0333704 -0.912634
vt 0.0203 0.3945
vn 0.531838 -0.0721271 -0.843769
vt 0.2617 0.4378
vn 0.537908 -0.0786358 -0.839328
vt 0.0004 0.4344
vn 0.395425 0.0464776 -0.917322
vt 0.2792 0.3948
vn 0.565818 0.820293 -0.0834816
vt 0.2246 0.7434
vn 0.656896 0.753676 -0.0214362
vt 0.2061 0.8681
vn 0.293883 0.94158 -0.1645
vt 0.1211 0.7972
vn 0.157032 0.959917 -0.232163
vt 0.032 0.7434
vn 0.238189 0.939391 -0.246597
vt 0.0331 0.7434
vn -0.0259451 0.819647 0.572281
vt 0.2149 0.861
vn -0.0607689 0.850873 0.521845
vt 0.2181 0.7434
vn -0.165078 0.92779 0.334596
vt 0.092 0.804
vn 2.42388e-07 0.818597 0.574369
vt 0.3445 0.7434
vn -1.33742e-09 0.812678 0.582713
vt 0.3445 0.8594
vn -0.233136 0.959519 0.15802
vt 0.0144 0.7434
vn -0.260536 0.948204 0.181743
vt 0.0094 0.7434
vn 0.696524 0.717533 7.43455e-06
vt 0.6392 0.8681
vn 0.817219 0.576327 -1.7212e-08
vt 0.2942 0.9945
vn 0.992865 0 -0.119245
vt 0.2258 0.7076
vn -2.25038e-10 -1.39984e-10 1
vt 0.3442 0.7076
vn -0.160607 0 0.987018
vt 0.219 0.7434
vn 1.50111e-10 -1.39984e-10 1
vt 0.3442 0.7434
vn -0.14303 -0.0184678 0.989546
vt 0.219 0.7076
vn 0.949576 -0.230443 -0.212608
vt 0.0264 0.7076
vn 0.944078 -0.253665 -0.210643
vt 0.0325 0.7434
vn -0.137393 -0.26733 0.95376
vt 0.0267 0.7434
vn -0.12893 -0.288642 0.948716
vt 0.0218 0.7076
vn -0.233958 0.965266 -0.116299
vt 0.4162 0.4378
vn 0.548644 0.198803 -0.812076
vt 0.4846 0.3987
vn 0.594438 0.341893 -0.727841
vt 0.4158 0.3982
vn 0.352896 -0.890027 0.288647
vt 0.2173 0.498
vn 0.320854 -0.880357 0.34932
vt 0.2741 0.4497
vn 0.306327 -0.874787 0.375381
vt 0.276 0.4942
vn 0.360314 -0.891707 0.273919
vt 0.2155 0.4535
vn 0.63338 0.221364 -0.741503
vt 0.2931 0.4371
vn 0.625865 0.221445 -0.747834
vt 0.0884 0.3927
vn 0.590636 0.0546552 -0.805085
vt 0.0981 0.4345
vn 0.63714 0.258176 -0.726221
vt 0.2913 0.3933
vn -0.570303 0.301096 0.764262
vt 0.2913 0.3933
vn -0.692509 0.305957 0.653316
vt 0.4158 0.3982
vn -0.746591 0.275271 0.605663
vt 0.4846 0.3987
vn -0.747925 0.269731 0.606509
vt 0.5789 0.4553
vn 0.614797 -0.233305 0.753388
vt 0.3428 0.4692
vn -0.540857 0.10928 0.833985
vt 0.0884 0.3927
vn -0.63338 -0.221364 0.741503
vt 0.2931 0.4371
vn -0.590636 -0.0546552 0.805085
vt 0.0981 0.4345
vn 3.40183e-07 0.348259 0.937398
vt 0.3445 1.0012
vn 0.752837 -0.0127143 0.658084
vt 0.0164 0.7434
vn 0.752837 -0.0127143 0.658084
vt 0.0325 0.7434
vn 0.752837 -0.0127143 0.658084
vt 0.026 0.7076
vn 0.537691 0.0784053 -0.839489
vt 0.0004 0.4344
vn 0.666541 0.207549 -0.715994
vt 0.2792 0.3948
vn 0.675563 0.215454 -0.70512
vt 0.0203 0.3945
vn 0.53183 0.0721112 -0.843775
vt 0.2617 0.4378
vn -0.407179 0.0336037 0.91273
vt 0.0203 0.3945
vn -0.53183 -0.0721112 0.843775
vt 0.2617 0.4378
vn -0.537691 -0.0784052 0.839489
vt 0.0004 0.4344
vn -0.395406 0.0464736 0.91733
vt 0.2792 0.3948
vn -0.294401 0.94146 -0.164259
vt 0.1211 0.7972
vn -0.658479 0.752302 -0.0211502
vt 0.2061 0.8681
vn -0.421873 0.904268 -0.0657457
vt 0.2247 0.7434
vn -0.147749 0.962124 -0.229101
vt 0.0322 0.7434
vn -0.193427 0.951946 -0.237453
vt 0.0333 0.7434
vn 0.164785 0.927528 0.335466
vt 0.0921 0.804
vn 0.060533 0.850612 0.522298
vt 0.2181 0.7434
vn 0.025946 0.819647 0.572281
vt 0.215 0.861
vn 0.235544 0.95842 0.161088
vt 0.0145 0.7434
vn 0.279778 0.939073 0.199667
vt 0.0094 0.7434
vn -0.992865 -1.76202e-08 -0.119247
vt 0.2258 0.7076
vn -0.991615 -0.00980295 -0.128855
vt 0.2246 0.7434
vn 0.158997 3.62951e-08 0.987279
vt 0.219 0.7434
vn 0.141904 -0.0173197 0.989729
vt 0.219 0.7076
vn -0.948849 -0.233702 -0.212295
vt 0.0264 0.7076
vn -0.943127 -0.257489 -0.210262
vt 0.0325 0.7434
vn 0.140779 -0.252523 0.957295
vt 0.0267 0.7434
vn 0.132829 -0.272788 0.95286
vt 0.0218 0.7076
vn -0.589119 0.355018 -0.72588
vt 0.4158 0.3982
vn -0.548842 0.200937 -0.811416
vt 0.4846 0.3987
vn 0.233924 0.965207 -0.116853
vt 0.4162 0.4378
vn -0.351218 -0.891391 0.286476
vt 0.2173 0.498
vn -0.318088 -0.881826 0.348142
vt 0.2741 0.4497
vn -0.35874 -0.892991 0.271794
vt 0.2155 0.4535
vn -0.303155 -0.876282 0.374469
vt 0.276 0.4942
vn -0.609261 0.0635886 -0.790416
vt 0.2931 0.4371
vn -0.625837 0.221456 -0.747853
vt 0.0884 0.3927
vn -0.636621 0.259412 -0.726236
vt 0.2913 0.3933
vn -0.590609 0.0546653 -0.805104
vt 0.0981 0.4345
vn 0.570098 0.300333 0.764715
vt 0.2913 0.3933
vn 0.692881 0.294837 0.658017
vt 0.4158 0.3982
vn 0.746886 0.272905 0.606369
vt 0.4846 0.3987
vn 0.747788 0.26914 0.606941
vt 0.5789 0.4553
vn -0.611908 -0.232928 0.755853
vt 0.3428 0.4692
vn 0.609261 -0.0635886 0.790416
vt 0.2931 0.4371
vn 0.540829 0.109289 0.834002
vt 0.0884 0.3927
vn 0.590609 -0.0546653 0.805104
vt 0.0981 0.4345
vn -0.753435 -0.000107424 0.657522
vt 0.0164 0.7434
vn -0.537764 0.0784718 -0.839436
vt 0.0004 0.4344
vn -0.666543 0.207551 -0.715991
vt 0.2792 0.3948
vn -0.531848 0.0721169 -0.843764
vt 0.2617 0.4378
vn -0.675563 0.215454 -0.70512
vt 0.0203 0.3945
vn 0.407263 0.0335361 0.912695
vt 0.0203 0.3945
vn 0.531848 -0.0721169 0.843764
vt 0.2617 0.4378
vn 0.395424 0.046478 0.917322
vt 0.2792 0.3948
vn 0.537764 -0.0784718 0.839436
vt 0.0004 0.4344
vn -0.612482 -0.233135 -0.755324
vt 0.2741 0.4497
vn -0.612482 -0.233135 -0.755324
vt 0.3428 0.4692
vn -0.786473 0.617625 -1.3831e-12
vt 0.5934 0.4581
vn 5.12526e-11 1 -0.00018419
vt 0.901 0.4023
vn -0.483975 0.875082 -0.000161181
vt 0.901 0.458
vn 2.56263e-11 1 -2.84937e-12
vt 0.5934 0.4023
vn -1 0 0
vt 0.5934 0.4026
vn -1 0 0
vt 0.9524 0.458
vn -1 0 0
vt 0.9462 0.4027
vn 1 0 0
vt 0.953 0.4575
vn 1 0 0
vt 0.594 0.4021
vn 1 0 0
vt 0.9467 0.4021
vn 1 0 0
vt 0.9016 0.4575
vn 1 0 0
vt 0.594 0.4576
vn -7.35382e-05 -0.328069 -0.944654
vt 0.778 0.4028
vn -3.36481e-05 -0.219616 -0.975586
vt 0.7438 0.4565
vn -0.000120612 -0.328112 -0.944639
vt 0.778 0.4565
vn 0 -0.219641 -0.975581
vt 0.7438 0.4028
vn -2.48895e-09 0.994935 0.100517
vt 0.8758 0.458
vn -2.48895e-09 0.994935 0.100517
vt 0.8413 0.4043
vn -2.48895e-09 0.994935 0.100517
vt 0.8413 0.458
vn -2.48895e-09 0.994935 0.100517
vt 0.8758 0.4043
vn -1 0 0
vt 0.9628 0.5361
vn -1 0 0
vt 0.9942 0.5356
vn 2.93398e-08 0.650902 0.759162
vt 0.8403 0.4028
vn 2.93398e-08 0.650902 0.759162
vt 0.7791 0.4574
vn 2.93398e-08 0.650902 0.759162
vt 0.7791 0.4028
vn 2.93398e-08 0.650902 0.759162
vt 0.8403 0.4574
vn 1 0 0
vt 0.9948 0.5351
vn 1 0 0
vt 0.9633 0.5356
vn -5.83508e-05 -0.420029 -0.907511
vt 0.8142 0.4565
vn 4.85704e-09 -0.419993 -0.907527
vt 0.8142 0.4028
vn 0 -1 0
vt 0.7368 0.4288
vn 0 -1 0
vt 0.7441 0.4552
vn 0 -1 0
vt 0.7441 0.4025
vn 0 1 0.00018419
vt 0.901 0.4023
vn -2.22425e-08 1 0.00018419
vt 0.901 0.458
vn -1 0 0
vt 0.9524 0.458
vn -1 0 0
vt 0.9462 0.4027
vn 1 0 0
vt 0.9016 0.4575
vn 1 0 0
vt 0.953 0.4575
vn 1 0 0
vt 0.9467 0.4021
vn 4.4402e-09 -0.32809 0.944647
vt 0.778 0.4028
vn 9.43734e-09 -0.219641 0.975581
vt 0.7438 0.4565
vn 9.43734e-09 -0.219641 0.975581
vt 0.7438 0.4028
vn 4.4402e-09 -0.32809 0.944647
vt 0.778 0.4565
vn 0 0.994935 -0.100517
vt 0.8758 0.458
vn 0 0.994935 -0.100517
vt 0.8413 0.4043
vn 0 0.994935 -0.100517
vt 0.8758 0.4043
vn 0 0.994935 -0.100517
vt 0.8413 0.458
vn -1 0 0
vt 0.9628 0.5361
vn -1 0 0
vt 0.9942 0.5356
vn 0 0.650902 -0.759162
vt 0.8403 0.4028
vn 0 0.650902 -0.759162
vt 0.7791 0.4574
vn 0 0.650902 -0.759162
vt 0.8403 0.4574
vn 0 0.650902 -0.759162
vt 0.7791 0.4028
vn 1 0 0
vt 0.9948 0.5351
vn 1 0 0
vt 0.9633 0.5356
vn 0 -0.419993 0.907527
vt 0.8142 0.4565
vn 0 -0.419993 0.907527
vt 0.8142 0.4028
vn 0 -1 0
vt 0.7441 0.4025
vn 0 -1 0
vt 0.7441 0.4552
vn 0 -1 0
vt 0.7368 0.4288
vn -5.85711e-13 -0.000353858 1
vt 0.9969 0.3242
vn -5.85711e-13 -0.000353858 1
vt 0.7983 0.1462
vn -5.85711e-13 -0.000353858 1
vt 0.9969 0.1462
vn -5.85711e-13 -0.000353858 1
vt 0.7983 0.3242
vn 1 -0.000353296 0
vt 0.6674 0.3242
vn 1 -0.000353296 0
vt 0.456 0.1462
vn 1 -0.000353296 0
vt 0.456 0.3242
vn 1 -0.000353296 0
vt 0.6674 0.1462
vn -1 0.000353296 -1.43525e-12
vt 0.9203 0.3242
vn -1 0.000353296 -1.43528e-12
vt 0.4559 0.1462
vn -1 0.000353296 -1.43525e-12
vt 0.9203 0.1462
vn -1 0.000353296 -1.43529e-12
vt 0.4558 0.3242
vn -3.9579e-05 -0.000386448 1
vt 0.6742 0.3242
vn -1.50773e-05 -0.000439409 1
vt 0.4755 0.1462
vn -5.46563e-05 -0.000353858 1
vt 0.6741 0.1462
vn -6.44247e-12 -0.000471998 1
vt 0.4755 0.3242
vn 0 0.000353858 -1
vt 0.9969 0.3242
vn 0 0.000353858 -1
vt 0.7983 0.1462
vn 0 0.000353858 -1
vt 0.7983 0.3242
vn 0 0.000353858 -1
vt 0.9969 0.1462
vn 0 0.000353858 -1
vt 0.6742 0.3242
vn 0 0.000353858 -1
vt 0.4755 0.1462
vn 0 0.000353858 -1
vt 0.4755 0.3242
vn 0 0.000353858 -1
vt 0.6741 0.1462
vn 1 -0.000353296 0
vt 0.6674 0.3242
vn 1 -0.000353296 0
vt 0.456 0.1462
vn 1 -0.000353296 0
vt 0.456 0.3242
vn 1 -0.000353296 0
vt 0.6674 0.1462
vn -1 0.000353296 -1.43528e-12
vt 0.456 0.3242
vn -1 0.000353296 -1.43529e-12
vt 0.456 0.1462
vn -0.42184 0.904282 0.0657732
vt 0.2236 0.7434
vn -0.45994 0.886986 0.0413708
vt 0.2052 0.8681
vn -0.293849 0.941604 0.164424
vt 0.1201 0.7972
vn -0.156967 0.959942 0.232106
vt 0.031 0.7434
vn -0.238214 0.939396 0.246557
vt 0.0321 0.7434
vn 0.0139079 0.692331 -0.721446
vt 0.2282 0.861
vn 0.0607706 0.850834 -0.521908
vt 0.2314 0.7434
vn 0.165081 0.927782 -0.334617
vt 0.1054 0.804
vn -2.41616e-07 0.81857 -0.574406
vt 0.3579 0.7434
vn -1.43998e-09 0.580797 -0.814048
vt 0.3579 0.8594
vn 0.233119 0.959526 -0.158005
vt 0.0277 0.7434
vn 0.260433 0.948249 -0.181654
vt 0.0227 0.7434
vn -0.992865 0 0.119243
vt 0.2249 0.7076
vn -0.67993 0.733172 0.0124018
vt 0.6392 0.7434
vn -1 -9.71422e-09 8.65607e-11
vt 0.6392 0.7076
vn -7.25983e-12 -5.47837e-07 -1
vt 0.3568 0.7056
vn 0.160606 -5.09785e-05 -0.987019
vt 0.2303 0.7431
vn -1.50117e-10 1.79827e-09 -1
vt 0.3568 0.7431
vn 0.143067 -0.0185045 -0.98954
vt 0.2303 0.7056
vn -0.949556 -0.23054 0.21259
vt 0.0254 0.7076
vn -0.944048 -0.253797 0.210622
vt 0.0315 0.7434
vn 0.137404 -0.267407 -0.953737
vt 0.036 0.7431
vn 0.128937 -0.288727 -0.94869
vt 0.0311 0.7056
vn -0.587332 0.308189 0.748372
vt 0.4162 0.4378
vn -0.548763 0.198779 0.812001
vt 0.4846 0.3987
vn -0.594462 0.341893 0.727821
vt 0.4158 0.3982
vn -0.352945 -0.890038 -0.288551
vt 0.2173 0.498
vn -0.486657 -0.662764 -0.56913
vt 0.2741 0.4497
vn -0.456909 -0.690776 -0.560414
vt 0.276 0.4942
vn -0.360375 -0.89172 -0.273797
vt 0.2155 0.4535
vn -0.633367 0.221588 0.741448
vt 0.2931 0.4371
vn -0.625898 0.221456 0.747802
vt 0.0884 0.3927
vn -0.590672 0.0546442 0.805059
vt 0.0981 0.4345
vn -0.637108 0.258409 0.726167
vt 0.2913 0.3933
vn 0.570355 0.300881 -0.764307
vt 0.2913 0.3933
vn 0.6925 0.306147 -0.653236
vt 0.4158 0.3982
vn 0.746608 0.275202 -0.605673
vt 0.4846 0.3987
vn 0.267728 0.818156 0.508864
vt 0.5789 0.4553
vn -0.614457 -0.233348 -0.753652
vt 0.3428 0.4692
vn 0.5409 0.109268 -0.833959
vt 0.0884 0.3927
vn 0.633367 -0.221588 -0.741448
vt 0.2931 0.4371
vn 0.590672 -0.0546442 -0.805059
vt 0.0981 0.4345
vn -3.4153e-07 0.348259 -0.937398
vt 0.3579 1.0012
vn -0.753044 -0.0126069 -0.657849
vt 0.01 0.7431
vn -0.753044 -0.0126069 -0.657849
vt 0.0262 0.7431
vn -0.753044 -0.0126069 -0.657849
vt 0.0197 0.7056
vn -0.537692 0.0784064 0.839488
vt 0.0004 0.4344
vn -0.666541 0.207549 0.715993
vt 0.2792 0.3948
vn -0.675564 0.215455 0.705118
vt 0.0203 0.3945
vn -0.53183 0.0721113 0.843775
vt 0.2617 0.4378
vn 0.40718 0.0336026 -0.91273
vt 0.0203 0.3945
vn 0.53183 -0.0721113 -0.843775
vt 0.2617 0.4378
vn 0.537692 -0.0784064 -0.839488
vt 0.0004 0.4344
vn 0.395405 0.046474 -0.91733
vt 0.2792 0.3948
vn 0.294366 0.941484 0.164183
vt 0.1201 0.7972
vn 0.459564 0.88717 0.0416025
vt 0.2052 0.8681
vn 0.421867 0.904271 0.0657378
vt 0.2238 0.7434
vn 0.147685 0.962148 0.229044
vt 0.0312 0.7434
vn 0.193462 0.951949 0.237415
vt 0.0323 0.7434
vn -0.164788 0.927509 -0.335518
vt 0.1054 0.804
vn -0.0605313 0.850566 -0.522374
vt 0.2315 0.7434
vn -0.0139072 0.692329 -0.721448
vt 0.2283 0.861
vn -0.235556 0.958408 -0.161141
vt 0.0278 0.7434
vn -0.279915 0.938995 -0.199838
vt 0.0228 0.7434
vn 0.696525 0.717532 7.62614e-06
vt 0.6392 0.8681
vn 0.817231 0.57631 1.05609e-05
vt 0.2933 0.9945
vn 0.817238 0.5763 -1.84868e-09
vt 0.6392 0.9945
vn 0.992867 1.32762e-08 0.119226
vt 0.2249 0.7076
vn 0.679026 0.734011 -0.0123086
vt 0.6392 0.7434
vn 1 6.81092e-09 -3.33992e-10
vt 0.6392 0.7076
vn 0.991618 -0.00980037 0.128833
vt 0.2236 0.7434
vn -0.158992 -1.30508e-08 -0.98728
vt 0.2303 0.7431
vn -0.141906 -0.0172902 -0.989729
vt 0.2303 0.7056
vn 0.948829 -0.233797 0.212278
vt 0.0254 0.7076
vn 0.943097 -0.257618 0.210241
vt 0.0315 0.7434
vn -0.0841998 -0.242872 -0.966397
vt 0.036 0.7431
vn -0.105096 -0.267612 -0.957778
vt 0.0311 0.7056
vn 0.58912 0.355015 0.725881
vt 0.4158 0.3982
vn 0.54883 0.201077 0.81139
vt 0.4846 0.3987
vn 0.583341 0.318413 0.747213
vt 0.4162 0.4378
vn 0.351332 -0.891384 -0.286358
vt 0.2173 0.498
vn 0.483614 -0.66548 -0.568554
vt 0.2741 0.4497
vn 0.358859 -0.892982 -0.271668
vt 0.2155 0.4535
vn 0.454015 -0.692767 -0.560308
vt 0.276 0.4942
vn 0.633363 0.221589 0.741451
vt 0.2931 0.4371
vn 0.62587 0.221464 0.747823
vt 0.0884 0.3927
vn 0.636589 0.259643 0.726182
vt 0.2913 0.3933
vn 0.590645 0.054652 0.805079
vt 0.0981 0.4345
vn -0.570204 0.299927 -0.764795
vt 0.2913 0.3933
vn -0.692943 0.294631 -0.658044
vt 0.4158 0.3982
vn -0.746961 0.272885 -0.606287
vt 0.4846 0.3987
vn -0.26465 0.817387 0.511702
vt 0.5789 0.4553
vn -0.633363 -0.221589 -0.741451
vt 0.2931 0.4371
vn -0.540875 0.109259 -0.833976
vt 0.0884 0.3927
vn -0.590645 -0.054652 -0.805079
vt 0.0981 0.4345
vn 0.753672 -1.42724e-05 -0.657251
vt 0.0288 0.7431
vn 0.537764 0.0784719 0.839436
vt 0.0004 0.4344
vn 0.666541 0.207549 0.715993
vt 0.2792 0.3948
vn 0.531846 0.0721151 0.843765
vt 0.2617 0.4378
vn 0.675563 0.215454 0.70512
vt 0.0203 0.3945
vn -0.407263 0.0335358 -0.912695
vt 0.0203 0.3945
vn -0.531846 -0.0721151 -0.843765
vt 0.2617 0.4378
vn -0.395423 0.0464793 -0.917322
vt 0.2792 0.3948
vn -0.537764 -0.0784719 -0.839436
vt 0.0004 0.4344
vn -0.293883 0.94158 -0.1645
vt 0.1211 0.7972
vn -0.656896 0.753676 -0.0214362
vt 0.2061 0.8681
vn -0.565818 0.820293 -0.0834816
vt 0.2246 0.7434
vn -0.157033 0.959917 -0.232163
vt 0.032 0.7434
vn -0.238191 0.939391 -0.246597
vt 0.0331 0.7434
vn 0.165083 0.927794 0.334582
vt 0.092 0.804
vn 0.060773 0.850877 0.521837
vt 0.2181 0.7434
vn 0.0259451 0.819647 0.572281
vt 0.2149 0.861
vn -2.4416e-07 0.818597 0.574369
vt 0.3445 0.7434
vn 2.35413e-09 0.812678 0.582713
vt 0.3445 0.8594
vn 0.233127 0.959526 0.157995
vt 0.0144 0.7434
vn 0.260446 0.948247 0.181647
vt 0.0094 0.7434
vn -0.696524 0.717533 7.43273e-06
vt 0.6392 0.8681
vn 0.0112337 0.999937 -5.594e-09
vt 0.2942 0.9945
vn -0.992865 -2.38986e-08 -0.119245
vt 0.2258 0.7076
vn 2.01558e-10 7.49911e-10 1
vt 0.3442 0.7076
vn 0.160635 4.526e-09 0.987014
vt 0.219 0.7434
vn 0.143049 -0.0184876 0.989543
vt 0.219 0.7076
vn -1.50111e-10 7.49911e-10 1
vt 0.3442 0.7434
vn -0.949576 -0.23044 -0.212608
vt 0.0264 0.7076
vn -0.944079 -0.253662 -0.210644
vt 0.0325 0.7434
vn 0.137334 -0.267583 0.953697
vt 0.0267 0.7434
vn 0.128863 -0.288913 0.948643
vt 0.0218 0.7076
vn -0.594462 0.341893 -0.727821
vt 0.4158 0.3982
vn -0.548775 0.198639 -0.812027
vt 0.4846 0.3987
vn 0.233914 0.965287 -0.116214
vt 0.4162 0.4378
vn -0.352945 -0.890038 0.288551
vt 0.2173 0.498
vn -0.320807 -0.88034 0.349406
vt 0.2741 0.4497
vn -0.360375 -0.89172 0.273797
vt 0.2155 0.4535
vn -0.306214 -0.874741 0.37558
vt 0.276 0.4942
vn -0.609273 0.0636254 -0.790404
vt 0.2931 0.4371
vn -0.625865 0.221445 -0.747834
vt 0.0884 0.3927
vn -0.637141 0.258173 -0.726222
vt 0.2913 0.3933
vn -0.590635 0.0546543 -0.805086
vt 0.0981 0.4345
vn 0.570305 0.301111 0.764254
vt 0.2913 0.3933
vn 0.6925 0.306147 0.653236
vt 0.4158 0.3982
vn 0.746583 0.275303 0.605658
vt 0.4846 0.3987
vn 0.747925 0.269731 0.606509
vt 0.5789 0.4553
vn -0.614483 -0.233191 0.75368
vt 0.3428 0.4692
vn 0.609273 -0.0636255 0.790404
vt 0.2931 0.4371
vn 0.540857 0.109282 0.833985
vt 0.0884 0.3927
vn 0.590635 -0.0546543 0.805086
vt 0.0981 0.4345
vn -3.43861e-07 0.348259 0.937398
vt 0.3445 1.0012
vn -0.753047 -0.0128132 0.657842
vt 0.026 0.7076
vn -0.753047 -0.0128132 0.657842
vt 0.0325 0.7434
vn -0.753047 -0.0128132 0.657842
vt 0.0164 0.7434
vn -0.537692 0.0784062 -0.839488
vt 0.0004 0.4344
vn -0.666541 0.207549 -0.715994
vt 0.2792 0.3948
vn -0.53183 0.0721108 -0.843775
vt 0.2617 0.4378
vn -0.675565 0.215455 -0.705118
vt 0.0203 0.3945
vn 0.407179 0.033603 0.91273
vt 0.0203 0.3945
vn 0.53183 -0.0721108 0.843775
vt 0.2617 0.4378
vn 0.395405 0.0464745 0.91733
vt 0.2792 0.3948
vn 0.537692 -0.0784062 0.839488
vt 0.0004 0.4344
vn 0.421874 0.904268 -0.0657358
vt 0.2247 0.7434
vn 0.658476 0.752304 -0.0211459
vt 0.2061 0.8681
vn 0.2944 0.94146 -0.164259
vt 0.1211 0.7972
vn 0.14775 0.962124 -0.229101
vt 0.0322 0.7434
vn 0.193431 0.951945 -0.237454
vt 0.0333 0.7434
vn -0.025946 0.819647 0.572281
vt 0.215 0.861
vn -0.0605324 0.850611 0.522299
vt 0.2181 0.7434
vn -0.164783 0.927527 0.335471
vt 0.0921 0.804
vn -0.235554 0.958412 0.161122
vt 0.0145 0.7434
vn -0.279929 0.938993 0.199829
vt 0.0094 0.7434
vn 0.992867 0 -0.119229
vt 0.2258 0.7076
vn 0.991617 -0.00980273 -0.128838
vt 0.2246 0.7434
vn -0.158992 0 0.98728
vt 0.219 0.7434
vn -0.141901 -0.0173139 0.989729
vt 0.219 0.7076
vn 0.94885 -0.233697 -0.212296
vt 0.0264 0.7076
vn 0.943129 -0.257483 -0.210263
vt 0.0325 0.7434
vn -0.140788 -0.252482 0.957304
vt 0.0267 0.7434
vn -0.132839 -0.27275 0.95287
vt 0.0218 0.7076
vn -0.234045 0.965184 -0.116802
vt 0.4162 0.4378
vn 0.548843 0.200936 -0.811416
vt 0.4846 0.3987
vn 0.58912 0.355015 -0.725881
vt 0.4158 0.3982
vn 0.351324 -0.891382 0.286374
vt 0.2173 0.498
vn 0.318135 -0.881808 0.348146
vt 0.2741 0.4497
vn 0.303182 -0.876258 0.374503
vt 0.276 0.4942
vn 0.358859 -0.892982 0.271668
vt 0.2155 0.4535
vn 0.633376 0.221363 -0.741507
vt 0.2931 0.4371
vn 0.625837 0.221453 -0.747855
vt 0.0884 0.3927
vn 0.590608 0.0546622 -0.805105
vt 0.0981 0.4345
vn 0.636622 0.259407 -0.726237
vt 0.2913 0.3933
vn -0.570154 0.300158 0.764742
vt 0.2913 0.3933
vn -0.692923 0.294632 0.658065
vt 0.4158 0.3982
vn -0.746896 0.272866 0.606375
vt 0.4846 0.3987
vn -0.747788 0.26914 0.606941
vt 0.5789 0.4553
vn 0.611908 -0.232928 0.755853
vt 0.3428 0.4692
vn -0.540832 0.109273 0.834002
vt 0.0884 0.3927
vn -0.633376 -0.221363 0.741507
vt 0.2931 0.4371
vn -0.590608 -0.0546621 0.805105
vt 0.0981 0.4345
vn 0.753677 -0.000224433 0.657245
vt 0.0164 0.7434
vn 0.537763 0.0784717 -0.839436
vt 0.0004 0.4344
vn 0.666541 0.207549 -0.715994
vt 0.2792 0.3948
vn 0.675563 0.215454 -0.70512
vt 0.0203 0.3945
vn 0.531845 0.0721147 -0.843765
vt 0.2617 0.4378
vn -0.407263 0.0335361 0.912695
vt 0.0203 0.3945
vn -0.531845 -0.0721147 0.843765
vt 0.2617 0.4378
vn -0.537763 -0.0784717 0.839436
vt 0.0004 0.4344
vn -0.395422 0.0464797 0.917323
vt 0.2792 0.3948
vn 0.612226 -0.233043 -0.755559
vt 0.3428 0.4692
vn 0.786474 0.617623 5.25944e-12
vt 0.5934 0.4581
vn 0 1 -0.00018419
vt 0.901 0.4023
vn 1.32015e-11 1 -1.81336e-12
vt 0.5934 0.4023
vn 0.483977 0.875081 -0.000161181
vt 0.901 0.458
vn 1 0 0
vt 0.9524 0.458
vn 1 0 0
vt 0.5934 0.4026
vn 1 0 0
vt 0.9462 0.4027
vn -1 0 0
vt 0.9016 0.4575
vn -1 0 0
vt 0.594 0.4021
vn -1 0 0
vt 0.594 0.4576
vn -1 0 0
vt 0.953 0.4575
vn -1 0 0
vt 0.9467 0.4021
vn 7.35401e-05 -0.328069 -0.944654
vt 0.778 0.4028
vn 3.36408e-05 -0.219616 -0.975586
vt 0.7438 0.4565
vn -9.43737e-09 -0.219641 -0.975581
vt 0.7438 0.4028
vn 0.000120617 -0.328112 -0.944639
vt 0.778 0.4565
vn 0 0.994935 0.100517
vt 0.8758 0.458
vn 0 0.994935 0.100517
vt 0.8413 0.4043
vn 0 0.994935 0.100517
vt 0.8758 0.4043
vn 0 0.994935 0.100517
vt 0.8413 0.458
vn 1 0 0
vt 0.9628 0.5361
vn 1 0 0
vt 0.9942 0.5356
vn 0 0.650902 0.759162
vt 0.8403 0.4028
vn 0 0.650902 0.759162
vt 0.7791 0.4574
vn 0 0.650902 0.759162
vt 0.8403 0.4574
vn 0 0.650902 0.759162
vt 0.7791 0.4028
vn -1 0 0
vt 0.9948 0.5351
vn -1 0 0
vt 0.9633 0.5356
vn 5.83579e-05 -0.420029 -0.907511
vt 0.8142 0.4565
vn 0 -0.419993 -0.907527
vt 0.8142 0.4028
vn 0 -1 0
vt 0.7441 0.4025
vn 0 -1 0
vt 0.7441 0.4552
vn 0 -1 0
vt 0.7368 0.4288
vn 2.6403e-11 1 0.00018419
vt 0.901 0.4023
vn 3.98973e-08 1 0.00018419
vt 0.901 0.458
vn 1 0 0
vt 0.9524 0.458
vn 1 0 0
vt 0.9462 0.4027
vn -1 0 0
vt 0.953 0.4575
vn -1 0 0
vt 0.9467 0.4021
vn -1 0 0
vt 0.9016 0.4575
vn -2.59915e-09 -0.32809 0.944647
vt 0.778 0.4028
vn 0 -0.219641 0.975581
vt 0.7438 0.4565
vn -2.59915e-09 -0.32809 0.944647
vt 0.778 0.4565
vn 0 -0.219641 0.975581
vt 0.7438 0.4028
vn 2.48896e-09 0.994935 -0.100517
vt 0.8758 0.458
vn 2.48896e-09 0.994935 -0.100517
vt 0.8413 0.4043
vn 2.48896e-09 0.994935 -0.100517
vt 0.8413 0.458
vn 2.48896e-09 0.994935 -0.100517
vt 0.8758 0.4043
vn 1 0 0
vt 0.9628 0.5361
vn 1 0 0
vt 0.9942 0.5356
vn -2.93399e-08 0.650902 -0.759162
vt 0.8403 0.4028
vn -2.93399e-08 0.650902 -0.759162
vt 0.7791 0.4574
vn -2.93399e-08 0.650902 -0.759162
vt 0.7791 0.4028
vn -2.93399e-08 0.650902 -0.759162
vt 0.8403 0.4574
vn -1 0 0
vt 0.9948 0.5351
vn -1 0 0
vt 0.9633 0.5356
vn -4.85706e-09 -0.419993 0.907527
vt 0.8142 0.4565
vn -4.85706e-09 -0.419993 0.907527
vt 0.8142 0.4028
vn 0 -1 0
vt 0.7368 0.4288
vn 0 -1 0
vt 0.7441 0.4552
vn 0 -1 0
vt 0.7441 0.4025
vn 0 -0.000350509 1
vt 0.9969 0.3242
vn 0 -0.000350509 1
vt 0.7983 0.1462
vn 0 -0.000350509 1
vt 0.7983 0.3242
vn 0 -0.000350509 1
vt 0.9969 0.1462
vn -1 -0.000351066 -3.67859e-12
vt 0.6674 0.3242
vn -1 -0.000351066 -3.67859e-12
vt 0.456 0.1462
vn -1 -0.000351066 -3.67859e-12
vt 0.6674 0.1462
vn -1 -0.000351066 -3.67859e-12
vt 0.456 0.3242
vn 1 0.000349952 0
vt 0.9203 0.3242
vn 1 0.000349952 0
vt 0.4559 0.1462
vn 1 0.000349952 0
vt 0.4558 0.3242
vn 1 0.000349952 0
vt 0.9203 0.1462
vn 0 -0.000350509 1
vt 0.6742 0.3242
vn 0 -0.000350509 1
vt 0.4755 0.1462
vn 0 -0.000350509 1
vt 0.4755 0.3242
vn 0 -0.000350509 1
vt 0.6741 0.1462
vn 7.54188e-12 0.000350509 -1
vt 0.9969 0.3242
vn 7.54206e-12 0.000350509 -1
vt 0.7983 0.1462
vn 7.54177e-12 0.000350509 -1
vt 0.9969 0.1462
vn 7.54218e-12 0.000350509 -1
vt 0.7983 0.3242
vn 7.54206e-12 0.000350509 -1
vt 0.6742 0.3242
vn 7.54188e-12 0.000350509 -1
vt 0.4755 0.1462
vn 7.54217e-12 0.000350509 -1
vt 0.6741 0.1462
vn 7.54176e-12 0.000350509 -1
vt 0.4755 0.3242
vn -1 -0.000351066 -3.67865e-12
vt 0.6674 0.3242
vn -1 -0.000351066 -3.67874e-12
vt 0.456 0.1462
vn -1 -0.000351066 -3.67859e-12
vt 0.6674 0.1462
vn -1 -0.000351066 -3.6788e-12
vt 0.456 0.3242
vn 1 0.000349952 0
vt 0.456 0.3242
vn 1 0.000349952 0
vt 0.456 0.1462
vn 0 0 -1
vt 0.9436 0.6464
vn 0 0 -1
vt 1.0042 0.5643
vn 0 0 -1
vt 0.9436 0.5643
vn 0 0 -1
vt 1.0042 0.6464
vn -0.999867 0 0.0163263
vt 0.9479 0.6464
vn -0.999867 0 0.0163263
vt 0.5343 0.5654
vn -0.999867 0 0.0163263
vt 0.9479 0.5654
vn -0.999867 0 0.0163263
vt 0.5343 0.6464
vn 9.96121e-09 -0.999888 0.014993
vt 0.9479 0.6464
vn 0 -0.999888 0.014993
vt 0.5343 0.5654
vn 0 -0.999888 0.014993
vt 0.9479 0.5654
vn 1.20814e-08 -0.999888 0.014993
vt 0.5343 0.6464
vn 0.999867 -7.55655e-09 0.0163263
vt 0.9479 0.5654
vn 0.999867 -5.21035e-09 0.0163263
vt 0.5343 0.5654
vn 0 0.999887 0.0150464
vt 0.9479 0.6464
vn 0 0.999887 0.0150464
vt 0.5343 0.6464
vn 0 0 -1
vt 0.9436 0.6464
vn 0 0 -1
vt 1.0042 0.5643
vn 0 0 -1
vt 0.9436 0.5643
vn 0 0 -1
vt 1.0042 0.6464
vn -0.999905 0 0.0138193
vt 0.9479 0.6464
vn -0.999905 0 0.0138193
vt 0.5343 0.5654
vn -0.999905 0 0.0138193
vt 0.9479 0.5654
vn -0.999905 0 0.0138193
vt 0.5343 0.6464
vn -1.89411e-08 -0.999919 0.012699
vt 0.9479 0.6464
vn 0 -0.999919 0.012699
vt 0.5343 0.5654
vn 0 -0.999919 0.012699
vt 0.9479 0.5654
vn -2.40999e-08 -0.999919 0.012699
vt 0.5343 0.6464
vn 0.999905 9.78272e-09 0.0138193
vt 0.9479 0.5654
vn 0.999905 4.36094e-08 0.0138193
vt 0.5343 0.5654
vn 0 0.999919 0.012699
vt 0.9479 0.6464
vn 0 0.999919 0.012699
vt 0.5343 0.6464
vn 0 0 -1
vt 0.9436 0.6464
vn 0 0 -1
vt 1.0042 0.5643
vn 0 0 -1
vt 0.9436 0.5643
vn 0 0 -1
vt 1.0042 0.6464
vn -0.999751 0 0.0223
vt 0.9479 0.6464
vn -0.999751 0 0.0223
vt 0.5343 0.5654
vn -0.999751 0 0.0223
vt 0.9479 0.5654
vn -0.999751 0 0.0223
vt 0.5343 0.6464
vn 2.68034e-08 -0.999789 0.0205399
vt 0.9479 0.6464
vn 0 -0.999789 0.0205399
vt 0.5343 0.5654
vn 0 -0.999789 0.0205399
vt 0.9479 0.5654
vn 3.13912e-08 -0.999789 0.0205399
vt 0.5343 0.6464
vn 0.99975 3.02885e-08 0.0223528
vt 0.9479 0.5654
vn 0.99975 4.44819e-08 0.0223528
vt 0.5343 0.5654
vn 0 0.99979 0.020487
vt 0.9479 0.6464
vn 0 0.99979 0.020487
vt 0.5343 0.6464
vn 7.80676e-05 8.49305e-05 -1
vt 0.9436 0.6464
vn 7.01278e-05 7.62927e-05 -1
vt 1.0042 0.5643
vn 0.000148195 0.000161223 -1
vt 0.9436 0.5643
vn 0 0 -1
vt 1.0042 0.6464
vn -0.99977 0 0.021446
vt 0.9479 0.6464
vn -0.99977 0 0.021446
vt 0.5343 0.5654
vn -0.99977 0 0.021446
vt 0.9479 0.5654
vn -0.99977 0 0.021446
vt 0.5343 0.6464
vn 1.0953e-07 -0.999805 0.0197393
vt 0.9479 0.6464
vn 0 -0.999805 0.0197393
vt 0.5343 0.5654
vn 0 -0.999805 0.0197393
vt 0.9479 0.5654
vn -3.24343e-08 -0.999805 0.0197393
vt 0.5343 0.6464
vn 0.999769 -2.89632e-06 0.0214991
vt 0.9479 0.5654
vn 0.999769 3.65393e-08 0.0215
vt 0.5343 0.5654
vn -2.40523e-06 0.999805 0.0197401
vt 0.9479 0.6464
vn 0 0.999805 0.0197393
vt 0.5343 0.6464
vn 0 0 -1
vt 0.9436 0.6464
vn 0 0 -1
vt 1.0042 0.5643
vn 0 0 -1
vt 0.9436 0.5643
vn 0 0 -1
vt 1.0042 0.6464
vn -0.999905 0 0.0137692
vt 0.9479 0.6464
vn -0.999905 0 0.0137692
vt 0.5343 0.5654
vn -0.999905 0 0.0137692
vt 0.9479 0.5654
vn -0.999905 0 0.0137692
vt 0.5343 0.6464
vn 3.22447e-08 -0.99992 0.0126273
vt 0.9479 0.6464
vn 0 -0.99992 0.0126273
vt 0.5343 0.5654
vn 0 -0.99992 0.0126273
vt 0.9479 0.5654
vn 3.09791e-08 -0.99992 0.0126273
vt 0.5343 0.6464
vn 0.999906 4.84952e-09 0.013702
vt 0.9479 0.5654
vn 0.999906 7.54673e-09 0.013702
vt 0.5343 0.5654
vn 0 0.99992 0.0126273
vt 0.9479 0.6464
vn 0 0.99992 0.0126273
vt 0.5343 0.6464
vn 0 0 -1
vt 0.9436 0.6464
vn 0 0 -1
vt 1.0042 0.5643
vn 0 0 -1
vt 0.9436 0.5643
vn 0 0 -1
vt 1.0042 0.6464
vn -0.998349 0 0.057446
vt 0.9479 0.6464
vn -0.998349 0 0.057446
vt 0.5343 0.5654
vn -0.998349 0 0.057446
vt 0.9479 0.5654
vn -0.998349 0 0.057446
vt 0.5343 0.6464
vn 4.02415e-09 -0.998962 0.0455528
vt 0.9479 0.6464
vn 0 -0.998962 0.0455528
vt 0.5343 0.5654
vn 0 -0.998962 0.0455528
vt 0.9479 0.5654
vn 1.16711e-08 -0.998962 0.0455528
vt 0.5343 0.6464
vn 0.998354 2.36711e-08 0.0573598
vt 0.9479 0.5654
vn 0.998354 -1.03891e-07 0.0573598
vt 0.5343 0.5654
vn 0 0.998962 0.0455528
vt 0.9479 0.6464
vn 0 0.998962 0.0455528
vt 0.5343 0.6464
vn 0 0 -1
vt 0.9436 0.6464
vn 0 0 -1
vt 1.0042 0.5643
vn 0 0 -1
vt 0.9436 0.5643
vn 0 0 -1
vt 1.0042 0.6464
vn -0.999979 0 0.00640333
vt 0.9479 0.6464
vn -0.999979 0 0.00640333
vt 0.5343 0.5654
vn -0.999979 0 0.00640333
vt 0.9479 0.5654
vn -0.999979 0 0.00640333
vt 0.5343 0.6464
vn -2.29366e-08 -0.999982 0.00592296
vt 0.9479 0.6464
vn 0 -0.999982 0.00592296
vt 0.5343 0.5654
vn 0 -0.999982 0.00592296
vt 0.9479 0.5654
vn 3.57411e-09 -0.999982 0.00592296
vt 0.5343 0.6464
vn 0.999979 -1.59143e-08 0.00640333
vt 0.9479 0.5654
vn 0.999979 -4.411e-08 0.00640333
vt 0.5343 0.5654
vn 0 0.999983 0.00586953
vt 0.9479 0.6464
vn 0 0.999983 0.00586953
vt 0.5343 0.6464
vn 0 0 -1
vt 0.9436 0.6464
vn 0 0 -1
vt 1.0042 0.5643
vn 0 0 -1
vt 0.9436 0.5643
vn 0 0 -1
vt 1.0042 0.6464
vn -0.999638 0 0.02689
vt 0.9479 0.6464
vn -0.999638 0 0.02689
vt 0.5343 0.5654
vn -0.999638 0 0.02689
vt 0.9479 0.5654
vn -0.999638 0 0.02689
vt 0.5343 0.6464
vn -6.96644e-09 -0.999695 0.0246853
vt 0.9479 0.6464
vn 0 -0.999695 0.0246853
vt 0.5343 0.5654
vn 0 -0.999695 0.0246853
vt 0.9479 0.5654
vn 3.20929e-08 -0.999695 0.0246853
vt 0.5343 0.6464
vn 0.999638 -3.61466e-08 0.0268899
vt 0.9479 0.5654
vn 0.999638 1.50107e-08 0.0268899
vt 0.5343 0.5654
vn 0 0.999695 0.0246853
vt 0.9479 0.6464
vn 0 0.999695 0.0246853
vt 0.5343 0.6464
vn 0 0 -1
vt 0.9436 0.6464
vn 0 0 -1
vt 1.0042 0.5643
vn 0 0 -1
vt 0.9436 0.5643
vn 0 0 -1
vt 1.0042 0.6464
vn -0.999432 0 0.0337037
vt 0.9479 0.6464
vn -0.999432 0 0.0337037
vt 0.5343 0.5654
vn -0.999432 0 0.0337037
vt 0.9479 0.5654
vn -0.999432 0 0.0337037
vt 0.5343 0.6464
vn -9.34162e-09 -0.99952 0.0309865
vt 0.9479 0.6464
vn 0 -0.99952 0.0309865
vt 0.5343 0.5654
vn 0 -0.99952 0.0309865
vt 0.9479 0.5654
vn 4.80291e-08 -0.99952 0.0309865
vt 0.5343 0.6464
vn 0.999432 2.42581e-08 0.0337037
vt 0.9479 0.5654
vn 0.999432 2.21795e-08 0.0337037
vt 0.5343 0.5654
vn 0 0.99952 0.0309865
vt 0.9479 0.6464
vn 0 0.99952 0.0309865
vt 0.5343 0.6464
vn 0 0 1
vt 0.9436 0.6464
vn 0 0 1
vt 1.0042 0.5643
vn 0 0 1
vt 1.0042 0.6464
vn 0 0 1
vt 0.9436 0.5643
vn -0.999867 -5.84943e-10 -0.0163254
vt 0.9479 0.6464
vn -0.999867 -6.19878e-10 -0.0163254
vt 0.5343 0.5654
vn -0.999867 -6.32426e-10 -0.0163254
vt 0.5343 0.6464
vn -0.999867 -5.74997e-10 -0.0163254
vt 0.9479 0.5654
vn 0.683642 -0.729481 -0.022139
vt 0.9479 0.6464
vn -1.23646e-10 -0.999887 -0.0150456
vt 0.5343 0.5654
vn 0.683503 -0.729612 -0.0221387
vt 0.5343 0.6464
vn -1.14901e-10 -0.999887 -0.0150456
vt 0.9479 0.5654
vn 0.670565 0.741521 -0.0221066
vt 0.9479 0.5654
vn 0.668228 0.743628 -0.0221002
vt 0.5343 0.5654
vn 1.17051e-10 0.999887 -0.0150456
vt 0.9479 0.6464
vn 1.26345e-10 0.999887 -0.0150456
vt 0.5343 0.6464
vn 0 0 1
vt 0.9436 0.6464
vn 0 0 1
vt 1.0042 0.5643
vn 0 0 1
vt 1.0042 0.6464
vn 0 0 1
vt 0.9436 0.5643
vn -0.999905 2.28336e-10 -0.0138186
vt 0.9479 0.6464
vn -0.999905 2.39681e-10 -0.0138186
vt 0.5343 0.5654
vn -0.999905 2.43725e-10 -0.0138186
vt 0.5343 0.6464
vn -0.999905 2.25007e-10 -0.0138186
vt 0.9479 0.5654
vn 0.682684 -0.730474 -0.0187112
vt 0.9479 0.6464
vn -1.31997e-09 -0.999919 -0.0126984
vt 0.5343 0.5654
vn 0.682422 -0.730719 -0.0187107
vt 0.5343 0.6464
vn -1.24097e-09 -0.999919 -0.0126984
vt 0.9479 0.5654
vn 0.671469 0.740796 -0.0187269
vt 0.9479 0.5654
vn 0.669673 0.74242 -0.0187228
vt 0.5343 0.5654
vn 6.65439e-10 0.999919 -0.0127518
vt 0.9479 0.6464
vn 7.09335e-10 0.999919 -0.0127518
vt 0.5343 0.6464
vn 0 0 1
vt 0.9436 0.6464
vn 0 0 1
vt 1.0042 0.5643
vn 0 0 1
vt 1.0042 0.6464
vn 0 0 1
vt 0.9436 0.5643
vn -0.99975 -4.09128e-10 -0.0223522
vt 0.9479 0.6464
vn -0.99975 -4.43784e-10 -0.0223522
vt 0.5343 0.5654
vn -0.99975 -4.56468e-10 -0.0223522
vt 0.5343 0.6464
vn -0.99975 -3.99951e-10 -0.0223522
vt 0.9479 0.5654
vn 0.685828 -0.727137 -0.0301957
vt 0.9479 0.6464
vn 1.78081e-10 -0.99979 -0.0204859
vt 0.5343 0.5654
vn 0.686314 -0.726678 -0.0301972
vt 0.5343 0.6464
vn 1.60846e-10 -0.99979 -0.0204859
vt 0.9479 0.5654
vn 0.668496 0.743104 -0.0301757
vt 0.9479 0.5654
vn 0.664817 0.746397 -0.0301613
vt 0.5343 0.5654
vn -7.06507e-11 0.999789 -0.0205388
vt 0.9479 0.6464
vn -7.86802e-11 0.999789 -0.0205388
vt 0.5343 0.6464
vn -7.80676e-05 -8.49305e-05 1
vt 0.9436 0.6464
vn -7.01278e-05 -7.62927e-05 1
vt 1.0042 0.5643
vn 0 0 1
vt 1.0042 0.6464
vn -0.000148195 -0.000161223 1
vt 0.9436 0.5643
vn -0.99977 -6.94722e-10 -0.0214471
vt 0.9479 0.6464
vn -0.99977 -7.51032e-10 -0.0214471
vt 0.5343 0.5654
vn -0.99977 -7.71585e-10 -0.0214471
vt 0.5343 0.6464
vn -0.99977 -6.79654e-10 -0.0214471
vt 0.9479 0.5654
vn 0.685574 -0.727421 -0.0291056
vt 0.9479 0.6464
vn 9.86592e-10 -0.999805 -0.0197404
vt 0.5343 0.5654
vn 0.685907 -0.727107 -0.029106
vt 0.5343 0.6464
vn 8.94766e-10 -0.999805 -0.0197404
vt 0.9479 0.5654
vn 0.66878 0.742893 -0.029049
vt 0.9479 0.5654
vn 0.665305 0.746007 -0.0290358
vt 0.5343 0.5654
vn 2.40432e-06 0.999805 -0.0197396
vt 0.9479 0.6464
vn -1.01578e-09 0.999805 -0.0197404
vt 0.5343 0.6464
vn 0 0 1
vt 0.9436 0.6464
vn 0 0 1
vt 1.0042 0.5643
vn 0 0 1
vt 1.0042 0.6464
vn 0 0 1
vt 0.9436 0.5643
vn -0.999905 -6.78692e-11 -0.0137692
vt 0.9479 0.6464
vn -0.999905 -7.00613e-11 -0.0137692
vt 0.5343 0.5654
vn -0.999905 -7.11901e-11 -0.0137692
vt 0.5343 0.6464
vn -0.999905 -6.68913e-11 -0.0137692
vt 0.9479 0.5654
vn 0.682554 -0.730599 -0.0185795
vt 0.9479 0.6464
vn -7.78908e-10 -0.99992 -0.0126273
vt 0.5343 0.5654
vn 0.682212 -0.730918 -0.0185788
vt 0.5343 0.6464
vn -7.44505e-10 -0.99992 -0.0126273
vt 0.9479 0.5654
vn 0.671493 0.74078 -0.0185066
vt 0.9479 0.5654
vn 0.669998 0.742133 -0.0185031
vt 0.5343 0.5654
vn -2.46128e-10 0.999921 -0.0125601
vt 0.9479 0.6464
vn -2.57903e-10 0.999921 -0.0125601
vt 0.5343 0.6464
vn 0 0 1
vt 0.9436 0.6464
vn 0 0 1
vt 1.0042 0.5643
vn 0 0 1
vt 1.0042 0.6464
vn 0 0 1
vt 0.9436 0.5643
vn -0.998349 5.5016e-09 -0.057446
vt 0.9479 0.6464
vn -0.998349 6.12956e-09 -0.057446
vt 0.5343 0.5654
vn -0.998349 6.5393e-09 -0.057446
vt 0.5343 0.6464
vn -0.998349 5.25314e-09 -0.057446
vt 0.9479 0.5654
vn 0.644673 -0.761078 -0.0718105
vt 0.9479 0.6464
vn 1.20657e-09 -0.998958 -0.0456392
vt 0.5343 0.5654
vn 0.641892 -0.76343 -0.0717582
vt 0.5343 0.6464
vn 1.04827e-09 -0.998958 -0.0456392
vt 0.9479 0.5654
vn 0.605528 0.792656 -0.0709355
vt 0.9479 0.5654
vn 0.587447 0.806185 -0.0705135
vt 0.5343 0.5654
vn -2.16317e-09 0.998962 -0.0455528
vt 0.9479 0.6464
vn -2.54325e-09 0.998962 -0.0455528
vt 0.5343 0.6464
vn 0 0 1
vt 0.9436 0.6464
vn 0 0 1
vt 1.0042 0.5643
vn 0 0 1
vt 1.0042 0.6464
vn 0 0 1
vt 0.9436 0.5643
vn -0.999979 -3.77754e-11 -0.00640299
vt 0.9479 0.6464
vn -0.999979 -3.86047e-11 -0.00640299
vt 0.5343 0.5654
vn -0.999979 -3.88943e-11 -0.00640299
vt 0.5343 0.6464
vn -0.999979 -3.75101e-11 -0.00640299
vt 0.9479 0.5654
vn 0.679563 -0.733566 -0.00865685
vt 0.9479 0.6464
vn 6.85485e-10 -0.999983 -0.00586921
vt 0.5343 0.5654
vn 0.679239 -0.733867 -0.00865654
vt 0.5343 0.6464
vn 6.6649e-10 -0.999983 -0.00586921
vt 0.9479 0.5654
vn 0.674175 0.73852 -0.00869089
vt 0.9479 0.5654
vn 0.67355 0.739091 -0.00869027
vt 0.5343 0.5654
vn 2.20001e-10 0.999982 -0.00592264
vt 0.9479 0.6464
vn 2.26374e-10 0.999982 -0.00592264
vt 0.5343 0.6464
vn 0 0 1
vt 0.9436 0.6464
vn 0 0 1
vt 1.0042 0.5643
vn 0 0 1
vt 1.0042 0.6464
vn 0 0 1
vt 0.9436 0.5643
vn -0.999638 -2.75312e-09 -0.02689
vt 0.9479 0.6464
vn -0.999638 -2.98927e-09 -0.02689
vt 0.5343 0.5654
vn -0.999638 -3.09229e-09 -0.02689
vt 0.5343 0.6464
vn -0.999638 -2.67999e-09 -0.02689
vt 0.9479 0.5654
vn 0.687387 -0.725379 -0.0364021
vt 0.9479 0.6464
vn 1.03625e-09 -0.999695 -0.0246853
vt 0.5343 0.5654
vn 0.688133 -0.724671 -0.0364047
vt 0.5343 0.6464
vn 9.31386e-10 -0.999695 -0.0246853
vt 0.9479 0.5654
vn 0.66684 0.744316 -0.036317
vt 0.9479 0.5654
vn 0.662282 0.748375 -0.0362946
vt 0.5343 0.5654
vn -9.58977e-10 0.999695 -0.0246853
vt 0.9479 0.6464
vn -1.07487e-09 0.999695 -0.0246853
vt 0.5343 0.6464
vn -7.01204e-05 -7.62969e-05 1
vt 0.9436 0.6464
vn -7.80754e-05 -8.49526e-05 1
vt 1.0042 0.5643
vn -0.000148196 -0.000161249 1
vt 1.0042 0.6464
vn 0 0 1
vt 0.9436 0.5643
vn -0.999432 4.65995e-06 -0.0337041
vt 0.9479 0.6464
vn -0.999432 1.28609e-06 -0.0337051
vt 0.5343 0.5654
vn -0.999432 -7.87757e-11 -0.0337055
vt 0.5343 0.6464
vn -0.999432 5.43206e-06 -0.0337039
vt 0.9479 0.5654
vn 0.689387 -0.722955 -0.0456229
vt 0.9479 0.6464
vn 1.17094e-06 -0.999521 -0.0309336
vt 0.5343 0.5654
vn 0.691839 -0.720608 -0.0456322
vt 0.5343 0.6464
vn 4.58562e-06 -0.999521 -0.0309347
vt 0.9479 0.5654
vn 0.664774 0.745655 -0.0455345
vt 0.9479 0.5654
vn 0.65732 0.752237 -0.0454871
vt 0.5343 0.5654
vn -1.87928e-09 0.99952 -0.0309865
vt 0.9479 0.6464
vn -2.23237e-09 0.99952 -0.0309865
vt 0.5343 0.6464
vn -0.143905 -0.948394 0.282558
vt 0.1201 0.7972
vn -0.0692467 -0.821399 0.566135
vt 0.2236 0.7434
vn -0.0195739 -0.757545 0.65249
vt 0.2052 0.8681
vn -0.197633 -0.967398 0.158377
vt 0.031 0.7434
vn -0.209999 -0.947911 0.239509
vt 0.0321 0.7434
vn 0.301866 -0.939554 -0.161604
vt 0.1054 0.804
vn 0.508373 -0.860758 -0.0255347
vt 0.2282 0.861
vn 0.45202 -0.889482 -0.0670731
vt 0.2314 0.7434
vn 0.825638 -0.564195 0.00261236
vt 0.3579 0.8594
vn 0.509295 -0.86051 0.0118431
vt 0.3579 0.7434
vn 0.509295 -0.860511 -0.0118434
vt 0.3579 0.7434
vn 0.133335 -0.963245 -0.233199
vt 0.0277 0.7434
vn 0.153834 -0.952926 -0.261281
vt 0.0227 0.7434
vn -0.101573 -7.98328e-09 0.994828
vt 0.2249 0.7076
vn 3.55833e-07 -1.48953e-08 1
vt 0.6392 0.7076
vn 5.60456e-08 -0.797231 0.603674
vt 0.6392 0.7434
vn 0.999592 -6.10881e-09 -0.0285755
vt 0.3568 0.7056
vn 0.985417 0.0217886 -0.168757
vt 0.2303 0.7056
vn 0.98196 -2.54347e-08 -0.189088
vt 0.2303 0.7431
vn 0.999592 -6.10881e-09 -0.0285755
vt 0.3568 0.7431
vn -0.180596 0.234327 0.955236
vt 0.0254 0.7076
vn -0.179077 0.25521 0.950158
vt 0.0315 0.7434
vn 0.930271 0.334931 -0.149721
vt 0.0311 0.7056
vn 0.936974 0.310672 -0.15988
vt 0.036 0.7431
vn -0.666814 -0.371124 0.646239
vt 0.4158 0.3982
vn -0.0698854 -0.962862 -0.260791
vt 0.4162 0.4378
vn -0.762068 -0.218334 0.609575
vt 0.4846 0.3987
vn 0.246283 0.900893 0.357402
vt 0.2173 0.498
vn 0.23379 0.901476 0.364256
vt 0.2155 0.4535
vn 0.490692 0.715218 0.49768
vt 0.2741 0.4497
vn 0.50752 0.708847 0.489856
vt 0.276 0.4942
vn -0.666379 -0.279428 0.691273
vt 0.2913 0.3933
vn -0.689369 -0.24158 0.682942
vt 0.0884 0.3927
vn 0.70568 -0.330691 -0.626626
vt 0.2913 0.3933
vn 0.587591 -0.32637 -0.740418
vt 0.4158 0.3982
vn 0.540853 -0.290674 -0.789295
vt 0.4846 0.3987
vn 0.541661 -0.285111 -0.790769
vt 0.5789 0.4553
vn 0.695765 0.254816 0.67155
vt 0.3428 0.4692
vn 0.787253 -0.121161 -0.60461
vt 0.0884 0.3927
vn 0.915294 -0.402529 0.0144021
vt 0.3579 1.0012
vn 0.593527 0.0134498 0.804702
vt 0.0197 0.7056
vn 0.593527 0.0134498 0.804702
vt 0.01 0.7431
vn 0.593527 0.0134498 0.804702
vt 0.0262 0.7431
vn -0.654909 -0.224626 0.721552
vt 0.2792 0.3948
vn -0.643259 -0.232609 0.72946
vt 0.0203 0.3945
vn 0.883572 -0.0384206 -0.466717
vt 0.0203 0.3945
vn 0.889449 -0.0532851 -0.453918
vt 0.2792 0.3948
vn -0.0544841 -0.903838 -0.424392
vt 0.2238 0.7434
vn -0.143679 -0.948239 -0.283193
vt 0.1201 0.7972
vn -0.0374934 -0.88901 -0.45635
vt 0.2052 0.8681
vn -0.194926 -0.969494 -0.148613
vt 0.0312 0.7434
vn -0.20205 -0.959953 -0.194075
vt 0.0323 0.7434
vn 0.66515 -0.746589 0.0134302
vt 0.2283 0.861
vn 0.302653 -0.939351 0.161311
vt 0.1054 0.804
vn 0.452527 -0.889246 0.066792
vt 0.2315 0.7434
vn 0.518048 -0.855313 -0.00815194
vt 0.3579 0.8594
vn 0.135751 -0.962399 0.235289
vt 0.0278 0.7434
vn 0.169566 -0.944523 0.28129
vt 0.0228 0.7434
vn 1.17105e-09 -0.718341 -0.695691
vt 0.6392 0.8681
vn 0 -0.576301 -0.817237
vt 0.2933 0.9945
vn -3.55097e-10 -0.576301 -0.817237
vt 0.6392 0.9945
vn -0.101587 0 -0.994827
vt 0.2249 0.7076
vn -0.108563 0.00846009 -0.994054
vt 0.2236 0.7434
vn 2.23647e-09 -1.42504e-09 -1
vt 0.6392 0.7434
vn 1.81181e-09 -1.42693e-09 -1
vt 0.6392 0.7076
vn 0.999592 0 0.0285755
vt 0.3568 0.7056
vn 0.999592 0 0.0285755
vt 0.3568 0.7431
vn 0.982323 0 0.187195
vt 0.2303 0.7431
vn 0.985674 0.0203992 0.167424
vt 0.2303 0.7056
vn -0.180363 0.23761 -0.954469
vt 0.0254 0.7076
vn -0.178787 0.259064 -0.949169
vt 0.0315 0.7434
vn 0.953673 0.283946 0.0994154
vt 0.036 0.7431
vn 0.942758 0.311296 0.119591
vt 0.0311 0.7056
vn -0.689007 -0.34905 -0.635164
vt 0.4162 0.4378
vn -0.664741 -0.385198 -0.640111
vt 0.4158 0.3982
vn -0.761371 -0.220569 -0.609642
vt 0.4846 0.3987
vn 0.244289 0.90205 -0.355848
vt 0.2173 0.498
vn 0.322679 0.894426 -0.309644
vt 0.276 0.4942
vn 0.29999 0.897433 -0.32345
vt 0.2741 0.4497
vn 0.231892 0.902561 -0.36278
vt 0.2155 0.4535
vn -0.689349 -0.241572 -0.682964
vt 0.0884 0.3927
vn -0.666399 -0.280654 -0.690758
vt 0.2913 0.3933
vn 0.592414 -0.314848 0.741564
vt 0.4158 0.3982
vn 0.706201 -0.329636 0.626594
vt 0.2913 0.3933
vn 0.541495 -0.288388 0.789693
vt 0.4846 0.3987
vn -0.356391 -0.856065 0.37435
vt 0.5789 0.4553
vn 0.787252 -0.121275 0.604588
vt 0.0884 0.3927
vn 0.915294 -0.402529 -0.014403
vt 0.3579 1.0012
vn 0.593291 -0.000188873 -0.804988
vt 0.0288 0.7431
vn -0.643135 -0.232715 -0.729535
vt 0.0203 0.3945
vn -0.654906 -0.22465 -0.721547
vt 0.2792 0.3948
vn 0.883582 -0.0384191 0.466698
vt 0.0203 0.3945
vn 0.889491 -0.0533674 0.453826
vt 0.2792 0.3948
vn 0.0692498 -0.821377 0.566166
vt 0.2246 0.7434
vn 0.143905 -0.948394 0.282558
vt 0.1211 0.7972
vn 0.0197839 -0.758724 0.651111
vt 0.2061 0.8681
vn 0.197633 -0.967398 0.158377
vt 0.032 0.7434
vn 0.209998 -0.947912 0.239508
vt 0.0331 0.7434
vn -0.508373 -0.860758 -0.0255347
vt 0.2149 0.861
vn -0.301866 -0.939554 -0.161605
vt 0.092 0.804
vn -0.45202 -0.889482 -0.0670731
vt 0.2181 0.7434
vn -0.511858 -0.859049 -0.00605
vt 0.3445 0.7434
vn -0.763691 -0.645582 2.76706e-09
vt 0.3445 0.8594
vn -0.133335 -0.963245 -0.233199
vt 0.0144 0.7434
vn -0.153834 -0.952926 -0.261281
vt 0.0094 0.7434
vn 8.29586e-10 -0.718353 0.695679
vt 0.6392 0.8681
vn -5.22057e-10 -0.999929 -0.0118911
vt 0.2942 0.9945
vn 0.101573 0 0.994828
vt 0.2258 0.7076
vn -1 -7.5739e-10 1.96892e-11
vt 0.3442 0.7076
vn -1 -7.5739e-10 -3.13435e-10
vt 0.3442 0.7434
vn -0.98196 0 -0.189088
vt 0.219 0.7434
vn -0.985417 0.0217886 -0.168757
vt 0.219 0.7076
vn 0.180597 0.234317 0.955238
vt 0.0264 0.7076
vn 0.179077 0.25521 0.950158
vt 0.0325 0.7434
vn -0.936974 0.310672 -0.15988
vt 0.0267 0.7434
vn -0.930271 0.334931 -0.149721
vt 0.0218 0.7076
vn 0.0698854 -0.962862 -0.260791
vt 0.4162 0.4378
vn 0.666814 -0.371125 0.646239
vt 0.4158 0.3982
vn 0.762069 -0.218334 0.609575
vt 0.4846 0.3987
vn -0.246283 0.900893 0.357402
vt 0.2173 0.498
vn -0.50752 0.708847 0.489856
vt 0.276 0.4942
vn -0.490692 0.715218 0.49768
vt 0.2741 0.4497
vn -0.23379 0.901476 0.364256
vt 0.2155 0.4535
vn 0.689369 -0.241581 0.682942
vt 0.0884 0.3927
vn 0.666379 -0.279429 0.691273
vt 0.2913 0.3933
vn -0.587592 -0.32637 -0.740418
vt 0.4158 0.3982
vn -0.70568 -0.330691 -0.626626
vt 0.2913 0.3933
vn -0.540853 -0.290674 -0.789295
vt 0.4846 0.3987
vn -0.541661 -0.28511 -0.790769
vt 0.5789 0.4553
vn -0.695765 0.254816 0.67155
vt 0.3428 0.4692
vn -0.787253 -0.121162 -0.60461
vt 0.0884 0.3927
vn -0.915294 -0.402529 0.0144018
vt 0.3445 1.0012
vn -0.593527 0.0134498 0.804702
vt 0.0164 0.7434
vn -0.593527 0.0134498 0.804702
vt 0.026 0.7076
vn -0.593527 0.0134498 0.804702
vt 0.0325 0.7434
vn 0.643258 -0.232609 0.72946
vt 0.0203 0.3945
vn 0.654909 -0.224626 0.721552
vt 0.2792 0.3948
vn -0.883571 -0.03842 -0.466718
vt 0.0203 0.3945
vn -0.889449 -0.0532859 -0.453917
vt 0.2792 0.3948
vn 0.143679 -0.948239 -0.283193
vt 0.1211 0.7972
vn 0.0544841 -0.903838 -0.424392
vt 0.2247 0.7434
vn 0.037279 -0.888826 -0.456726
vt 0.2061 0.8681
vn 0.194926 -0.969494 -0.148613
vt 0.0322 0.7434
vn 0.20205 -0.959953 -0.194075
vt 0.0333 0.7434
vn -0.302653 -0.939351 0.161311
vt 0.0921 0.804
vn -0.66515 -0.746589 0.0134303
vt 0.215 0.861
vn -0.452527 -0.889246 0.066792
vt 0.2181 0.7434
vn -0.50323 -0.864033 0.0143859
vt 0.3445 0.7434
vn -0.135751 -0.962399 0.235289
vt 0.0145 0.7434
vn -0.169566 -0.944523 0.28129
vt 0.0094 0.7434
vn 0.101587 9.16836e-09 -0.994827
vt 0.2258 0.7076
vn 0.108563 0.00846009 -0.994054
vt 0.2246 0.7434
vn -0.985674 0.0203993 0.167424
vt 0.219 0.7076
vn -0.982323 2.72957e-08 0.187195
vt 0.219 0.7434
vn 0.180363 0.23761 -0.954469
vt 0.0264 0.7076
vn 0.178787 0.259064 -0.949169
vt 0.0325 0.7434
vn -0.942758 0.311297 0.119591
vt 0.0218 0.7076
vn -0.953672 0.283947 0.0994152
vt 0.0267 0.7434
vn 0.66472 -0.385197 -0.640134
vt 0.4158 0.3982
vn 0.688992 -0.349049 -0.635181
vt 0.4162 0.4378
vn 0.761372 -0.22057 -0.609641
vt 0.4846 0.3987
vn -0.244289 0.90205 -0.355849
vt 0.2173 0.498
vn -0.231892 0.902561 -0.36278
vt 0.2155 0.4535
vn -0.29999 0.897433 -0.32345
vt 0.2741 0.4497
vn -0.32268 0.894426 -0.309644
vt 0.276 0.4942
vn 0.66639 -0.280662 -0.690763
vt 0.2913 0.3933
vn 0.689369 -0.24158 -0.682941
vt 0.0884 0.3927
vn -0.706155 -0.329815 0.626552
vt 0.2913 0.3933
vn -0.592414 -0.314848 0.741564
vt 0.4158 0.3982
vn -0.541495 -0.288388 0.789693
vt 0.4846 0.3987
vn 0.356391 -0.856065 0.37435
vt 0.5789 0.4553
vn -0.697717 0.25479 -0.669532
vt 0.3428 0.4692
vn -0.787274 -0.121286 0.604557
vt 0.0884 0.3927
vn -0.915294 -0.402529 -0.0144027
vt 0.3445 1.0012
vn -0.593291 -0.000188119 -0.804988
vt 0.0164 0.7434
vn 0.654909 -0.224626 -0.721552
vt 0.2792 0.3948
vn 0.643258 -0.232609 -0.72946
vt 0.0203 0.3945
vn -0.883611 -0.0384904 0.466637
vt 0.0203 0.3945
vn -0.889491 -0.0533682 0.453825
vt 0.2792 0.3948
vn 0.697717 0.25479 -0.669532
vt 0.3428 0.4692
vn -0.000142009 -1 9.87493e-13
vt 0.5934 0.4581
vn 0.000158022 -1 1.94898e-11
vt 0.901 0.458
vn 0.000158022 -1 1.94898e-11
vt 0.901 0.4023
vn 0.000158022 -1 1.94959e-11
vt 0.901 0.4023
vn 1.32168e-09 -1 9.74801e-12
vt 0.5934 0.4023
vn 5.50369e-05 -0.348287 -0.937388
vt 0.5934 0.4581
vn 7.77872e-07 -8.33234e-06 -1
vt 0.5934 0.4026
vn 0 0 -1
vt 0.9524 0.458
vn 0 0 -1
vt 0.9462 0.4027
vn 0 0 1
vt 0.953 0.4575
vn 0 0 1
vt 0.9467 0.4021
vn -2.45016e-05 -0.000229339 1
vt 0.594 0.4021
vn -4.28363e-06 -4.00955e-05 1
vt 0.9016 0.4575
vn -1.31334e-05 -0.000122931 1
vt 0.594 0.4576
vn 0.924837 0.380364 -7.2945e-05
vt 0.778 0.4028
vn 0.924821 0.380403 -0.000118131
vt 0.778 0.4565
vn 0.966206 0.257772 -3.31257e-05
vt 0.7438 0.4565
vn 0.966199 0.257796 0
vt 0.7438 0.4028
vn -0.167562 -0.985862 -3.61358e-09
vt 0.8758 0.458
vn -0.167562 -0.985862 -3.61358e-09
vt 0.8413 0.458
vn -0.167562 -0.985862 -3.61358e-09
vt 0.8413 0.4043
vn -0.167562 -0.985862 -3.61358e-09
vt 0.8758 0.4043
vn -0.167562 -0.985862 -3.61358e-09
vt 0.8758 0.458
vn 0 0 -1
vt 0.9628 0.5361
vn 0 0 -1
vt 0.9942 0.5356
vn -0.75271 -0.658352 -6.93293e-10
vt 0.8403 0.4028
vn -0.75271 -0.658352 -6.93293e-10
vt 0.7791 0.4028
vn -0.75271 -0.658352 -6.93293e-10
vt 0.7791 0.4574
vn -0.75271 -0.658352 -6.93293e-10
vt 0.8403 0.4574
vn -0.75271 -0.658352 -6.93293e-10
vt 0.8403 0.4028
vn 0 0 1
vt 0.9948 0.5351
vn 0 0 1
vt 0.9633 0.5356
vn 0.876994 0.480501 -5.48866e-05
vt 0.8142 0.4565
vn 0.877012 0.480469 2.11879e-08
vt 0.8142 0.4028
vn 0 1 0
vt 0.7368 0.4288
vn 0 1 0
vt 0.7441 0.4025
vn 0 1 0
vt 0.7441 0.4552
vn -0.000158022 -1 0
vt 0.901 0.4023
vn -0.000158022 -1 0
vt 0.901 0.458
vn 1.96999e-05 -0.00021102 -1
vt 0.9524 0.458
vn 2.35711e-05 -0.000252487 -1
vt 0.9462 0.4027
vn -2.83082e-06 4.39018e-05 1
vt 0.9016 0.4575
vn 0 0 1
vt 0.594 0.4021
vn 7.88877e-09 4.36664e-05 1
vt 0.953 0.4575
vn 0 0 1
vt 0.9467 0.4021
vn -0.9275 0.373824 -3.45648e-09
vt 0.778 0.4028
vn -0.9662 0.257795 -6.98829e-09
vt 0.7438 0.4028
vn -0.9662 0.257795 -6.98829e-09
vt 0.7438 0.4565
vn -0.966215 0.257736 -8.00556e-05
vt 0.7438 0.4565
vn -0.924824 0.380394 -0.000118158
vt 0.778 0.4565
vn -0.923112 0.384531 -0.000119443
vt 0.778 0.4028
vn 0.167562 -0.985862 0
vt 0.8758 0.458
vn 0.167562 -0.985862 0
vt 0.8758 0.4043
vn 0.167562 -0.985862 0
vt 0.8413 0.4043
vn 0.167562 -0.985862 0
vt 0.8413 0.458
vn 0 0 -1
vt 0.9628 0.5361
vn 0 0 -1
vt 0.9942 0.5356
vn 0.75271 -0.658352 0
vt 0.8403 0.4028
vn 0.75271 -0.658352 0
vt 0.8403 0.4574
vn 0.75271 -0.658352 0
vt 0.7791 0.4574
vn 0.75271 -0.658352 0
vt 0.7791 0.4028
vn -1.49326e-05 0.000260196 1
vt 0.9948 0.5351
vn -5.74115e-05 0.000337784 1
vt 0.9633 0.5356
vn -0.877012 0.480469 0
vt 0.8142 0.4565
vn -0.877012 0.480469 0
vt 0.8142 0.4028
vn -0.876965 0.480555 -0.000149272
vt 0.8142 0.4565
vn 0 1 0
vt 0.7441 0.4025
vn 0 1 0
vt 0.7368 0.4288
vn 0 1 0
vt 0.7441 0.4552
vn -1 0.000426314 -7.74464e-12
vt 0.9969 0.3242
vn -1 0.000426314 -7.74484e-12
vt 0.9969 0.1462
vn -1 0.000426314 -7.74484e-12
vt 0.7983 0.1462
vn -1 0.000426314 -7.74435e-12
vt 0.7983 0.1462
vn -1 0.000426314 -7.74435e-12
vt 0.7983 0.3242
vn 4.16544e-13 0.000341194 1
vt 0.9203 0.3242
vn 0 0.000341194 1
vt 0.456 0.3242
vn 0 0.000341194 1
vt 0.456 0.1462
vn 4.16589e-13 0.000341194 1
vt 0.9203 0.1462
vn -1.11084e-12 -0.000341295 -1
vt 0.4559 0.1462
vn -1.11084e-12 -0.000341296 -1
vt 0.4558 0.3242
vn -1.11084e-12 -0.000341295 -1
vt 0.9203 0.3242
vn -1.11084e-12 -0.000341295 -1
vt 0.9203 0.1462
vn 8.33133e-13 0.000341194 1
vt 0.4558 0.1462
vn 8.33133e-13 0.000341194 1
vt 0.4559 0.3242
vn -1.11084e-12 -0.000341296 -1
vt 0.456 0.3242
vn -1.11084e-12 -0.000341296 -1
vt 0.456 0.1462
vn -1 0.000426314 -7.74484e-12
vt 0.6742 0.3242
vn -1 0.000426314 -7.74484e-12
vt 0.6741 0.1462
vn -1 0.000426314 -7.74484e-12
vt 0.4755 0.1462
vn -1 0.000426314 -7.74435e-12
vt 0.4755 0.1462
vn -1 0.000426314 -7.74435e-12
vt 0.4755 0.3242
vn -1 0.000426314 -7.74435e-12
vt 0.6742 0.3242
vn 1 -0.000392384 2.51094e-05
vt 0.9969 0.3242
vn 1 -0.000341296 6.24677e-05
vt 0.7983 0.3242
vn 1 -0.000375633 3.73583e-05
vt 0.7983 0.1462
vn 1 -0.000426721 0
vt 0.9969 0.1462
vn 1 -0.00039238 2.51117e-05
vt 0.6742 0.3242
vn 1 -0.000341295 6.24677e-05
vt 0.4755 0.3242
vn 1 -0.000375632 3.73592e-05
vt 0.4755 0.1462
vn 1 -0.000426721 0
vt 0.6741 0.1462
vn -0.293849 -0.941604 -0.164424
vt 0.1201 0.7972
vn -0.42184 -0.904282 -0.0657732
vt 0.2236 0.7434
vn -0.45994 -0.886986 -0.0413708
vt 0.2052 0.8681
vn -0.156967 -0.959942 -0.232106
vt 0.031 0.7434
vn -0.238211 -0.939396 -0.246556
vt 0.0321 0.7434
vn 0.165088 -0.927777 0.334628
vt 0.1054 0.804
vn 0.013907 -0.69233 0.721447
vt 0.2282 0.861
vn 0.0607719 -0.850832 0.521912
vt 0.2314 0.7434
vn -1.67734e-09 -0.580797 0.814048
vt 0.3579 0.8594
vn -2.37847e-07 -0.81857 0.574406
vt 0.3579 0.7434
vn 0.233129 -0.959522 0.158014
vt 0.0277 0.7434
vn 0.260433 -0.948249 0.181654
vt 0.0227 0.7434
vn -0.992865 4.6047e-09 -0.119243
vt 0.2249 0.7076
vn -1 5.71303e-09 -8.65607e-11
vt 0.6392 0.7076
vn -0.999998 5.8791e-09 -0.00193853
vt 0.6392 0.7434
vn -8.88139e-11 7.49912e-10 1
vt 0.3568 0.7056
vn 0.143054 0.0184634 0.989543
vt 0.2303 0.7056
vn 0.160635 4.526e-09 0.987014
vt 0.2303 0.7431
vn -1.50111e-10 7.49912e-10 1
vt 0.3568 0.7431
vn -0.949555 0.230543 -0.21259
vt 0.0254 0.7076
vn -0.944047 0.253799 -0.210622
vt 0.0315 0.7434
vn 0.128937 0.288727 0.94869
vt 0.0311 0.7056
vn 0.137405 0.267405 0.953737
vt 0.036 0.7431
vn -0.594489 -0.341896 -0.727798
vt 0.4158 0.3982
vn -0.587346 -0.308205 -0.748354
vt 0.4162 0.4378
vn -0.548763 -0.198779 -0.812001
vt 0.4846 0.3987
vn -0.352944 0.890038 0.288552
vt 0.2173 0.498
vn -0.360374 0.89172 0.273798
vt 0.2155 0.4535
vn -0.486657 0.662764 0.56913
vt 0.2741 0.4497
vn -0.456909 0.690776 0.560414
vt 0.276 0.4942
vn -0.637088 -0.258618 -0.72611
vt 0.2913 0.3933
vn -0.625898 -0.221473 -0.747797
vt 0.0884 0.3927
vn 0.570307 -0.301113 0.764251
vt 0.2913 0.3933
vn 0.692474 -0.306149 0.653263
vt 0.4158 0.3982
vn 0.746608 -0.275202 0.605673
vt 0.4846 0.3987
vn 0.267728 -0.818156 -0.508864
vt 0.5789 0.4553
vn -0.614457 0.233348 0.753652
vt 0.3428 0.4692
vn 0.540896 -0.109292 0.833959
vt 0.0884 0.3927
vn -3.38487e-07 -0.348259 0.937398
vt 0.3579 1.0012
vn -0.753042 0.0126081 0.657851
vt 0.0197 0.7056
vn -0.753042 0.0126081 0.657851
vt 0.01 0.7431
vn -0.753042 0.0126081 0.657851
vt 0.0262 0.7431
vn -0.666536 -0.207578 -0.71599
vt 0.2792 0.3948
vn -0.675672 -0.215582 -0.704977
vt 0.0203 0.3945
vn 0.407414 -0.0333704 0.912634
vt 0.0203 0.3945
vn 0.395424 -0.0464784 0.917322
vt 0.2792 0.3948
vn 0.421866 -0.904271 -0.0657477
vt 0.2238 0.7434
vn 0.294367 -0.941484 -0.164183
vt 0.1201 0.7972
vn 0.459569 -0.887167 -0.0416111
vt 0.2052 0.8681
vn 0.147684 -0.962148 -0.229044
vt 0.0312 0.7434
vn 0.193458 -0.95195 -0.237414
vt 0.0323 0.7434
vn -0.0139072 -0.692329 0.721448
vt 0.2283 0.861
vn -0.16479 -0.92751 0.335512
vt 0.1054 0.804
vn -0.0605319 -0.850566 0.522372
vt 0.2315 0.7434
vn -0.235546 -0.958417 0.161108
vt 0.0278 0.7434
vn -0.279764 -0.939075 0.199676
vt 0.0228 0.7434
vn 0.696538 -0.71752 -7.62269e-06
vt 0.6392 0.8681
vn 0.817231 -0.57631 -1.05511e-05
vt 0.2933 0.9945
vn 0.817238 -0.5763 -4.9753e-09
vt 0.6392 0.9945
vn 0.992865 0 -0.119245
vt 0.2249 0.7076
vn 0.991616 0.00980059 -0.12885
vt 0.2236 0.7434
vn 0.99801 0 -0.0630612
vt 0.6392 0.7434
vn 1 -6.42159e-09 1.02527e-09
vt 0.6392 0.7076
vn -0.158997 0 0.987279
vt 0.2303 0.7431
vn -0.141908 0.017296 0.989729
vt 0.2303 0.7056
vn 0.948828 0.233802 -0.212277
vt 0.0254 0.7076
vn 0.943096 0.257623 -0.210241
vt 0.0315 0.7434
vn -0.0842099 0.2429 0.966389
vt 0.036 0.7431
vn -0.105074 0.267639 0.957773
vt 0.0311 0.7056
vn 0.58334 -0.318416 -0.747212
vt 0.4162 0.4378
vn 0.589119 -0.355018 -0.72588
vt 0.4158 0.3982
vn 0.54883 -0.201077 -0.81139
vt 0.4846 0.3987
vn 0.351226 0.891393 0.286459
vt 0.2173 0.498
vn 0.454049 0.692889 0.560128
vt 0.276 0.4942
vn 0.318161 0.881852 0.34801
vt 0.2741 0.4497
vn 0.35874 0.892991 0.271794
vt 0.2155 0.4535
vn 0.625871 -0.221468 -0.747822
vt 0.0884 0.3927
vn 0.636589 -0.259647 -0.72618
vt 0.2913 0.3933
vn -0.692874 -0.294837 0.658025
vt 0.4158 0.3982
vn -0.5701 -0.300335 0.764712
vt 0.2913 0.3933
vn -0.746951 -0.272924 0.606281
vt 0.4846 0.3987
vn -0.26465 -0.817387 -0.511702
vt 0.5789 0.4553
vn -0.540868 -0.1093 0.833976
vt 0.0884 0.3927
vn 0.75343 -0.000102861 0.657528
vt 0.0288 0.7431
vn 0.675671 -0.215582 -0.704977
vt 0.0203 0.3945
vn 0.666538 -0.20758 -0.715987
vt 0.2792 0.3948
vn -0.407414 -0.0333704 0.912634
vt 0.0203 0.3945
vn -0.395425 -0.0464776 0.917322
vt 0.2792 0.3948
vn -0.565818 -0.820293 0.0834816
vt 0.2246 0.7434
vn -0.293883 -0.94158 0.1645
vt 0.1211 0.7972
vn -0.656896 -0.753676 0.0214362
vt 0.2061 0.8681
vn -0.157032 -0.959917 0.232163
vt 0.032 0.7434
vn -0.238189 -0.939391 0.246597
vt 0.0331 0.7434
vn 0.0259451 -0.819647 -0.572281
vt 0.2149 0.861
vn 0.165078 -0.92779 -0.334596
vt 0.092 0.804
vn 0.0607689 -0.850873 -0.521845
vt 0.2181 0.7434
vn -2.35562e-07 -0.818597 -0.574369
vt 0.3445 0.7434
vn 1.17166e-08 -0.812678 -0.582713
vt 0.3445 0.8594
vn 0.233136 -0.959519 -0.15802
vt 0.0144 0.7434
vn 0.260536 -0.948204 -0.181743
vt 0.0094 0.7434
vn -0.675086 -0.737739 -8.59578e-06
vt 0.6392 0.8681
vn -0.817219 -0.576327 0
vt 0.2942 0.9945
vn -0.992865 0 0.119245
vt 0.2258 0.7076
vn -0.501897 -0.864814 -0.0140467
vt 0.6392 0.7434
vn 2.25038e-10 -1.39984e-10 -1
vt 0.3442 0.7076
vn -1.50111e-10 -1.39984e-10 -1
vt 0.3442 0.7434
vn 0.160607 0 -0.987018
vt 0.219 0.7434
vn 0.14303 0.0184678 -0.989546
vt 0.219 0.7076
vn -0.949576 0.230443 0.212608
vt 0.0264 0.7076
vn -0.944078 0.253665 0.210643
vt 0.0325 0.7434
vn 0.137393 0.26733 -0.95376
vt 0.0267 0.7434
vn 0.12893 0.288642 -0.948716
vt 0.0218 0.7076
vn 0.233958 -0.965266 0.116299
vt 0.4162 0.4378
vn -0.594438 -0.341893 0.727841
vt 0.4158 0.3982
vn -0.548644 -0.198803 0.812076
vt 0.4846 0.3987
vn -0.352896 0.890027 -0.288647
vt 0.2173 0.498
vn -0.306327 0.874787 -0.375381
vt 0.276 0.4942
vn -0.320854 0.880357 -0.34932
vt 0.2741 0.4497
vn -0.360314 0.891707 -0.273919
vt 0.2155 0.4535
vn -0.625865 -0.221445 0.747834
vt 0.0884 0.3927
vn -0.63714 -0.258176 0.726221
vt 0.2913 0.3933
vn 0.692509 -0.305957 -0.653316
vt 0.4158 0.3982
vn 0.570303 -0.301096 -0.764262
vt 0.2913 0.3933
vn 0.746591 -0.275271 -0.605663
vt 0.4846 0.3987
vn 0.747925 -0.269731 -0.606509
vt 0.5789 0.4553
vn -0.614797 0.233305 -0.753388
vt 0.3428 0.4692
vn 0.540857 -0.10928 -0.833985
vt 0.0884 0.3927
vn -3.40183e-07 -0.348259 -0.937398
vt 0.3445 1.0012
vn -0.752837 0.0127143 -0.658084
vt 0.0164 0.7434
vn -0.752837 0.0127143 -0.658084
vt 0.026 0.7076
vn -0.752837 0.0127143 -0.658084
vt 0.0325 0.7434
vn -0.675564 -0.215454 0.70512
vt 0.0203 0.3945
vn -0.666541 -0.207549 0.715994
vt 0.2792 0.3948
vn 0.407179 -0.0336037 -0.91273
vt 0.0203 0.3945
vn 0.395406 -0.0464736 -0.91733
vt 0.2792 0.3948
vn 0.294401 -0.94146 0.164259
vt 0.1211 0.7972
vn 0.421873 -0.904268 0.0657457
vt 0.2247 0.7434
vn 0.658479 -0.752302 0.0211502
vt 0.2061 0.8681
vn 0.147749 -0.962124 0.229101
vt 0.0322 0.7434
vn 0.193427 -0.951946 0.237453
vt 0.0333 0.7434
vn -0.164785 -0.927528 -0.335466
vt 0.0921 0.804
vn -0.025946 -0.819647 -0.572281
vt 0.215 0.861
vn -0.060533 -0.850612 -0.522298
vt 0.2181 0.7434
vn -0.235544 -0.95842 -0.161088
vt 0.0145 0.7434
vn -0.279778 -0.939073 -0.199667
vt 0.0094 0.7434
vn 0.992865 -1.76202e-08 0.119247
vt 0.2258 0.7076
vn 0.598591 -0.800741 0.0224166
vt 0.6392 0.7434
vn 0.991615 0.00980292 0.128855
vt 0.2246 0.7434
vn -0.141904 0.0173198 -0.989729
vt 0.219 0.7076
vn -0.158997 3.62951e-08 -0.987279
vt 0.219 0.7434
vn 0.948849 0.233702 0.212295
vt 0.0264 0.7076
vn 0.943127 0.257489 0.210262
vt 0.0325 0.7434
vn -0.132829 0.272788 -0.95286
vt 0.0218 0.7076
vn -0.140779 0.252523 -0.957295
vt 0.0267 0.7434
vn 0.589119 -0.355018 0.72588
vt 0.4158 0.3982
vn -0.233925 -0.965207 0.116853
vt 0.4162 0.4378
vn 0.548843 -0.200937 0.811416
vt 0.4846 0.3987
vn 0.351218 0.891391 -0.286476
vt 0.2173 0.498
vn 0.35874 0.892991 -0.271794
vt 0.2155 0.4535
vn 0.318088 0.881826 -0.348142
vt 0.2741 0.4497
vn 0.303155 0.876282 -0.374469
vt 0.276 0.4942
vn 0.636621 -0.259412 0.726236
vt 0.2913 0.3933
vn 0.625837 -0.221456 0.747853
vt 0.0884 0.3927
vn -0.570098 -0.300333 -0.764715
vt 0.2913 0.3933
vn -0.692881 -0.294837 -0.658017
vt 0.4158 0.3982
vn -0.746886 -0.272905 -0.606369
vt 0.4846 0.3987
vn -0.747788 -0.26914 -0.606941
vt 0.5789 0.4553
vn 0.611908 0.232928 -0.755853
vt 0.3428 0.4692
vn -0.540829 -0.109289 -0.834002
vt 0.0884 0.3927
vn 0.753435 0.000107424 -0.657522
vt 0.0164 0.7434
vn 0.666543 -0.207551 0.715991
vt 0.2792 0.3948
vn 0.675563 -0.215454 0.70512
vt 0.0203 0.3945
vn -0.407263 -0.0335361 -0.912695
vt 0.0203 0.3945
vn -0.395424 -0.046478 -0.917322
vt 0.2792 0.3948
vn -0.817219 -0.576327 7.4736e-09
vt 0.6392 0.8681
vn 0.612482 0.233135 0.755324
vt 0.3428 0.4692
vn 0.612482 0.233135 0.755324
vt 0.2741 0.4497
vn 0.930816 -0.365489 6.73194e-05
vt 0.5934 0.4581
vn 0.483975 -0.875082 0.000161181
vt 0.901 0.458
vn 5.12526e-11 -1 0.00018419
vt 0.901 0.4023
vn 5.12526e-11 -1 0.00018419
vt 0.5934 0.4023
vn 1 0 0
vt 0.5934 0.4026
vn 1 0 0
vt 0.9524 0.458
vn 1 0 0
vt 0.9462 0.4027
vn -1 0 0
vt 0.953 0.4575
vn -1 0 0
vt 0.9467 0.4021
vn -1 0 0
vt 0.594 0.4021
vn -1 0 0
vt 0.9016 0.4575
vn -1 0 0
vt 0.594 0.4576
vn 7.35454e-05 0.328069 0.944654
vt 0.778 0.4028
vn 0.000120621 0.328112 0.944639
vt 0.778 0.4565
vn 3.36481e-05 0.219616 0.975586
vt 0.7438 0.4565
vn 0 0.219641 0.975581
vt 0.7438 0.4028
vn -2.48895e-09 -0.994935 -0.100517
vt 0.8758 0.458
vn -2.48895e-09 -0.994935 -0.100517
vt 0.8413 0.458
vn -2.48895e-09 -0.994935 -0.100517
vt 0.8413 0.4043
vn -2.48895e-09 -0.994935 -0.100517
vt 0.8758 0.4043
vn 1 0 0
vt 0.9628 0.5361
vn 1 0 0
vt 0.9942 0.5356
vn 2.93398e-08 -0.650902 -0.759162
vt 0.8403 0.4028
vn 2.93398e-08 -0.650902 -0.759162
vt 0.7791 0.4028
vn 2.93398e-08 -0.650902 -0.759162
vt 0.7791 0.4574
vn 2.93398e-08 -0.650902 -0.759162
vt 0.8403 0.4574
vn -1 0 0
vt 0.9948 0.5351
vn -1 0 0
vt 0.9633 0.5356
vn 5.83627e-05 0.420029 0.907511
vt 0.8142 0.4565
vn 4.85704e-09 0.419993 0.907527
vt 0.8142 0.4028
vn 0 1 0
vt 0.7368 0.4288
vn 0 1 0
vt 0.7441 0.4025
vn 0 1 0
vt 0.7441 0.4552
vn 0 -1 -0.00018419
vt 0.5934 0.4581
vn 0 -1 -0.00018419
vt 0.5934 0.4023
vn 0 -1 -0.00018419
vt 0.901 0.4023
vn 0 -1 -0.00018419
vt 0.901 0.458
vn 1 0 0
vt 0.9524 0.458
vn 1 0 0
vt 0.9462 0.4027
vn -1 0 0
vt 0.9016 0.4575
vn -1 0 0
vt 0.953 0.4575
vn -1 0 0
vt 0.9467 0.4021
vn 4.4402e-09 0.32809 -0.944647
vt 0.778 0.4028
vn 9.43734e-09 0.219641 -0.975581
vt 0.7438 0.4028
vn 9.43734e-09 0.219641 -0.975581
vt 0.7438 0.4565
vn 4.4402e-09 0.32809 -0.944647
vt 0.778 0.4565
vn 0 -0.994935 0.100517
vt 0.8758 0.458
vn 0 -0.994935 0.100517
vt 0.8758 0.4043
vn 0 -0.994935 0.100517
vt 0.8413 0.4043
vn 0 -0.994935 0.100517
vt 0.8413 0.458
vn 1 0 0
vt 0.9628 0.5361
vn 1 0 0
vt 0.9942 0.5356
vn 0 -0.650902 0.759162
vt 0.8403 0.4028
vn 0 -0.650902 0.759162
vt 0.8403 0.4574
vn 0 -0.650902 0.759162
vt 0.7791 0.4574
vn 0 -0.650902 0.759162
vt 0.7791 0.4028
vn -1 0 0
vt 0.9948 0.5351
vn -1 0 0
vt 0.9633 0.5356
vn 0 0.419993 -0.907527
vt 0.8142 0.4565
vn 0 0.419993 -0.907527
vt 0.8142 0.4028
vn 0 1 0
vt 0.7441 0.4025
vn 0 1 0
vt 0.7368 0.4288
vn 0 1 0
vt 0.7441 0.4552
vn -5.85711e-13 0.000353858 -1
vt 0.9969 0.3242
vn -5.85711e-13 0.000353858 -1
vt 0.9969 0.1462
vn -5.85711e-13 0.000353858 -1
vt 0.7983 0.1462
vn -5.85711e-13 0.000353858 -1
vt 0.7983 0.3242
vn -1 0.000353296 0
vt 0.6674 0.3242
vn -1 0.000353296 0
vt 0.456 0.3242
vn -1 0.000353296 0
vt 0.456 0.1462
vn -1 0.000353296 0
vt 0.6674 0.1462
vn 1 -0.000353296 -1.43525e-12
vt 0.9203 0.3242
vn 1 -0.000353296 -1.43525e-12
vt 0.9203 0.1462
vn 1 -0.000353296 -1.43528e-12
vt 0.4559 0.1462
vn 1 -0.000353296 -1.43529e-12
vt 0.4558 0.3242
vn 3.9579e-05 0.000386448 -1
vt 0.6742 0.3242
vn 5.46563e-05 0.000353858 -1
vt 0.6741 0.1462
vn 1.50773e-05 0.000439409 -1
vt 0.4755 0.1462
vn -6.44247e-12 0.000471998 -1
vt 0.4755 0.3242
vn 0 -0.000353858 1
vt 0.9969 0.3242
vn 0 -0.000353858 1
vt 0.7983 0.3242
vn 0 -0.000353858 1
vt 0.7983 0.1462
vn 0 -0.000353858 1
vt 0.9969 0.1462
vn 0 -0.000353858 1
vt 0.6742 0.3242
vn 0 -0.000353858 1
vt 0.4755 0.3242
vn 0 -0.000353858 1
vt 0.4755 0.1462
vn 0 -0.000353858 1
vt 0.6741 0.1462
vn -1 0.000353296 0
vt 0.6674 0.3242
vn -1 0.000353296 0
vt 0.456 0.3242
vn -1 0.000353296 0
vt 0.456 0.1462
vn -1 0.000353296 0
vt 0.6674 0.1462
vn 1 -0.000353296 -1.43529e-12
vt 0.456 0.3242
vn 1 -0.000353296 -1.43529e-12
vt 0.456 0.1462
vn 1 -0.000353296 -1.43524e-12
vt 0.9203 0.1462
vn 1 -0.000353296 -1.43524e-12
vt 0.456 0.3242
vn 0.42184 -0.904282 -0.0657732
vt 0.2236 0.7434
vn 0.293849 -0.941604 -0.164424
vt 0.1201 0.7972
vn 0.45994 -0.886986 -0.0413708
vt 0.2052 0.8681
vn 0.156967 -0.959942 -0.232106
vt 0.031 0.7434
vn 0.238214 -0.939396 -0.246557
vt 0.0321 0.7434
vn -0.0139079 -0.692331 0.721446
vt 0.2282 0.861
vn -0.165081 -0.927782 0.334617
vt 0.1054 0.804
vn -0.0607706 -0.850834 0.521908
vt 0.2314 0.7434
vn 2.40605e-07 -0.81857 0.574406
vt 0.3579 0.7434
vn -1.88301e-09 -0.580797 0.814048
vt 0.3579 0.8594
vn -0.233119 -0.959526 0.158005
vt 0.0277 0.7434
vn -0.260433 -0.948249 0.181654
vt 0.0227 0.7434
vn 0.992865 0 -0.119243
vt 0.2249 0.7076
vn 0.999998 -9.41604e-09 -0.00193853
vt 0.6392 0.7434
vn 1 -9.71422e-09 -8.65607e-11
vt 0.6392 0.7076
vn 7.25983e-12 5.51433e-07 1
vt 0.3568 0.7056
vn 1.50117e-10 1.79827e-09 1
vt 0.3568 0.7431
vn -0.160606 5.09785e-05 0.987019
vt 0.2303 0.7431
vn -0.143067 0.0185045 0.98954
vt 0.2303 0.7056
vn 0.949556 0.23054 -0.21259
vt 0.0254 0.7076
vn 0.944048 0.253797 -0.210622
vt 0.0315 0.7434
vn -0.137404 0.267407 0.953737
vt 0.036 0.7431
vn -0.128937 0.288727 0.94869
vt 0.0311 0.7056
vn 0.587332 -0.308189 -0.748372
vt 0.4162 0.4378
vn 0.594463 -0.341893 -0.727821
vt 0.4158 0.3982
vn 0.548763 -0.198779 -0.812001
vt 0.4846 0.3987
vn 0.352945 0.890038 0.288551
vt 0.2173 0.498
vn 0.456909 0.690776 0.560414
vt 0.276 0.4942
vn 0.486657 0.662764 0.56913
vt 0.2741 0.4497
vn 0.360375 0.89172 0.273797
vt 0.2155 0.4535
vn 0.625898 -0.221456 -0.747802
vt 0.0884 0.3927
vn 0.637108 -0.258409 -0.726167
vt 0.2913 0.3933
vn -0.6925 -0.306147 0.653236
vt 0.4158 0.3982
vn -0.570355 -0.300881 0.764307
vt 0.2913 0.3933
vn -0.746608 -0.275202 0.605673
vt 0.4846 0.3987
vn -0.267728 -0.818156 -0.508864
vt 0.5789 0.4553
vn 0.614457 0.233348 0.753652
vt 0.3428 0.4692
vn -0.5409 -0.109268 0.833959
vt 0.0884 0.3927
vn 3.4153e-07 -0.348259 0.937398
vt 0.3579 1.0012
vn 0.753044 0.0126069 0.657849
vt 0.01 0.7431
vn 0.753044 0.0126069 0.657849
vt 0.0197 0.7056
vn 0.753044 0.0126069 0.657849
vt 0.0262 0.7431
vn 0.675564 -0.215455 -0.705118
vt 0.0203 0.3945
vn 0.666541 -0.207549 -0.715993
vt 0.2792 0.3948
vn -0.40718 -0.0336026 0.91273
vt 0.0203 0.3945
vn -0.395405 -0.046474 0.91733
vt 0.2792 0.3948
vn -0.294366 -0.941484 -0.164183
vt 0.1201 0.7972
vn -0.421867 -0.904271 -0.0657378
vt 0.2238 0.7434
vn -0.459564 -0.88717 -0.0416025
vt 0.2052 0.8681
vn -0.147685 -0.962148 -0.229044
vt 0.0312 0.7434
vn -0.193462 -0.951949 -0.237415
vt 0.0323 0.7434
vn 0.164788 -0.927509 0.335518
vt 0.1054 0.804
vn 0.0139072 -0.692329 0.721448
vt 0.2283 0.861
vn 0.0605313 -0.850566 0.522374
vt 0.2315 0.7434
vn 0.235556 -0.958408 0.161141
vt 0.0278 0.7434
vn 0.279915 -0.938995 0.199838
vt 0.0228 0.7434
vn -0.696525 -0.717532 -7.62112e-06
vt 0.6392 0.8681
vn -0.817238 -0.5763 5.51553e-09
vt 0.6392 0.9945
vn -0.817231 -0.57631 -1.05493e-05
vt 0.2933 0.9945
vn -0.992867 1.32762e-08 -0.119226
vt 0.2249 0.7076
vn -1 6.81092e-09 3.33992e-10
vt 0.6392 0.7076
vn -0.999998 7.00891e-09 -0.00193854
vt 0.6392 0.7434
vn -0.991618 0.0098004 -0.128833
vt 0.2236 0.7434
vn 0.141906 0.0172902 0.989729
vt 0.2303 0.7056
vn 0.158992 -1.30508e-08 0.98728
vt 0.2303 0.7431
vn -0.948829 0.233797 -0.212278
vt 0.0254 0.7076
vn -0.943097 0.257618 -0.210241
vt 0.0315 0.7434
vn 0.105096 0.267612 0.957778
vt 0.0311 0.7056
vn 0.0841999 0.242872 0.966397
vt 0.036 0.7431
vn -0.58912 -0.355015 -0.725881
vt 0.4158 0.3982
vn -0.583341 -0.318413 -0.747213
vt 0.4162 0.4378
vn -0.54883 -0.201077 -0.81139
vt 0.4846 0.3987
vn -0.351332 0.891384 0.286358
vt 0.2173 0.498
vn -0.358859 0.892982 0.271668
vt 0.2155 0.4535
vn -0.483614 0.66548 0.568554
vt 0.2741 0.4497
vn -0.454015 0.692767 0.560308
vt 0.276 0.4942
vn -0.636589 -0.259643 -0.726182
vt 0.2913 0.3933
vn -0.62587 -0.221464 -0.747823
vt 0.0884 0.3927
vn 0.570204 -0.299927 0.764795
vt 0.2913 0.3933
vn 0.692943 -0.294631 0.658044
vt 0.4158 0.3982
vn 0.746961 -0.272885 0.606287
vt 0.4846 0.3987
vn 0.26465 -0.817387 -0.511702
vt 0.5789 0.4553
vn 0.540875 -0.109259 0.833976
vt 0.0884 0.3927
vn -0.753672 1.42718e-05 0.657251
vt 0.0288 0.7431
vn -0.666541 -0.207549 -0.715993
vt 0.2792 0.3948
vn -0.675563 -0.215454 -0.70512
vt 0.0203 0.3945
vn 0.407264 -0.0335358 0.912695
vt 0.0203 0.3945
vn 0.395423 -0.0464792 0.917322
vt 0.2792 0.3948
vn 0.293883 -0.94158 0.1645
vt 0.1211 0.7972
vn 0.565818 -0.820293 0.0834816
vt 0.2246 0.7434
vn 0.656896 -0.753676 0.0214362
vt 0.2061 0.8681
vn 0.157033 -0.959917 0.232163
vt 0.032 0.7434
vn 0.238191 -0.939391 0.246597
vt 0.0331 0.7434
vn -0.165083 -0.927794 -0.334582
vt 0.092 0.804
vn -0.0259451 -0.819647 -0.572281
vt 0.2149 0.861
vn -0.060773 -0.850877 -0.521837
vt 0.2181 0.7434
vn 7.59056e-09 -0.812678 -0.582713
vt 0.3445 0.8594
vn 2.513e-07 -0.818597 -0.574369
vt 0.3445 0.7434
vn -0.233127 -0.959526 -0.157995
vt 0.0144 0.7434
vn -0.260446 -0.948247 -0.181647
vt 0.0094 0.7434
vn 0.675086 -0.737739 -8.59736e-06
vt 0.6392 0.8681
vn 0.817219 -0.576327 -7.42015e-09
vt 0.2942 0.9945
vn -0.279839 -0.960047 -4.00026e-09
vt 0.2942 0.9945
vn 0.992865 -2.38986e-08 0.119245
vt 0.2258 0.7076
vn 0.501897 -0.864814 -0.0140467
vt 0.6392 0.7434
vn -2.01558e-10 7.49911e-10 -1
vt 0.3442 0.7076
vn -0.143049 0.0184876 -0.989543
vt 0.219 0.7076
vn -0.160635 4.526e-09 -0.987014
vt 0.219 0.7434
vn 1.50111e-10 7.49911e-10 -1
vt 0.3442 0.7434
vn 0.949576 0.23044 0.212608
vt 0.0264 0.7076
vn 0.944079 0.253662 0.210644
vt 0.0325 0.7434
vn -0.128863 0.288913 -0.948643
vt 0.0218 0.7076
vn -0.137334 0.267583 -0.953697
vt 0.0267 0.7434
vn 0.594462 -0.341893 0.727821
vt 0.4158 0.3982
vn -0.233914 -0.965287 0.116214
vt 0.4162 0.4378
vn 0.548775 -0.198639 0.812027
vt 0.4846 0.3987
vn 0.352945 0.890038 -0.288551
vt 0.2173 0.498
vn 0.360375 0.89172 -0.273797
vt 0.2155 0.4535
vn 0.320807 0.88034 -0.349406
vt 0.2741 0.4497
vn 0.306214 0.874741 -0.37558
vt 0.276 0.4942
vn 0.637141 -0.258173 0.726222
vt 0.2913 0.3933
vn 0.625865 -0.221445 0.747834
vt 0.0884 0.3927
vn -0.570305 -0.301111 -0.764254
vt 0.2913 0.3933
vn -0.6925 -0.306147 -0.653236
vt 0.4158 0.3982
vn -0.746583 -0.275303 -0.605658
vt 0.4846 0.3987
vn -0.747925 -0.269731 -0.606509
vt 0.5789 0.4553
vn 0.614483 0.233191 -0.75368
vt 0.3428 0.4692
vn -0.540857 -0.109282 -0.833985
vt 0.0884 0.3927
vn 3.43861e-07 -0.348259 -0.937398
vt 0.3445 1.0012
vn 0.753047 0.0128132 -0.657842
vt 0.026 0.7076
vn 0.753047 0.0128132 -0.657842
vt 0.0164 0.7434
vn 0.753047 0.0128132 -0.657842
vt 0.0325 0.7434
vn 0.666541 -0.207549 0.715994
vt 0.2792 0.3948
vn 0.675565 -0.215455 0.705118
vt 0.0203 0.3945
vn -0.40718 -0.033603 -0.91273
vt 0.0203 0.3945
vn -0.395405 -0.0464745 -0.91733
vt 0.2792 0.3948
vn -0.421874 -0.904268 0.0657358
vt 0.2247 0.7434
vn -0.2944 -0.94146 0.164259
vt 0.1211 0.7972
vn -0.658476 -0.752304 0.0211459
vt 0.2061 0.8681
vn -0.14775 -0.962124 0.229101
vt 0.0322 0.7434
vn -0.193431 -0.951946 0.237454
vt 0.0333 0.7434
vn 0.025946 -0.819647 -0.572281
vt 0.215 0.861
vn 0.164783 -0.927527 -0.335471
vt 0.0921 0.804
vn 0.0605324 -0.850611 -0.522299
vt 0.2181 0.7434
vn 0.235554 -0.958412 -0.161122
vt 0.0145 0.7434
vn 0.279929 -0.938993 -0.199829
vt 0.0094 0.7434
vn -0.992867 0 0.119229
vt 0.2258 0.7076
vn -0.991617 0.00980273 0.128838
vt 0.2246 0.7434
vn -0.501997 -0.864738 0.0150784
vt 0.6392 0.7434
vn 0.158992 0 -0.98728
vt 0.219 0.7434
vn 0.141901 0.0173139 -0.989729
vt 0.219 0.7076
vn -0.94885 0.233697 0.212296
vt 0.0264 0.7076
vn -0.943129 0.257483 0.210263
vt 0.0325 0.7434
vn 0.140788 0.252482 -0.957304
vt 0.0267 0.7434
vn 0.132839 0.27275 -0.95287
vt 0.0218 0.7076
vn 0.234045 -0.965184 0.116802
vt 0.4162 0.4378
vn -0.58912 -0.355015 0.725881
vt 0.4158 0.3982
vn -0.548843 -0.200936 0.811416
vt 0.4846 0.3987
vn -0.351324 0.891382 -0.286374
vt 0.2173 0.498
vn -0.303182 0.876258 -0.374503
vt 0.276 0.4942
vn -0.318135 0.881808 -0.348146
vt 0.2741 0.4497
vn -0.358859 0.892982 -0.271668
vt 0.2155 0.4535
vn -0.625837 -0.221453 0.747855
vt 0.0884 0.3927
vn -0.636622 -0.259407 0.726237
vt 0.2913 0.3933
vn 0.692923 -0.294632 -0.658065
vt 0.4158 0.3982
vn 0.570154 -0.300158 -0.764742
vt 0.2913 0.3933
vn 0.746896 -0.272866 -0.606375
vt 0.4846 0.3987
vn 0.747788 -0.26914 -0.606941
vt 0.5789 0.4553
vn -0.611908 0.232928 -0.755853
vt 0.3428 0.4692
vn 0.540832 -0.109273 -0.834002
vt 0.0884 0.3927
vn -0.753677 0.000224434 -0.657245
vt 0.0164 0.7434
vn -0.675564 -0.215454 0.70512
vt 0.0203 0.3945
vn -0.666541 -0.207549 0.715994
vt 0.2792 0.3948
vn 0.407263 -0.0335361 -0.912695
vt 0.0203 0.3945
vn 0.395422 -0.0464797 -0.917323
vt 0.2792 0.3948
vn 0.817219 -0.576327 0
vt 0.6392 0.8681
vn -0.612226 0.233043 0.755559
vt 0.3428 0.4692
vn -0.786474 -0.617623 -1.35114e-12
vt 0.5934 0.4581
vn 1.32015e-11 -1 1.81336e-12
vt 0.5934 0.4023
vn 0 -1 0.00018419
vt 0.901 0.4023
vn -0.483977 -0.875081 0.000161181
vt 0.901 0.458
vn -1 0 0
vt 0.9524 0.458
vn -1 0 0
vt 0.9462 0.4027
vn -1 0 0
vt 0.5934 0.4026
vn 1 0 0
vt 0.9016 0.4575
vn 1 0 0
vt 0.594 0.4576
vn 1 0 0
vt 0.594 0.4021
vn 1 0 0
vt 0.953 0.4575
vn 1 0 0
vt 0.9467 0.4021
vn -7.35476e-05 0.328069 0.944654
vt 0.778 0.4028
vn -9.43737e-09 0.219641 0.975581
vt 0.7438 0.4028
vn -3.36576e-05 0.219616 0.975586
vt 0.7438 0.4565
vn -0.000120623 0.328112 0.944639
vt 0.778 0.4565
vn 0 -0.994935 -0.100517
vt 0.8758 0.458
vn 0 -0.994935 -0.100517
vt 0.8758 0.4043
vn 0 -0.994935 -0.100517
vt 0.8413 0.4043
vn 0 -0.994935 -0.100517
vt 0.8413 0.458
vn -1 0 0
vt 0.9628 0.5361
vn -1 0 0
vt 0.9942 0.5356
vn 0 -0.650902 -0.759162
vt 0.8403 0.4028
vn 0 -0.650902 -0.759162
vt 0.8403 0.4574
vn 0 -0.650902 -0.759162
vt 0.7791 0.4574
vn 0 -0.650902 -0.759162
vt 0.7791 0.4028
vn 1 0 0
vt 0.9948 0.5351
vn 1 0 0
vt 0.9633 0.5356
vn -5.83579e-05 0.420029 0.907511
vt 0.8142 0.4565
vn 0 0.419993 0.907527
vt 0.8142 0.4028
vn 0 1 0
vt 0.7441 0.4025
vn 0 1 0
vt 0.7368 0.4288
vn 0 1 0
vt 0.7441 0.4552
vn 2.6403e-11 -1 -0.00018419
vt 0.901 0.458
vn 2.6403e-11 -1 -0.00018419
vt 0.901 0.4023
vn -1 0 0
vt 0.9524 0.458
vn -1 0 0
vt 0.9462 0.4027
vn 1 0 0
vt 0.953 0.4575
vn 1 0 0
vt 0.9467 0.4021
vn 1 0 0
vt 0.9016 0.4575
vn -2.59915e-09 0.32809 -0.944647
vt 0.778 0.4028
vn -2.59915e-09 0.32809 -0.944647
vt 0.778 0.4565
vn 0 0.219641 -0.975581
vt 0.7438 0.4565
vn 0 0.219641 -0.975581
vt 0.7438 0.4028
vn 2.48896e-09 -0.994935 0.100517
vt 0.8758 0.458
vn 2.48896e-09 -0.994935 0.100517
vt 0.8413 0.458
vn 2.48896e-09 -0.994935 0.100517
vt 0.8413 0.4043
vn 2.48896e-09 -0.994935 0.100517
vt 0.8758 0.4043
vn -1 0 0
vt 0.9628 0.5361
vn -1 0 0
vt 0.9942 0.5356
vn -2.93399e-08 -0.650902 0.759162
vt 0.8403 0.4028
vn -2.93399e-08 -0.650902 0.759162
vt 0.7791 0.4028
vn -2.93399e-08 -0.650902 0.759162
vt 0.7791 0.4574
vn -2.93399e-08 -0.650902 0.759162
vt 0.8403 0.4574
vn 1 0 0
vt 0.9948 0.5351
vn 1 0 0
vt 0.9633 0.5356
vn -4.85706e-09 0.419993 -0.907527
vt 0.8142 0.4565
vn -4.85706e-09 0.419993 -0.907527
vt 0.8142 0.4028
vn 0 1 0
vt 0.7368 0.4288
vn 0 1 0
vt 0.7441 0.4025
vn 0 1 0
vt 0.7441 0.4552
vn 0 0.000350509 -1
vt 0.9969 0.3242
vn 0 0.000350509 -1
vt 0.7983 0.3242
vn 0 0.000350509 -1
vt 0.7983 0.1462
vn 0 0.000350509 -1
vt 0.9969 0.1462
vn 1 0.000351066 -3.67859e-12
vt 0.6674 0.3242
vn 1 0.000351066 -3.67859e-12
vt 0.6674 0.1462
vn 1 0.000351066 -3.67859e-12
vt 0.456 0.1462
vn 1 0.000351066 -3.67859e-12
vt 0.456 0.1462
vn 1 0.000351066 -3.67859e-12
vt 0.456 0.3242
vn -1 -0.000349952 0
vt 0.9203 0.3242
vn -1 -0.000349952 0
vt 0.4558 0.3242
vn -1 -0.000349952 0
vt 0.4559 0.1462
vn -1 -0.000349952 0
vt 0.9203 0.1462
vn 0 0.000350509 -1
vt 0.6742 0.3242
vn 0 0.000350509 -1
vt 0.4755 0.3242
vn 0 0.000350509 -1
vt 0.4755 0.1462
vn 0 0.000350509 -1
vt 0.6741 0.1462
vn 7.54188e-12 -0.000350509 1
vt 0.9969 0.3242
vn 7.54177e-12 -0.000350509 1
vt 0.9969 0.1462
vn 7.54206e-12 -0.000350509 1
vt 0.7983 0.1462
vn 7.54218e-12 -0.000350509 1
vt 0.7983 0.3242
vn 7.54206e-12 -0.000350509 1
vt 0.6742 0.3242
vn 7.54217e-12 -0.000350509 1
vt 0.6741 0.1462
vn 7.54188e-12 -0.000350509 1
vt 0.4755 0.1462
vn 7.54176e-12 -0.000350509 1
vt 0.4755 0.3242
vn 1 0.000351066 -3.67859e-12
vt 0.6674 0.3242
vn 1 0.000351066 -3.67859e-12
vt 0.6674 0.1462
vn 1 0.000351066 -3.67859e-12
vt 0.456 0.1462
vn 1 0.000351066 -3.6788e-12
vt 0.456 0.1462
vn 1 0.000351066 -3.6788e-12
vt 0.456 0.3242
vn 1 0.000351066 -3.6788e-12
vt 0.6674 0.3242
vn -1 -0.000349952 0
vt 0.456 0.3242
vn -1 -0.000349952 0
vt 0.456 0.1462
vn 0 0 1
vt 0.9436 0.6464
vn 0 0 1
vt 0.9436 0.5643
vn 0 0 1
vt 1.0042 0.5643
vn 0 0 1
vt 1.0042 0.6464
vn 0.999867 0 -0.0163263
vt 0.9479 0.6464
vn 0.999867 0 -0.0163263
vt 0.9479 0.5654
vn 0.999867 0 -0.0163263
vt 0.5343 0.5654
vn 0.999867 0 -0.0163263
vt 0.5343 0.6464
vn 0 0.999888 -0.014993
vt 0.9479 0.6464
vn 0 0.999888 -0.014993
vt 0.9479 0.5654
vn 0 0.999888 -0.014993
vt 0.5343 0.5654
vn 0 0.999888 -0.014993
vt 0.5343 0.6464
vn -0.999867 0 -0.0163263
vt 0.9479 0.5654
vn -0.999867 0 -0.0163263
vt 0.5343 0.5654
vn 0 -0.999887 -0.0150464
vt 0.9479 0.6464
vn 0 -0.999887 -0.0150464
vt 0.5343 0.6464
vn 0 0 1
vt 0.9436 0.6464
vn 0 0 1
vt 0.9436 0.5643
vn 0 0 1
vt 1.0042 0.5643
vn 0 0 1
vt 1.0042 0.6464
vn 0.999905 0 -0.0138193
vt 0.9479 0.6464
vn 0.999905 0 -0.0138193
vt 0.9479 0.5654
vn 0.999905 0 -0.0138193
vt 0.5343 0.5654
vn 0.999905 0 -0.0138193
vt 0.5343 0.6464
vn 0 0.999919 -0.012699
vt 0.9479 0.6464
vn 0 0.999919 -0.012699
vt 0.9479 0.5654
vn 0 0.999919 -0.012699
vt 0.5343 0.5654
vn 0 0.999919 -0.012699
vt 0.5343 0.6464
vn -0.999905 0 -0.0138193
vt 0.9479 0.5654
vn -0.999905 0 -0.0138193
vt 0.5343 0.5654
vn 0 -0.999919 -0.012699
vt 0.9479 0.6464
vn 0 -0.999919 -0.012699
vt 0.5343 0.6464
vn 0 0 1
vt 0.9436 0.6464
vn 0 0 1
vt 0.9436 0.5643
vn 0 0 1
vt 1.0042 0.5643
vn 0 0 1
vt 1.0042 0.6464
vn 0.999751 0 -0.0223
vt 0.9479 0.6464
vn 0.999751 0 -0.0223
vt 0.9479 0.5654
vn 0.999751 0 -0.0223
vt 0.5343 0.5654
vn 0.999751 0 -0.0223
vt 0.5343 0.6464
vn 0 0.999789 -0.0205399
vt 0.9479 0.6464
vn 0 0.999789 -0.0205399
vt 0.9479 0.5654
vn 0 0.999789 -0.0205399
vt 0.5343 0.5654
vn 0 0.999789 -0.0205399
vt 0.5343 0.6464
vn -0.99975 0 -0.0223528
vt 0.9479 0.5654
vn -0.99975 0 -0.0223528
vt 0.5343 0.5654
vn 0 -0.99979 -0.020487
vt 0.9479 0.6464
vn 0 -0.99979 -0.020487
vt 0.5343 0.6464
vn -7.80676e-05 -8.49305e-05 1
vt 0.9436 0.6464
vn -0.000148195 -0.000161223 1
vt 0.9436 0.5643
vn -7.01278e-05 -7.62927e-05 1
vt 1.0042 0.5643
vn 0 0 1
vt 1.0042 0.6464
vn 0.99977 0 -0.021446
vt 0.9479 0.6464
vn 0.99977 0 -0.021446
vt 0.9479 0.5654
vn 0.99977 0 -0.021446
vt 0.5343 0.5654
vn 0.99977 0 -0.021446
vt 0.5343 0.6464
vn 0 0.999805 -0.0197393
vt 0.9479 0.6464
vn 0 0.999805 -0.0197393
vt 0.9479 0.5654
vn 0 0.999805 -0.0197393
vt 0.5343 0.5654
vn 0 0.999805 -0.0197393
vt 0.5343 0.6464
vn -0.999769 2.89813e-06 -0.0214991
vt 0.9479 0.5654
vn -0.999769 0 -0.0215
vt 0.5343 0.5654
vn 2.40523e-06 -0.999805 -0.0197401
vt 0.9479 0.6464
vn 0 -0.999805 -0.0197393
vt 0.5343 0.6464
vn 0 0 1
vt 0.9436 0.6464
vn 0 0 1
vt 0.9436 0.5643
vn 0 0 1
vt 1.0042 0.5643
vn 0 0 1
vt 1.0042 0.6464
vn 0.999905 0 -0.0137692
vt 0.9479 0.6464
vn 0.999905 0 -0.0137692
vt 0.9479 0.5654
vn 0.999905 0 -0.0137692
vt 0.5343 0.5654
vn 0.999905 0 -0.0137692
vt 0.5343 0.6464
vn 0 0.99992 -0.0126273
vt 0.9479 0.6464
vn 0 0.99992 -0.0126273
vt 0.9479 0.5654
vn 0 0.99992 -0.0126273
vt 0.5343 0.5654
vn 0 0.99992 -0.0126273
vt 0.5343 0.6464
vn -0.999906 0 -0.013702
vt 0.9479 0.5654
vn -0.999906 0 -0.013702
vt 0.5343 0.5654
vn 0 -0.99992 -0.0126273
vt 0.9479 0.6464
vn 0 -0.99992 -0.0126273
vt 0.5343 0.6464
vn 0 0 1
vt 0.9436 0.6464
vn 0 0 1
vt 0.9436 0.5643
vn 0 0 1
vt 1.0042 0.5643
vn 0 0 1
vt 1.0042 0.6464
vn 0.998349 0 -0.057446
vt 0.9479 0.6464
vn 0.998349 0 -0.057446
vt 0.9479 0.5654
vn 0.998349 0 -0.057446
vt 0.5343 0.5654
vn 0.998349 0 -0.057446
vt 0.5343 0.6464
vn 0 0.998962 -0.0455528
vt 0.9479 0.6464
vn 0 0.998962 -0.0455528
vt 0.9479 0.5654
vn 0 0.998962 -0.0455528
vt 0.5343 0.5654
vn 0 0.998962 -0.0455528
vt 0.5343 0.6464
vn -0.998354 0 -0.0573598
vt 0.9479 0.5654
vn -0.998354 0 -0.0573598
vt 0.5343 0.5654
vn 0 -0.998962 -0.0455528
vt 0.9479 0.6464
vn 0 -0.998962 -0.0455528
vt 0.5343 0.6464
vn 0 0 1
vt 0.9436 0.6464
vn 0 0 1
vt 0.9436 0.5643
vn 0 0 1
vt 1.0042 0.5643
vn 0 0 1
vt 1.0042 0.6464
vn 0.999979 0 -0.00640333
vt 0.9479 0.6464
vn 0.999979 0 -0.00640333
vt 0.9479 0.5654
vn 0.999979 0 -0.00640333
vt 0.5343 0.5654
vn 0.999979 0 -0.00640333
vt 0.5343 0.6464
vn 0 0.999982 -0.00592296
vt 0.9479 0.6464
vn 0 0.999982 -0.00592296
vt 0.9479 0.5654
vn 0 0.999982 -0.00592296
vt 0.5343 0.5654
vn 0 0.999982 -0.00592296
vt 0.5343 0.6464
vn -0.999979 0 -0.00640333
vt 0.9479 0.5654
vn -0.999979 0 -0.00640333
vt 0.5343 0.5654
vn 0 -0.999983 -0.00586953
vt 0.9479 0.6464
vn 0 -0.999983 -0.00586953
vt 0.5343 0.6464
vn 0 0 1
vt 0.9436 0.6464
vn 0 0 1
vt 0.9436 0.5643
vn 0 0 1
vt 1.0042 0.5643
vn 0 0 1
vt 1.0042 0.6464
vn 0.999638 0 -0.02689
vt 0.9479 0.6464
vn 0.999638 0 -0.02689
vt 0.9479 0.5654
vn 0.999638 0 -0.02689
vt 0.5343 0.5654
vn 0.999638 0 -0.02689
vt 0.5343 0.6464
vn 0 0.999695 -0.0246853
vt 0.9479 0.6464
vn 0 0.999695 -0.0246853
vt 0.9479 0.5654
vn 0 0.999695 -0.0246853
vt 0.5343 0.5654
vn 0 0.999695 -0.0246853
vt 0.5343 0.6464
vn -0.999638 0 -0.0268899
vt 0.9479 0.5654
vn -0.999638 0 -0.0268899
vt 0.5343 0.5654
vn 0 -0.999695 -0.0246853
vt 0.9479 0.6464
vn 0 -0.999695 -0.0246853
vt 0.5343 0.6464
vn 0 0 1
vt 0.9436 0.6464
vn 0 0 1
vt 0.9436 0.5643
vn 0 0 1
vt 1.0042 0.5643
vn 0 0 1
vt 1.0042 0.6464
vn 0.999432 0 -0.0337037
vt 0.9479 0.6464
vn 0.999432 0 -0.0337037
vt 0.9479 0.5654
vn 0.999432 0 -0.0337037
vt 0.5343 0.5654
vn 0.999432 0 -0.0337037
vt 0.5343 0.6464
vn 0 0.99952 -0.0309865
vt 0.9479 0.6464
vn 0 0.99952 -0.0309865
vt 0.9479 0.5654
vn 0 0.99952 -0.0309865
vt 0.5343 0.5654
vn 0 0.99952 -0.0309865
vt 0.5343 0.6464
vn -0.999432 0 -0.0337037
vt 0.9479 0.5654
vn -0.999432 0 -0.0337037
vt 0.5343 0.5654
vn 0 -0.99952 -0.0309865
vt 0.9479 0.6464
vn 0 -0.99952 -0.0309865
vt 0.5343 0.6464
vn 0 0 -1
vt 0.9436 0.6464
vn 0 0 -1
vt 1.0042 0.6464
vn 0 0 -1
vt 1.0042 0.5643
vn 0 0 -1
vt 0.9436 0.5643
vn 0.999867 -5.84943e-10 0.0163254
vt 0.9479 0.6464
vn 0.999867 -6.32426e-10 0.0163254
vt 0.5343 0.6464
vn 0.999867 -6.19878e-10 0.0163254
vt 0.5343 0.5654
vn 0.999867 -5.74997e-10 0.0163254
vt 0.9479 0.5654
vn -0.683642 0.729481 0.022139
vt 0.9479 0.6464
vn -0.683503 0.729612 0.0221387
vt 0.5343 0.6464
vn -1.23646e-10 0.999887 0.0150456
vt 0.5343 0.5654
vn -1.14901e-10 0.999887 0.0150456
vt 0.9479 0.5654
vn -0.670565 -0.741521 0.0221066
vt 0.9479 0.5654
vn -0.668228 -0.743628 0.0221002
vt 0.5343 0.5654
vn 1.17051e-10 -0.999887 0.0150456
vt 0.9479 0.6464
vn 1.26345e-10 -0.999887 0.0150456
vt 0.5343 0.6464
vn 0 0 -1
vt 0.9436 0.6464
vn 0 0 -1
vt 1.0042 0.6464
vn 0 0 -1
vt 1.0042 0.5643
vn 0 0 -1
vt 0.9436 0.5643
vn 0.999905 2.28336e-10 0.0138186
vt 0.9479 0.6464
vn 0.999905 2.43725e-10 0.0138186
vt 0.5343 0.6464
vn 0.999905 2.39681e-10 0.0138186
vt 0.5343 0.5654
vn 0.999905 2.25007e-10 0.0138186
vt 0.9479 0.5654
vn -0.682684 0.730474 0.0187112
vt 0.9479 0.6464
vn -0.682422 0.730719 0.0187107
vt 0.5343 0.6464
vn -1.31997e-09 0.999919 0.0126984
vt 0.5343 0.5654
vn -1.24097e-09 0.999919 0.0126984
vt 0.9479 0.5654
vn -0.671469 -0.740796 0.0187269
vt 0.9479 0.5654
vn -0.669673 -0.74242 0.0187228
vt 0.5343 0.5654
vn 6.65439e-10 -0.999919 0.0127518
vt 0.9479 0.6464
vn 7.09336e-10 -0.999919 0.0127518
vt 0.5343 0.6464
vn 0 0 -1
vt 0.9436 0.6464
vn 0 0 -1
vt 1.0042 0.6464
vn 0 0 -1
vt 1.0042 0.5643
vn 0 0 -1
vt 0.9436 0.5643
vn 0.99975 -4.09128e-10 0.0223522
vt 0.9479 0.6464
vn 0.99975 -4.56468e-10 0.0223522
vt 0.5343 0.6464
vn 0.99975 -4.43784e-10 0.0223522
vt 0.5343 0.5654
vn 0.99975 -3.99951e-10 0.0223522
vt 0.9479 0.5654
vn -0.685828 0.727137 0.0301957
vt 0.9479 0.6464
vn -0.686314 0.726678 0.0301972
vt 0.5343 0.6464
vn 1.78081e-10 0.99979 0.0204859
vt 0.5343 0.5654
vn 1.60846e-10 0.99979 0.0204859
vt 0.9479 0.5654
vn -0.668496 -0.743104 0.0301757
vt 0.9479 0.5654
vn -0.664817 -0.746397 0.0301613
vt 0.5343 0.5654
vn -7.06507e-11 -0.999789 0.0205388
vt 0.9479 0.6464
vn -7.86802e-11 -0.999789 0.0205388
vt 0.5343 0.6464
vn 7.80676e-05 8.49305e-05 -1
vt 0.9436 0.6464
vn 0 0 -1
vt 1.0042 0.6464
vn 7.01278e-05 7.62927e-05 -1
vt 1.0042 0.5643
vn 0.000148195 0.000161223 -1
vt 0.9436 0.5643
vn 0.99977 -6.94722e-10 0.0214471
vt 0.9479 0.6464
vn 0.99977 -7.71585e-10 0.0214471
vt 0.5343 0.6464
vn 0.99977 -7.51032e-10 0.0214471
vt 0.5343 0.5654
vn 0.99977 -6.79655e-10 0.0214471
vt 0.9479 0.5654
vn -0.685574 0.727421 0.0291056
vt 0.9479 0.6464
vn -0.685907 0.727107 0.029106
vt 0.5343 0.6464
vn 9.86592e-10 0.999805 0.0197404
vt 0.5343 0.5654
vn 8.94766e-10 0.999805 0.0197404
vt 0.9479 0.5654
vn -0.66878 -0.742893 0.029049
vt 0.9479 0.5654
vn -0.665305 -0.746007 0.0290358
vt 0.5343 0.5654
vn -2.40475e-06 -0.999805 0.0197396
vt 0.9479 0.6464
vn -1.01578e-09 -0.999805 0.0197404
vt 0.5343 0.6464
vn 0 0 -1
vt 0.9436 0.6464
vn 0 0 -1
vt 1.0042 0.6464
vn 0 0 -1
vt 1.0042 0.5643
vn 0 0 -1
vt 0.9436 0.5643
vn 0.999905 -6.78692e-11 0.0137692
vt 0.9479 0.6464
vn 0.999905 -7.11901e-11 0.0137692
vt 0.5343 0.6464
vn 0.999905 -7.00613e-11 0.0137692
vt 0.5343 0.5654
vn 0.999905 -6.68913e-11 0.0137692
vt 0.9479 0.5654
vn -0.682554 0.730599 0.0185795
vt 0.9479 0.6464
vn -0.682212 0.730918 0.0185788
vt 0.5343 0.6464
vn -7.78908e-10 0.99992 0.0126273
vt 0.5343 0.5654
vn -7.44505e-10 0.99992 0.0126273
vt 0.9479 0.5654
vn -0.671493 -0.74078 0.0185066
vt 0.9479 0.5654
vn -0.669998 -0.742133 0.0185031
vt 0.5343 0.5654
vn -2.46128e-10 -0.999921 0.0125601
vt 0.9479 0.6464
vn -2.57903e-10 -0.999921 0.0125601
vt 0.5343 0.6464
vn 0 0 -1
vt 0.9436 0.6464
vn 0 0 -1
vt 1.0042 0.6464
vn 0 0 -1
vt 1.0042 0.5643
vn 0 0 -1
vt 0.9436 0.5643
vn 0.998349 5.5016e-09 0.057446
vt 0.9479 0.6464
vn 0.998349 6.5393e-09 0.057446
vt 0.5343 0.6464
vn 0.998349 6.12956e-09 0.057446
vt 0.5343 0.5654
vn 0.998349 5.25314e-09 0.057446
vt 0.9479 0.5654
vn -0.644673 0.761078 0.0718105
vt 0.9479 0.6464
vn -0.641892 0.76343 0.0717582
vt 0.5343 0.6464
vn 1.20657e-09 0.998958 0.0456391
vt 0.5343 0.5654
vn 1.04827e-09 0.998958 0.0456392
vt 0.9479 0.5654
vn -0.605528 -0.792656 0.0709355
vt 0.9479 0.5654
vn -0.587447 -0.806185 0.0705135
vt 0.5343 0.5654
vn -2.16317e-09 -0.998962 0.0455528
vt 0.9479 0.6464
vn -2.54325e-09 -0.998962 0.0455528
vt 0.5343 0.6464
vn 0 0 -1
vt 0.9436 0.6464
vn 0 0 -1
vt 1.0042 0.6464
vn 0 0 -1
vt 1.0042 0.5643
vn 0 0 -1
vt 0.9436 0.5643
vn 0.999979 -3.77754e-11 0.00640299
vt 0.9479 0.6464
vn 0.999979 -3.88943e-11 0.00640299
vt 0.5343 0.6464
vn 0.999979 -3.86047e-11 0.00640299
vt 0.5343 0.5654
vn 0.999979 -3.75101e-11 0.00640299
vt 0.9479 0.5654
vn -0.679563 0.733566 0.00865685
vt 0.9479 0.6464
vn -0.679239 0.733866 0.00865654
vt 0.5343 0.6464
vn 6.85485e-10 0.999983 0.00586921
vt 0.5343 0.5654
vn 6.6649e-10 0.999983 0.00586921
vt 0.9479 0.5654
vn -0.674175 -0.73852 0.00869089
vt 0.9479 0.5654
vn -0.67355 -0.739091 0.00869027
vt 0.5343 0.5654
vn 2.20001e-10 -0.999982 0.00592264
vt 0.9479 0.6464
vn 2.26374e-10 -0.999982 0.00592264
vt 0.5343 0.6464
vn 0 0 -1
vt 0.9436 0.6464
vn 0 0 -1
vt 1.0042 0.6464
vn 0 0 -1
vt 1.0042 0.5643
vn 0 0 -1
vt 0.9436 0.5643
vn 0.999638 -2.75312e-09 0.02689
vt 0.9479 0.6464
vn 0.999638 -3.09229e-09 0.0268899
vt 0.5343 0.6464
vn 0.999638 -2.98927e-09 0.02689
vt 0.5343 0.5654
vn 0.999638 -2.67999e-09 0.02689
vt 0.9479 0.5654
vn -0.687387 0.725379 0.0364021
vt 0.9479 0.6464
vn -0.688133 0.724671 0.0364047
vt 0.5343 0.6464
vn 1.03625e-09 0.999695 0.0246853
vt 0.5343 0.5654
vn 9.31386e-10 0.999695 0.0246853
vt 0.9479 0.5654
vn -0.66684 -0.744316 0.036317
vt 0.9479 0.5654
vn -0.662282 -0.748375 0.0362946
vt 0.5343 0.5654
vn -9.58977e-10 -0.999695 0.0246853
vt 0.9479 0.6464
vn -1.07487e-09 -0.999695 0.0246853
vt 0.5343 0.6464
vn 7.01204e-05 7.62969e-05 -1
vt 0.9436 0.6464
vn 0.000148196 0.000161249 -1
vt 1.0042 0.6464
vn 7.80754e-05 8.49526e-05 -1
vt 1.0042 0.5643
vn 0 0 -1
vt 0.9436 0.5643
vn 0.999432 -4.66232e-06 0.0337041
vt 0.9479 0.6464
vn 0.999432 -7.87757e-11 0.0337055
vt 0.5343 0.6464
vn 0.999432 -1.28686e-06 0.0337051
vt 0.5343 0.5654
vn 0.999432 -5.43479e-06 0.0337039
vt 0.9479 0.5654
vn -0.689387 0.722955 0.0456229
vt 0.9479 0.6464
vn -0.691839 0.720608 0.0456322
vt 0.5343 0.6464
vn -1.16879e-06 0.999521 0.0309336
vt 0.5343 0.5654
vn -4.58601e-06 0.999521 0.0309347
vt 0.9479 0.5654
vn -0.664774 -0.745655 0.0455345
vt 0.9479 0.5654
vn -0.65732 -0.752237 0.0454871
vt 0.5343 0.5654
vn -1.87928e-09 -0.99952 0.0309865
vt 0.9479 0.6464
vn -2.23237e-09 -0.99952 0.0309865
vt 0.5343 0.6464
f 1/1/1 2/2/2 3/3/3
f 4/4/4 3/3/3 5/5/5
f 3/3/3 4/4/4 1/1/1
f 1/6/6 6/7/7 2/8/8
f 2/8/8 7/9/9 8/10/10
f 7/9/9 2/8/8 6/7/7
f 9/11/11 1/6/6 4/12/12
f 1/6/6 9/11/11 6/7/7
f 10/13/13 11/14/14 12/15/15
f 11/14/14 10/13/13 3/3/3
f 13/16/16 6/17/17 14/18/18
f 6/17/17 13/16/16 7/19/19
f 15/20/20 3/3/3 10/13/13
f 3/3/3 15/20/20 5/21/21
f 14/18/18 9/22/22 15/23/23
f 9/22/22 14/18/18 6/17/17
f 5/24/24 16/25/25 17/26/26
f 9/27/27 16/28/28 5/29/29
f 16/28/28 9/27/27 18/30/30
f 19/31/31 20/32/32 21/33/33
f 20/32/32 19/31/31 22/34/34
f 17/26/26 23/35/35 19/31/31
f 23/35/35 17/26/26 9/36/36
f 17/26/26 21/33/33 5/24/24
f 21/33/33 17/26/26 19/31/31
f 17/26/26 18/37/37 9/36/36
f 24/38/38 18/37/37 17/26/26
f 24/39/39 16/28/28 18/30/30
f 24/38/38 17/26/26 16/25/25
f 19/40/40 25/41/41 22/42/42
f 25/41/41 19/40/40 23/35/35
f 8/10/10 26/43/43 2/8/8
f 15/44/44 9/45/45 5/46/46
f 27/47/47 20/48/48 22/49/49
f 20/48/48 27/47/47 28/50/50
f 29/51/51 22/52/52 25/53/53
f 22/52/52 29/51/51 27/54/54
f 30/55/55 31/56/56 32/57/57
f 33/58/58 30/55/55 32/57/57
f 30/55/55 33/58/58 34/59/59
f 31/60/60 35/61/61 32/62/62
f 31/60/60 7/9/9 35/61/61
f 7/9/9 31/60/60 8/10/10
f 36/63/63 32/62/62 35/61/61
f 32/62/62 36/63/63 33/64/64
f 37/65/65 38/66/66 31/56/56
f 38/66/66 37/65/65 39/67/67
f 40/68/68 41/69/69 30/70/70
f 41/69/69 40/68/68 42/71/71
f 13/16/16 35/72/72 7/19/19
f 35/72/72 13/16/16 43/73/73
f 44/74/74 30/70/70 34/75/75
f 30/70/70 44/74/74 40/68/68
f 43/73/73 36/76/76 35/72/72
f 36/76/76 43/73/73 44/77/77
f 45/78/78 46/79/79 34/80/80
f 36/81/81 46/82/82 47/83/83
f 46/82/82 36/81/81 34/84/84
f 48/85/85 49/86/86 50/87/87
f 49/86/86 48/85/85 51/88/88
f 45/78/78 52/89/89 36/90/90
f 52/89/89 45/78/78 48/85/85
f 45/78/78 51/88/88 48/85/85
f 51/88/88 45/78/78 34/80/80
f 36/90/90 47/91/91 45/78/78
f 45/78/78 47/91/91 53/92/92
f 46/79/79 45/78/78 53/92/92
f 48/85/85 54/93/93 52/89/89
f 54/93/93 48/94/94 50/95/95
f 31/60/60 26/43/43 8/10/10
f 34/96/96 36/76/76 44/77/77
f 55/97/97 49/98/98 56/99/99
f 49/98/98 55/97/97 50/100/100
f 57/101/101 50/102/102 55/103/103
f 50/102/102 57/101/101 54/104/104
f 58/105/105 59/106/106 60/107/107
f 61/108/108 58/105/105 60/107/107
f 58/105/105 61/108/108 62/109/109
f 59/110/110 63/111/111 60/112/112
f 59/110/110 64/113/113 63/111/111
f 64/113/113 59/110/110 65/114/114
f 66/115/115 60/112/112 63/111/111
f 60/112/112 66/115/115 61/116/116
f 59/106/106 11/14/14 67/117/117
f 11/14/14 59/106/106 58/105/105
f 67/117/117 68/118/118 59/106/106
f 68/118/118 67/117/117 39/67/67
f 69/119/119 11/14/14 58/105/105
f 11/14/14 69/119/119 12/15/15
f 70/120/120 63/121/121 64/122/122
f 63/121/121 70/120/120 71/123/123
f 72/124/124 58/105/105 62/125/125
f 58/105/105 72/124/124 69/119/119
f 71/123/123 66/126/126 63/121/121
f 66/126/126 71/123/123 72/127/127
f 73/128/128 74/129/129 62/130/130
f 66/131/131 74/132/132 75/133/133
f 74/132/132 66/131/131 62/134/134
f 76/135/135 77/136/136 78/137/137
f 77/136/136 76/135/135 79/138/138
f 73/128/128 80/139/139 66/140/140
f 80/139/139 73/128/128 76/135/135
f 73/128/128 79/138/138 76/135/135
f 79/138/138 73/128/128 62/130/130
f 66/140/140 75/141/141 73/128/128
f 73/128/128 75/141/141 81/142/142
f 75/133/133 74/132/132 81/143/143
f 74/129/129 73/128/128 81/142/142
f 76/135/135 82/144/144 80/139/139
f 82/144/144 76/145/145 78/146/146
f 59/110/110 83/147/147 65/114/114
f 62/148/148 66/149/149 72/150/150
f 84/151/151 77/152/152 85/153/153
f 77/152/152 84/151/151 78/154/154
f 86/155/155 78/156/156 84/157/157
f 78/156/156 86/155/155 82/158/158
f 87/159/159 88/160/160 89/161/161
f 90/162/162 89/161/161 91/163/163
f 89/161/161 90/162/162 87/159/159
f 87/164/164 92/165/165 88/166/166
f 88/166/166 64/113/113 65/114/114
f 64/113/113 88/166/166 92/165/165
f 93/167/167 87/164/164 90/168/168
f 87/164/164 93/167/167 92/165/165
f 31/56/56 41/69/69 37/65/65
f 41/69/69 31/56/56 30/55/55
f 94/169/169 41/69/69 42/71/71
f 41/69/69 94/169/169 89/170/170
f 70/120/120 92/171/171 95/172/172
f 92/171/171 70/120/120 64/122/122
f 96/173/173 89/170/170 94/169/169
f 89/170/170 96/173/173 91/174/174
f 95/172/172 93/175/175 96/176/176
f 93/175/175 95/172/172 92/171/171
f 91/177/177 97/178/178 98/179/179
f 93/180/180 97/181/181 91/182/182
f 97/181/181 93/180/180 99/183/183
f 100/184/184 101/185/185 102/186/186
f 101/185/185 100/184/184 103/187/187
f 98/179/179 104/188/188 100/184/184
f 104/188/188 98/179/179 93/189/189
f 98/179/179 102/186/186 91/177/177
f 102/186/186 98/179/179 100/184/184
f 98/179/179 99/190/190 93/189/189
f 105/191/191 99/190/190 98/179/179
f 105/192/192 97/181/181 99/183/183
f 105/191/191 98/179/179 97/178/178
f 100/193/193 106/194/194 103/195/195
f 106/194/194 100/184/184 104/188/188
f 65/114/114 83/147/147 88/166/166
f 96/176/176 93/175/175 91/196/196
f 107/197/197 101/198/198 103/199/199
f 101/198/198 107/197/197 108/200/200
f 109/201/201 103/202/202 106/203/203
f 103/202/202 109/201/201 107/204/204
f 88/160/160 41/69/69 89/161/161
f 41/69/69 88/160/160 37/65/65
f 68/118/118 37/65/65 88/160/160
f 37/65/65 68/118/118 39/67/67
f 2/2/2 11/14/14 3/3/3
f 11/14/14 2/2/2 67/117/117
f 38/66/66 67/117/117 2/2/2
f 67/117/117 38/66/66 39/67/67
f 47/83/83 46/82/82 53/205/205
f 110/206/206 111/207/207 112/208/208
f 111/207/207 110/206/206 113/209/209
f 112/208/208 114/210/210 110/206/206
f 115/211/211 114/210/210 112/208/208
f 116/212/212 114/210/210 115/211/211
f 117/213/213 118/214/214 119/215/215
f 111/216/216 118/214/214 117/213/213
f 113/217/217 118/214/214 111/216/216
f 117/218/218 116/219/219 115/220/220
f 116/219/219 117/218/218 119/221/221
f 120/222/222 121/223/223 122/224/224
f 121/223/223 120/222/222 123/225/225
f 120/226/226 115/211/211 112/208/208
f 115/211/211 120/226/226 122/227/227
f 123/228/228 112/229/229 111/230/230
f 112/229/229 123/228/228 120/231/231
f 121/232/232 111/216/216 117/213/213
f 111/216/216 121/232/232 123/233/233
f 122/234/234 117/218/218 115/220/220
f 117/218/218 122/234/234 121/235/235
f 124/236/236 116/237/237 119/238/238
f 110/206/206 125/239/239 113/209/209
f 125/239/239 110/206/206 126/240/240
f 127/241/241 114/210/210 128/242/242
f 126/240/240 114/210/210 127/241/241
f 110/206/206 114/210/210 126/240/240
f 125/243/243 129/244/244 113/217/217
f 130/245/245 129/244/244 125/243/243
f 131/246/246 129/244/244 130/245/245
f 130/247/247 128/248/248 131/249/249
f 128/248/248 130/247/247 127/250/250
f 132/251/251 133/252/252 134/253/253
f 133/252/252 132/251/251 135/254/254
f 132/255/255 127/241/241 135/256/256
f 127/241/241 132/255/255 126/240/240
f 134/257/257 126/258/258 132/259/259
f 126/258/258 134/257/257 125/260/260
f 133/261/261 125/243/243 134/262/262
f 125/243/243 133/261/261 130/245/245
f 135/263/263 130/247/247 133/264/264
f 130/247/247 135/263/263 127/250/250
f 131/265/265 128/266/266 136/267/267
f 137/268/268 138/269/269 139/270/270
f 138/269/269 137/268/268 140/271/271
f 141/272/272 142/273/273 143/274/274
f 142/273/273 141/272/272 144/275/275
f 145/276/276 146/277/277 147/278/278
f 146/277/277 145/276/276 148/279/279
f 141/272/272 149/280/280 144/275/275
f 149/280/280 141/272/272 150/281/281
f 148/279/279 151/282/282 146/277/277
f 151/282/282 148/279/279 152/283/283
f 153/284/284 154/285/285 155/286/286
f 154/285/285 153/284/284 156/287/287
f 157/288/288 158/289/289 159/290/290
f 158/289/289 157/288/288 160/291/291
f 161/292/292 162/293/293 163/294/294
f 162/293/293 161/292/292 164/295/295
f 165/296/296 166/297/297 167/298/298
f 168/299/299 167/298/298 169/300/300
f 167/298/298 168/299/299 165/296/296
f 165/301/301 170/302/302 166/303/303
f 166/303/303 171/304/304 172/305/305
f 171/304/304 166/303/303 170/302/302
f 173/306/306 165/301/301 168/307/307
f 165/301/301 173/306/306 170/302/302
f 174/308/308 175/309/309 176/310/310
f 175/309/309 174/308/308 167/298/298
f 177/311/311 170/312/312 178/313/313
f 170/312/312 177/311/311 171/314/314
f 179/315/315 167/298/298 174/308/308
f 167/298/298 179/315/315 169/316/316
f 178/313/313 173/317/317 179/318/318
f 173/317/317 178/313/313 170/312/312
f 169/319/319 180/320/320 181/321/321
f 173/322/322 180/323/323 169/324/324
f 180/323/323 173/322/322 182/325/325
f 183/326/326 184/327/327 185/328/328
f 184/327/327 183/326/326 186/329/329
f 181/321/321 187/330/330 183/326/326
f 187/330/330 181/321/321 173/331/331
f 181/321/321 185/328/328 169/319/319
f 185/328/328 181/321/321 183/326/326
f 181/321/321 182/332/332 173/331/331
f 188/333/333 182/332/332 181/321/321
f 188/334/334 180/323/323 182/325/325
f 188/333/333 181/321/321 180/320/320
f 183/335/335 189/336/336 186/337/337
f 189/336/336 183/326/326 187/330/330
f 172/305/305 190/338/338 166/303/303
f 179/339/339 173/340/340 169/341/341
f 191/342/342 184/343/343 186/344/344
f 184/343/343 191/342/342 192/345/345
f 193/346/346 186/347/347 189/348/348
f 186/347/347 193/346/346 191/349/349
f 194/350/350 195/351/351 196/352/352
f 197/353/353 194/350/350 196/352/352
f 194/350/350 197/353/353 198/354/354
f 195/355/355 199/356/356 196/357/357
f 195/355/355 171/304/304 199/356/356
f 171/304/304 195/355/355 172/305/305
f 200/358/358 196/357/357 199/356/356
f 196/357/357 200/358/358 197/359/359
f 201/360/360 202/361/361 195/351/351
f 202/361/361 201/360/360 203/362/362
f 204/363/363 205/364/364 194/365/365
f 205/364/364 204/363/363 206/366/366
f 177/311/311 199/367/367 171/314/314
f 199/367/367 177/311/311 207/368/368
f 208/369/369 194/365/365 198/370/370
f 194/365/365 208/369/369 204/363/363
f 207/368/368 200/371/371 199/367/367
f 200/371/371 207/368/368 208/372/372
f 209/373/373 210/374/374 198/375/375
f 200/376/376 210/377/377 211/378/378
f 210/377/377 200/376/376 198/379/379
f 212/380/380 213/381/381 214/382/382
f 213/381/381 212/380/380 215/383/383
f 209/373/373 216/384/384 200/385/385
f 216/384/384 209/373/373 212/380/380
f 209/373/373 215/383/383 212/380/380
f 215/383/383 209/373/373 198/375/375
f 200/385/385 211/386/386 209/373/373
f 209/373/373 211/386/386 217/387/387
f 210/374/374 209/373/373 217/387/387
f 212/380/380 218/388/388 216/384/384
f 218/388/388 212/389/389 214/390/390
f 195/355/355 190/338/338 172/305/305
f 198/391/391 200/371/371 208/372/372
f 219/392/392 213/393/393 220/394/394
f 213/393/393 219/392/392 214/395/395
f 221/396/396 214/397/397 219/398/398
f 214/397/397 221/396/396 218/399/399
f 222/400/400 223/401/401 224/402/402
f 225/403/403 222/400/400 224/402/402
f 222/400/400 225/403/403 226/404/404
f 223/405/405 227/406/406 224/407/407
f 223/405/405 228/408/408 227/406/406
f 228/408/408 223/405/405 229/409/409
f 230/410/410 224/407/407 227/406/406
f 224/407/407 230/410/410 225/411/411
f 223/401/401 175/309/309 231/412/412
f 175/309/309 223/401/401 222/400/400
f 231/412/412 232/413/413 223/401/401
f 232/413/413 231/412/412 203/362/362
f 233/414/414 175/309/309 222/400/400
f 175/309/309 233/414/414 176/310/310
f 234/415/415 227/416/416 228/417/417
f 227/416/416 234/415/415 235/418/418
f 236/419/419 222/400/400 226/420/420
f 222/400/400 236/419/419 233/414/414
f 235/418/418 230/421/421 227/416/416
f 230/421/421 235/418/418 236/422/422
f 237/423/423 238/424/424 226/425/425
f 230/426/426 238/427/427 239/428/428
f 238/427/427 230/426/426 226/429/429
f 240/430/430 241/431/431 242/432/432
f 241/431/431 240/430/430 243/433/433
f 237/423/423 244/434/434 230/435/435
f 244/434/434 237/423/423 240/430/430
f 237/423/423 243/433/433 240/430/430
f 243/433/433 237/423/423 226/425/425
f 230/435/435 239/436/436 237/423/423
f 237/423/423 239/436/436 245/437/437
f 239/428/428 238/427/427 245/438/438
f 238/424/424 237/423/423 245/437/437
f 240/430/430 246/439/439 244/434/434
f 246/439/439 240/440/440 242/441/441
f 223/405/405 247/442/442 229/409/409
f 226/443/443 230/444/444 236/445/445
f 248/446/446 241/447/447 249/448/448
f 241/447/447 248/446/446 242/449/449
f 250/450/450 242/451/451 248/452/452
f 242/451/451 250/450/450 246/453/453
f 251/454/454 252/455/455 253/456/456
f 254/457/457 253/456/456 255/458/458
f 253/456/456 254/457/457 251/454/454
f 251/459/459 256/460/460 252/461/461
f 252/461/461 228/408/408 229/409/409
f 228/408/408 252/461/461 256/460/460
f 257/462/462 251/459/459 254/463/463
f 251/459/459 257/462/462 256/460/460
f 195/351/351 205/364/364 201/360/360
f 205/364/364 195/351/351 194/350/350
f 258/464/464 205/364/364 206/366/366
f 205/364/364 258/464/464 253/465/465
f 234/415/415 256/466/466 259/467/467
f 256/466/466 234/415/415 228/417/417
f 260/468/468 253/465/465 258/464/464
f 253/465/465 260/468/468 255/469/469
f 259/467/467 257/470/470 260/471/471
f 257/470/470 259/467/467 256/466/466
f 255/472/472 261/473/473 262/474/474
f 257/475/475 261/476/476 255/477/477
f 261/476/476 257/475/475 263/478/478
f 264/479/479 265/480/480 266/481/481
f 265/480/480 264/479/479 267/482/482
f 262/474/474 268/483/483 264/479/479
f 268/483/483 262/474/474 257/484/484
f 262/474/474 266/481/481 255/472/472
f 266/481/481 262/474/474 264/479/479
f 262/474/474 263/485/485 257/484/484
f 269/486/486 263/485/485 262/474/474
f 269/487/487 261/476/476 263/478/478
f 269/486/486 262/474/474 261/473/473
f 264/488/488 270/489/489 267/490/490
f 270/489/489 264/488/488 268/483/483
f 229/409/409 247/442/442 252/461/461
f 260/471/471 257/470/470 255/491/491
f 271/492/492 265/493/493 267/494/494
f 265/493/493 271/492/492 272/495/495
f 273/496/496 267/497/497 270/498/498
f 267/497/497 273/496/496 271/499/499
f 252/455/455 205/364/364 253/456/456
f 205/364/364 252/455/455 201/360/360
f 232/413/413 201/360/360 252/455/455
f 201/360/360 232/413/413 203/362/362
f 166/297/297 175/309/309 167/298/298
f 175/309/309 166/297/297 231/412/412
f 202/361/361 231/412/412 166/297/297
f 231/412/412 202/361/361 203/362/362
f 211/378/378 274/500/500 217/501/501
f 275/502/502 276/503/503 277/504/504
f 276/503/503 275/502/502 278/505/505
f 277/504/504 279/506/506 275/502/502
f 280/507/507 279/506/506 277/504/504
f 281/508/508 279/506/506 280/507/507
f 282/509/509 283/510/510 284/511/511
f 276/512/512 283/510/510 282/509/509
f 278/513/513 283/510/510 276/512/512
f 282/514/514 281/515/515 280/516/516
f 281/515/515 282/514/514 284/517/517
f 285/518/518 286/519/519 287/520/520
f 286/519/519 285/518/518 288/521/521
f 285/522/522 280/507/507 277/504/504
f 280/507/507 285/522/522 287/523/523
f 288/524/524 277/525/525 276/526/526
f 277/525/525 288/524/524 285/527/527
f 286/528/528 276/512/512 282/509/509
f 276/512/512 286/528/528 288/529/529
f 287/530/530 282/514/514 280/516/516
f 282/514/514 287/530/530 286/531/531
f 289/532/532 281/533/533 284/534/534
f 275/502/502 290/535/535 278/505/505
f 290/535/535 275/502/502 291/536/536
f 292/537/537 279/506/506 293/538/538
f 291/536/536 279/506/506 292/537/537
f 275/502/502 279/506/506 291/536/536
f 290/539/539 283/510/510 278/513/513
f 294/540/540 283/510/510 290/539/539
f 295/541/541 283/510/510 294/540/540
f 294/542/542 293/543/543 295/544/544
f 293/543/543 294/542/542 292/545/545
f 296/546/546 297/547/547 298/548/548
f 297/547/547 296/546/546 299/549/549
f 296/550/550 292/537/537 299/551/551
f 292/537/537 296/550/550 291/536/536
f 298/552/552 291/553/553 296/554/554
f 291/553/553 298/552/552 290/555/555
f 297/556/556 290/539/539 298/557/557
f 290/539/539 297/556/556 294/540/540
f 299/558/558 294/542/542 297/559/559
f 294/542/542 299/558/558 292/545/545
f 295/560/560 293/561/561 300/562/562
f 301/563/563 302/564/564 303/565/565
f 302/564/564 301/563/563 304/566/566
f 305/567/567 306/568/568 307/569/569
f 306/568/568 305/567/567 308/570/570
f 309/571/571 310/572/572 311/573/573
f 310/572/572 309/571/571 312/574/574
f 304/575/575 313/576/576 302/577/577
f 313/576/576 304/575/575 314/578/578
f 315/579/579 316/580/580 317/581/581
f 316/580/580 315/579/579 318/582/582
f 317/583/583 319/584/584 320/585/585
f 319/584/584 317/583/583 316/586/586
f 321/587/587 322/588/588 323/589/589
f 322/588/588 321/587/587 324/590/590
f 325/591/591 311/573/573 326/592/592
f 311/573/573 325/591/591 309/571/571
f 327/593/593 328/594/594 329/595/595
f 330/596/596 327/593/593 329/595/595
f 327/593/593 330/596/596 331/597/597
f 328/598/598 332/599/599 329/600/600
f 328/598/598 333/601/601 332/599/599
f 333/601/601 328/598/598 334/602/602
f 335/603/603 329/600/600 332/599/599
f 329/600/600 335/603/603 330/604/604
f 336/605/605 337/606/606 327/593/593
f 337/606/606 336/605/605 338/607/607
f 339/608/608 332/609/609 333/610/610
f 332/609/609 339/608/608 340/611/611
f 341/612/612 327/593/593 331/613/613
f 327/593/593 341/612/612 336/605/605
f 340/611/611 335/614/614 332/609/609
f 335/614/614 340/611/611 341/615/615
f 342/616/616 343/617/617 331/618/618
f 335/619/619 343/620/620 344/621/621
f 343/620/620 335/619/619 331/622/622
f 345/623/623 346/624/624 347/625/625
f 346/624/624 345/623/623 348/626/626
f 342/616/616 349/627/627 335/628/628
f 349/627/627 342/616/616 345/623/623
f 342/616/616 348/626/626 345/623/623
f 348/626/626 342/616/616 331/618/618
f 335/628/628 344/629/629 342/616/616
f 342/616/616 344/629/629 350/630/630
f 344/621/621 343/620/620 350/631/631
f 343/617/617 342/616/616 350/630/630
f 345/623/623 351/632/632 349/627/627
f 351/632/632 345/633/633 347/634/634
f 328/598/598 352/635/635 334/602/602
f 331/636/636 335/637/637 341/638/638
f 353/639/639 346/640/640 354/641/641
f 346/640/640 353/639/639 347/642/642
f 355/643/643 347/644/644 353/645/645
f 347/644/644 355/643/643 351/646/646
f 356/647/647 357/648/648 358/649/649
f 359/650/650 358/649/649 360/651/651
f 358/649/649 359/650/650 356/647/647
f 356/652/652 361/653/653 357/654/654
f 357/654/654 333/601/601 334/602/602
f 333/601/601 357/654/654 361/653/653
f 362/655/655 356/652/652 359/656/656
f 356/652/652 362/655/655 361/653/653
f 363/657/657 364/658/658 365/659/659
f 364/658/658 363/657/657 357/648/648
f 366/660/660 367/661/661 368/662/662
f 367/661/661 366/660/660 358/663/663
f 339/608/608 361/664/664 369/665/665
f 361/664/664 339/608/608 333/610/610
f 370/666/666 358/663/663 366/660/660
f 358/663/663 370/666/666 360/667/667
f 369/665/665 362/668/668 370/669/669
f 362/668/668 369/665/665 361/664/664
f 360/670/670 371/671/671 372/672/672
f 362/673/673 371/674/674 360/675/675
f 371/674/674 362/673/673 373/676/676
f 374/677/677 375/678/678 376/679/679
f 375/678/678 374/677/677 377/680/680
f 372/672/672 378/681/681 374/677/677
f 378/681/681 372/672/672 362/682/682
f 372/672/672 376/679/679 360/670/670
f 376/679/679 372/672/672 374/677/677
f 372/672/672 373/683/683 362/682/682
f 379/684/684 373/683/683 372/672/672
f 379/684/684 372/672/672 371/671/671
f 374/685/685 380/686/686 377/687/687
f 380/686/686 374/677/677 378/681/681
f 334/602/602 352/635/635 357/654/654
f 370/669/669 362/668/668 360/688/688
f 381/689/689 375/690/690 377/691/691
f 375/690/690 381/689/689 382/692/692
f 383/693/693 377/694/694 380/695/695
f 377/694/694 383/693/693 381/696/696
f 384/697/697 385/698/698 386/699/699
f 387/700/700 386/699/699 388/701/701
f 386/699/699 387/700/700 384/697/697
f 384/702/702 389/703/703 385/704/704
f 385/704/704 390/705/705 391/706/706
f 390/705/705 385/704/704 389/703/703
f 392/707/707 384/702/702 387/708/708
f 384/702/702 392/707/707 389/703/703
f 385/698/698 337/606/606 386/699/699
f 337/606/606 385/698/698 393/709/709
f 393/709/709 394/710/710 365/659/659
f 394/710/710 393/709/709 385/698/698
f 395/711/711 337/606/606 338/607/607
f 337/606/606 395/711/711 386/699/699
f 396/712/712 389/713/713 397/714/714
f 389/713/713 396/712/712 390/715/715
f 398/716/716 386/699/699 395/711/711
f 386/699/699 398/716/716 388/717/717
f 397/714/714 392/718/718 398/719/719
f 392/718/718 397/714/714 389/713/713
f 388/720/720 399/721/721 400/722/722
f 392/723/723 399/724/724 388/725/725
f 399/724/724 392/723/723 401/726/726
f 402/727/727 403/728/728 404/729/729
f 403/728/728 402/727/727 405/730/730
f 400/722/722 406/731/731 402/727/727
f 406/731/731 400/722/722 392/732/732
f 400/722/722 404/729/729 388/720/720
f 404/729/729 400/722/722 402/727/727
f 400/722/722 401/733/733 392/732/732
f 407/734/734 401/733/733 400/722/722
f 407/735/735 399/724/724 401/726/726
f 407/734/734 400/722/722 399/721/721
f 402/736/736 408/737/737 405/738/738
f 408/737/737 402/736/736 406/731/731
f 391/706/706 409/739/739 385/704/704
f 398/740/740 392/741/741 388/742/742
f 410/743/743 403/744/744 405/745/745
f 403/744/744 410/743/743 411/746/746
f 412/747/747 405/748/748 408/749/749
f 405/748/748 412/747/747 410/750/750
f 413/751/751 414/752/752 415/753/753
f 416/754/754 413/751/751 415/753/753
f 413/751/751 416/754/754 417/755/755
f 414/756/756 418/757/757 415/758/758
f 414/756/756 390/705/705 418/757/757
f 390/705/705 414/756/756 391/706/706
f 419/759/759 415/758/758 418/757/757
f 415/758/758 419/759/759 416/760/760
f 357/648/648 367/661/661 358/649/649
f 367/661/661 357/648/648 363/657/657
f 420/761/761 367/661/661 413/762/762
f 367/661/661 420/761/761 368/662/662
f 396/712/712 418/763/763 390/715/715
f 418/763/763 396/712/712 421/764/764
f 422/765/765 413/762/762 417/766/766
f 413/762/762 422/765/765 420/761/761
f 421/764/764 419/767/767 418/763/763
f 419/767/767 421/764/764 422/768/768
f 423/769/769 424/770/770 417/771/771
f 419/772/772 424/773/773 425/774/774
f 424/773/773 419/772/772 417/775/775
f 426/776/776 427/777/777 428/778/778
f 427/777/777 426/776/776 429/779/779
f 423/769/769 430/780/780 419/781/781
f 430/780/780 423/769/769 426/776/776
f 423/769/769 429/779/779 426/776/776
f 429/779/779 423/769/769 417/771/771
f 419/781/781 425/782/782 423/769/769
f 423/769/769 425/782/782 431/783/783
f 425/774/774 424/773/773 431/784/784
f 424/770/770 423/769/769 431/783/783
f 426/776/776 432/785/785 430/780/780
f 432/785/785 426/786/786 428/787/787
f 414/756/756 409/739/739 391/706/706
f 417/788/788 419/767/767 422/768/768
f 433/789/789 427/790/790 434/791/791
f 427/790/790 433/789/789 428/792/792
f 435/793/793 428/794/794 433/795/795
f 428/794/794 435/793/793 432/796/796
f 414/752/752 367/661/661 363/657/657
f 367/661/661 414/752/752 413/751/751
f 394/710/710 363/657/657 365/659/659
f 363/657/657 394/710/710 414/752/752
f 328/594/594 337/606/606 393/709/709
f 337/606/606 328/594/594 327/593/593
f 364/658/658 393/709/709 365/659/659
f 393/709/709 364/658/658 328/594/594
f 379/797/797 371/674/674 373/676/676
f 436/798/798 437/799/799 438/800/800
f 437/799/799 436/798/798 439/801/801
f 440/802/802 441/803/803 442/804/804
f 439/801/801 441/803/803 440/802/802
f 436/798/798 441/803/803 439/801/801
f 437/805/805 443/806/806 438/807/807
f 444/808/808 443/806/806 437/805/805
f 445/809/809 443/806/806 444/808/808
f 444/810/810 442/811/811 445/812/812
f 442/811/811 444/810/810 440/813/813
f 446/814/814 447/815/815 448/816/816
f 447/815/815 446/814/814 449/817/817
f 446/818/818 440/802/802 449/819/819
f 440/802/802 446/818/818 439/801/801
f 448/820/820 439/821/821 446/822/822
f 439/821/821 448/820/820 437/823/823
f 447/824/824 437/805/805 448/825/825
f 437/805/805 447/824/824 444/808/808
f 449/826/826 444/810/810 447/827/827
f 444/810/810 449/826/826 440/813/813
f 445/828/828 442/829/829 450/830/830
f 436/798/798 451/831/831 452/832/832
f 451/831/831 436/798/798 438/800/800
f 452/832/832 441/803/803 436/798/798
f 453/833/833 441/803/803 452/832/832
f 454/834/834 441/803/803 453/833/833
f 455/835/835 443/806/806 456/836/836
f 451/837/837 443/806/806 455/835/835
f 438/807/807 443/806/806 451/837/837
f 455/838/838 454/839/839 453/840/840
f 454/839/839 455/838/838 456/841/841
f 457/842/842 458/843/843 459/844/844
f 458/843/843 457/842/842 460/845/845
f 457/846/846 453/833/833 452/832/832
f 453/833/833 457/846/846 459/847/847
f 460/848/848 452/849/849 451/850/850
f 452/849/849 460/848/848 457/851/851
f 458/852/852 451/837/837 455/835/835
f 451/837/837 458/852/852 460/853/853
f 459/854/854 455/838/838 453/840/840
f 455/838/838 459/854/854 458/855/855
f 461/856/856 454/857/857 456/858/858
f 462/859/859 463/860/860 464/861/861
f 463/860/860 462/859/859 465/862/862
f 466/863/863 467/864/864 468/865/865
f 467/864/864 466/863/863 469/866/866
f 470/867/867 471/868/868 472/869/869
f 471/868/868 470/867/867 473/870/870
f 464/871/871 474/872/872 475/873/873
f 474/872/872 464/871/871 463/874/874
f 476/875/875 477/876/876 478/877/877
f 477/876/876 476/875/875 479/878/878
f 479/879/879 480/880/880 477/881/881
f 480/880/880 479/879/879 481/882/882
f 482/883/883 483/884/884 484/885/885
f 483/884/884 482/883/883 485/886/886
f 486/887/887 473/870/870 470/867/867
f 473/870/870 486/887/887 487/888/888
f 488/889/889 489/890/890 490/891/891
f 489/890/890 488/889/889 491/892/892
f 491/893/893 492/894/894 489/895/895
f 492/894/894 491/893/893 493/896/896
f 488/897/897 493/898/898 491/899/899
f 493/898/898 488/897/897 494/900/900
f 490/901/901 494/900/900 488/897/897
f 494/900/900 490/901/901 495/902/902
f 489/903/903 495/902/902 490/901/901
f 495/902/902 489/903/903 492/904/904
f 496/905/905 497/906/906 498/907/907
f 497/906/906 496/905/905 499/908/908
f 499/909/909 500/910/910 497/911/911
f 500/910/910 499/909/909 501/912/912
f 496/913/913 501/914/914 499/915/915
f 501/914/914 496/913/913 502/916/916
f 498/917/917 502/916/916 496/913/913
f 502/916/916 498/917/917 503/918/918
f 497/919/919 503/918/918 498/917/917
f 503/918/918 497/919/919 500/920/920
f 504/921/921 505/922/922 506/923/923
f 505/922/922 504/921/921 507/924/924
f 507/925/925 508/926/926 505/927/927
f 508/926/926 507/925/925 509/928/928
f 504/929/929 509/930/930 507/931/931
f 509/930/930 504/929/929 510/932/932
f 506/933/933 510/932/932 504/929/929
f 510/932/932 506/933/933 511/934/934
f 505/935/935 511/934/934 506/933/933
f 511/934/934 505/935/935 508/936/936
f 512/937/937 513/938/938 514/939/939
f 513/938/938 512/937/937 515/940/940
f 515/941/941 516/942/942 513/943/943
f 516/942/942 515/941/941 517/944/944
f 512/945/945 517/946/946 515/947/947
f 517/946/946 512/945/945 518/948/948
f 514/949/949 518/948/948 512/945/945
f 518/948/948 514/949/949 519/950/950
f 513/951/951 519/950/950 514/949/949
f 519/950/950 513/951/951 516/952/952
f 520/953/953 521/954/954 522/955/955
f 521/954/954 520/953/953 523/956/956
f 523/957/957 524/958/958 521/959/959
f 524/958/958 523/957/957 525/960/960
f 520/961/961 525/962/962 523/963/963
f 525/962/962 520/961/961 526/964/964
f 522/965/965 526/964/964 520/961/961
f 526/964/964 522/965/965 527/966/966
f 521/967/967 527/966/966 522/965/965
f 527/966/966 521/967/967 524/968/968
f 528/969/969 529/970/970 530/971/971
f 529/970/970 528/969/969 531/972/972
f 531/973/973 532/974/974 529/975/975
f 532/974/974 531/973/973 533/976/976
f 528/977/977 533/978/978 531/979/979
f 533/978/978 528/977/977 534/980/980
f 530/981/981 534/980/980 528/977/977
f 534/980/980 530/981/981 535/982/982
f 529/983/983 535/982/982 530/981/981
f 535/982/982 529/983/983 532/984/984
f 536/985/985 537/986/986 538/987/987
f 537/986/986 536/985/985 539/988/988
f 539/989/989 540/990/990 537/991/991
f 540/990/990 539/989/989 541/992/992
f 536/993/993 541/994/994 539/995/995
f 541/994/994 536/993/993 542/996/996
f 538/997/997 542/996/996 536/993/993
f 542/996/996 538/997/997 543/998/998
f 537/999/999 543/998/998 538/997/997
f 543/998/998 537/999/999 540/1000/1000
f 544/1001/1001 545/1002/1002 546/1003/1003
f 545/1002/1002 544/1001/1001 547/1004/1004
f 547/1005/1005 548/1006/1006 545/1007/1007
f 548/1006/1006 547/1005/1005 549/1008/1008
f 544/1009/1009 549/1010/1010 547/1011/1011
f 549/1010/1010 544/1009/1009 550/1012/1012
f 546/1013/1013 550/1012/1012 544/1009/1009
f 550/1012/1012 546/1013/1013 551/1014/1014
f 545/1015/1015 551/1014/1014 546/1013/1013
f 551/1014/1014 545/1015/1015 548/1016/1016
f 552/1017/1017 553/1018/1018 554/1019/1019
f 553/1018/1018 552/1017/1017 555/1020/1020
f 555/1021/1021 556/1022/1022 553/1023/1023
f 556/1022/1022 555/1021/1021 557/1024/1024
f 552/1025/1025 557/1026/1026 555/1027/1027
f 557/1026/1026 552/1025/1025 558/1028/1028
f 554/1029/1029 558/1028/1028 552/1025/1025
f 558/1028/1028 554/1029/1029 559/1030/1030
f 553/1031/1031 559/1030/1030 554/1029/1029
f 559/1030/1030 553/1031/1031 556/1032/1032
f 560/1033/1033 561/1034/1034 562/1035/1035
f 561/1034/1034 560/1033/1033 563/1036/1036
f 562/1037/1037 564/1038/1038 565/1039/1039
f 564/1038/1038 562/1037/1037 561/1040/1040
f 560/1041/1041 565/1042/1042 566/1043/1043
f 565/1042/1042 560/1041/1041 562/1044/1044
f 563/1045/1045 566/1043/1043 567/1046/1046
f 566/1043/1043 563/1045/1045 560/1041/1041
f 561/1047/1047 567/1046/1046 564/1048/1048
f 567/1046/1046 561/1047/1047 563/1045/1045
f 568/1049/1049 569/1050/1050 570/1051/1051
f 569/1050/1050 568/1049/1049 571/1052/1052
f 570/1053/1053 572/1054/1054 573/1055/1055
f 572/1054/1054 570/1053/1053 569/1056/1056
f 568/1057/1057 573/1058/1058 574/1059/1059
f 573/1058/1058 568/1057/1057 570/1060/1060
f 571/1061/1061 574/1059/1059 575/1062/1062
f 574/1059/1059 571/1061/1061 568/1057/1057
f 569/1063/1063 575/1062/1062 572/1064/1064
f 575/1062/1062 569/1063/1063 571/1061/1061
f 576/1065/1065 577/1066/1066 578/1067/1067
f 577/1066/1066 576/1065/1065 579/1068/1068
f 578/1069/1069 580/1070/1070 581/1071/1071
f 580/1070/1070 578/1069/1069 577/1072/1072
f 576/1073/1073 581/1074/1074 582/1075/1075
f 581/1074/1074 576/1073/1073 578/1076/1076
f 579/1077/1077 582/1075/1075 583/1078/1078
f 582/1075/1075 579/1077/1077 576/1073/1073
f 577/1079/1079 583/1078/1078 580/1080/1080
f 583/1078/1078 577/1079/1079 579/1077/1077
f 584/1081/1081 585/1082/1082 586/1083/1083
f 585/1082/1082 584/1081/1081 587/1084/1084
f 586/1085/1085 588/1086/1086 589/1087/1087
f 588/1086/1086 586/1085/1085 585/1088/1088
f 584/1089/1089 589/1090/1090 590/1091/1091
f 589/1090/1090 584/1089/1089 586/1092/1092
f 587/1093/1093 590/1091/1091 591/1094/1094
f 590/1091/1091 587/1093/1093 584/1089/1089
f 585/1095/1095 591/1094/1094 588/1096/1096
f 591/1094/1094 585/1095/1095 587/1093/1093
f 592/1097/1097 593/1098/1098 594/1099/1099
f 593/1098/1098 592/1097/1097 595/1100/1100
f 594/1101/1101 596/1102/1102 597/1103/1103
f 596/1102/1102 594/1101/1101 593/1104/1104
f 592/1105/1105 597/1106/1106 598/1107/1107
f 597/1106/1106 592/1105/1105 594/1108/1108
f 595/1109/1109 598/1107/1107 599/1110/1110
f 598/1107/1107 595/1109/1109 592/1105/1105
f 593/1111/1111 599/1110/1110 596/1112/1112
f 599/1110/1110 593/1111/1111 595/1109/1109
f 600/1113/1113 601/1114/1114 602/1115/1115
f 601/1114/1114 600/1113/1113 603/1116/1116
f 602/1117/1117 604/1118/1118 605/1119/1119
f 604/1118/1118 602/1117/1117 601/1120/1120
f 600/1121/1121 605/1122/1122 606/1123/1123
f 605/1122/1122 600/1121/1121 602/1124/1124
f 603/1125/1125 606/1123/1123 607/1126/1126
f 606/1123/1123 603/1125/1125 600/1121/1121
f 601/1127/1127 607/1126/1126 604/1128/1128
f 607/1126/1126 601/1127/1127 603/1125/1125
f 608/1129/1129 609/1130/1130 610/1131/1131
f 609/1130/1130 608/1129/1129 611/1132/1132
f 610/1133/1133 612/1134/1134 613/1135/1135
f 612/1134/1134 610/1133/1133 609/1136/1136
f 608/1137/1137 613/1138/1138 614/1139/1139
f 613/1138/1138 608/1137/1137 610/1140/1140
f 611/1141/1141 614/1139/1139 615/1142/1142
f 614/1139/1139 611/1141/1141 608/1137/1137
f 609/1143/1143 615/1142/1142 612/1144/1144
f 615/1142/1142 609/1143/1143 611/1141/1141
f 616/1145/1145 617/1146/1146 618/1147/1147
f 617/1146/1146 616/1145/1145 619/1148/1148
f 618/1149/1149 620/1150/1150 621/1151/1151
f 620/1150/1150 618/1149/1149 617/1152/1152
f 616/1153/1153 621/1154/1154 622/1155/1155
f 621/1154/1154 616/1153/1153 618/1156/1156
f 619/1157/1157 622/1155/1155 623/1158/1158
f 622/1155/1155 619/1157/1157 616/1153/1153
f 617/1159/1159 623/1158/1158 620/1160/1160
f 623/1158/1158 617/1159/1159 619/1157/1157
f 624/1161/1161 625/1162/1162 626/1163/1163
f 625/1162/1162 624/1161/1161 627/1164/1164
f 626/1165/1165 628/1166/1166 629/1167/1167
f 628/1166/1166 626/1165/1165 625/1168/1168
f 624/1169/1169 629/1170/1170 630/1171/1171
f 629/1170/1170 624/1169/1169 626/1172/1172
f 627/1173/1173 630/1171/1171 631/1174/1174
f 630/1171/1171 627/1173/1173 624/1169/1169
f 625/1175/1175 631/1174/1174 628/1176/1176
f 631/1174/1174 625/1175/1175 627/1173/1173
f 1/1177/1177 3/1178/1178 2/1179/1179
f 4/1180/1180 5/1181/1181 3/1178/1178
f 3/1178/1178 1/1177/1177 4/1180/1180
f 1/1182/1182 2/1183/1183 6/1184/1184
f 2/1183/1183 8/1185/1185 7/1186/1186
f 7/1187/1187 6/1184/1184 2/1183/1183
f 9/1188/1188 4/1189/1189 1/1182/1182
f 1/1182/1182 6/1184/1184 9/1188/1188
f 10/1190/1190 12/1191/1191 11/1192/1192
f 11/1192/1192 3/1178/1178 10/1190/1190
f 13/1193/1193 14/1194/1194 6/1195/1195
f 6/1195/1195 7/1196/1196 13/1193/1193
f 15/1197/1197 10/1190/1190 3/1178/1178
f 3/1178/1178 5/1198/1198 15/1197/1197
f 14/1194/1194 15/1199/1199 9/1200/1200
f 9/1200/1200 6/1195/1195 14/1194/1194
f 5/1201/1201 17/1202/1202 16/1203/1203
f 9/1204/1204 5/1205/1205 16/1206/1206
f 16/1206/1206 18/1207/1207 9/1204/1204
f 19/40/40 21/1208/1208 20/1209/1209
f 20/1209/1209 22/42/42 19/40/40
f 17/1202/1202 19/31/31 23/1210/1210
f 23/1210/1210 9/1211/1211 17/1202/1202
f 17/1202/1202 5/1201/1201 21/1208/1208
f 21/1208/1208 19/40/40 17/1202/1202
f 17/1202/1202 9/1211/1211 18/1212/1212
f 24/1213/1213 17/1202/1202 18/1212/1212
f 24/1214/1214 18/1207/1207 16/1206/1206
f 24/38/38 16/1203/1203 17/1202/1202
f 19/31/31 22/34/34 25/1215/1215
f 25/1215/1215 23/1210/1210 19/31/31
f 8/1185/1185 2/8/8 26/1216/1216
f 15/1217/1217 5/1218/1218 9/1219/1219
f 27/54/54 22/52/52 20/1220/1220
f 20/1220/1220 28/1221/1221 27/54/54
f 29/1222/1222 25/1223/1223 22/49/49
f 22/49/49 27/47/47 29/1222/1222
f 30/1224/1224 32/1225/1225 31/1226/1226
f 33/1227/1227 32/1225/1225 30/1224/1224
f 30/1224/1224 34/1228/1228 33/1227/1227
f 31/1229/1229 32/1230/1230 35/1231/1231
f 31/1229/1229 35/1231/1231 7/1186/1186
f 7/1187/1187 8/1232/1232 31/1229/1229
f 36/1233/1233 35/1231/1231 32/1230/1230
f 32/1230/1230 33/1234/1234 36/1233/1233
f 37/1235/1235 31/56/56 38/1236/1236
f 38/1236/1236 39/1237/1237 37/1235/1235
f 40/1238/1238 30/1239/1239 41/1240/1240
f 41/1240/1240 42/1241/1241 40/1238/1238
f 13/1242/1242 7/1243/1243 35/1244/1244
f 35/1244/1244 43/1245/1245 13/1242/1242
f 44/1246/1246 34/1247/1247 30/1239/1239
f 30/1239/1239 40/1238/1238 44/1246/1246
f 43/1245/1245 35/1244/1244 36/1248/1248
f 36/1248/1248 44/1249/1249 43/1245/1245
f 45/1250/1250 34/1251/1251 46/1252/1252
f 36/1253/1253 47/1254/1254 46/1255/1255
f 46/1255/1255 34/1256/1256 36/1253/1253
f 48/94/94 50/95/95 49/1257/1257
f 49/1257/1257 51/1258/1258 48/94/94
f 45/78/78 36/1259/1259 52/1260/1260
f 52/1260/1260 48/85/85 45/78/78
f 45/1250/1250 48/94/94 51/1258/1258
f 51/1258/1258 34/1251/1251 45/1250/1250
f 36/1259/1259 45/78/78 47/1261/1261
f 45/78/78 53/1262/1262 47/1261/1261
f 46/1252/1252 53/1262/1262 45/1250/1250
f 48/85/85 52/1260/1260 54/1263/1263
f 54/1263/1263 50/87/87 48/85/85
f 31/1229/1229 8/1185/1185 26/1264/1264
f 34/1265/1265 44/1249/1249 36/1248/1248
f 55/103/103 56/1266/1266 49/1267/1267
f 49/1267/1267 50/102/102 55/103/103
f 57/1268/1268 55/97/97 50/100/100
f 50/100/100 54/1269/1269 57/1268/1268
f 58/1270/1270 60/1271/1271 59/1272/1272
f 61/1273/1273 60/1271/1271 58/1270/1270
f 58/1270/1270 62/1274/1274 61/1273/1273
f 59/1275/1275 60/1276/1276 63/1277/1277
f 59/1275/1275 63/1277/1277 64/1278/1278
f 64/1278/1278 65/1279/1279 59/1275/1275
f 66/1280/1280 63/1277/1277 60/1276/1276
f 60/1276/1276 61/1281/1281 66/1280/1280
f 59/1272/1272 67/1282/1282 11/1192/1192
f 11/1192/1192 58/1270/1270 59/1272/1272
f 67/1282/1282 59/1272/1272 68/1283/1283
f 68/1283/1283 39/67/67 67/1282/1282
f 69/1284/1284 58/1270/1270 11/1192/1192
f 11/1192/1192 12/1191/1191 69/1284/1284
f 70/1285/1285 64/1286/1286 63/1287/1287
f 63/1287/1287 71/1288/1288 70/1285/1285
f 72/1289/1289 62/1290/1290 58/1270/1270
f 58/1270/1270 69/1284/1284 72/1289/1289
f 71/1288/1288 63/1287/1287 66/1291/1291
f 66/1291/1291 72/1292/1292 71/1288/1288
f 73/1293/1293 62/1294/1294 74/1295/1295
f 66/1296/1296 75/1297/1297 74/1298/1298
f 74/1298/1298 62/1299/1299 66/1296/1296
f 76/145/145 78/146/146 77/1300/1300
f 77/1300/1300 79/1301/1301 76/145/145
f 73/1293/1293 66/1302/1302 80/1303/1303
f 80/1303/1303 76/135/135 73/1293/1293
f 73/1293/1293 76/145/145 79/1301/1301
f 79/1301/1301 62/1294/1294 73/1293/1293
f 66/1302/1302 73/1293/1293 75/1304/1304
f 73/1293/1293 81/1305/1305 75/1304/1304
f 75/1297/1297 81/1306/1306 74/1298/1298
f 74/1295/1295 81/142/142 73/1293/1293
f 76/135/135 80/1303/1303 82/1307/1307
f 82/1307/1307 78/137/137 76/135/135
f 59/110/110 65/1279/1279 83/1308/1308
f 62/1309/1309 72/1310/1310 66/1311/1311
f 84/157/157 85/1312/1312 77/1313/1313
f 77/1313/1313 78/156/156 84/157/157
f 86/1314/1314 84/151/151 78/154/154
f 78/154/154 82/1315/1315 86/1314/1314
f 87/1316/1316 89/1317/1317 88/1318/1318
f 90/1319/1319 91/1320/1320 89/1317/1317
f 89/1317/1317 87/1316/1316 90/1319/1319
f 87/1321/1321 88/1322/1322 92/1323/1323
f 88/1322/1322 65/1279/1279 64/1278/1278
f 64/1324/1324 92/1323/1323 88/1322/1322
f 93/1325/1325 90/1326/1326 87/1321/1321
f 87/1321/1321 92/1323/1323 93/1325/1325
f 31/1226/1226 37/1235/1235 41/69/69
f 41/69/69 30/1224/1224 31/1226/1226
f 94/1327/1327 42/1241/1241 41/1240/1240
f 41/1240/1240 89/1328/1328 94/1327/1327
f 70/1285/1285 95/1329/1329 92/1330/1330
f 92/1330/1330 64/1286/1286 70/1285/1285
f 96/1331/1331 94/1327/1327 89/1328/1328
f 89/1328/1328 91/1332/1332 96/1331/1331
f 95/1329/1329 96/1333/1333 93/1334/1334
f 93/1334/1334 92/1330/1330 95/1329/1329
f 91/1335/1335 98/1336/1336 97/1337/1337
f 93/1338/1338 91/1339/1339 97/1340/1340
f 97/1340/1340 99/1341/1341 93/1338/1338
f 100/193/193 102/1342/1342 101/1343/1343
f 101/1343/1343 103/195/195 100/193/193
f 98/179/179 100/184/184 104/1344/1344
f 104/1344/1344 93/1345/1345 98/179/179
f 98/1336/1336 91/1335/1335 102/1342/1342
f 102/1342/1342 100/193/193 98/1336/1336
f 98/179/179 93/1345/1345 99/1346/1346
f 105/1347/1347 98/179/179 99/1346/1346
f 105/1348/1348 99/183/183 97/181/181
f 105/1347/1347 97/1337/1337 98/1336/1336
f 100/184/184 103/187/187 106/1349/1349
f 106/1349/1349 104/1344/1344 100/184/184
f 65/1279/1279 88/1322/1322 83/1350/1350
f 96/1333/1333 91/1351/1351 93/1334/1334
f 107/204/204 103/202/202 101/1352/1352
f 101/1352/1352 108/1353/1353 107/204/204
f 109/1354/1354 106/1355/1355 103/199/199
f 103/199/199 107/197/197 109/1354/1354
f 88/1318/1318 89/1317/1317 41/69/69
f 41/69/69 37/1235/1235 88/1318/1318
f 68/1283/1283 88/160/160 37/1235/1235
f 37/1235/1235 39/1237/1237 68/1283/1283
f 2/1179/1179 3/1178/1178 11/1192/1192
f 11/1192/1192 67/1282/1282 2/1179/1179
f 38/66/66 2/1179/1179 67/1282/1282
f 67/1282/1282 39/67/67 38/66/66
f 47/83/83 53/1356/1356 46/82/82
f 110/1357/1357 112/1358/1358 111/1359/1359
f 111/1360/1360 113/1361/1361 110/1362/1362
f 112/208/208 110/1362/1362 114/1363/1363
f 115/1364/1364 112/208/208 114/1363/1363
f 116/1365/1365 115/1364/1364 114/1363/1363
f 117/1366/1366 119/1367/1367 118/1368/1368
f 111/1369/1369 117/1366/1366 118/1368/1368
f 113/1370/1370 111/1369/1369 118/1368/1368
f 117/1371/1371 115/1372/1372 116/1373/1373
f 116/1373/1373 119/1374/1374 117/1371/1371
f 120/1375/1375 122/1376/1376 121/1377/1377
f 121/1377/1377 123/1378/1378 120/1379/1379
f 120/1380/1380 112/208/208 115/1364/1364
f 115/1364/1364 122/1381/1381 120/1380/1380
f 123/1382/1382 111/1383/1383 112/1384/1384
f 112/1384/1384 120/1385/1385 123/1386/1386
f 121/1387/1387 117/1366/1366 111/1369/1369
f 111/1369/1369 123/1388/1388 121/1387/1387
f 122/1389/1389 115/1372/1372 117/1371/1371
f 117/1371/1371 121/1390/1390 122/1389/1389
f 124/1391/1391 119/1392/1392 116/1393/1393
f 110/1357/1357 113/1361/1361 125/1394/1394
f 125/1394/1394 126/1395/1395 110/1357/1357
f 127/1396/1396 128/1397/1397 114/1363/1363
f 126/240/240 127/1396/1396 114/1363/1363
f 110/1362/1362 126/240/240 114/1363/1363
f 125/1398/1398 113/1370/1370 129/1399/1399
f 130/1400/1400 125/1398/1398 129/1399/1399
f 131/1401/1401 130/1400/1400 129/1399/1399
f 130/1402/1402 131/1403/1403 128/1404/1404
f 128/1405/1405 127/1406/1406 130/1407/1407
f 132/1408/1408 134/1409/1409 133/1410/1410
f 133/1410/1410 135/1411/1411 132/1408/1408
f 132/1412/1412 135/1413/1413 127/1396/1396
f 127/1396/1396 126/240/240 132/1412/1412
f 134/1414/1414 132/1415/1415 126/1416/1416
f 126/1416/1416 125/1417/1417 134/1414/1414
f 133/1418/1418 134/1419/1419 125/1398/1398
f 125/1398/1398 130/1400/1400 133/1418/1418
f 135/1420/1420 133/1421/1421 130/1402/1402
f 130/1407/1407 127/1406/1406 135/1422/1422
f 131/1423/1423 136/1424/1424 128/1425/1425
f 137/1426/1426 139/1427/1427 138/1428/1428
f 138/1429/1429 140/1430/1430 137/1426/1426
f 141/1431/1431 143/1432/1432 142/1433/1433
f 142/1433/1433 144/1434/1434 141/1431/1431
f 145/1435/1435 147/1436/1436 146/1437/1437
f 146/1437/1437 148/1438/1438 145/1435/1435
f 141/1431/1431 144/1434/1434 149/1439/1439
f 149/1439/1439 150/1440/1440 141/1431/1431
f 148/1438/1438 146/1437/1437 151/1441/1441
f 151/1441/1441 152/1442/1442 148/1438/1438
f 153/1443/1443 155/1444/1444 154/1445/1445
f 154/1446/1446 156/1447/1447 153/1448/1448
f 157/1449/1449 159/1450/1450 158/1451/1451
f 158/1451/1451 160/1452/1452 157/1449/1449
f 161/1453/1453 163/1454/1454 162/1455/1455
f 162/1455/1455 164/1456/1456 161/1453/1453
f 165/1457/1457 167/1458/1458 166/1459/1459
f 168/1460/1460 169/1461/1461 167/1458/1458
f 167/1458/1458 165/1457/1457 168/1460/1460
f 165/1462/1462 166/1463/1463 170/1464/1464
f 166/1463/1463 172/1465/1465 171/1466/1466
f 171/1466/1466 170/1464/1464 166/1463/1463
f 173/1467/1467 168/1468/1468 165/1462/1462
f 165/1462/1462 170/1464/1464 173/1467/1467
f 174/1469/1469 176/1470/1470 175/1471/1471
f 175/1471/1471 167/298/298 174/1469/1469
f 177/1472/1472 178/1473/1473 170/1474/1474
f 170/1474/1474 171/1475/1475 177/1472/1472
f 179/1476/1476 174/1469/1469 167/298/298
f 167/298/298 169/1477/1477 179/1476/1476
f 178/1473/1473 179/1478/1478 173/1479/1479
f 173/1479/1479 170/1474/1474 178/1473/1473
f 169/1480/1480 181/1481/1481 180/1482/1482
f 173/1483/1483 169/1484/1484 180/1485/1485
f 180/1485/1485 182/1486/1486 173/1483/1483
f 183/335/335 185/1487/1487 184/1488/1488
f 184/1488/1488 186/337/337 183/335/335
f 181/321/321 183/326/326 187/1489/1489
f 187/1489/1489 173/1490/1490 181/321/321
f 181/1481/1481 169/1480/1480 185/1487/1487
f 185/1487/1487 183/335/335 181/1481/1481
f 181/321/321 173/1490/1490 182/1491/1491
f 188/1492/1492 181/321/321 182/1491/1491
f 188/1493/1493 182/1486/1486 180/1485/1485
f 188/1492/1492 180/1482/1482 181/1481/1481
f 183/326/326 186/329/329 189/1494/1494
f 189/1494/1494 187/1489/1489 183/326/326
f 172/1465/1465 166/1463/1463 190/1495/1495
f 179/1496/1496 169/1497/1497 173/1498/1498
f 191/349/349 186/347/347 184/1499/1499
f 184/1499/1499 192/1500/1500 191/349/349
f 193/1501/1501 189/1502/1502 186/344/344
f 186/344/344 191/342/342 193/1501/1501
f 194/1503/1503 196/1504/1504 195/1505/1505
f 197/1506/1506 196/1504/1504 194/1503/1503
f 194/1503/1503 198/1507/1507 197/1506/1506
f 195/1508/1508 196/1509/1509 199/1510/1510
f 195/1508/1508 199/1510/1510 171/1466/1466
f 171/1466/1466 172/1465/1465 195/1508/1508
f 200/1511/1511 199/1510/1510 196/1509/1509
f 196/1509/1509 197/1512/1512 200/1511/1511
f 201/1513/1513 195/351/351 202/1514/1514
f 202/1514/1514 203/1515/1515 201/1513/1513
f 204/1516/1516 194/1517/1517 205/1518/1518
f 205/1518/1518 206/1519/1519 204/1516/1516
f 177/1472/1472 171/1475/1475 199/1520/1520
f 199/1520/1520 207/1521/1521 177/1472/1472
f 208/1522/1522 198/1523/1523 194/1517/1517
f 194/1517/1517 204/1516/1516 208/1522/1522
f 207/1521/1521 199/1520/1520 200/1524/1524
f 200/1524/1524 208/1525/1525 207/1521/1521
f 209/1526/1526 198/1527/1527 210/1528/1528
f 200/1529/1529 211/1530/1530 210/1531/1531
f 210/1531/1531 198/1532/1532 200/1529/1529
f 212/389/389 214/390/390 213/1533/1533
f 213/1533/1533 215/1534/1534 212/389/389
f 209/373/373 200/1535/1535 216/1536/1536
f 216/1536/1536 212/380/380 209/373/373
f 209/1526/1526 212/389/389 215/1534/1534
f 215/1534/1534 198/1527/1527 209/1526/1526
f 200/1535/1535 209/373/373 211/1537/1537
f 209/373/373 217/1538/1538 211/1537/1537
f 210/1528/1528 217/1538/1538 209/1526/1526
f 212/380/380 216/1536/1536 218/1539/1539
f 218/1539/1539 214/382/382 212/380/380
f 195/1508/1508 172/1465/1465 190/1495/1495
f 198/1540/1540 208/1525/1525 200/1524/1524
f 219/398/398 220/1541/1541 213/1542/1542
f 213/1542/1542 214/397/397 219/398/398
f 221/1543/1543 219/392/392 214/395/395
f 214/395/395 218/1544/1544 221/1543/1543
f 222/1545/1545 224/1546/1546 223/1547/1547
f 225/1548/1548 224/1546/1546 222/1545/1545
f 222/1545/1545 226/1549/1549 225/1548/1548
f 223/1550/1550 224/1551/1551 227/1552/1552
f 223/1550/1550 227/1552/1552 228/1553/1553
f 228/1553/1553 229/1554/1554 223/1550/1550
f 230/1555/1555 227/1552/1552 224/1551/1551
f 224/1551/1551 225/1556/1556 230/1555/1555
f 223/1547/1547 231/1557/1557 175/309/309
f 175/309/309 222/1545/1545 223/1547/1547
f 231/1557/1557 223/1547/1547 232/1558/1558
f 232/1558/1558 203/362/362 231/1557/1557
f 233/1559/1559 222/1545/1545 175/1560/1560
f 175/1471/1471 176/1470/1470 233/1559/1559
f 234/1561/1561 228/1562/1562 227/1563/1563
f 227/1563/1563 235/1564/1564 234/1561/1561
f 236/1565/1565 226/1566/1566 222/1545/1545
f 222/1545/1545 233/1559/1559 236/1565/1565
f 235/1564/1564 227/1563/1563 230/1567/1567
f 230/1567/1567 236/1568/1568 235/1564/1564
f 237/1569/1569 226/1570/1570 238/1571/1571
f 230/1572/1572 239/1573/1573 238/1574/1574
f 238/1574/1574 226/1575/1575 230/1572/1572
f 240/440/440 242/441/441 241/1576/1576
f 241/1576/1576 243/1577/1577 240/440/440
f 237/1569/1569 230/1578/1578 244/1579/1579
f 244/1579/1579 240/430/430 237/1569/1569
f 237/1569/1569 240/440/440 243/1577/1577
f 243/1577/1577 226/1570/1570 237/1569/1569
f 230/1578/1578 237/1569/1569 239/1580/1580
f 237/1569/1569 245/1581/1581 239/1580/1580
f 239/428/428 245/1582/1582 238/427/427
f 238/1571/1571 245/437/437 237/1569/1569
f 240/430/430 244/1579/1579 246/1583/1583
f 246/1583/1583 242/432/432 240/430/430
f 223/405/405 229/409/409 247/1584/1584
f 226/1585/1585 236/1586/1586 230/1587/1587
f 248/452/452 249/1588/1588 241/1589/1589
f 241/1589/1589 242/451/451 248/452/452
f 250/1590/1590 248/446/446 242/449/449
f 242/449/449 246/1591/1591 250/1590/1590
f 251/1592/1592 253/1593/1593 252/1594/1594
f 254/1595/1595 255/1596/1596 253/1593/1593
f 253/1593/1593 251/1592/1592 254/1595/1595
f 251/1597/1597 252/1598/1598 256/1599/1599
f 252/1598/1598 229/1554/1554 228/1553/1553
f 228/1553/1553 256/1599/1599 252/1598/1598
f 257/1600/1600 254/1601/1601 251/1597/1597
f 251/1597/1597 256/1599/1599 257/1600/1600
f 195/1505/1505 201/1513/1513 205/364/364
f 205/364/364 194/1503/1503 195/1505/1505
f 258/1602/1602 206/1519/1519 205/1603/1603
f 205/1603/1603 253/1604/1604 258/1602/1602
f 234/1561/1561 259/1605/1605 256/1606/1606
f 256/1606/1606 228/1562/1562 234/1561/1561
f 260/1607/1607 258/1602/1602 253/1604/1604
f 253/1604/1604 255/1608/1608 260/1607/1607
f 259/1605/1605 260/1609/1609 257/1610/1610
f 257/1610/1610 256/1606/1606 259/1605/1605
f 255/1611/1611 262/1612/1612 261/1613/1613
f 257/1614/1614 255/1615/1615 261/1616/1616
f 261/1616/1616 263/1617/1617 257/1614/1614
f 264/488/488 266/1618/1618 265/1619/1619
f 265/1619/1619 267/490/490 264/488/488
f 262/1612/1612 264/479/479 268/1620/1620
f 268/1620/1620 257/1621/1621 262/1612/1612
f 262/1612/1612 255/1611/1611 266/1618/1618
f 266/1618/1618 264/488/488 262/1612/1612
f 262/1612/1612 257/1621/1621 263/1622/1622
f 269/1623/1623 262/1612/1612 263/1622/1622
f 269/1624/1624 263/478/478 261/476/476
f 269/486/486 261/1613/1613 262/1612/1612
f 264/479/479 267/482/482 270/1625/1625
f 270/1625/1625 268/1620/1620 264/479/479
f 229/409/409 252/461/461 247/1584/1584
f 260/471/471 255/1626/1626 257/470/470
f 271/499/499 267/497/497 265/1627/1627
f 265/1627/1627 272/1628/1628 271/499/499
f 273/1629/1629 270/1630/1630 267/494/494
f 267/494/494 271/492/492 273/1629/1629
f 252/1594/1594 253/1593/1593 205/1603/1603
f 205/1603/1603 201/1513/1513 252/1594/1594
f 232/413/413 252/1594/1594 201/1513/1513
f 201/1513/1513 203/1515/1515 232/413/413
f 166/1459/1459 167/1458/1458 175/1560/1560
f 175/1560/1560 231/1557/1557 166/1459/1459
f 202/361/361 166/297/297 231/1557/1557
f 231/1631/1631 203/362/362 202/361/361
f 211/1530/1530 217/1632/1632 274/1633/1633
f 275/1634/1634 277/1635/1635 276/1636/1636
f 276/1636/1636 278/1637/1637 275/1634/1634
f 277/1635/1635 275/1634/1634 279/1638/1638
f 280/1639/1639 277/1635/1635 279/1638/1638
f 281/1640/1640 280/1639/1639 279/1638/1638
f 282/1641/1641 284/1642/1642 283/1643/1643
f 276/1644/1644 282/1641/1641 283/1643/1643
f 278/1645/1645 276/1644/1644 283/1643/1643
f 282/1646/1646 280/1647/1647 281/1648/1648
f 281/1648/1648 284/1649/1649 282/1646/1646
f 285/1650/1650 287/1651/1651 286/1652/1652
f 286/1652/1652 288/1653/1653 285/1650/1650
f 285/1654/1654 277/1635/1635 280/1639/1639
f 280/1639/1639 287/1655/1655 285/1654/1654
f 288/1656/1656 276/1657/1657 277/1658/1658
f 277/1658/1658 285/1659/1659 288/1656/1656
f 286/1660/1660 282/1641/1641 276/1644/1644
f 276/1644/1644 288/1661/1661 286/1660/1660
f 287/1662/1662 280/1647/1647 282/1646/1646
f 282/1646/1646 286/1663/1663 287/1662/1662
f 289/1664/1664 284/1665/1665 281/1666/1666
f 275/1667/1667 278/1668/1668 290/1669/1669
f 290/1669/1669 291/1670/1670 275/1667/1667
f 292/1671/1671 293/1672/1672 279/1638/1638
f 291/536/536 292/1671/1671 279/1638/1638
f 275/1634/1634 291/536/536 279/1638/1638
f 290/1673/1673 278/1645/1645 283/1643/1643
f 294/1674/1674 290/1673/1673 283/1643/1643
f 295/1675/1675 294/1674/1674 283/1643/1643
f 294/1676/1676 295/1677/1677 293/1678/1678
f 293/1678/1678 292/1679/1679 294/1676/1676
f 296/1680/1680 298/1681/1681 297/1682/1682
f 297/1682/1682 299/1683/1683 296/1680/1680
f 296/1684/1684 299/1685/1685 292/1671/1671
f 292/1671/1671 291/536/536 296/1684/1684
f 298/1686/1686 296/1687/1687 291/1688/1688
f 291/1688/1688 290/1689/1689 298/1686/1686
f 297/1690/1690 298/1691/1691 290/1673/1673
f 290/1673/1673 294/1674/1674 297/1690/1690
f 299/1692/1692 297/1693/1693 294/1676/1676
f 294/1676/1676 292/1679/1679 299/1692/1692
f 295/1694/1694 300/1695/1695 293/1696/1696
f 301/1697/1697 303/1698/1698 302/1699/1699
f 302/1699/1699 304/1700/1700 301/1697/1697
f 305/1701/1701 307/1702/1702 306/1703/1703
f 306/1703/1703 308/1704/1704 305/1701/1701
f 309/1705/1705 311/1706/1706 310/1707/1707
f 310/1707/1707 312/1708/1708 309/1705/1705
f 304/1709/1709 302/1710/1710 313/1711/1711
f 313/1711/1711 314/1712/1712 304/1709/1709
f 315/1713/1713 317/1714/1714 316/1715/1715
f 316/1715/1715 318/1716/1716 315/1713/1713
f 317/1717/1717 320/1718/1718 319/1719/1719
f 319/1719/1719 316/1720/1720 317/1717/1717
f 321/1721/1721 323/1722/1722 322/1723/1723
f 322/1723/1723 324/1724/1724 321/1721/1721
f 325/1725/1725 326/1726/1726 311/1706/1706
f 311/1727/1727 309/1705/1705 325/1728/1728
f 327/1729/1729 329/1730/1730 328/1731/1731
f 330/1732/1732 329/1730/1730 327/1729/1729
f 327/1729/1729 331/1733/1733 330/1732/1732
f 328/1734/1734 329/1735/1735 332/1736/1736
f 328/1734/1734 332/1736/1736 333/1737/1737
f 333/1737/1737 334/1738/1738 328/1734/1734
f 335/1739/1739 332/1736/1736 329/1735/1735
f 329/1735/1735 330/1740/1740 335/1739/1739
f 336/1741/1741 327/593/593 337/1742/1742
f 337/1742/1742 338/1743/1743 336/1741/1741
f 339/1744/1744 333/1745/1745 332/1746/1746
f 332/1746/1746 340/1747/1747 339/1744/1744
f 341/1748/1748 331/1749/1749 327/593/593
f 327/593/593 336/1741/1741 341/1748/1748
f 340/1747/1747 332/1746/1746 335/1750/1750
f 335/1750/1750 341/1751/1751 340/1747/1747
f 342/1752/1752 331/1753/1753 343/1754/1754
f 335/1755/1755 344/1756/1756 343/1757/1757
f 343/1757/1757 331/1758/1758 335/1755/1755
f 345/633/633 347/634/634 346/1759/1759
f 346/1759/1759 348/1760/1760 345/633/633
f 342/616/616 335/1761/1761 349/1762/1762
f 349/1762/1762 345/623/623 342/616/616
f 342/1752/1752 345/633/633 348/1760/1760
f 348/1760/1760 331/1753/1753 342/1752/1752
f 335/1761/1761 342/616/616 344/1763/1763
f 342/616/616 350/1764/1764 344/1763/1763
f 344/1756/1756 350/1765/1765 343/1757/1757
f 343/1754/1754 350/1764/1764 342/1752/1752
f 345/623/623 349/1762/1762 351/1766/1766
f 351/1766/1766 347/625/625 345/623/623
f 328/1734/1734 334/1738/1738 352/1767/1767
f 331/1768/1768 341/1769/1769 335/1770/1770
f 353/645/645 354/1771/1771 346/1772/1772
f 346/1772/1772 347/644/644 353/645/645
f 355/1773/1773 353/639/639 347/642/642
f 347/642/642 351/1774/1774 355/1773/1773
f 356/1775/1775 358/1776/1776 357/1777/1777
f 359/1778/1778 360/1779/1779 358/1776/1776
f 358/1776/1776 356/1775/1775 359/1778/1778
f 356/1780/1780 357/1781/1781 361/1782/1782
f 357/1781/1781 334/1738/1738 333/1737/1737
f 333/1737/1737 361/1782/1782 357/1781/1781
f 362/1783/1783 359/1784/1784 356/1780/1780
f 356/1780/1780 361/1782/1782 362/1783/1783
f 363/1785/1785 365/1786/1786 364/1787/1787
f 364/1787/1787 357/648/648 363/1785/1785
f 366/1788/1788 368/1789/1789 367/1790/1790
f 367/1790/1790 358/1791/1791 366/1788/1788
f 339/1744/1744 369/1792/1792 361/1793/1793
f 361/1793/1793 333/1745/1745 339/1744/1744
f 370/1794/1794 366/1788/1788 358/1791/1791
f 358/1791/1791 360/1795/1795 370/1794/1794
f 369/1792/1792 370/1796/1796 362/1797/1797
f 362/1797/1797 361/1793/1793 369/1792/1792
f 360/1798/1798 372/1799/1799 371/1800/1800
f 362/1801/1801 360/1802/1802 371/1803/1803
f 371/1803/1803 373/1804/1804 362/1801/1801
f 374/685/685 376/1805/1805 375/1806/1806
f 375/1806/1806 377/687/687 374/685/685
f 372/672/672 374/677/677 378/1807/1807
f 378/1807/1807 362/1808/1808 372/672/672
f 372/1799/1799 360/1798/1798 376/1805/1805
f 376/1805/1805 374/685/685 372/1799/1799
f 372/672/672 362/1808/1808 373/1809/1809
f 379/1810/1810 372/672/672 373/1809/1809
f 379/1810/1810 371/1800/1800 372/1799/1799
f 374/677/677 377/680/680 380/1811/1811
f 380/1811/1811 378/1807/1807 374/677/677
f 334/1738/1738 357/1781/1781 352/1767/1767
f 370/1796/1796 360/1812/1812 362/1797/1797
f 381/696/696 377/694/694 375/1813/1813
f 375/1813/1813 382/1814/1814 381/696/696
f 383/1815/1815 380/1816/1816 377/691/691
f 377/691/691 381/689/689 383/1815/1815
f 384/1817/1817 386/1818/1818 385/1819/1819
f 387/1820/1820 388/1821/1821 386/1818/1818
f 386/1818/1818 384/1817/1817 387/1820/1820
f 384/1822/1822 385/1823/1823 389/1824/1824
f 385/1823/1823 391/1825/1825 390/1826/1826
f 390/1826/1826 389/1824/1824 385/1823/1823
f 392/1827/1827 387/1828/1828 384/1822/1822
f 384/1822/1822 389/1824/1824 392/1827/1827
f 385/1819/1819 386/1818/1818 337/606/606
f 337/606/606 393/1829/1829 385/1819/1819
f 393/1829/1829 365/659/659 394/1830/1830
f 394/1831/1831 385/1819/1819 393/1829/1829
f 395/1832/1832 338/1743/1743 337/1742/1742
f 337/1833/1833 386/1818/1818 395/1832/1832
f 396/1834/1834 397/1835/1835 389/1836/1836
f 389/1836/1836 390/1837/1837 396/1834/1834
f 398/1838/1838 395/1832/1832 386/1818/1818
f 386/1818/1818 388/1839/1839 398/1838/1838
f 397/1835/1835 398/1840/1840 392/1841/1841
f 392/1841/1841 389/1836/1836 397/1835/1835
f 388/1842/1842 400/1843/1843 399/1844/1844
f 392/1845/1845 388/1846/1846 399/1847/1847
f 399/1847/1847 401/1848/1848 392/1845/1845
f 402/736/736 404/1849/1849 403/1850/1850
f 403/1850/1850 405/738/738 402/736/736
f 400/1843/1843 402/727/727 406/1851/1851
f 406/1851/1851 392/1852/1852 400/1843/1843
f 400/1843/1843 388/1842/1842 404/1849/1849
f 404/1849/1849 402/736/736 400/1843/1843
f 400/1843/1843 392/1852/1852 401/1853/1853
f 407/1854/1854 400/1843/1843 401/1853/1853
f 407/1855/1855 401/726/726 399/724/724
f 407/734/734 399/1844/1844 400/1843/1843
f 402/727/727 405/730/730 408/1856/1856
f 408/1856/1856 406/1851/1851 402/727/727
f 391/706/706 385/704/704 409/1857/1857
f 398/1858/1858 388/1859/1859 392/1860/1860
f 410/750/750 405/748/748 403/1861/1861
f 403/1861/1861 411/1862/1862 410/750/750
f 412/1863/1863 408/1864/1864 405/745/745
f 405/745/745 410/743/743 412/1863/1863
f 413/1865/1865 415/1866/1866 414/1867/1867
f 416/1868/1868 415/1866/1866 413/1865/1865
f 413/1865/1865 417/1869/1869 416/1868/1868
f 414/1870/1870 415/1871/1871 418/1872/1872
f 414/1870/1870 418/1872/1872 390/1826/1826
f 390/1826/1826 391/1825/1825 414/1870/1870
f 419/1873/1873 418/1872/1872 415/1871/1871
f 415/1871/1871 416/1874/1874 419/1873/1873
f 357/1777/1777 358/1776/1776 367/661/661
f 367/661/661 363/1785/1785 357/1777/1777
f 420/1875/1875 413/1876/1876 367/1877/1877
f 367/1790/1790 368/1789/1789 420/1875/1875
f 396/1834/1834 390/1837/1837 418/1878/1878
f 418/1878/1878 421/1879/1879 396/1834/1834
f 422/1880/1880 417/1881/1881 413/1876/1876
f 413/1876/1876 420/1875/1875 422/1880/1880
f 421/1879/1879 418/1878/1878 419/1882/1882
f 419/1882/1882 422/1883/1883 421/1879/1879
f 423/1884/1884 417/1885/1885 424/1886/1886
f 419/1887/1887 425/1888/1888 424/1889/1889
f 424/1889/1889 417/1890/1890 419/1887/1887
f 426/786/786 428/787/787 427/1891/1891
f 427/1891/1891 429/1892/1892 426/786/786
f 423/1884/1884 419/1893/1893 430/1894/1894
f 430/1894/1894 426/776/776 423/1884/1884
f 423/1884/1884 426/786/786 429/1892/1892
f 429/1892/1892 417/1885/1885 423/1884/1884
f 419/1893/1893 423/1884/1884 425/1895/1895
f 423/1884/1884 431/1896/1896 425/1895/1895
f 425/774/774 431/1897/1897 424/773/773
f 424/1886/1886 431/783/783 423/1884/1884
f 426/776/776 430/1894/1894 432/1898/1898
f 432/1898/1898 428/778/778 426/776/776
f 414/756/756 391/706/706 409/1857/1857
f 417/1899/1899 422/768/768 419/767/767
f 433/795/795 434/1900/1900 427/1901/1901
f 427/1901/1901 428/794/794 433/795/795
f 435/1902/1902 433/789/789 428/792/792
f 428/792/792 432/1903/1903 435/1902/1902
f 414/1867/1867 363/1785/1785 367/1877/1877
f 367/1877/1877 413/1865/1865 414/1867/1867
f 394/1831/1831 365/1786/1786 363/1785/1785
f 363/1785/1785 414/1867/1867 394/1831/1831
f 328/1731/1731 393/1829/1829 337/1833/1833
f 337/1833/1833 327/1729/1729 328/1731/1731
f 364/658/658 365/659/659 393/1904/1904
f 393/1829/1829 328/594/594 364/658/658
f 379/1905/1905 373/1804/1804 371/1803/1803
f 436/1906/1906 438/1907/1907 437/1908/1908
f 437/1908/1908 439/1909/1909 436/1906/1906
f 440/1910/1910 442/1911/1911 441/1912/1912
f 439/1909/1909 440/1910/1910 441/1912/1912
f 436/1906/1906 439/1909/1909 441/1912/1912
f 437/1913/1913 438/1914/1914 443/1915/1915
f 444/1916/1916 437/1913/1913 443/1915/1915
f 445/1917/1917 444/1916/1916 443/1915/1915
f 444/1918/1918 445/1919/1919 442/1920/1920
f 442/1920/1920 440/1921/1921 444/1918/1918
f 446/1922/1922 448/1923/1923 447/1924/1924
f 447/1924/1924 449/1925/1925 446/1922/1922
f 446/1926/1926 449/1927/1927 440/1910/1910
f 440/1910/1910 439/1909/1909 446/1926/1926
f 448/1928/1928 446/1929/1929 439/1930/1930
f 439/1930/1930 437/1931/1931 448/1928/1928
f 447/1932/1932 448/1933/1933 437/1913/1913
f 437/1913/1913 444/1916/1916 447/1932/1932
f 449/1934/1934 447/1935/1935 444/1918/1918
f 444/1918/1918 440/1921/1921 449/1934/1934
f 445/1936/1936 450/1937/1937 442/1938/1938
f 436/1906/1906 452/1939/1939 451/1940/1940
f 451/1940/1940 438/1907/1907 436/1906/1906
f 452/832/832 436/1906/1906 441/1912/1912
f 453/1941/1941 452/832/832 441/1912/1912
f 454/1942/1942 453/1941/1941 441/1912/1912
f 455/1943/1943 456/1944/1944 443/1915/1915
f 451/1945/1945 455/1943/1943 443/1915/1915
f 438/1914/1914 451/1945/1945 443/1915/1915
f 455/1946/1946 453/1947/1947 454/1948/1948
f 454/1948/1948 456/1949/1949 455/1946/1946
f 457/1950/1950 459/1951/1951 458/1952/1952
f 458/1952/1952 460/1953/1953 457/1950/1950
f 457/1954/1954 452/832/832 453/1941/1941
f 453/1941/1941 459/1955/1955 457/1954/1954
f 460/1956/1956 451/1957/1957 452/1958/1958
f 452/1958/1958 457/1959/1959 460/1956/1956
f 458/1960/1960 455/1943/1943 451/1945/1945
f 451/1945/1945 460/1961/1961 458/1960/1960
f 459/1962/1962 453/1947/1947 455/1946/1946
f 455/1946/1946 458/1963/1963 459/1962/1962
f 461/1964/1964 456/1965/1965 454/1966/1966
f 462/1967/1967 464/1968/1968 463/1969/1969
f 463/1969/1969 465/1970/1970 462/1967/1967
f 466/1971/1971 468/1972/1972 467/1973/1973
f 467/1974/1974 469/1975/1975 466/1971/1971
f 470/1976/1976 472/1977/1977 471/1978/1978
f 471/1978/1978 473/1979/1979 470/1976/1976
f 464/1980/1980 475/1981/1981 474/1982/1982
f 474/1982/1982 463/1983/1983 464/1980/1980
f 476/1984/1984 478/1985/1985 477/1986/1986
f 477/1986/1986 479/1987/1987 476/1984/1984
f 479/1988/1988 477/1989/1989 480/1990/1990
f 480/1990/1990 481/1991/1991 479/1988/1988
f 482/1992/1992 484/1993/1993 483/1994/1994
f 483/1995/1995 485/1996/1996 482/1997/1997
f 486/1998/1998 470/1976/1976 473/1979/1979
f 473/1979/1979 487/1999/1999 486/1998/1998
f 488/2000/2000 490/2001/2001 489/2002/2002
f 489/2002/2002 491/2003/2003 488/2000/2000
f 491/2004/2004 489/2005/2005 492/2006/2006
f 492/2006/2006 493/2007/2007 491/2004/2004
f 488/2008/2008 491/2009/2009 493/2010/2010
f 493/2010/2010 494/2011/2011 488/2008/2008
f 490/2012/2012 488/897/897 494/900/900
f 494/900/900 495/2013/2013 490/2012/2012
f 489/2014/2014 490/901/901 495/902/902
f 495/902/902 492/2015/2015 489/2014/2014
f 496/2016/2016 498/2017/2017 497/2018/2018
f 497/2018/2018 499/2019/2019 496/2016/2016
f 499/2020/2020 497/2021/2021 500/2022/2022
f 500/2022/2022 501/2023/2023 499/2020/2020
f 496/2024/2024 499/2025/2025 501/2026/2026
f 501/2026/2026 502/2027/2027 496/2024/2024
f 498/2028/2028 496/913/913 502/916/916
f 502/916/916 503/2029/2029 498/2028/2028
f 497/2030/2030 498/917/917 503/918/918
f 503/918/918 500/2031/2031 497/2030/2030
f 504/2032/2032 506/2033/2033 505/2034/2034
f 505/2034/2034 507/2035/2035 504/2032/2032
f 507/2036/2036 505/2037/2037 508/2038/2038
f 508/2038/2038 509/2039/2039 507/2036/2036
f 504/2040/2040 507/2041/2041 509/2042/2042
f 509/2042/2042 510/2043/2043 504/2040/2040
f 506/2044/2044 504/929/929 510/932/932
f 510/932/932 511/2045/2045 506/2044/2044
f 505/2046/2046 506/933/933 511/934/934
f 511/934/934 508/2047/2047 505/2046/2046
f 512/2048/2048 514/2049/2049 513/2050/2050
f 513/2050/2050 515/2051/2051 512/2048/2048
f 515/2052/2052 513/2053/2053 516/2054/2054
f 516/2054/2054 517/2055/2055 515/2052/2052
f 512/2056/2056 515/2057/2057 517/2058/2058
f 517/2058/2058 518/2059/2059 512/2056/2056
f 514/2060/2060 512/945/945 518/948/948
f 518/948/948 519/2061/2061 514/2060/2060
f 513/2062/2062 514/949/949 519/950/950
f 519/950/950 516/2063/2063 513/2062/2062
f 520/2064/2064 522/2065/2065 521/2066/2066
f 521/2066/2066 523/2067/2067 520/2064/2064
f 523/2068/2068 521/2069/2069 524/2070/2070
f 524/2070/2070 525/2071/2071 523/2068/2068
f 520/2072/2072 523/2073/2073 525/2074/2074
f 525/2074/2074 526/2075/2075 520/2072/2072
f 522/2076/2076 520/961/961 526/964/964
f 526/964/964 527/2077/2077 522/2076/2076
f 521/2078/2078 522/965/965 527/966/966
f 527/966/966 524/2079/2079 521/2078/2078
f 528/2080/2080 530/2081/2081 529/2082/2082
f 529/2082/2082 531/2083/2083 528/2080/2080
f 531/2084/2084 529/2085/2085 532/2086/2086
f 532/2086/2086 533/2087/2087 531/2084/2084
f 528/2088/2088 531/2089/2089 533/2090/2090
f 533/2090/2090 534/2091/2091 528/2088/2088
f 530/2092/2092 528/977/977 534/980/980
f 534/980/980 535/2093/2093 530/2092/2092
f 529/2094/2094 530/981/981 535/982/982
f 535/982/982 532/2095/2095 529/2094/2094
f 536/2096/2096 538/2097/2097 537/2098/2098
f 537/2098/2098 539/2099/2099 536/2096/2096
f 539/2100/2100 537/2101/2101 540/2102/2102
f 540/2102/2102 541/2103/2103 539/2100/2100
f 536/2104/2104 539/2105/2105 541/2106/2106
f 541/2106/2106 542/2107/2107 536/2104/2104
f 538/2108/2108 536/993/993 542/996/996
f 542/996/996 543/2109/2109 538/2108/2108
f 537/2110/2110 538/997/997 543/998/998
f 543/998/998 540/2111/2111 537/2110/2110
f 544/2112/2112 546/2113/2113 545/2114/2114
f 545/2114/2114 547/2115/2115 544/2112/2112
f 547/2116/2116 545/2117/2117 548/2118/2118
f 548/2118/2118 549/2119/2119 547/2116/2116
f 544/2120/2120 547/2121/2121 549/2122/2122
f 549/2122/2122 550/2123/2123 544/2120/2120
f 546/2124/2124 544/1009/1009 550/1012/1012
f 550/1012/1012 551/2125/2125 546/2124/2124
f 545/2126/2126 546/1013/1013 551/1014/1014
f 551/1014/1014 548/2127/2127 545/2126/2126
f 552/2128/2128 554/2129/2129 553/2130/2130
f 553/2130/2130 555/2131/2131 552/2128/2128
f 555/2132/2132 553/2133/2133 556/2134/2134
f 556/2134/2134 557/2135/2135 555/2132/2132
f 552/2136/2136 555/2137/2137 557/2138/2138
f 557/2138/2138 558/2139/2139 552/2136/2136
f 554/2140/2140 552/1025/1025 558/1028/1028
f 558/1028/1028 559/2141/2141 554/2140/2140
f 553/2142/2142 554/1029/1029 559/1030/1030
f 559/1030/1030 556/2143/2143 553/2142/2142
f 560/2144/2144 562/2145/2145 561/2146/2146
f 561/2146/2146 563/2147/2147 560/2144/2144
f 562/2148/2148 565/2149/2149 564/2150/2150
f 564/2150/2150 561/2151/2151 562/2148/2148
f 560/2152/2152 566/2153/2153 565/2154/2154
f 565/2154/2154 562/2155/2155 560/2152/2152
f 563/2156/2156 567/2157/2157 566/2153/2153
f 566/2153/2153 560/2152/2152 563/2156/2156
f 561/2158/2158 564/2159/2159 567/2157/2157
f 567/2157/2157 563/2156/2156 561/2158/2158
f 568/2160/2160 570/2161/2161 569/2162/2162
f 569/2162/2162 571/2163/2163 568/2160/2160
f 570/2164/2164 573/2165/2165 572/2166/2166
f 572/2166/2166 569/2167/2167 570/2164/2164
f 568/2168/2168 574/2169/2169 573/2170/2170
f 573/2170/2170 570/2171/2171 568/2168/2168
f 571/2172/2172 575/2173/2173 574/2169/2169
f 574/2169/2169 568/2168/2168 571/2172/2172
f 569/2174/2174 572/2175/2175 575/2173/2173
f 575/2173/2173 571/2172/2172 569/2174/2174
f 576/2176/2176 578/2177/2177 577/2178/2178
f 577/2178/2178 579/2179/2179 576/2176/2176
f 578/2180/2180 581/2181/2181 580/2182/2182
f 580/2182/2182 577/2183/2183 578/2180/2180
f 576/2184/2184 582/2185/2185 581/2186/2186
f 581/2186/2186 578/2187/2187 576/2184/2184
f 579/2188/2188 583/2189/2189 582/2185/2185
f 582/2185/2185 576/2184/2184 579/2188/2188
f 577/2190/2190 580/2191/2191 583/2189/2189
f 583/2189/2189 579/2188/2188 577/2190/2190
f 584/2192/2192 586/2193/2193 585/2194/2194
f 585/2194/2194 587/2195/2195 584/2192/2192
f 586/2196/2196 589/2197/2197 588/2198/2198
f 588/2198/2198 585/2199/2199 586/2196/2196
f 584/2200/2200 590/2201/2201 589/2202/2202
f 589/2202/2202 586/2203/2203 584/2200/2200
f 587/2204/2204 591/2205/2205 590/2201/2201
f 590/2201/2201 584/2200/2200 587/2204/2204
f 585/2206/2206 588/2207/2207 591/2205/2205
f 591/2205/2205 587/2204/2204 585/2206/2206
f 592/2208/2208 594/2209/2209 593/2210/2210
f 593/2210/2210 595/2211/2211 592/2208/2208
f 594/2212/2212 597/2213/2213 596/2214/2214
f 596/2214/2214 593/2215/2215 594/2212/2212
f 592/2216/2216 598/2217/2217 597/2218/2218
f 597/2218/2218 594/2219/2219 592/2216/2216
f 595/2220/2220 599/2221/2221 598/2217/2217
f 598/2217/2217 592/2216/2216 595/2220/2220
f 593/2222/2222 596/2223/2223 599/2221/2221
f 599/2221/2221 595/2220/2220 593/2222/2222
f 600/2224/2224 602/2225/2225 601/2226/2226
f 601/2226/2226 603/2227/2227 600/2224/2224
f 602/2228/2228 605/2229/2229 604/2230/2230
f 604/2230/2230 601/2231/2231 602/2228/2228
f 600/2232/2232 606/2233/2233 605/2234/2234
f 605/2234/2234 602/2235/2235 600/2232/2232
f 603/2236/2236 607/2237/2237 606/2233/2233
f 606/2233/2233 600/2232/2232 603/2236/2236
f 601/2238/2238 604/2239/2239 607/2237/2237
f 607/2237/2237 603/2236/2236 601/2238/2238
f 608/2240/2240 610/2241/2241 609/2242/2242
f 609/2242/2242 611/2243/2243 608/2240/2240
f 610/2244/2244 613/2245/2245 612/2246/2246
f 612/2246/2246 609/2247/2247 610/2244/2244
f 608/2248/2248 614/2249/2249 613/2250/2250
f 613/2250/2250 610/2251/2251 608/2248/2248
f 611/2252/2252 615/2253/2253 614/2249/2249
f 614/2249/2249 608/2248/2248 611/2252/2252
f 609/2254/2254 612/2255/2255 615/2253/2253
f 615/2253/2253 611/2252/2252 609/2254/2254
f 616/2256/2256 618/2257/2257 617/2258/2258
f 617/2258/2258 619/2259/2259 616/2256/2256
f 618/2260/2260 621/2261/2261 620/2262/2262
f 620/2262/2262 617/2263/2263 618/2260/2260
f 616/2264/2264 622/2265/2265 621/2266/2266
f 621/2266/2266 618/2267/2267 616/2264/2264
f 619/2268/2268 623/2269/2269 622/2265/2265
f 622/2265/2265 616/2264/2264 619/2268/2268
f 617/2270/2270 620/2271/2271 623/2269/2269
f 623/2269/2269 619/2268/2268 617/2270/2270
f 624/2272/2272 626/2273/2273 625/2274/2274
f 625/2274/2274 627/2275/2275 624/2272/2272
f 626/2276/2276 629/2277/2277 628/2278/2278
f 628/2278/2278 625/2279/2279 626/2276/2276
f 624/2280/2280 630/2281/2281 629/2282/2282
f 629/2282/2282 626/2283/2283 624/2280/2280
f 627/2284/2284 631/2285/2285 630/2281/2281
f 630/2281/2281 624/2280/2280 627/2284/2284
f 625/2286/2286 628/2287/2287 631/2285/2285
f 631/2285/2285 627/2284/2284 625/2286/2286
